fault_index,bench,gate_id,fault_val,classic10_ok,classic10_result_code,classic10_backtracks,classic10_recursive_calls,classic10_backtrace_count,classic10_backtrace_hops,classic10_time_s
0,data/bench/ITC99_all_numeric/b01.bench,1,3,True,1,0,3,0,0,0.000118
1,data/bench/ITC99_all_numeric/b01.bench,1,4,True,1,0,3,0,0,7.3e-05
2,data/bench/ITC99_all_numeric/b01.bench,2,3,True,1,0,3,0,1,7.6e-05
3,data/bench/ITC99_all_numeric/b01.bench,2,4,True,1,0,3,0,1,6.9e-05
4,data/bench/ITC99_all_numeric/b01.bench,3,3,True,1,0,2,0,0,4.2e-05
5,data/bench/ITC99_all_numeric/b01.bench,3,4,True,1,0,2,0,0,3.9e-05
6,data/bench/ITC99_all_numeric/b01.bench,4,3,True,1,0,4,0,2,9.2e-05
7,data/bench/ITC99_all_numeric/b01.bench,4,4,True,1,0,4,0,2,9.4e-05
8,data/bench/ITC99_all_numeric/b01.bench,5,3,True,1,0,4,0,1,9.8e-05
9,data/bench/ITC99_all_numeric/b01.bench,5,4,True,1,0,4,0,1,0.000122
10,data/bench/ITC99_all_numeric/b01.bench,6,3,True,1,0,4,0,2,0.000117
11,data/bench/ITC99_all_numeric/b01.bench,6,4,True,1,0,4,0,2,9.4e-05
12,data/bench/ITC99_all_numeric/b01.bench,7,3,True,1,0,2,0,0,4.2e-05
13,data/bench/ITC99_all_numeric/b01.bench,7,4,True,1,0,2,0,0,4.3e-05
14,data/bench/ITC99_all_numeric/b01.bench,8,3,False,0,7,15,0,19,0.000472
15,data/bench/ITC99_all_numeric/b01.bench,8,4,False,0,7,15,0,19,0.000456
16,data/bench/ITC99_all_numeric/b01.bench,9,3,False,0,11,23,0,57,0.000703
17,data/bench/ITC99_all_numeric/b01.bench,9,4,False,0,11,23,0,57,0.000707
18,data/bench/ITC99_all_numeric/b01.bench,10,3,False,0,19,39,0,116,0.00123
19,data/bench/ITC99_all_numeric/b01.bench,10,4,False,0,19,39,0,116,0.00122
20,data/bench/ITC99_all_numeric/b01.bench,11,3,False,0,13,27,0,81,0.000874
21,data/bench/ITC99_all_numeric/b01.bench,11,4,False,0,13,27,0,81,0.00086
22,data/bench/ITC99_all_numeric/b01.bench,12,3,False,0,15,31,0,112,0.000985
23,data/bench/ITC99_all_numeric/b01.bench,12,4,False,0,15,31,0,112,0.000999
24,data/bench/ITC99_all_numeric/b01.bench,13,3,True,1,0,5,0,6,0.000121
25,data/bench/ITC99_all_numeric/b01.bench,13,4,True,1,0,5,0,6,0.000174
26,data/bench/ITC99_all_numeric/b01.bench,14,3,True,1,0,2,0,3,5.3e-05
27,data/bench/ITC99_all_numeric/b01.bench,14,4,True,1,0,5,0,13,0.000129
28,data/bench/ITC99_all_numeric/b01.bench,15,3,False,0,7,15,0,34,0.000498
29,data/bench/ITC99_all_numeric/b01.bench,15,4,False,0,7,15,0,34,0.000489
30,data/bench/ITC99_all_numeric/b01.bench,16,3,True,1,0,2,0,1,4.6e-05
31,data/bench/ITC99_all_numeric/b01.bench,16,4,True,1,0,4,0,5,9.3e-05
32,data/bench/ITC99_all_numeric/b01.bench,17,3,True,1,0,3,0,5,7.3e-05
33,data/bench/ITC99_all_numeric/b01.bench,17,4,True,1,0,5,0,10,0.000121
34,data/bench/ITC99_all_numeric/b01.bench,18,3,False,0,19,39,0,77,0.001154
35,data/bench/ITC99_all_numeric/b01.bench,18,4,False,0,19,39,0,77,0.00115
36,data/bench/ITC99_all_numeric/b01.bench,19,3,True,1,0,2,0,1,4.5e-05
37,data/bench/ITC99_all_numeric/b01.bench,19,4,True,1,0,4,0,5,9.1e-05
38,data/bench/ITC99_all_numeric/b01.bench,20,3,True,1,0,3,0,5,7.2e-05
39,data/bench/ITC99_all_numeric/b01.bench,20,4,True,1,0,4,0,9,9.6e-05
40,data/bench/ITC99_all_numeric/b01.bench,21,3,True,1,0,3,0,2,7.4e-05
41,data/bench/ITC99_all_numeric/b01.bench,21,4,True,1,0,4,0,3,9.5e-05
42,data/bench/ITC99_all_numeric/b01.bench,22,3,True,1,0,4,0,2,9.4e-05
43,data/bench/ITC99_all_numeric/b01.bench,22,4,True,1,0,4,0,2,9e-05
44,data/bench/ITC99_all_numeric/b01.bench,23,3,True,1,0,3,0,1,6.5e-05
45,data/bench/ITC99_all_numeric/b01.bench,23,4,True,1,0,3,0,1,6.6e-05
46,data/bench/ITC99_all_numeric/b01.bench,24,3,True,1,0,3,0,1,6.6e-05
47,data/bench/ITC99_all_numeric/b01.bench,24,4,True,1,0,3,0,1,6.5e-05
48,data/bench/ITC99_all_numeric/b01.bench,25,3,True,1,0,3,0,2,7.2e-05
49,data/bench/ITC99_all_numeric/b01.bench,25,4,True,1,0,3,0,2,8.6e-05
50,data/bench/ITC99_all_numeric/b01.bench,26,3,True,1,0,4,0,2,0.000145
51,data/bench/ITC99_all_numeric/b01.bench,26,4,True,1,0,5,0,4,0.000127
52,data/bench/ITC99_all_numeric/b01.bench,27,3,False,0,15,31,0,81,0.000959
53,data/bench/ITC99_all_numeric/b01.bench,27,4,False,0,15,31,0,81,0.000967
54,data/bench/ITC99_all_numeric/b01.bench,28,3,False,0,15,31,0,112,0.000989
55,data/bench/ITC99_all_numeric/b01.bench,28,4,False,0,15,31,0,112,0.000986
56,data/bench/ITC99_all_numeric/b01.bench,29,3,True,1,0,2,0,1,5e-05
57,data/bench/ITC99_all_numeric/b01.bench,29,4,True,1,0,4,0,6,9.5e-05
58,data/bench/ITC99_all_numeric/b01.bench,30,3,True,1,0,2,0,2,4.5e-05
59,data/bench/ITC99_all_numeric/b01.bench,30,4,True,1,0,4,0,8,9.5e-05
60,data/bench/ITC99_all_numeric/b01.bench,31,3,False,0,3,7,0,11,0.000223
61,data/bench/ITC99_all_numeric/b01.bench,31,4,False,0,3,7,0,11,0.000218
62,data/bench/ITC99_all_numeric/b01.bench,32,3,True,1,0,2,0,1,4.4e-05
63,data/bench/ITC99_all_numeric/b01.bench,32,4,True,1,0,3,0,3,6.9e-05
64,data/bench/ITC99_all_numeric/b01.bench,33,3,True,1,0,2,0,1,4.4e-05
65,data/bench/ITC99_all_numeric/b01.bench,33,4,True,1,0,3,0,3,7e-05
66,data/bench/ITC99_all_numeric/b01.bench,34,3,True,1,0,4,0,2,9.1e-05
67,data/bench/ITC99_all_numeric/b01.bench,34,4,True,1,0,5,0,3,0.00011
68,data/bench/ITC99_all_numeric/b01.bench,35,3,False,0,3,7,0,8,0.000216
69,data/bench/ITC99_all_numeric/b01.bench,35,4,False,0,5,11,0,15,0.000338
70,data/bench/ITC99_all_numeric/b01.bench,36,3,True,1,0,4,0,4,9.6e-05
71,data/bench/ITC99_all_numeric/b01.bench,36,4,True,1,0,3,0,2,7.2e-05
72,data/bench/ITC99_all_numeric/b01.bench,37,3,True,1,0,4,0,3,9e-05
73,data/bench/ITC99_all_numeric/b01.bench,37,4,True,1,0,6,0,9,0.000137
74,data/bench/ITC99_all_numeric/b01.bench,38,3,True,1,0,5,0,9,0.000116
75,data/bench/ITC99_all_numeric/b01.bench,38,4,True,1,0,4,0,7,0.000155
76,data/bench/ITC99_all_numeric/b01.bench,39,3,True,1,0,4,0,6,0.000105
77,data/bench/ITC99_all_numeric/b01.bench,39,4,True,1,0,3,0,3,7.4e-05
78,data/bench/ITC99_all_numeric/b01.bench,40,3,True,1,0,4,0,5,9.7e-05
79,data/bench/ITC99_all_numeric/b01.bench,40,4,True,1,0,4,0,5,9.6e-05
80,data/bench/ITC99_all_numeric/b01.bench,41,3,True,1,0,4,0,6,0.0001
81,data/bench/ITC99_all_numeric/b01.bench,41,4,True,1,0,5,0,8,0.000124
82,data/bench/ITC99_all_numeric/b01.bench,42,3,True,1,0,3,0,4,7.4e-05
83,data/bench/ITC99_all_numeric/b01.bench,42,4,True,1,0,3,0,4,7.2e-05
84,data/bench/ITC99_all_numeric/b01.bench,43,3,True,1,0,2,0,1,4.4e-05
85,data/bench/ITC99_all_numeric/b01.bench,43,4,True,1,0,4,0,7,0.0001
86,data/bench/ITC99_all_numeric/b01.bench,44,3,False,0,3,7,0,11,0.000227
87,data/bench/ITC99_all_numeric/b01.bench,44,4,False,0,3,7,0,11,0.00023
88,data/bench/ITC99_all_numeric/b01.bench,45,3,True,1,0,5,0,6,0.00012
89,data/bench/ITC99_all_numeric/b01.bench,45,4,True,1,0,5,0,5,0.000115
90,data/bench/ITC99_all_numeric/b01.bench,46,3,True,1,0,6,0,8,0.000137
91,data/bench/ITC99_all_numeric/b01.bench,46,4,True,1,0,6,0,10,0.000141
92,data/bench/ITC99_all_numeric/b01.bench,47,3,False,0,3,7,0,18,0.000238
93,data/bench/ITC99_all_numeric/b01.bench,47,4,False,0,3,7,0,18,0.000238
94,data/bench/ITC99_all_numeric/b02.bench,1,3,True,1,0,4,0,0,0.0001
95,data/bench/ITC99_all_numeric/b02.bench,1,4,True,1,0,4,0,0,7e-05
96,data/bench/ITC99_all_numeric/b02.bench,2,3,True,1,0,2,0,0,2.9e-05
97,data/bench/ITC99_all_numeric/b02.bench,2,4,True,1,0,2,0,0,2.7e-05
98,data/bench/ITC99_all_numeric/b02.bench,3,3,True,1,0,3,0,0,4.7e-05
99,data/bench/ITC99_all_numeric/b02.bench,3,4,True,1,0,3,0,0,4.5e-05
100,data/bench/ITC99_all_numeric/b02.bench,4,3,True,1,0,4,0,2,0.000115
101,data/bench/ITC99_all_numeric/b02.bench,4,4,True,1,0,4,0,2,6.8e-05
102,data/bench/ITC99_all_numeric/b02.bench,5,3,True,1,0,4,0,0,6.4e-05
103,data/bench/ITC99_all_numeric/b02.bench,5,4,True,1,0,4,0,0,5.9e-05
104,data/bench/ITC99_all_numeric/b02.bench,6,3,False,0,7,15,0,21,0.000312
105,data/bench/ITC99_all_numeric/b02.bench,6,4,False,0,7,15,0,21,0.000292
106,data/bench/ITC99_all_numeric/b02.bench,7,3,False,0,15,31,0,108,0.000666
107,data/bench/ITC99_all_numeric/b02.bench,7,4,False,0,15,31,0,108,0.00068
108,data/bench/ITC99_all_numeric/b02.bench,8,3,False,0,7,15,0,28,0.000309
109,data/bench/ITC99_all_numeric/b02.bench,8,4,False,0,7,15,0,28,0.000305
110,data/bench/ITC99_all_numeric/b02.bench,9,3,False,0,9,19,0,36,0.000379
111,data/bench/ITC99_all_numeric/b02.bench,9,4,False,0,9,19,0,36,0.000384
112,data/bench/ITC99_all_numeric/b02.bench,10,3,True,1,0,4,0,2,6.3e-05
113,data/bench/ITC99_all_numeric/b02.bench,10,4,True,1,0,4,0,2,6e-05
114,data/bench/ITC99_all_numeric/b02.bench,11,3,True,1,0,3,0,2,4.7e-05
115,data/bench/ITC99_all_numeric/b02.bench,11,4,True,1,0,3,0,2,4.5e-05
116,data/bench/ITC99_all_numeric/b02.bench,12,3,True,1,0,3,0,5,4.8e-05
117,data/bench/ITC99_all_numeric/b02.bench,12,4,True,1,0,3,0,4,4.8e-05
118,data/bench/ITC99_all_numeric/b02.bench,13,3,True,1,0,2,0,1,2.9e-05
119,data/bench/ITC99_all_numeric/b02.bench,13,4,True,1,0,4,0,3,6.2e-05
120,data/bench/ITC99_all_numeric/b02.bench,14,3,False,0,15,31,0,77,0.000645
121,data/bench/ITC99_all_numeric/b02.bench,14,4,False,0,15,31,0,77,0.000627
122,data/bench/ITC99_all_numeric/b02.bench,15,3,True,1,0,2,0,1,3e-05
123,data/bench/ITC99_all_numeric/b02.bench,15,4,True,1,0,3,0,3,4.5e-05
124,data/bench/ITC99_all_numeric/b02.bench,16,3,True,1,0,3,0,1,4.6e-05
125,data/bench/ITC99_all_numeric/b02.bench,16,4,True,1,0,3,0,1,0.0001
126,data/bench/ITC99_all_numeric/b02.bench,17,3,True,1,0,3,0,1,5.2e-05
127,data/bench/ITC99_all_numeric/b02.bench,17,4,True,1,0,3,0,1,4.6e-05
128,data/bench/ITC99_all_numeric/b02.bench,18,3,True,1,0,2,0,1,3.1e-05
129,data/bench/ITC99_all_numeric/b02.bench,18,4,True,1,0,4,0,5,6.4e-05
130,data/bench/ITC99_all_numeric/b02.bench,19,3,True,1,0,2,0,1,3.3e-05
131,data/bench/ITC99_all_numeric/b02.bench,19,4,True,1,0,3,0,4,4.9e-05
132,data/bench/ITC99_all_numeric/b02.bench,20,3,False,0,7,15,0,23,0.0003
133,data/bench/ITC99_all_numeric/b02.bench,20,4,False,0,7,15,0,23,0.00029
134,data/bench/ITC99_all_numeric/b02.bench,21,3,True,1,0,2,0,1,3.1e-05
135,data/bench/ITC99_all_numeric/b02.bench,21,4,True,1,0,3,0,3,4.4e-05
136,data/bench/ITC99_all_numeric/b02.bench,22,3,True,1,0,2,0,1,3.2e-05
137,data/bench/ITC99_all_numeric/b02.bench,22,4,True,1,0,3,0,3,4.5e-05
138,data/bench/ITC99_all_numeric/b02.bench,23,3,True,1,0,3,0,1,4.2e-05
139,data/bench/ITC99_all_numeric/b02.bench,23,4,True,1,0,4,0,2,6e-05
140,data/bench/ITC99_all_numeric/b02.bench,24,3,True,1,0,4,0,2,6e-05
141,data/bench/ITC99_all_numeric/b02.bench,24,4,True,1,0,5,0,3,7.5e-05
142,data/bench/ITC99_all_numeric/b02.bench,25,3,True,1,0,3,0,2,4.6e-05
143,data/bench/ITC99_all_numeric/b02.bench,25,4,True,1,0,4,0,4,6.4e-05
144,data/bench/ITC99_all_numeric/b02.bench,26,3,True,1,0,4,0,2,6e-05
145,data/bench/ITC99_all_numeric/b02.bench,26,4,True,1,0,5,0,4,7.1e-05
146,data/bench/ITC99_all_numeric/b02.bench,27,3,True,1,0,3,0,2,4.7e-05
147,data/bench/ITC99_all_numeric/b02.bench,27,4,True,1,0,4,0,4,6.2e-05
148,data/bench/ITC99_all_numeric/b03.bench,1,3,True,1,0,3,0,1,0.000181
149,data/bench/ITC99_all_numeric/b03.bench,1,4,True,1,0,3,0,1,0.000135
150,data/bench/ITC99_all_numeric/b03.bench,2,3,True,1,0,3,0,1,0.000195
151,data/bench/ITC99_all_numeric/b03.bench,2,4,True,1,0,3,0,1,0.000159
152,data/bench/ITC99_all_numeric/b03.bench,3,3,True,1,0,3,0,1,0.000142
153,data/bench/ITC99_all_numeric/b03.bench,3,4,True,1,0,3,0,1,0.000142
154,data/bench/ITC99_all_numeric/b03.bench,4,3,True,1,0,3,0,1,0.000146
155,data/bench/ITC99_all_numeric/b03.bench,4,4,True,1,0,3,0,1,0.000147
156,data/bench/ITC99_all_numeric/b03.bench,5,3,True,1,0,2,0,0,9.6e-05
157,data/bench/ITC99_all_numeric/b03.bench,5,4,True,1,0,2,0,0,9.2e-05
158,data/bench/ITC99_all_numeric/b03.bench,6,3,False,3,0,10001,0,0,0.391659
159,data/bench/ITC99_all_numeric/b03.bench,6,4,False,3,0,10001,0,0,0.387695
160,data/bench/ITC99_all_numeric/b03.bench,7,3,False,3,0,10001,0,0,0.410051
161,data/bench/ITC99_all_numeric/b03.bench,7,4,False,3,0,10001,0,0,0.385659
162,data/bench/ITC99_all_numeric/b03.bench,8,3,False,3,0,10001,0,0,0.388824
163,data/bench/ITC99_all_numeric/b03.bench,8,4,False,3,0,10001,0,0,0.386069
164,data/bench/ITC99_all_numeric/b03.bench,9,3,False,3,0,10001,0,0,0.40301
165,data/bench/ITC99_all_numeric/b03.bench,9,4,False,3,0,10001,0,0,0.382014
166,data/bench/ITC99_all_numeric/b03.bench,10,3,False,3,0,10001,0,0,0.383824
167,data/bench/ITC99_all_numeric/b03.bench,10,4,False,3,0,10001,0,0,0.383334
168,data/bench/ITC99_all_numeric/b03.bench,11,3,False,3,0,10001,0,0,0.408239
169,data/bench/ITC99_all_numeric/b03.bench,11,4,False,3,0,10001,0,0,0.383596
170,data/bench/ITC99_all_numeric/b03.bench,12,3,False,3,0,10001,0,0,0.38514
171,data/bench/ITC99_all_numeric/b03.bench,12,4,False,3,0,10001,0,0,0.390735
172,data/bench/ITC99_all_numeric/b03.bench,13,3,False,3,0,10001,0,0,0.40273
173,data/bench/ITC99_all_numeric/b03.bench,13,4,False,3,0,10001,0,0,0.383434
174,data/bench/ITC99_all_numeric/b03.bench,14,3,False,3,0,10001,0,0,0.384624
175,data/bench/ITC99_all_numeric/b03.bench,14,4,False,3,0,10001,0,0,0.38561
176,data/bench/ITC99_all_numeric/b03.bench,15,3,False,3,0,10001,0,0,0.403751
177,data/bench/ITC99_all_numeric/b03.bench,15,4,False,3,0,10001,0,0,0.38336
178,data/bench/ITC99_all_numeric/b03.bench,16,3,False,3,0,10001,0,0,0.383877
179,data/bench/ITC99_all_numeric/b03.bench,16,4,False,3,0,10001,0,0,0.403756
180,data/bench/ITC99_all_numeric/b03.bench,17,3,False,3,0,10001,0,0,0.384494
181,data/bench/ITC99_all_numeric/b03.bench,17,4,False,3,0,10001,0,0,0.38365
182,data/bench/ITC99_all_numeric/b03.bench,18,3,True,1,0,3,0,0,0.000166
183,data/bench/ITC99_all_numeric/b03.bench,18,4,True,1,0,3,0,0,0.000133
184,data/bench/ITC99_all_numeric/b03.bench,19,3,True,1,0,3,0,0,0.000134
185,data/bench/ITC99_all_numeric/b03.bench,19,4,True,1,0,3,0,0,0.000128
186,data/bench/ITC99_all_numeric/b03.bench,20,3,True,1,0,3,0,0,0.000129
187,data/bench/ITC99_all_numeric/b03.bench,20,4,True,1,0,3,0,0,0.000128
188,data/bench/ITC99_all_numeric/b03.bench,21,3,True,1,0,3,0,0,0.000128
189,data/bench/ITC99_all_numeric/b03.bench,21,4,True,1,0,3,0,0,0.000127
190,data/bench/ITC99_all_numeric/b03.bench,22,3,True,1,0,3,0,1,0.000133
191,data/bench/ITC99_all_numeric/b03.bench,22,4,True,1,0,3,0,1,0.000133
192,data/bench/ITC99_all_numeric/b03.bench,23,3,True,1,0,3,0,1,0.000131
193,data/bench/ITC99_all_numeric/b03.bench,23,4,True,1,0,3,0,1,0.000129
194,data/bench/ITC99_all_numeric/b03.bench,24,3,True,1,0,3,0,1,0.000129
195,data/bench/ITC99_all_numeric/b03.bench,24,4,True,1,0,3,0,1,0.000129
196,data/bench/ITC99_all_numeric/b03.bench,25,3,True,1,0,3,0,1,0.000129
197,data/bench/ITC99_all_numeric/b03.bench,25,4,True,1,0,3,0,1,0.000128
198,data/bench/ITC99_all_numeric/b03.bench,26,3,True,1,0,3,0,0,0.000131
199,data/bench/ITC99_all_numeric/b03.bench,26,4,True,1,0,3,0,0,0.000129
200,data/bench/ITC99_all_numeric/b03.bench,27,3,True,1,0,5,0,0,0.000277
201,data/bench/ITC99_all_numeric/b03.bench,27,4,True,1,0,5,0,0,0.000224
202,data/bench/ITC99_all_numeric/b03.bench,28,3,True,1,0,5,0,0,0.000218
203,data/bench/ITC99_all_numeric/b03.bench,28,4,True,1,0,5,0,0,0.000212
204,data/bench/ITC99_all_numeric/b03.bench,29,3,True,1,0,4,0,1,0.000171
205,data/bench/ITC99_all_numeric/b03.bench,29,4,True,1,0,4,0,1,0.000169
206,data/bench/ITC99_all_numeric/b03.bench,30,3,True,1,0,3,0,0,0.000133
207,data/bench/ITC99_all_numeric/b03.bench,30,4,True,1,0,3,0,0,0.000131
208,data/bench/ITC99_all_numeric/b03.bench,31,3,True,1,0,5,0,0,0.000257
209,data/bench/ITC99_all_numeric/b03.bench,31,4,True,1,0,5,0,0,0.000249
210,data/bench/ITC99_all_numeric/b03.bench,32,3,True,1,0,5,0,0,0.000215
211,data/bench/ITC99_all_numeric/b03.bench,32,4,True,1,0,5,0,0,0.000215
212,data/bench/ITC99_all_numeric/b03.bench,33,3,True,1,0,3,0,0,0.00014
213,data/bench/ITC99_all_numeric/b03.bench,33,4,True,1,0,3,0,0,0.00013
214,data/bench/ITC99_all_numeric/b03.bench,34,3,True,1,0,2,0,0,8.6e-05
215,data/bench/ITC99_all_numeric/b03.bench,34,4,True,1,0,2,0,0,8.6e-05
216,data/bench/ITC99_all_numeric/b03.bench,35,3,True,1,0,2,0,1,8.9e-05
217,data/bench/ITC99_all_numeric/b03.bench,35,4,True,1,0,2,0,1,8.8e-05
218,data/bench/ITC99_all_numeric/b03.bench,36,3,False,0,19,39,0,204,0.002385
219,data/bench/ITC99_all_numeric/b03.bench,36,4,False,0,19,39,0,204,0.002339
220,data/bench/ITC99_all_numeric/b03.bench,37,3,False,0,19,39,0,204,0.002402
221,data/bench/ITC99_all_numeric/b03.bench,37,4,False,0,19,39,0,204,0.002313
222,data/bench/ITC99_all_numeric/b03.bench,38,3,False,0,19,39,0,204,0.002322
223,data/bench/ITC99_all_numeric/b03.bench,38,4,False,0,19,39,0,204,0.002293
224,data/bench/ITC99_all_numeric/b03.bench,39,3,False,0,19,39,0,206,0.002656
225,data/bench/ITC99_all_numeric/b03.bench,39,4,False,0,19,39,0,206,0.002435
226,data/bench/ITC99_all_numeric/b03.bench,40,3,False,0,19,39,0,206,0.002347
227,data/bench/ITC99_all_numeric/b03.bench,40,4,False,0,19,39,0,206,0.00238
228,data/bench/ITC99_all_numeric/b03.bench,41,3,False,0,19,39,0,206,0.002339
229,data/bench/ITC99_all_numeric/b03.bench,41,4,False,0,19,39,0,206,0.002365
230,data/bench/ITC99_all_numeric/b03.bench,42,3,False,0,19,39,0,206,0.002403
231,data/bench/ITC99_all_numeric/b03.bench,42,4,False,0,19,39,0,206,0.002403
232,data/bench/ITC99_all_numeric/b03.bench,43,3,False,0,19,39,0,206,0.002542
233,data/bench/ITC99_all_numeric/b03.bench,43,4,False,0,19,39,0,206,0.002402
234,data/bench/ITC99_all_numeric/b03.bench,44,3,False,0,19,39,0,206,0.002391
235,data/bench/ITC99_all_numeric/b03.bench,44,4,False,0,19,39,0,206,0.002352
236,data/bench/ITC99_all_numeric/b03.bench,45,3,False,0,19,39,0,208,0.002341
237,data/bench/ITC99_all_numeric/b03.bench,45,4,False,0,19,39,0,208,0.002401
238,data/bench/ITC99_all_numeric/b03.bench,46,3,False,0,19,39,0,208,0.002315
239,data/bench/ITC99_all_numeric/b03.bench,46,4,False,0,19,39,0,208,0.002316
240,data/bench/ITC99_all_numeric/b03.bench,47,3,False,0,19,39,0,208,0.002314
241,data/bench/ITC99_all_numeric/b03.bench,47,4,False,0,19,39,0,208,0.002335
242,data/bench/ITC99_all_numeric/b03.bench,48,3,False,0,79,159,0,692,0.009229
243,data/bench/ITC99_all_numeric/b03.bench,48,4,False,0,79,159,0,692,0.009217
244,data/bench/ITC99_all_numeric/b03.bench,49,3,False,0,79,159,0,692,0.009207
245,data/bench/ITC99_all_numeric/b03.bench,49,4,False,0,79,159,0,692,0.0092
246,data/bench/ITC99_all_numeric/b03.bench,50,3,False,0,79,159,0,692,0.009202
247,data/bench/ITC99_all_numeric/b03.bench,50,4,False,0,79,159,0,692,0.009144
248,data/bench/ITC99_all_numeric/b03.bench,51,3,False,0,79,159,0,686,0.009092
249,data/bench/ITC99_all_numeric/b03.bench,51,4,False,0,79,159,0,686,0.009198
250,data/bench/ITC99_all_numeric/b03.bench,52,3,False,0,5,11,0,17,0.000833
251,data/bench/ITC99_all_numeric/b03.bench,52,4,False,0,5,11,0,17,0.000591
252,data/bench/ITC99_all_numeric/b03.bench,53,3,False,0,5,11,0,17,0.000589
253,data/bench/ITC99_all_numeric/b03.bench,53,4,False,0,5,11,0,17,0.000586
254,data/bench/ITC99_all_numeric/b03.bench,54,3,False,0,5,11,0,17,0.000584
255,data/bench/ITC99_all_numeric/b03.bench,54,4,False,0,5,11,0,17,0.000582
256,data/bench/ITC99_all_numeric/b03.bench,55,3,False,0,5,11,0,17,0.000579
257,data/bench/ITC99_all_numeric/b03.bench,55,4,False,0,5,11,0,17,0.00058
258,data/bench/ITC99_all_numeric/b03.bench,56,3,False,0,5,11,0,17,0.000576
259,data/bench/ITC99_all_numeric/b03.bench,56,4,False,0,5,11,0,17,0.000722
260,data/bench/ITC99_all_numeric/b03.bench,57,3,False,0,5,11,0,17,0.001137
261,data/bench/ITC99_all_numeric/b03.bench,57,4,False,0,5,11,0,17,0.00118
262,data/bench/ITC99_all_numeric/b03.bench,58,3,False,0,5,11,0,17,0.001197
263,data/bench/ITC99_all_numeric/b03.bench,58,4,False,0,5,11,0,17,0.001155
264,data/bench/ITC99_all_numeric/b03.bench,59,3,False,0,5,11,0,17,0.00068
265,data/bench/ITC99_all_numeric/b03.bench,59,4,False,0,5,11,0,17,0.000583
266,data/bench/ITC99_all_numeric/b03.bench,60,3,False,0,5,11,0,17,0.000591
267,data/bench/ITC99_all_numeric/b03.bench,60,4,False,0,5,11,0,17,0.000602
268,data/bench/ITC99_all_numeric/b03.bench,61,3,False,0,5,11,0,17,0.000595
269,data/bench/ITC99_all_numeric/b03.bench,61,4,False,0,5,11,0,17,0.000602
270,data/bench/ITC99_all_numeric/b03.bench,62,3,False,0,5,11,0,17,0.000582
271,data/bench/ITC99_all_numeric/b03.bench,62,4,False,0,5,11,0,17,0.000579
272,data/bench/ITC99_all_numeric/b03.bench,63,3,False,0,5,11,0,17,0.000574
273,data/bench/ITC99_all_numeric/b03.bench,63,4,False,0,5,11,0,17,0.00058
274,data/bench/ITC99_all_numeric/b03.bench,64,3,False,0,9,19,0,64,0.001083
275,data/bench/ITC99_all_numeric/b03.bench,64,4,False,0,9,19,0,64,0.00115
276,data/bench/ITC99_all_numeric/b03.bench,65,3,False,0,9,19,0,46,0.001102
277,data/bench/ITC99_all_numeric/b03.bench,65,4,False,0,9,19,0,46,0.00136
278,data/bench/ITC99_all_numeric/b03.bench,66,3,True,1,0,2,0,1,0.000101
279,data/bench/ITC99_all_numeric/b03.bench,66,4,True,1,0,2,0,1,9.1e-05
280,data/bench/ITC99_all_numeric/b03.bench,67,3,False,0,9,19,0,63,0.001093
281,data/bench/ITC99_all_numeric/b03.bench,67,4,False,0,9,19,0,63,0.001076
282,data/bench/ITC99_all_numeric/b03.bench,68,3,True,1,0,3,0,2,0.000136
283,data/bench/ITC99_all_numeric/b03.bench,68,4,True,1,0,4,0,3,0.000169
284,data/bench/ITC99_all_numeric/b03.bench,69,3,True,1,0,2,0,1,8.8e-05
285,data/bench/ITC99_all_numeric/b03.bench,69,4,True,1,0,3,0,3,0.000129
286,data/bench/ITC99_all_numeric/b03.bench,70,3,True,1,0,2,0,1,8.8e-05
287,data/bench/ITC99_all_numeric/b03.bench,70,4,True,1,0,3,0,3,0.000135
288,data/bench/ITC99_all_numeric/b03.bench,71,3,False,0,19,39,0,169,0.002308
289,data/bench/ITC99_all_numeric/b03.bench,71,4,False,0,19,39,0,169,0.002248
290,data/bench/ITC99_all_numeric/b03.bench,72,3,False,0,19,39,0,167,0.002285
291,data/bench/ITC99_all_numeric/b03.bench,72,4,False,0,19,39,0,167,0.002241
292,data/bench/ITC99_all_numeric/b03.bench,73,3,False,0,19,39,0,169,0.002264
293,data/bench/ITC99_all_numeric/b03.bench,73,4,False,0,19,39,0,169,0.002702
294,data/bench/ITC99_all_numeric/b03.bench,74,3,False,0,19,39,0,167,0.002273
295,data/bench/ITC99_all_numeric/b03.bench,74,4,False,0,19,39,0,167,0.002319
296,data/bench/ITC99_all_numeric/b03.bench,75,3,False,0,19,39,0,169,0.002258
297,data/bench/ITC99_all_numeric/b03.bench,75,4,False,0,19,39,0,169,0.002424
298,data/bench/ITC99_all_numeric/b03.bench,76,3,False,0,19,39,0,167,0.002279
299,data/bench/ITC99_all_numeric/b03.bench,76,4,False,0,19,39,0,167,0.002252
300,data/bench/ITC99_all_numeric/b03.bench,77,3,False,0,19,39,0,167,0.00233
301,data/bench/ITC99_all_numeric/b03.bench,77,4,False,0,19,39,0,167,0.002311
302,data/bench/ITC99_all_numeric/b03.bench,78,3,False,0,19,39,0,165,0.002344
303,data/bench/ITC99_all_numeric/b03.bench,78,4,False,0,19,39,0,165,0.002261
304,data/bench/ITC99_all_numeric/b03.bench,79,3,False,0,19,39,0,169,0.002266
305,data/bench/ITC99_all_numeric/b03.bench,79,4,False,0,19,39,0,169,0.002269
306,data/bench/ITC99_all_numeric/b03.bench,80,3,False,0,19,39,0,167,0.002395
307,data/bench/ITC99_all_numeric/b03.bench,80,4,False,0,19,39,0,167,0.002278
308,data/bench/ITC99_all_numeric/b03.bench,81,3,False,0,19,39,0,165,0.002267
309,data/bench/ITC99_all_numeric/b03.bench,81,4,False,0,19,39,0,165,0.002317
310,data/bench/ITC99_all_numeric/b03.bench,82,3,False,0,19,39,0,169,0.002264
311,data/bench/ITC99_all_numeric/b03.bench,82,4,False,0,19,39,0,169,0.002323
312,data/bench/ITC99_all_numeric/b03.bench,83,3,False,0,19,39,0,167,0.002255
313,data/bench/ITC99_all_numeric/b03.bench,83,4,False,0,19,39,0,167,0.002301
314,data/bench/ITC99_all_numeric/b03.bench,84,3,False,0,19,39,0,165,0.002282
315,data/bench/ITC99_all_numeric/b03.bench,84,4,False,0,19,39,0,165,0.002292
316,data/bench/ITC99_all_numeric/b03.bench,85,3,False,0,19,39,0,169,0.002407
317,data/bench/ITC99_all_numeric/b03.bench,85,4,False,0,19,39,0,169,0.002263
318,data/bench/ITC99_all_numeric/b03.bench,86,3,False,0,19,39,0,167,0.00233
319,data/bench/ITC99_all_numeric/b03.bench,86,4,False,0,19,39,0,167,0.002262
320,data/bench/ITC99_all_numeric/b03.bench,87,3,False,0,19,39,0,165,0.002334
321,data/bench/ITC99_all_numeric/b03.bench,87,4,False,0,19,39,0,165,0.002314
322,data/bench/ITC99_all_numeric/b03.bench,88,3,False,0,19,39,0,169,0.002305
323,data/bench/ITC99_all_numeric/b03.bench,88,4,False,0,19,39,0,169,0.002258
324,data/bench/ITC99_all_numeric/b03.bench,89,3,False,0,19,39,0,167,0.002227
325,data/bench/ITC99_all_numeric/b03.bench,89,4,False,0,19,39,0,167,0.002484
326,data/bench/ITC99_all_numeric/b03.bench,90,3,False,0,19,39,0,165,0.002412
327,data/bench/ITC99_all_numeric/b03.bench,90,4,False,0,19,39,0,165,0.002393
328,data/bench/ITC99_all_numeric/b03.bench,91,3,False,0,19,39,0,169,0.002384
329,data/bench/ITC99_all_numeric/b03.bench,91,4,False,0,19,39,0,169,0.002432
330,data/bench/ITC99_all_numeric/b03.bench,92,3,False,0,19,39,0,167,0.002384
331,data/bench/ITC99_all_numeric/b03.bench,92,4,False,0,19,39,0,167,0.002429
332,data/bench/ITC99_all_numeric/b03.bench,93,3,False,0,19,39,0,165,0.002364
333,data/bench/ITC99_all_numeric/b03.bench,93,4,False,0,19,39,0,165,0.002368
334,data/bench/ITC99_all_numeric/b03.bench,94,3,False,0,19,39,0,169,0.00236
335,data/bench/ITC99_all_numeric/b03.bench,94,4,False,0,19,39,0,169,0.002358
336,data/bench/ITC99_all_numeric/b03.bench,95,3,False,0,19,39,0,165,0.002354
337,data/bench/ITC99_all_numeric/b03.bench,95,4,False,0,19,39,0,165,0.002347
338,data/bench/ITC99_all_numeric/b03.bench,96,3,False,0,39,79,0,338,0.004732
339,data/bench/ITC99_all_numeric/b03.bench,96,4,False,0,39,79,0,338,0.004732
340,data/bench/ITC99_all_numeric/b03.bench,97,3,False,0,19,39,0,169,0.0024
341,data/bench/ITC99_all_numeric/b03.bench,97,4,False,0,19,39,0,169,0.00228
342,data/bench/ITC99_all_numeric/b03.bench,98,3,False,0,19,39,0,165,0.002234
343,data/bench/ITC99_all_numeric/b03.bench,98,4,False,0,19,39,0,165,0.002272
344,data/bench/ITC99_all_numeric/b03.bench,99,3,False,0,3,7,0,16,0.000397
345,data/bench/ITC99_all_numeric/b03.bench,99,4,False,0,3,7,0,16,0.000396
346,data/bench/ITC99_all_numeric/b03.bench,100,3,False,0,19,39,0,169,0.002245
347,data/bench/ITC99_all_numeric/b03.bench,100,4,False,0,19,39,0,169,0.002267
348,data/bench/ITC99_all_numeric/b03.bench,101,3,False,0,19,39,0,165,0.002283
349,data/bench/ITC99_all_numeric/b03.bench,101,4,False,0,19,39,0,165,0.002301
350,data/bench/ITC99_all_numeric/b03.bench,102,3,False,0,39,79,0,341,0.00454
351,data/bench/ITC99_all_numeric/b03.bench,102,4,False,0,39,79,0,341,0.004455
352,data/bench/ITC99_all_numeric/b03.bench,103,3,False,0,19,39,0,169,0.002268
353,data/bench/ITC99_all_numeric/b03.bench,103,4,False,0,19,39,0,169,0.002265
354,data/bench/ITC99_all_numeric/b03.bench,104,3,True,1,0,5,0,3,0.000227
355,data/bench/ITC99_all_numeric/b03.bench,104,4,True,1,0,5,0,3,0.000215
356,data/bench/ITC99_all_numeric/b03.bench,105,3,False,0,3,7,0,9,0.000376
357,data/bench/ITC99_all_numeric/b03.bench,105,4,False,0,3,7,0,9,0.000381
358,data/bench/ITC99_all_numeric/b03.bench,106,3,True,1,0,5,0,3,0.000212
359,data/bench/ITC99_all_numeric/b03.bench,106,4,True,1,0,5,0,3,0.000221
360,data/bench/ITC99_all_numeric/b03.bench,107,3,False,0,3,7,0,4,0.000369
361,data/bench/ITC99_all_numeric/b03.bench,107,4,False,0,3,7,0,4,0.000375
362,data/bench/ITC99_all_numeric/b03.bench,108,3,True,1,0,2,0,2,9.3e-05
363,data/bench/ITC99_all_numeric/b03.bench,108,4,True,1,0,4,0,8,0.000177
364,data/bench/ITC99_all_numeric/b03.bench,109,3,False,0,9,19,0,27,0.001
365,data/bench/ITC99_all_numeric/b03.bench,109,4,False,0,9,19,0,27,0.00103
366,data/bench/ITC99_all_numeric/b03.bench,110,3,False,0,119,239,0,1077,0.012325
367,data/bench/ITC99_all_numeric/b03.bench,110,4,False,0,119,239,0,1077,0.012378
368,data/bench/ITC99_all_numeric/b03.bench,111,3,False,0,1,3,0,2,0.000172
369,data/bench/ITC99_all_numeric/b03.bench,111,4,False,0,1,3,0,2,0.000165
370,data/bench/ITC99_all_numeric/b03.bench,112,3,False,0,1,3,0,2,0.000167
371,data/bench/ITC99_all_numeric/b03.bench,112,4,False,0,1,3,0,2,0.00016
372,data/bench/ITC99_all_numeric/b03.bench,113,3,False,0,1,3,0,2,0.000159
373,data/bench/ITC99_all_numeric/b03.bench,113,4,False,0,1,3,0,2,0.000159
374,data/bench/ITC99_all_numeric/b03.bench,114,3,True,1,0,4,0,5,0.000169
375,data/bench/ITC99_all_numeric/b03.bench,114,4,True,1,0,4,0,5,0.000229
376,data/bench/ITC99_all_numeric/b03.bench,115,3,True,1,0,3,0,1,0.000144
377,data/bench/ITC99_all_numeric/b03.bench,115,4,True,1,0,3,0,1,0.000142
378,data/bench/ITC99_all_numeric/b03.bench,116,3,False,0,79,159,0,533,0.008876
379,data/bench/ITC99_all_numeric/b03.bench,116,4,False,0,79,159,0,533,0.008785
380,data/bench/ITC99_all_numeric/b03.bench,117,3,False,0,19,39,0,93,0.002161
381,data/bench/ITC99_all_numeric/b03.bench,117,4,False,0,19,39,0,93,0.002137
382,data/bench/ITC99_all_numeric/b03.bench,118,3,False,0,79,159,0,533,0.008891
383,data/bench/ITC99_all_numeric/b03.bench,118,4,False,0,79,159,0,533,0.008816
384,data/bench/ITC99_all_numeric/b03.bench,119,3,False,0,19,39,0,93,0.002125
385,data/bench/ITC99_all_numeric/b03.bench,119,4,False,0,19,39,0,93,0.002156
386,data/bench/ITC99_all_numeric/b03.bench,120,3,False,0,79,159,0,533,0.00884
387,data/bench/ITC99_all_numeric/b03.bench,120,4,False,0,79,159,0,533,0.008777
388,data/bench/ITC99_all_numeric/b03.bench,121,3,False,0,19,39,0,93,0.002108
389,data/bench/ITC99_all_numeric/b03.bench,121,4,False,0,19,39,0,93,0.002112
390,data/bench/ITC99_all_numeric/b03.bench,122,3,False,0,79,159,0,527,0.008793
391,data/bench/ITC99_all_numeric/b03.bench,122,4,False,0,79,159,0,527,0.008838
392,data/bench/ITC99_all_numeric/b03.bench,123,3,False,0,19,39,0,93,0.002101
393,data/bench/ITC99_all_numeric/b03.bench,123,4,False,0,19,39,0,93,0.002095
394,data/bench/ITC99_all_numeric/b03.bench,124,3,True,1,0,2,0,1,9.5e-05
395,data/bench/ITC99_all_numeric/b03.bench,124,4,True,1,0,3,0,2,0.00013
396,data/bench/ITC99_all_numeric/b03.bench,125,3,True,1,0,2,0,1,9.2e-05
397,data/bench/ITC99_all_numeric/b03.bench,125,4,True,1,0,3,0,3,0.000131
398,data/bench/ITC99_all_numeric/b03.bench,126,3,True,1,0,2,0,1,9.2e-05
399,data/bench/ITC99_all_numeric/b03.bench,126,4,True,1,0,3,0,2,0.00013
400,data/bench/ITC99_all_numeric/b03.bench,127,3,True,1,0,2,0,1,0.000145
401,data/bench/ITC99_all_numeric/b03.bench,127,4,True,1,0,3,0,3,0.000156
402,data/bench/ITC99_all_numeric/b03.bench,128,3,True,1,0,2,0,1,9.8e-05
403,data/bench/ITC99_all_numeric/b03.bench,128,4,True,1,0,3,0,2,0.000141
404,data/bench/ITC99_all_numeric/b03.bench,129,3,True,1,0,2,0,1,9.7e-05
405,data/bench/ITC99_all_numeric/b03.bench,129,4,True,1,0,3,0,3,0.000134
406,data/bench/ITC99_all_numeric/b03.bench,130,3,True,1,0,2,0,1,9.8e-05
407,data/bench/ITC99_all_numeric/b03.bench,130,4,True,1,0,3,0,2,0.000134
408,data/bench/ITC99_all_numeric/b03.bench,131,3,True,1,0,2,0,1,9.2e-05
409,data/bench/ITC99_all_numeric/b03.bench,131,4,True,1,0,3,0,3,0.000136
410,data/bench/ITC99_all_numeric/b03.bench,132,3,True,1,0,2,0,1,9.4e-05
411,data/bench/ITC99_all_numeric/b03.bench,132,4,True,1,0,3,0,2,0.000132
412,data/bench/ITC99_all_numeric/b03.bench,133,3,True,1,0,2,0,1,9.4e-05
413,data/bench/ITC99_all_numeric/b03.bench,133,4,True,1,0,3,0,3,0.000136
414,data/bench/ITC99_all_numeric/b03.bench,134,3,True,1,0,2,0,1,9.5e-05
415,data/bench/ITC99_all_numeric/b03.bench,134,4,True,1,0,3,0,2,0.000133
416,data/bench/ITC99_all_numeric/b03.bench,135,3,True,1,0,2,0,1,9.4e-05
417,data/bench/ITC99_all_numeric/b03.bench,135,4,True,1,0,3,0,3,0.000139
418,data/bench/ITC99_all_numeric/b03.bench,136,3,True,1,0,2,0,1,9.4e-05
419,data/bench/ITC99_all_numeric/b03.bench,136,4,True,1,0,3,0,2,0.000133
420,data/bench/ITC99_all_numeric/b03.bench,137,3,True,1,0,2,0,1,9.6e-05
421,data/bench/ITC99_all_numeric/b03.bench,137,4,True,1,0,3,0,3,0.000134
422,data/bench/ITC99_all_numeric/b03.bench,138,3,True,1,0,2,0,1,9.4e-05
423,data/bench/ITC99_all_numeric/b03.bench,138,4,True,1,0,3,0,2,0.000132
424,data/bench/ITC99_all_numeric/b03.bench,139,3,True,1,0,2,0,1,9.3e-05
425,data/bench/ITC99_all_numeric/b03.bench,139,4,True,1,0,3,0,3,0.000208
426,data/bench/ITC99_all_numeric/b03.bench,140,3,True,1,0,2,0,1,0.000104
427,data/bench/ITC99_all_numeric/b03.bench,140,4,True,1,0,3,0,2,0.000142
428,data/bench/ITC99_all_numeric/b03.bench,141,3,True,1,0,2,0,1,9.5e-05
429,data/bench/ITC99_all_numeric/b03.bench,141,4,True,1,0,3,0,3,0.000134
430,data/bench/ITC99_all_numeric/b03.bench,142,3,True,1,0,2,0,1,0.000103
431,data/bench/ITC99_all_numeric/b03.bench,142,4,True,1,0,3,0,2,0.000133
432,data/bench/ITC99_all_numeric/b03.bench,143,3,True,1,0,2,0,1,9.7e-05
433,data/bench/ITC99_all_numeric/b03.bench,143,4,True,1,0,3,0,3,0.000135
434,data/bench/ITC99_all_numeric/b03.bench,144,3,True,1,0,2,0,1,9.5e-05
435,data/bench/ITC99_all_numeric/b03.bench,144,4,True,1,0,5,0,4,0.000217
436,data/bench/ITC99_all_numeric/b03.bench,145,3,False,0,1,3,0,2,0.000167
437,data/bench/ITC99_all_numeric/b03.bench,145,4,False,0,1,3,0,2,0.000169
438,data/bench/ITC99_all_numeric/b03.bench,146,3,True,1,0,5,0,3,0.000218
439,data/bench/ITC99_all_numeric/b03.bench,146,4,True,1,0,5,0,3,0.000214
440,data/bench/ITC99_all_numeric/b03.bench,147,3,True,1,0,4,0,5,0.000178
441,data/bench/ITC99_all_numeric/b03.bench,147,4,True,1,0,3,0,3,0.000136
442,data/bench/ITC99_all_numeric/b03.bench,148,3,False,0,9,19,0,46,0.001046
443,data/bench/ITC99_all_numeric/b03.bench,148,4,False,0,9,19,0,46,0.001066
444,data/bench/ITC99_all_numeric/b03.bench,149,3,False,0,3,7,0,16,0.000392
445,data/bench/ITC99_all_numeric/b03.bench,149,4,False,0,3,7,0,16,0.000385
446,data/bench/ITC99_all_numeric/b03.bench,150,3,False,0,7,15,0,48,0.000832
447,data/bench/ITC99_all_numeric/b03.bench,150,4,False,0,7,15,0,48,0.000846
448,data/bench/ITC99_all_numeric/b03.bench,151,3,False,0,29,59,0,209,0.00323
449,data/bench/ITC99_all_numeric/b03.bench,151,4,False,0,29,59,0,209,0.003269
450,data/bench/ITC99_all_numeric/b03.bench,152,3,True,1,0,2,0,1,0.000139
451,data/bench/ITC99_all_numeric/b03.bench,152,4,True,1,0,5,0,7,0.00024
452,data/bench/ITC99_all_numeric/b03.bench,153,3,True,1,0,2,0,1,0.000103
453,data/bench/ITC99_all_numeric/b03.bench,153,4,True,1,0,3,0,3,0.000137
454,data/bench/ITC99_all_numeric/b03.bench,154,3,False,0,9,19,0,65,0.001087
455,data/bench/ITC99_all_numeric/b03.bench,154,4,False,0,9,19,0,65,0.001091
456,data/bench/ITC99_all_numeric/b03.bench,155,3,False,0,4,9,0,5,0.00048
457,data/bench/ITC99_all_numeric/b03.bench,155,4,False,0,4,9,0,7,0.000486
458,data/bench/ITC99_all_numeric/b03.bench,156,3,False,0,3,7,0,8,0.000377
459,data/bench/ITC99_all_numeric/b03.bench,156,4,False,0,5,11,0,14,0.000601
460,data/bench/ITC99_all_numeric/b04.bench,1,3,True,1,0,3,0,0,0.000951
461,data/bench/ITC99_all_numeric/b04.bench,1,4,True,1,0,3,0,0,0.00055
462,data/bench/ITC99_all_numeric/b04.bench,2,3,False,3,0,10001,0,0,1.554257
463,data/bench/ITC99_all_numeric/b04.bench,5,3,True,1,0,3,0,1,0.000576
464,data/bench/ITC99_all_numeric/b04.bench,6,4,True,1,0,3,0,0,0.000539
465,data/bench/ITC99_all_numeric/b04.bench,7,4,True,1,0,3,0,1,0.000559
466,data/bench/ITC99_all_numeric/b04.bench,10,4,True,1,0,3,0,1,0.000535
467,data/bench/ITC99_all_numeric/b04.bench,11,3,True,1,0,3,0,1,0.000531
468,data/bench/ITC99_all_numeric/b04.bench,11,4,True,1,0,3,0,1,0.000527
469,data/bench/ITC99_all_numeric/b04.bench,12,3,True,1,0,3,0,0,0.000539
470,data/bench/ITC99_all_numeric/b04.bench,14,3,True,1,0,3,0,0,0.000537
471,data/bench/ITC99_all_numeric/b04.bench,14,4,True,1,0,3,0,0,0.000527
472,data/bench/ITC99_all_numeric/b04.bench,15,3,True,1,0,3,0,0,0.000525
473,data/bench/ITC99_all_numeric/b04.bench,17,4,True,1,0,3,0,0,0.000522
474,data/bench/ITC99_all_numeric/b04.bench,18,4,True,1,0,3,0,0,0.000524
475,data/bench/ITC99_all_numeric/b04.bench,19,3,True,1,0,3,0,0,0.000935
476,data/bench/ITC99_all_numeric/b04.bench,20,3,True,1,0,3,0,0,0.000557
477,data/bench/ITC99_all_numeric/b04.bench,20,4,True,1,0,3,0,0,0.000536
478,data/bench/ITC99_all_numeric/b04.bench,21,4,True,1,0,3,0,0,0.000526
479,data/bench/ITC99_all_numeric/b04.bench,22,3,True,1,0,3,0,0,0.000527
480,data/bench/ITC99_all_numeric/b04.bench,25,3,True,1,0,3,0,0,0.000521
481,data/bench/ITC99_all_numeric/b04.bench,26,4,True,1,0,3,0,0,0.000524
482,data/bench/ITC99_all_numeric/b04.bench,28,3,True,1,0,4,0,4,0.000662
483,data/bench/ITC99_all_numeric/b04.bench,29,4,True,1,0,4,0,4,0.000668
484,data/bench/ITC99_all_numeric/b04.bench,31,3,True,1,0,4,0,4,0.000661
485,data/bench/ITC99_all_numeric/b04.bench,31,4,True,1,0,4,0,4,0.000666
486,data/bench/ITC99_all_numeric/b04.bench,32,4,True,1,0,4,0,4,0.000661
487,data/bench/ITC99_all_numeric/b04.bench,34,4,True,1,0,4,0,4,0.000662
488,data/bench/ITC99_all_numeric/b04.bench,36,4,True,1,0,4,0,5,0.000675
489,data/bench/ITC99_all_numeric/b04.bench,38,4,True,1,0,4,0,5,0.000677
490,data/bench/ITC99_all_numeric/b04.bench,39,4,True,1,0,4,0,5,0.000679
491,data/bench/ITC99_all_numeric/b04.bench,41,3,True,1,0,4,0,5,0.000676
492,data/bench/ITC99_all_numeric/b04.bench,41,4,True,1,0,4,0,5,0.000673
493,data/bench/ITC99_all_numeric/b04.bench,43,3,True,1,0,4,0,5,0.000678
494,data/bench/ITC99_all_numeric/b04.bench,43,4,True,1,0,4,0,5,0.000687
495,data/bench/ITC99_all_numeric/b04.bench,44,4,True,1,0,4,0,5,0.000716
496,data/bench/ITC99_all_numeric/b04.bench,45,3,True,1,0,4,0,5,0.000716
497,data/bench/ITC99_all_numeric/b04.bench,47,3,True,1,0,4,0,5,0.000711
498,data/bench/ITC99_all_numeric/b04.bench,47,4,True,1,0,4,0,5,0.000703
499,data/bench/ITC99_all_numeric/b04.bench,48,4,True,1,0,4,0,5,0.00069
500,data/bench/ITC99_all_numeric/b04.bench,49,3,True,1,0,4,0,5,0.000765
501,data/bench/ITC99_all_numeric/b04.bench,49,4,True,1,0,4,0,5,0.000689
502,data/bench/ITC99_all_numeric/b04.bench,51,4,True,1,0,4,0,5,0.000689
503,data/bench/ITC99_all_numeric/b04.bench,52,3,True,1,0,4,0,5,0.000682
504,data/bench/ITC99_all_numeric/b04.bench,52,4,True,1,0,4,0,5,0.000684
505,data/bench/ITC99_all_numeric/b04.bench,53,4,True,1,0,4,0,5,0.000679
506,data/bench/ITC99_all_numeric/b04.bench,54,4,True,1,0,4,0,5,0.000682
507,data/bench/ITC99_all_numeric/b04.bench,56,3,True,1,0,4,0,5,0.000668
508,data/bench/ITC99_all_numeric/b04.bench,56,4,True,1,0,4,0,5,0.000675
509,data/bench/ITC99_all_numeric/b04.bench,57,4,True,1,0,4,0,5,0.000675
510,data/bench/ITC99_all_numeric/b04.bench,58,4,True,1,0,4,0,5,0.000675
511,data/bench/ITC99_all_numeric/b04.bench,60,3,True,1,0,3,0,0,0.000537
512,data/bench/ITC99_all_numeric/b04.bench,61,3,True,1,0,3,0,1,0.000548
513,data/bench/ITC99_all_numeric/b04.bench,62,4,True,1,0,3,0,0,0.000565
514,data/bench/ITC99_all_numeric/b04.bench,63,3,True,1,0,3,0,1,0.000556
515,data/bench/ITC99_all_numeric/b04.bench,63,4,True,1,0,3,0,1,0.000556
516,data/bench/ITC99_all_numeric/b04.bench,64,3,True,1,0,3,0,1,0.000558
517,data/bench/ITC99_all_numeric/b04.bench,65,4,True,1,0,3,0,1,0.000544
518,data/bench/ITC99_all_numeric/b04.bench,66,3,True,1,0,3,0,1,0.000543
519,data/bench/ITC99_all_numeric/b04.bench,67,3,True,1,0,3,0,1,0.00054
520,data/bench/ITC99_all_numeric/b04.bench,68,4,False,3,0,10001,0,0,1.53916
521,data/bench/ITC99_all_numeric/b04.bench,69,3,False,3,0,10001,0,0,1.559291
522,data/bench/ITC99_all_numeric/b04.bench,70,3,False,3,0,10001,0,0,1.550175
523,data/bench/ITC99_all_numeric/b04.bench,70,4,False,3,0,10001,0,0,1.559477
524,data/bench/ITC99_all_numeric/b04.bench,71,3,False,3,0,10001,0,0,1.567791
525,data/bench/ITC99_all_numeric/b04.bench,72,4,False,3,0,10001,0,0,1.586755
526,data/bench/ITC99_all_numeric/b04.bench,73,3,False,3,0,10001,0,0,1.556964
527,data/bench/ITC99_all_numeric/b04.bench,73,4,False,3,0,10001,0,0,1.567957
528,data/bench/ITC99_all_numeric/b04.bench,74,3,False,3,0,10001,0,0,1.57631
529,data/bench/ITC99_all_numeric/b04.bench,75,3,False,3,0,10001,0,0,1.567544
530,data/bench/ITC99_all_numeric/b04.bench,77,3,True,1,0,3,0,1,0.00055
531,data/bench/ITC99_all_numeric/b04.bench,78,4,False,0,4195,8391,0,71122,1.735852
532,data/bench/ITC99_all_numeric/b04.bench,79,4,False,0,4195,8391,0,71122,1.738191
533,data/bench/ITC99_all_numeric/b04.bench,80,4,False,0,4215,8431,0,71338,1.744175
534,data/bench/ITC99_all_numeric/b04.bench,81,4,False,0,4263,8527,0,71986,1.764915
535,data/bench/ITC99_all_numeric/b04.bench,82,3,False,0,4359,8719,0,73234,1.806302
536,data/bench/ITC99_all_numeric/b04.bench,83,4,False,0,4551,9103,0,76210,1.883791
537,data/bench/ITC99_all_numeric/b04.bench,84,3,False,0,4935,9871,0,81970,2.037859
538,data/bench/ITC99_all_numeric/b04.bench,85,3,False,3,5001,10025,0,84069,2.078106
539,data/bench/ITC99_all_numeric/b04.bench,86,3,False,0,4195,8391,0,79508,1.750112
540,data/bench/ITC99_all_numeric/b04.bench,86,4,False,0,4195,8391,0,79508,1.754827
541,data/bench/ITC99_all_numeric/b04.bench,87,3,False,0,4195,8391,0,79508,1.749491
542,data/bench/ITC99_all_numeric/b04.bench,87,4,False,0,4195,8391,0,79508,1.758065
543,data/bench/ITC99_all_numeric/b04.bench,88,4,False,0,4215,8431,0,79764,1.766338
544,data/bench/ITC99_all_numeric/b04.bench,89,3,False,0,4263,8527,0,80508,1.788745
545,data/bench/ITC99_all_numeric/b04.bench,92,3,False,0,4935,9871,0,91836,2.06554
546,data/bench/ITC99_all_numeric/b04.bench,93,4,False,3,5002,10022,0,93677,2.101511
547,data/bench/ITC99_all_numeric/b04.bench,95,3,False,0,23,47,0,148,0.010016
548,data/bench/ITC99_all_numeric/b04.bench,95,4,False,0,23,47,0,148,0.010022
549,data/bench/ITC99_all_numeric/b04.bench,96,3,False,0,23,47,0,148,0.010093
550,data/bench/ITC99_all_numeric/b04.bench,97,3,False,0,23,47,0,148,0.0103
551,data/bench/ITC99_all_numeric/b04.bench,101,4,False,0,23,47,0,148,0.009968
552,data/bench/ITC99_all_numeric/b04.bench,103,4,False,0,7,15,0,66,0.003298
553,data/bench/ITC99_all_numeric/b04.bench,104,4,False,0,7,15,0,66,0.003302
554,data/bench/ITC99_all_numeric/b04.bench,105,3,False,0,7,15,0,66,0.00335
555,data/bench/ITC99_all_numeric/b04.bench,105,4,False,0,7,15,0,66,0.003337
556,data/bench/ITC99_all_numeric/b04.bench,106,3,False,0,7,15,0,66,0.003333
557,data/bench/ITC99_all_numeric/b04.bench,107,3,False,0,7,15,0,66,0.003253
558,data/bench/ITC99_all_numeric/b04.bench,108,3,False,0,7,15,0,66,0.003288
559,data/bench/ITC99_all_numeric/b04.bench,110,4,False,0,7,15,0,66,0.003291
560,data/bench/ITC99_all_numeric/b04.bench,111,3,False,0,7,15,0,66,0.003286
561,data/bench/ITC99_all_numeric/b04.bench,112,4,False,0,7,15,0,66,0.003241
562,data/bench/ITC99_all_numeric/b04.bench,114,3,False,0,7,15,0,66,0.003305
563,data/bench/ITC99_all_numeric/b04.bench,114,4,False,0,7,15,0,66,0.003352
564,data/bench/ITC99_all_numeric/b04.bench,115,3,False,0,7,15,0,66,0.003263
565,data/bench/ITC99_all_numeric/b04.bench,115,4,False,0,7,15,0,66,0.003254
566,data/bench/ITC99_all_numeric/b04.bench,116,4,False,0,7,15,0,66,0.003274
567,data/bench/ITC99_all_numeric/b04.bench,117,3,False,0,7,15,0,66,0.003252
568,data/bench/ITC99_all_numeric/b04.bench,119,3,False,0,7,15,0,66,0.003298
569,data/bench/ITC99_all_numeric/b04.bench,119,4,False,0,7,15,0,66,0.003247
570,data/bench/ITC99_all_numeric/b04.bench,120,3,False,0,7,15,0,66,0.003317
571,data/bench/ITC99_all_numeric/b04.bench,123,4,False,0,7,15,0,66,0.003403
572,data/bench/ITC99_all_numeric/b04.bench,125,3,False,0,7,15,0,66,0.003227
573,data/bench/ITC99_all_numeric/b04.bench,127,3,False,0,7,15,0,66,0.00325
574,data/bench/ITC99_all_numeric/b04.bench,127,4,False,0,7,15,0,66,0.003254
575,data/bench/ITC99_all_numeric/b04.bench,129,4,False,0,7,15,0,66,0.003475
576,data/bench/ITC99_all_numeric/b04.bench,130,4,False,0,7,15,0,66,0.003437
577,data/bench/ITC99_all_numeric/b04.bench,132,3,False,0,7,15,0,66,0.003397
578,data/bench/ITC99_all_numeric/b04.bench,133,3,False,0,7,15,0,66,0.003309
579,data/bench/ITC99_all_numeric/b04.bench,133,4,False,0,7,15,0,66,0.003388
580,data/bench/ITC99_all_numeric/b04.bench,135,3,False,0,31,63,0,372,0.014445
581,data/bench/ITC99_all_numeric/b04.bench,135,4,False,0,31,63,0,372,0.014035
582,data/bench/ITC99_all_numeric/b04.bench,137,4,False,0,15,31,0,187,0.006855
583,data/bench/ITC99_all_numeric/b04.bench,139,4,False,0,7,15,0,66,0.003379
584,data/bench/ITC99_all_numeric/b04.bench,141,3,False,0,7,15,0,66,0.003666
585,data/bench/ITC99_all_numeric/b04.bench,142,4,False,0,3,7,0,11,0.001535
586,data/bench/ITC99_all_numeric/b04.bench,143,4,True,1,0,2,0,2,0.000356
587,data/bench/ITC99_all_numeric/b04.bench,145,3,False,0,3,7,0,24,0.001524
588,data/bench/ITC99_all_numeric/b04.bench,147,4,False,0,3,7,0,45,0.001571
589,data/bench/ITC99_all_numeric/b04.bench,149,4,False,0,3,7,0,31,0.00153
590,data/bench/ITC99_all_numeric/b04.bench,152,4,True,1,0,3,0,1,0.000532
591,data/bench/ITC99_all_numeric/b04.bench,153,4,False,0,15,31,0,125,0.00679
592,data/bench/ITC99_all_numeric/b04.bench,154,4,False,0,1,3,0,2,0.000682
593,data/bench/ITC99_all_numeric/b04.bench,155,3,False,0,4383,8767,0,97053,1.947348
594,data/bench/ITC99_all_numeric/b04.bench,155,4,False,0,4383,8767,0,97053,1.943668
595,data/bench/ITC99_all_numeric/b04.bench,157,3,False,0,4383,8767,0,97053,1.965734
596,data/bench/ITC99_all_numeric/b04.bench,159,3,False,3,5001,10026,0,131012,2.241007
597,data/bench/ITC99_all_numeric/b04.bench,160,4,False,3,5001,10027,0,120984,2.314522
598,data/bench/ITC99_all_numeric/b04.bench,161,4,False,3,5001,10026,0,120980,2.212672
599,data/bench/ITC99_all_numeric/b04.bench,162,4,False,0,7,15,0,62,0.003317
600,data/bench/ITC99_all_numeric/b04.bench,166,4,True,1,0,4,0,3,0.00082
601,data/bench/ITC99_all_numeric/b04.bench,167,3,True,1,0,2,0,1,0.000378
602,data/bench/ITC99_all_numeric/b04.bench,167,4,True,1,0,3,0,3,0.000518
603,data/bench/ITC99_all_numeric/b04.bench,168,4,False,0,15,31,0,156,0.006933
604,data/bench/ITC99_all_numeric/b04.bench,169,3,False,0,7,15,0,62,0.003298
605,data/bench/ITC99_all_numeric/b04.bench,169,4,False,0,7,15,0,62,0.003324
606,data/bench/ITC99_all_numeric/b04.bench,171,4,False,0,31,63,0,372,0.014399
607,data/bench/ITC99_all_numeric/b04.bench,172,3,False,0,3,7,0,45,0.001621
608,data/bench/ITC99_all_numeric/b04.bench,173,4,False,0,15,31,0,156,0.006983
609,data/bench/ITC99_all_numeric/b04.bench,174,4,False,0,7,15,0,62,0.003368
610,data/bench/ITC99_all_numeric/b04.bench,175,3,False,0,7,15,0,51,0.003386
611,data/bench/ITC99_all_numeric/b04.bench,178,3,False,0,15,31,0,156,0.007017
612,data/bench/ITC99_all_numeric/b04.bench,179,3,False,0,7,15,0,62,0.003333
613,data/bench/ITC99_all_numeric/b04.bench,179,4,False,0,7,15,0,62,0.003349
614,data/bench/ITC99_all_numeric/b04.bench,180,3,False,0,7,15,0,51,0.00531
615,data/bench/ITC99_all_numeric/b04.bench,180,4,False,0,7,15,0,51,0.003319
616,data/bench/ITC99_all_numeric/b04.bench,181,4,False,0,31,63,0,372,0.014047
617,data/bench/ITC99_all_numeric/b04.bench,182,4,False,0,3,7,0,52,0.001625
618,data/bench/ITC99_all_numeric/b04.bench,184,3,False,0,7,15,0,62,0.003284
619,data/bench/ITC99_all_numeric/b04.bench,185,3,False,0,7,15,0,51,0.003296
620,data/bench/ITC99_all_numeric/b04.bench,189,4,False,0,31,63,0,372,0.014118
621,data/bench/ITC99_all_numeric/b04.bench,191,4,False,0,7,15,0,62,0.00325
622,data/bench/ITC99_all_numeric/b04.bench,192,3,False,0,31,63,0,372,0.014006
623,data/bench/ITC99_all_numeric/b04.bench,192,4,False,0,31,63,0,372,0.014041
624,data/bench/ITC99_all_numeric/b04.bench,193,4,False,0,31,63,0,309,0.014811
625,data/bench/ITC99_all_numeric/b04.bench,196,4,False,0,7,15,0,51,0.004452
626,data/bench/ITC99_all_numeric/b04.bench,198,4,False,0,31,63,0,309,0.014273
627,data/bench/ITC99_all_numeric/b04.bench,199,3,False,0,15,31,0,155,0.006796
628,data/bench/ITC99_all_numeric/b04.bench,200,3,False,0,7,15,0,62,0.003284
629,data/bench/ITC99_all_numeric/b04.bench,201,3,False,0,7,15,0,51,0.003293
630,data/bench/ITC99_all_numeric/b04.bench,202,3,False,0,15,31,0,156,0.006844
631,data/bench/ITC99_all_numeric/b04.bench,203,4,False,0,7,15,0,51,0.003278
632,data/bench/ITC99_all_numeric/b04.bench,204,3,True,1,0,2,0,1,0.000359
633,data/bench/ITC99_all_numeric/b04.bench,204,4,True,1,0,4,0,8,0.000679
634,data/bench/ITC99_all_numeric/b04.bench,207,3,False,0,7,15,0,51,0.003321
635,data/bench/ITC99_all_numeric/b04.bench,209,4,False,0,7,15,0,51,0.003247
636,data/bench/ITC99_all_numeric/b04.bench,210,4,True,1,0,4,0,8,0.00071
637,data/bench/ITC99_all_numeric/b04.bench,211,3,False,0,7,15,0,51,0.003291
638,data/bench/ITC99_all_numeric/b04.bench,211,4,False,0,7,15,0,51,0.003276
639,data/bench/ITC99_all_numeric/b04.bench,212,3,True,1,0,2,0,1,0.000371
640,data/bench/ITC99_all_numeric/b04.bench,212,4,True,1,0,4,0,8,0.0007
641,data/bench/ITC99_all_numeric/b04.bench,216,4,True,1,0,4,0,8,0.000689
642,data/bench/ITC99_all_numeric/b04.bench,220,3,True,1,0,2,0,1,0.000361
643,data/bench/ITC99_all_numeric/b04.bench,220,4,True,1,0,4,0,8,0.000687
644,data/bench/ITC99_all_numeric/b04.bench,223,3,False,0,7,15,0,51,0.003333
645,data/bench/ITC99_all_numeric/b04.bench,223,4,False,0,7,15,0,51,0.003316
646,data/bench/ITC99_all_numeric/b04.bench,224,3,True,1,0,2,0,1,0.000368
647,data/bench/ITC99_all_numeric/b04.bench,224,4,True,1,0,4,0,8,0.00069
648,data/bench/ITC99_all_numeric/b04.bench,227,4,False,0,7,15,0,51,0.003306
649,data/bench/ITC99_all_numeric/b04.bench,228,4,True,1,0,4,0,8,0.000694
650,data/bench/ITC99_all_numeric/b04.bench,233,3,False,0,7,15,0,51,0.00339
651,data/bench/ITC99_all_numeric/b04.bench,233,4,False,0,7,15,0,51,0.003298
652,data/bench/ITC99_all_numeric/b04.bench,234,3,True,1,0,2,0,1,0.000366
653,data/bench/ITC99_all_numeric/b04.bench,234,4,True,1,0,4,0,8,0.000685
654,data/bench/ITC99_all_numeric/b04.bench,235,3,False,0,7,15,0,51,0.003261
655,data/bench/ITC99_all_numeric/b04.bench,235,4,False,0,7,15,0,51,0.003275
656,data/bench/ITC99_all_numeric/b04.bench,237,3,False,0,7,15,0,51,0.003254
657,data/bench/ITC99_all_numeric/b04.bench,239,3,False,0,7,15,0,51,0.003274
658,data/bench/ITC99_all_numeric/b04.bench,239,4,False,0,7,15,0,51,0.003375
659,data/bench/ITC99_all_numeric/b04.bench,242,3,True,1,0,2,0,1,0.000381
660,data/bench/ITC99_all_numeric/b04.bench,245,4,False,0,7,15,0,51,0.003308
661,data/bench/ITC99_all_numeric/b04.bench,248,3,True,1,0,2,0,1,0.000371
662,data/bench/ITC99_all_numeric/b04.bench,249,4,False,0,7,15,0,51,0.003318
663,data/bench/ITC99_all_numeric/b04.bench,250,3,True,1,0,2,0,1,0.00037
664,data/bench/ITC99_all_numeric/b04.bench,250,4,True,1,0,4,0,8,0.000694
665,data/bench/ITC99_all_numeric/b04.bench,251,3,False,0,7,15,0,51,0.003312
666,data/bench/ITC99_all_numeric/b04.bench,254,4,True,1,0,4,0,8,0.000697
667,data/bench/ITC99_all_numeric/b04.bench,256,3,True,1,0,2,0,1,0.000366
668,data/bench/ITC99_all_numeric/b04.bench,257,3,False,0,7,15,0,51,0.0033
669,data/bench/ITC99_all_numeric/b04.bench,257,4,False,0,7,15,0,51,0.003294
670,data/bench/ITC99_all_numeric/b04.bench,258,4,True,1,0,4,0,8,0.0007
671,data/bench/ITC99_all_numeric/b04.bench,261,4,False,0,7,15,0,51,0.003275
672,data/bench/ITC99_all_numeric/b04.bench,263,3,False,0,7,15,0,51,0.003306
673,data/bench/ITC99_all_numeric/b04.bench,264,4,True,1,0,4,0,8,0.00071
674,data/bench/ITC99_all_numeric/b04.bench,265,3,False,0,7,15,0,51,0.003322
675,data/bench/ITC99_all_numeric/b04.bench,266,4,True,1,0,4,0,8,0.000796
676,data/bench/ITC99_all_numeric/b04.bench,267,4,True,1,0,4,0,7,0.000692
677,data/bench/ITC99_all_numeric/b04.bench,268,4,False,0,11,23,0,53,0.005001
678,data/bench/ITC99_all_numeric/b04.bench,269,3,True,1,0,2,0,1,0.000378
679,data/bench/ITC99_all_numeric/b04.bench,269,4,True,1,0,4,0,7,0.000691
680,data/bench/ITC99_all_numeric/b04.bench,270,4,False,0,11,23,0,53,0.005032
681,data/bench/ITC99_all_numeric/b04.bench,271,3,True,1,0,2,0,1,0.000375
682,data/bench/ITC99_all_numeric/b04.bench,273,4,True,1,0,4,0,7,0.000684
683,data/bench/ITC99_all_numeric/b04.bench,274,3,False,0,11,23,0,53,0.004976
684,data/bench/ITC99_all_numeric/b04.bench,275,4,True,1,0,4,0,7,0.000683
685,data/bench/ITC99_all_numeric/b04.bench,277,3,True,1,0,2,0,1,0.00037
686,data/bench/ITC99_all_numeric/b04.bench,278,4,False,0,11,23,0,53,0.004995
687,data/bench/ITC99_all_numeric/b04.bench,281,3,True,1,0,2,0,1,0.000374
688,data/bench/ITC99_all_numeric/b04.bench,283,3,False,3,5002,10022,0,83656,2.129305
689,data/bench/ITC99_all_numeric/b04.bench,285,3,False,0,4935,9871,0,81965,2.085143
690,data/bench/ITC99_all_numeric/b04.bench,285,4,False,0,4935,9871,0,81965,2.080651
691,data/bench/ITC99_all_numeric/b04.bench,286,3,False,0,4935,9871,0,81963,2.075665
692,data/bench/ITC99_all_numeric/b04.bench,286,4,False,0,4935,9871,0,81963,2.07677
693,data/bench/ITC99_all_numeric/b04.bench,287,3,False,0,4551,9103,0,76205,1.911571
694,data/bench/ITC99_all_numeric/b04.bench,288,4,False,0,4551,9103,0,76203,1.903729
695,data/bench/ITC99_all_numeric/b04.bench,291,3,False,0,4263,8527,0,71981,1.792695
696,data/bench/ITC99_all_numeric/b04.bench,292,4,False,0,4263,8527,0,71979,1.791208
697,data/bench/ITC99_all_numeric/b04.bench,293,3,False,0,4215,8431,0,71333,1.762289
698,data/bench/ITC99_all_numeric/b04.bench,293,4,False,0,4215,8431,0,71333,1.778596
699,data/bench/ITC99_all_numeric/b04.bench,295,3,False,0,4195,8391,0,71117,1.765539
700,data/bench/ITC99_all_numeric/b04.bench,295,4,False,0,4195,8391,0,71117,1.782696
701,data/bench/ITC99_all_numeric/b04.bench,296,4,False,0,4195,8391,0,71115,1.763894
702,data/bench/ITC99_all_numeric/b04.bench,298,4,False,0,4195,8391,0,71115,1.767549
703,data/bench/ITC99_all_numeric/b04.bench,303,4,False,0,4551,9103,0,67107,1.900866
704,data/bench/ITC99_all_numeric/b04.bench,304,4,False,0,4551,9103,0,66915,1.890547
705,data/bench/ITC99_all_numeric/b04.bench,306,4,False,0,4359,8719,0,64611,1.811223
706,data/bench/ITC99_all_numeric/b04.bench,307,4,False,0,4263,8527,0,63459,1.769695
707,data/bench/ITC99_all_numeric/b04.bench,309,4,False,0,4215,8431,0,62907,1.752048
708,data/bench/ITC99_all_numeric/b04.bench,314,3,False,0,4195,8391,0,62727,1.752234
709,data/bench/ITC99_all_numeric/b04.bench,315,3,True,1,0,4,0,1,0.000725
710,data/bench/ITC99_all_numeric/b04.bench,316,3,True,1,0,3,0,1,0.000513
711,data/bench/ITC99_all_numeric/b04.bench,316,4,True,1,0,3,0,1,0.000511
712,data/bench/ITC99_all_numeric/b04.bench,317,3,False,0,1048,2097,0,11488,0.445531
713,data/bench/ITC99_all_numeric/b04.bench,318,3,False,0,1048,2097,0,9391,0.443118
714,data/bench/ITC99_all_numeric/b04.bench,319,3,False,0,4383,8767,0,88286,1.932924
715,data/bench/ITC99_all_numeric/b04.bench,319,4,False,0,4383,8767,0,88286,1.933601
716,data/bench/ITC99_all_numeric/b04.bench,320,3,False,0,3,7,0,10,0.001544
717,data/bench/ITC99_all_numeric/b04.bench,320,4,False,0,3,7,0,10,0.001518
718,data/bench/ITC99_all_numeric/b04.bench,322,4,True,1,0,3,0,3,0.000527
719,data/bench/ITC99_all_numeric/b04.bench,323,3,False,0,3,7,0,10,0.001507
720,data/bench/ITC99_all_numeric/b04.bench,323,4,False,0,3,7,0,10,0.001506
721,data/bench/ITC99_all_numeric/b04.bench,324,3,True,1,0,2,0,1,0.000365
722,data/bench/ITC99_all_numeric/b04.bench,324,4,True,1,0,3,0,2,0.000521
723,data/bench/ITC99_all_numeric/b04.bench,326,4,False,0,3,7,0,10,0.001515
724,data/bench/ITC99_all_numeric/b04.bench,327,3,True,1,0,2,0,1,0.000367
725,data/bench/ITC99_all_numeric/b04.bench,328,3,True,1,0,2,0,1,0.000516
726,data/bench/ITC99_all_numeric/b04.bench,328,4,True,1,0,3,0,3,0.00054
727,data/bench/ITC99_all_numeric/b04.bench,330,3,True,1,0,2,0,1,0.000374
728,data/bench/ITC99_all_numeric/b04.bench,335,3,False,0,3,7,0,10,0.001542
729,data/bench/ITC99_all_numeric/b04.bench,335,4,False,0,3,7,0,10,0.001544
730,data/bench/ITC99_all_numeric/b04.bench,338,3,False,0,3,7,0,10,0.001584
731,data/bench/ITC99_all_numeric/b04.bench,340,4,True,1,0,3,0,3,0.000565
732,data/bench/ITC99_all_numeric/b04.bench,342,3,True,1,0,2,0,1,0.000387
733,data/bench/ITC99_all_numeric/b04.bench,344,3,False,0,3,7,0,10,0.001562
734,data/bench/ITC99_all_numeric/b04.bench,345,3,True,1,0,2,0,1,0.000392
735,data/bench/ITC99_all_numeric/b04.bench,346,3,True,1,0,2,0,1,0.000383
736,data/bench/ITC99_all_numeric/b04.bench,346,4,True,1,0,3,0,3,0.000543
737,data/bench/ITC99_all_numeric/b04.bench,349,4,True,1,0,3,0,3,0.000543
738,data/bench/ITC99_all_numeric/b04.bench,350,3,False,0,3,7,0,10,0.001581
739,data/bench/ITC99_all_numeric/b04.bench,351,3,True,1,0,2,0,1,0.000372
740,data/bench/ITC99_all_numeric/b04.bench,352,4,True,1,0,3,0,3,0.000533
741,data/bench/ITC99_all_numeric/b04.bench,354,3,True,1,0,2,0,1,0.000387
742,data/bench/ITC99_all_numeric/b04.bench,356,3,False,0,3,7,0,10,0.001587
743,data/bench/ITC99_all_numeric/b04.bench,357,3,True,1,0,2,0,1,0.000396
744,data/bench/ITC99_all_numeric/b04.bench,357,4,True,1,0,3,0,2,0.00054
745,data/bench/ITC99_all_numeric/b04.bench,359,3,False,0,3,7,0,10,0.00162
746,data/bench/ITC99_all_numeric/b04.bench,360,4,True,1,0,3,0,2,0.000547
747,data/bench/ITC99_all_numeric/b04.bench,362,3,False,0,31,63,0,309,0.013965
748,data/bench/ITC99_all_numeric/b04.bench,363,3,False,0,15,31,0,155,0.006814
749,data/bench/ITC99_all_numeric/b04.bench,363,4,False,0,15,31,0,155,0.00681
750,data/bench/ITC99_all_numeric/b04.bench,364,3,False,0,3,7,0,38,0.001667
751,data/bench/ITC99_all_numeric/b04.bench,364,4,False,0,3,7,0,38,0.001653
752,data/bench/ITC99_all_numeric/b04.bench,365,3,False,0,7,15,0,51,0.003408
753,data/bench/ITC99_all_numeric/b04.bench,368,3,False,0,3,7,0,45,0.001618
754,data/bench/ITC99_all_numeric/b04.bench,370,4,False,0,31,63,0,309,0.014104
755,data/bench/ITC99_all_numeric/b04.bench,372,4,False,0,3,7,0,52,0.001623
756,data/bench/ITC99_all_numeric/b04.bench,373,3,False,0,31,63,0,309,0.014007
757,data/bench/ITC99_all_numeric/b04.bench,375,4,False,0,31,63,0,309,0.013862
758,data/bench/ITC99_all_numeric/b04.bench,376,4,False,0,15,31,0,155,0.006868
759,data/bench/ITC99_all_numeric/b04.bench,378,3,False,0,15,31,0,155,0.007075
760,data/bench/ITC99_all_numeric/b04.bench,378,4,False,0,15,31,0,155,0.006862
761,data/bench/ITC99_all_numeric/b04.bench,379,4,False,0,4383,8767,0,88286,1.96027
762,data/bench/ITC99_all_numeric/b04.bench,381,3,True,1,0,4,0,5,0.000736
763,data/bench/ITC99_all_numeric/b04.bench,382,4,False,0,3,7,0,18,0.001535
764,data/bench/ITC99_all_numeric/b04.bench,386,4,False,0,4195,8391,0,54346,1.740182
765,data/bench/ITC99_all_numeric/b04.bench,389,4,False,0,2097,4195,0,27172,0.885187
766,data/bench/ITC99_all_numeric/b04.bench,390,3,False,0,4195,8391,0,62735,1.78947
767,data/bench/ITC99_all_numeric/b04.bench,392,4,False,0,4195,8391,0,62734,1.756514
768,data/bench/ITC99_all_numeric/b04.bench,393,3,True,1,0,4,0,4,0.0007
769,data/bench/ITC99_all_numeric/b04.bench,394,4,False,0,3,7,0,108,0.001702
770,data/bench/ITC99_all_numeric/b04.bench,395,3,False,0,3,7,0,108,0.001688
771,data/bench/ITC99_all_numeric/b04.bench,396,4,False,0,3,7,0,108,0.001672
772,data/bench/ITC99_all_numeric/b04.bench,398,3,False,0,3,7,0,31,0.001563
773,data/bench/ITC99_all_numeric/b04.bench,399,3,False,0,3,7,0,108,0.001682
774,data/bench/ITC99_all_numeric/b04.bench,399,4,False,0,3,7,0,108,0.001657
775,data/bench/ITC99_all_numeric/b04.bench,401,3,False,0,3,7,0,38,0.001749
776,data/bench/ITC99_all_numeric/b04.bench,402,4,False,0,3,7,0,66,0.00164
777,data/bench/ITC99_all_numeric/b04.bench,405,4,False,0,3,7,0,87,0.001693
778,data/bench/ITC99_all_numeric/b04.bench,406,4,False,0,3,7,0,87,0.001722
779,data/bench/ITC99_all_numeric/b04.bench,407,3,False,0,3,7,0,45,0.001672
780,data/bench/ITC99_all_numeric/b04.bench,407,4,False,0,3,7,0,45,0.001659
781,data/bench/ITC99_all_numeric/b04.bench,408,3,False,0,3,7,0,80,0.001667
782,data/bench/ITC99_all_numeric/b04.bench,411,4,False,0,3,7,0,52,0.001603
783,data/bench/ITC99_all_numeric/b04.bench,413,4,False,0,3,7,0,38,0.001578
784,data/bench/ITC99_all_numeric/b04.bench,414,3,False,0,3,7,0,38,0.001604
785,data/bench/ITC99_all_numeric/b04.bench,415,3,False,3,5001,10027,0,110958,2.260084
786,data/bench/ITC99_all_numeric/b04.bench,415,4,False,3,5001,10027,0,110965,2.249042
787,data/bench/ITC99_all_numeric/b04.bench,416,3,False,0,3,7,0,59,0.001627
788,data/bench/ITC99_all_numeric/b04.bench,416,4,False,0,3,7,0,59,0.001622
789,data/bench/ITC99_all_numeric/b04.bench,417,3,False,0,3,7,0,52,0.001627
790,data/bench/ITC99_all_numeric/b04.bench,418,4,False,0,3,7,0,52,0.001601
791,data/bench/ITC99_all_numeric/b04.bench,420,3,False,0,3,7,0,45,0.001598
792,data/bench/ITC99_all_numeric/b04.bench,420,4,False,0,3,7,0,45,0.001598
793,data/bench/ITC99_all_numeric/b04.bench,422,4,False,0,3,7,0,80,0.001655
794,data/bench/ITC99_all_numeric/b04.bench,423,3,False,0,3,7,0,38,0.001562
795,data/bench/ITC99_all_numeric/b04.bench,424,3,False,0,3,7,0,38,0.001558
796,data/bench/ITC99_all_numeric/b04.bench,425,3,False,0,3,7,0,73,0.001605
797,data/bench/ITC99_all_numeric/b04.bench,427,3,False,0,3,7,0,45,0.001597
798,data/bench/ITC99_all_numeric/b04.bench,428,4,False,0,3,7,0,52,0.001602
799,data/bench/ITC99_all_numeric/b04.bench,429,3,False,0,3,7,0,59,0.001625
800,data/bench/ITC99_all_numeric/b04.bench,431,3,False,0,3,7,0,59,0.001691
801,data/bench/ITC99_all_numeric/b04.bench,433,4,False,0,4383,8767,0,79519,1.953079
802,data/bench/ITC99_all_numeric/b04.bench,436,3,False,0,3,7,0,45,0.001621
803,data/bench/ITC99_all_numeric/b04.bench,437,3,False,0,3,7,0,59,0.00159
804,data/bench/ITC99_all_numeric/b04.bench,438,4,False,0,3,7,0,52,0.001564
805,data/bench/ITC99_all_numeric/b04.bench,440,3,False,0,3,7,0,52,0.00157
806,data/bench/ITC99_all_numeric/b04.bench,440,4,False,0,3,7,0,52,0.001589
807,data/bench/ITC99_all_numeric/b04.bench,443,4,False,0,3,7,0,87,0.001633
808,data/bench/ITC99_all_numeric/b04.bench,444,4,False,0,3,7,0,80,0.001615
809,data/bench/ITC99_all_numeric/b04.bench,445,4,False,0,3,7,0,38,0.001557
810,data/bench/ITC99_all_numeric/b04.bench,446,4,False,0,3,7,0,52,0.001615
811,data/bench/ITC99_all_numeric/b04.bench,447,3,False,0,3,7,0,52,0.001586
812,data/bench/ITC99_all_numeric/b04.bench,447,4,False,0,3,7,0,52,0.001573
813,data/bench/ITC99_all_numeric/b04.bench,448,4,False,0,3,7,0,52,0.001569
814,data/bench/ITC99_all_numeric/b04.bench,449,4,False,0,3,7,0,66,0.001612
815,data/bench/ITC99_all_numeric/b04.bench,450,4,False,0,3,7,0,45,0.001583
816,data/bench/ITC99_all_numeric/b04.bench,454,3,False,0,3,7,0,87,0.001661
817,data/bench/ITC99_all_numeric/b04.bench,455,3,False,0,3,7,0,38,0.001579
818,data/bench/ITC99_all_numeric/b04.bench,455,4,False,0,3,7,0,38,0.001584
819,data/bench/ITC99_all_numeric/b04.bench,456,3,False,0,3,7,0,66,0.00163
820,data/bench/ITC99_all_numeric/b04.bench,456,4,False,0,3,7,0,66,0.001622
821,data/bench/ITC99_all_numeric/b04.bench,458,3,False,0,3,7,0,52,0.001586
822,data/bench/ITC99_all_numeric/b04.bench,459,4,False,0,3,7,0,45,0.001588
823,data/bench/ITC99_all_numeric/b04.bench,460,3,False,0,3,7,0,31,0.001584
824,data/bench/ITC99_all_numeric/b04.bench,460,4,False,0,3,7,0,31,0.001563
825,data/bench/ITC99_all_numeric/b04.bench,462,3,False,0,3,7,0,45,0.001679
826,data/bench/ITC99_all_numeric/b04.bench,463,3,False,0,547,1095,0,5557,0.241306
827,data/bench/ITC99_all_numeric/b04.bench,464,3,False,0,273,547,0,2231,0.118745
828,data/bench/ITC99_all_numeric/b04.bench,466,3,True,1,0,2,0,1,0.000405
829,data/bench/ITC99_all_numeric/b04.bench,467,3,False,0,1,3,0,2,0.000677
830,data/bench/ITC99_all_numeric/b04.bench,468,3,True,1,0,2,0,1,0.000384
831,data/bench/ITC99_all_numeric/b04.bench,470,3,True,1,0,4,0,5,0.000725
832,data/bench/ITC99_all_numeric/b04.bench,470,4,True,1,0,5,0,6,0.000912
833,data/bench/ITC99_all_numeric/b04.bench,471,4,True,1,0,11,0,10,0.001804
834,data/bench/ITC99_all_numeric/b04.bench,472,3,True,1,0,11,0,10,0.001762
835,data/bench/ITC99_all_numeric/b04.bench,472,4,True,1,0,12,0,11,0.001941
836,data/bench/ITC99_all_numeric/b04.bench,473,3,True,1,0,11,0,12,0.001775
837,data/bench/ITC99_all_numeric/b04.bench,474,4,True,1,0,12,0,13,0.00195
838,data/bench/ITC99_all_numeric/b04.bench,476,4,True,1,0,11,0,16,0.001816
839,data/bench/ITC99_all_numeric/b04.bench,477,3,True,1,0,9,0,10,0.001472
840,data/bench/ITC99_all_numeric/b04.bench,477,4,True,1,0,9,0,10,0.001483
841,data/bench/ITC99_all_numeric/b04.bench,478,3,True,1,0,9,0,10,0.001498
842,data/bench/ITC99_all_numeric/b04.bench,479,4,True,1,0,9,0,14,0.001467
843,data/bench/ITC99_all_numeric/b04.bench,480,3,True,1,0,6,0,6,0.000991
844,data/bench/ITC99_all_numeric/b04.bench,483,3,True,1,0,5,0,6,0.000849
845,data/bench/ITC99_all_numeric/b04.bench,486,3,False,0,1095,2191,0,13305,0.480587
846,data/bench/ITC99_all_numeric/b04.bench,487,3,False,0,547,1095,0,6652,0.239505
847,data/bench/ITC99_all_numeric/b04.bench,488,3,False,0,1095,2191,0,15496,0.482952
848,data/bench/ITC99_all_numeric/b04.bench,488,4,False,0,1095,2191,0,15496,0.486202
849,data/bench/ITC99_all_numeric/b04.bench,489,3,False,0,2,5,0,3,0.001147
850,data/bench/ITC99_all_numeric/b04.bench,490,3,False,0,547,1095,0,5557,0.237005
851,data/bench/ITC99_all_numeric/b04.bench,491,4,False,0,273,547,0,2231,0.118
852,data/bench/ITC99_all_numeric/b04.bench,492,3,False,0,4383,8767,0,79519,1.938918
853,data/bench/ITC99_all_numeric/b04.bench,492,4,False,0,4383,8767,0,79519,1.937344
854,data/bench/ITC99_all_numeric/b04.bench,493,3,False,0,3287,6575,0,53065,1.457826
855,data/bench/ITC99_all_numeric/b04.bench,495,4,False,0,1,3,0,2,0.0007
856,data/bench/ITC99_all_numeric/b04.bench,498,3,True,1,0,4,0,5,0.000704
857,data/bench/ITC99_all_numeric/b04.bench,499,4,True,1,0,11,0,10,0.001781
858,data/bench/ITC99_all_numeric/b04.bench,502,4,True,1,0,12,0,13,0.001928
859,data/bench/ITC99_all_numeric/b04.bench,503,4,True,1,0,11,0,12,0.001778
860,data/bench/ITC99_all_numeric/b04.bench,504,3,True,1,0,9,0,10,0.001469
861,data/bench/ITC99_all_numeric/b04.bench,505,4,True,1,0,9,0,10,0.001481
862,data/bench/ITC99_all_numeric/b04.bench,506,3,True,1,0,9,0,10,0.001478
863,data/bench/ITC99_all_numeric/b04.bench,509,3,True,1,0,6,0,6,0.001013
864,data/bench/ITC99_all_numeric/b04.bench,510,3,True,1,0,5,0,6,0.000851
865,data/bench/ITC99_all_numeric/b04.bench,510,4,True,1,0,6,0,9,0.00101
866,data/bench/ITC99_all_numeric/b04.bench,512,3,True,1,0,4,0,5,0.000686
867,data/bench/ITC99_all_numeric/b04.bench,513,3,False,0,273,547,0,2778,0.117381
868,data/bench/ITC99_all_numeric/b04.bench,514,4,False,0,1095,2191,0,13305,0.47776
869,data/bench/ITC99_all_numeric/b04.bench,515,3,False,0,547,1095,0,6652,0.237937
870,data/bench/ITC99_all_numeric/b04.bench,515,4,False,0,547,1095,0,6652,0.236856
871,data/bench/ITC99_all_numeric/b04.bench,516,4,False,0,1095,2191,0,15496,0.477435
872,data/bench/ITC99_all_numeric/b04.bench,517,3,False,0,2,5,0,3,0.001113
873,data/bench/ITC99_all_numeric/b04.bench,518,3,False,0,3,7,0,73,0.001609
874,data/bench/ITC99_all_numeric/b04.bench,519,3,False,0,3,7,0,66,0.001598
875,data/bench/ITC99_all_numeric/b04.bench,519,4,False,0,3,7,0,66,0.001705
876,data/bench/ITC99_all_numeric/b04.bench,521,3,False,0,3,7,0,80,0.001672
877,data/bench/ITC99_all_numeric/b04.bench,521,4,False,0,3,7,0,80,0.001655
878,data/bench/ITC99_all_numeric/b04.bench,522,4,False,0,3,7,0,101,0.00174
879,data/bench/ITC99_all_numeric/b04.bench,523,3,False,0,3,7,0,94,0.001677
880,data/bench/ITC99_all_numeric/b04.bench,524,4,False,0,3,7,0,101,0.001687
881,data/bench/ITC99_all_numeric/b04.bench,525,3,False,0,3,7,0,94,0.001674
882,data/bench/ITC99_all_numeric/b04.bench,527,4,False,0,3,7,0,66,0.001636
883,data/bench/ITC99_all_numeric/b04.bench,528,3,False,0,3,7,0,73,0.001639
884,data/bench/ITC99_all_numeric/b04.bench,528,4,False,0,3,7,0,73,0.001639
885,data/bench/ITC99_all_numeric/b04.bench,529,3,False,0,3,7,0,66,0.001623
886,data/bench/ITC99_all_numeric/b04.bench,530,4,False,0,3,7,0,59,0.001607
887,data/bench/ITC99_all_numeric/b04.bench,531,4,False,0,3,7,0,87,0.001658
888,data/bench/ITC99_all_numeric/b04.bench,532,3,False,0,3,7,0,101,0.001717
889,data/bench/ITC99_all_numeric/b04.bench,532,4,False,0,3,7,0,101,0.001659
890,data/bench/ITC99_all_numeric/b04.bench,533,3,False,0,3,7,0,94,0.00167
891,data/bench/ITC99_all_numeric/b04.bench,534,3,False,0,3,7,0,87,0.001666
892,data/bench/ITC99_all_numeric/b04.bench,534,4,False,0,3,7,0,87,0.001657
893,data/bench/ITC99_all_numeric/b04.bench,535,3,False,0,3,7,0,94,0.001659
894,data/bench/ITC99_all_numeric/b04.bench,535,4,False,0,3,7,0,94,0.001669
895,data/bench/ITC99_all_numeric/b04.bench,536,4,False,0,3,7,0,52,0.001633
896,data/bench/ITC99_all_numeric/b04.bench,537,3,False,0,3,7,0,45,0.001586
897,data/bench/ITC99_all_numeric/b04.bench,537,4,False,0,3,7,0,45,0.001637
898,data/bench/ITC99_all_numeric/b04.bench,538,4,False,0,3,7,0,66,0.001692
899,data/bench/ITC99_all_numeric/b04.bench,539,3,False,0,3,7,0,59,0.001607
900,data/bench/ITC99_all_numeric/b04.bench,539,4,False,0,3,7,0,59,0.001685
901,data/bench/ITC99_all_numeric/b04.bench,544,4,False,0,3,7,0,101,0.001678
902,data/bench/ITC99_all_numeric/b04.bench,545,3,False,0,3,7,0,80,0.001665
903,data/bench/ITC99_all_numeric/b04.bench,547,3,True,1,0,3,0,5,0.000557
904,data/bench/ITC99_all_numeric/b04.bench,548,3,True,1,0,2,0,1,0.000379
905,data/bench/ITC99_all_numeric/b04.bench,550,3,True,1,0,15,0,13,0.002397
906,data/bench/ITC99_all_numeric/b04.bench,552,3,True,1,0,14,0,15,0.002209
907,data/bench/ITC99_all_numeric/b04.bench,553,4,True,1,0,14,0,12,0.002211
908,data/bench/ITC99_all_numeric/b04.bench,554,3,True,1,0,12,0,13,0.0019
909,data/bench/ITC99_all_numeric/b04.bench,555,3,True,1,0,13,0,14,0.002056
910,data/bench/ITC99_all_numeric/b04.bench,556,4,True,1,0,10,0,11,0.001624
911,data/bench/ITC99_all_numeric/b04.bench,557,3,True,1,0,11,0,12,0.001755
912,data/bench/ITC99_all_numeric/b04.bench,558,3,True,1,0,8,0,9,0.001306
913,data/bench/ITC99_all_numeric/b04.bench,558,4,True,1,0,8,0,9,0.001315
914,data/bench/ITC99_all_numeric/b04.bench,559,3,True,1,0,9,0,10,0.001442
915,data/bench/ITC99_all_numeric/b04.bench,559,4,True,1,0,9,0,10,0.001477
916,data/bench/ITC99_all_numeric/b04.bench,562,3,True,1,0,3,0,1,0.000537
917,data/bench/ITC99_all_numeric/b04.bench,562,4,True,1,0,3,0,1,0.000533
918,data/bench/ITC99_all_numeric/b04.bench,563,4,True,1,0,16,0,14,0.002506
919,data/bench/ITC99_all_numeric/b04.bench,565,3,True,1,0,14,0,13,0.002189
920,data/bench/ITC99_all_numeric/b04.bench,568,3,True,1,0,13,0,15,0.002046
921,data/bench/ITC99_all_numeric/b04.bench,569,3,True,1,0,13,0,15,0.002063
922,data/bench/ITC99_all_numeric/b04.bench,570,4,True,1,0,13,0,16,0.002087
923,data/bench/ITC99_all_numeric/b04.bench,572,3,True,1,0,11,0,13,0.001775
924,data/bench/ITC99_all_numeric/b04.bench,573,3,True,1,0,11,0,13,0.001785
925,data/bench/ITC99_all_numeric/b04.bench,574,3,True,1,0,9,0,11,0.001607
926,data/bench/ITC99_all_numeric/b04.bench,575,3,True,1,0,9,0,11,0.001546
927,data/bench/ITC99_all_numeric/b04.bench,576,4,True,1,0,9,0,12,0.001498
928,data/bench/ITC99_all_numeric/b04.bench,577,3,True,1,0,7,0,9,0.001264
929,data/bench/ITC99_all_numeric/b04.bench,578,3,True,1,0,7,0,9,0.001262
930,data/bench/ITC99_all_numeric/b04.bench,579,3,True,1,0,7,0,9,0.001233
931,data/bench/ITC99_all_numeric/b04.bench,579,4,True,1,0,7,0,10,0.001264
932,data/bench/ITC99_all_numeric/b04.bench,580,4,True,1,0,7,0,13,0.001206
933,data/bench/ITC99_all_numeric/b04.bench,582,3,True,1,0,5,0,7,0.000929
934,data/bench/ITC99_all_numeric/b04.bench,583,4,True,1,0,5,0,11,0.000883
935,data/bench/ITC99_all_numeric/b04.bench,584,4,True,1,0,3,0,3,0.000559
936,data/bench/ITC99_all_numeric/b04.bench,585,3,True,1,0,6,0,7,0.001434
937,data/bench/ITC99_all_numeric/b04.bench,585,4,True,1,0,6,0,7,0.001096
938,data/bench/ITC99_all_numeric/b04.bench,588,3,True,1,0,14,0,15,0.002296
939,data/bench/ITC99_all_numeric/b04.bench,588,4,True,1,0,14,0,15,0.002307
940,data/bench/ITC99_all_numeric/b04.bench,589,3,True,1,0,14,0,12,0.002275
941,data/bench/ITC99_all_numeric/b04.bench,589,4,True,1,0,14,0,12,0.002286
942,data/bench/ITC99_all_numeric/b04.bench,591,3,True,1,0,13,0,14,0.002125
943,data/bench/ITC99_all_numeric/b04.bench,592,3,True,1,0,10,0,11,0.001682
944,data/bench/ITC99_all_numeric/b04.bench,594,3,True,1,0,8,0,9,0.001351
945,data/bench/ITC99_all_numeric/b04.bench,594,4,True,1,0,8,0,9,0.001497
946,data/bench/ITC99_all_numeric/b04.bench,595,3,True,1,0,9,0,10,0.001528
947,data/bench/ITC99_all_numeric/b04.bench,595,4,True,1,0,9,0,10,0.001486
948,data/bench/ITC99_all_numeric/b04.bench,597,3,True,1,0,7,0,8,0.001235
949,data/bench/ITC99_all_numeric/b04.bench,598,3,True,1,0,3,0,1,0.000547
950,data/bench/ITC99_all_numeric/b04.bench,598,4,True,1,0,3,0,1,0.00065
951,data/bench/ITC99_all_numeric/b04.bench,600,4,True,1,0,16,0,15,0.002595
952,data/bench/ITC99_all_numeric/b04.bench,601,3,True,1,0,14,0,13,0.002236
953,data/bench/ITC99_all_numeric/b04.bench,602,4,True,1,0,15,0,15,0.002412
954,data/bench/ITC99_all_numeric/b04.bench,603,3,True,1,0,14,0,13,0.00221
955,data/bench/ITC99_all_numeric/b04.bench,604,4,True,1,0,14,0,16,0.002225
956,data/bench/ITC99_all_numeric/b04.bench,605,3,True,1,0,13,0,15,0.002079
957,data/bench/ITC99_all_numeric/b04.bench,605,4,True,1,0,14,0,17,0.00222
958,data/bench/ITC99_all_numeric/b04.bench,607,3,True,1,0,11,0,13,0.001771
959,data/bench/ITC99_all_numeric/b04.bench,608,4,True,1,0,12,0,15,0.001943
960,data/bench/ITC99_all_numeric/b04.bench,609,4,True,1,0,11,0,14,0.001784
961,data/bench/ITC99_all_numeric/b04.bench,610,4,True,1,0,11,0,17,0.001777
962,data/bench/ITC99_all_numeric/b04.bench,611,3,True,1,0,9,0,11,0.001473
963,data/bench/ITC99_all_numeric/b04.bench,612,4,True,1,0,9,0,12,0.001503
964,data/bench/ITC99_all_numeric/b04.bench,613,3,True,1,0,7,0,9,0.001162
965,data/bench/ITC99_all_numeric/b04.bench,613,4,True,1,0,9,0,15,0.001482
966,data/bench/ITC99_all_numeric/b04.bench,614,4,True,1,0,8,0,11,0.001317
967,data/bench/ITC99_all_numeric/b04.bench,615,3,True,1,0,7,0,9,0.001169
968,data/bench/ITC99_all_numeric/b04.bench,615,4,True,1,0,7,0,10,0.001169
969,data/bench/ITC99_all_numeric/b04.bench,616,4,True,1,0,7,0,13,0.001165
970,data/bench/ITC99_all_numeric/b04.bench,617,4,True,1,0,6,0,9,0.001022
971,data/bench/ITC99_all_numeric/b04.bench,618,3,True,1,0,5,0,7,0.000882
972,data/bench/ITC99_all_numeric/b04.bench,618,4,True,1,0,6,0,9,0.001025
973,data/bench/ITC99_all_numeric/b04.bench,620,4,False,0,3,7,0,66,0.001603
974,data/bench/ITC99_all_numeric/b04.bench,621,4,False,0,3,7,0,59,0.001647
975,data/bench/ITC99_all_numeric/b04.bench,623,3,False,0,3,7,0,101,0.00177
976,data/bench/ITC99_all_numeric/b04.bench,624,3,False,0,3,7,0,94,0.001678
977,data/bench/ITC99_all_numeric/b04.bench,625,3,False,0,3,7,0,101,0.00168
978,data/bench/ITC99_all_numeric/b04.bench,626,3,False,0,3,7,0,94,0.001662
979,data/bench/ITC99_all_numeric/b04.bench,627,3,False,0,3,7,0,73,0.001649
980,data/bench/ITC99_all_numeric/b04.bench,630,3,False,0,3,7,0,87,0.001671
981,data/bench/ITC99_all_numeric/b04.bench,630,4,False,0,3,7,0,87,0.001666
982,data/bench/ITC99_all_numeric/b04.bench,632,4,False,0,3,7,0,94,0.001659
983,data/bench/ITC99_all_numeric/b04.bench,633,3,False,0,3,7,0,45,0.001616
984,data/bench/ITC99_all_numeric/b04.bench,633,4,False,0,3,7,0,45,0.001592
985,data/bench/ITC99_all_numeric/b04.bench,634,3,False,0,3,7,0,66,0.001609
986,data/bench/ITC99_all_numeric/b04.bench,634,4,False,0,3,7,0,66,0.001619
987,data/bench/ITC99_all_numeric/b04.bench,635,4,False,0,3,7,0,80,0.001642
988,data/bench/ITC99_all_numeric/b04.bench,636,3,False,0,3,7,0,66,0.001626
989,data/bench/ITC99_all_numeric/b04.bench,637,3,False,0,3,7,0,66,0.001721
990,data/bench/ITC99_all_numeric/b04.bench,638,3,False,0,3,7,0,45,0.001597
991,data/bench/ITC99_all_numeric/b04.bench,639,4,False,0,3,7,0,101,0.001651
992,data/bench/ITC99_all_numeric/b04.bench,640,3,False,0,3,7,0,80,0.001645
993,data/bench/ITC99_all_numeric/b04.bench,641,3,False,0,3,7,0,66,0.001654
994,data/bench/ITC99_all_numeric/b04.bench,642,4,False,0,3,7,0,24,0.001558
995,data/bench/ITC99_all_numeric/b04.bench,644,4,False,0,3,7,0,31,0.001569
996,data/bench/ITC99_all_numeric/b04.bench,645,3,False,0,3,7,0,17,0.001574
997,data/bench/ITC99_all_numeric/b04.bench,646,3,False,0,3,7,0,45,0.001603
998,data/bench/ITC99_all_numeric/b04.bench,647,4,False,0,3,7,0,17,0.001546
999,data/bench/ITC99_all_numeric/b04.bench,649,4,False,0,3,7,0,17,0.001557
1000,data/bench/ITC99_all_numeric/b04.bench,651,3,False,0,3,7,0,17,0.001756
1001,data/bench/ITC99_all_numeric/b04.bench,653,4,False,0,3,7,0,17,0.001574
1002,data/bench/ITC99_all_numeric/b04.bench,654,3,False,0,3,7,0,17,0.001521
1003,data/bench/ITC99_all_numeric/b04.bench,656,3,False,0,3,7,0,17,0.001524
1004,data/bench/ITC99_all_numeric/b04.bench,656,4,False,0,3,7,0,17,0.001532
1005,data/bench/ITC99_all_numeric/b04.bench,659,3,False,0,3,7,0,17,0.00153
1006,data/bench/ITC99_all_numeric/b04.bench,660,3,False,0,3,7,0,24,0.001558
1007,data/bench/ITC99_all_numeric/b04.bench,660,4,False,0,3,7,0,24,0.001549
1008,data/bench/ITC99_all_numeric/b04.bench,661,3,False,0,3,7,0,17,0.001539
1009,data/bench/ITC99_all_numeric/b04.bench,662,4,False,0,3,7,0,24,0.001544
1010,data/bench/ITC99_all_numeric/b04.bench,665,3,False,0,3,7,0,31,0.001578
1011,data/bench/ITC99_all_numeric/b04.bench,666,3,False,0,3,7,0,24,0.001549
1012,data/bench/ITC99_all_numeric/b04.bench,666,4,False,0,3,7,0,24,0.001537
1013,data/bench/ITC99_all_numeric/b04.bench,667,3,False,0,3,7,0,38,0.001666
1014,data/bench/ITC99_all_numeric/b04.bench,668,4,False,0,3,7,0,24,0.001761
1015,data/bench/ITC99_all_numeric/b04.bench,669,4,False,0,3,7,0,38,0.001563
1016,data/bench/ITC99_all_numeric/b04.bench,670,4,False,0,3,7,0,24,0.001544
1017,data/bench/ITC99_all_numeric/b04.bench,671,3,False,0,3,7,0,38,0.001567
1018,data/bench/ITC99_all_numeric/b04.bench,671,4,False,0,3,7,0,38,0.001556
1019,data/bench/ITC99_all_numeric/b04.bench,674,3,False,0,3,7,0,17,0.001531
1020,data/bench/ITC99_all_numeric/b04.bench,677,3,False,0,3,7,0,24,0.001553
1021,data/bench/ITC99_all_numeric/b04.bench,677,4,False,0,3,7,0,24,0.001544
1022,data/bench/ITC99_all_numeric/b04.bench,678,3,False,0,3,7,0,24,0.001536
1023,data/bench/ITC99_all_numeric/b04.bench,678,4,False,0,3,7,0,24,0.001545
1024,data/bench/ITC99_all_numeric/b04.bench,679,4,False,0,3,7,0,17,0.001547
1025,data/bench/ITC99_all_numeric/b04.bench,681,3,False,0,3,7,0,24,0.001658
1026,data/bench/ITC99_all_numeric/b04.bench,681,4,False,0,3,7,0,24,0.001479
1027,data/bench/ITC99_all_numeric/b04.bench,682,4,False,0,3,7,0,17,0.001467
1028,data/bench/ITC99_all_numeric/b04.bench,683,4,False,0,3,7,0,17,0.001466
1029,data/bench/ITC99_all_numeric/b04.bench,685,4,False,0,3,7,0,24,0.001547
1030,data/bench/ITC99_all_numeric/b04.bench,686,4,False,0,3,7,0,24,0.001559
1031,data/bench/ITC99_all_numeric/b04.bench,689,3,False,0,3,7,0,31,0.001558
1032,data/bench/ITC99_all_numeric/b04.bench,690,3,False,0,3,7,0,17,0.001548
1033,data/bench/ITC99_all_numeric/b04.bench,692,3,False,0,3,7,0,17,0.001559
1034,data/bench/ITC99_all_numeric/b04.bench,693,4,False,0,3,7,0,31,0.001549
1035,data/bench/ITC99_all_numeric/b04.bench,694,3,False,0,3,7,0,17,0.001552
1036,data/bench/ITC99_all_numeric/b04.bench,694,4,False,0,3,7,0,17,0.001551
1037,data/bench/ITC99_all_numeric/b04.bench,696,3,False,0,3,7,0,17,0.001537
1038,data/bench/ITC99_all_numeric/b04.bench,697,3,False,0,3,7,0,17,0.001551
1039,data/bench/ITC99_all_numeric/b04.bench,699,4,False,0,3,7,0,17,0.001525
1040,data/bench/ITC99_all_numeric/b04.bench,700,4,False,0,3,7,0,38,0.001578
1041,data/bench/ITC99_all_numeric/b04.bench,701,3,False,0,3,7,0,17,0.001525
1042,data/bench/ITC99_all_numeric/b04.bench,702,3,False,0,3,7,0,24,0.00159
1043,data/bench/ITC99_all_numeric/b04.bench,703,4,False,0,3,7,0,38,0.001602
1044,data/bench/ITC99_all_numeric/b04.bench,706,3,False,0,3,7,0,17,0.001537
1045,data/bench/ITC99_all_numeric/b04.bench,709,3,False,0,3,7,0,17,0.001547
1046,data/bench/ITC99_all_numeric/b04.bench,710,4,False,0,3,7,0,24,0.001534
1047,data/bench/ITC99_all_numeric/b04.bench,711,3,False,0,3,7,0,17,0.00155
1048,data/bench/ITC99_all_numeric/b04.bench,714,3,False,0,3,7,0,17,0.001521
1049,data/bench/ITC99_all_numeric/b04.bench,717,3,False,0,3,7,0,17,0.001534
1050,data/bench/ITC99_all_numeric/b04.bench,717,4,False,0,3,7,0,17,0.001814
1051,data/bench/ITC99_all_numeric/b04.bench,720,4,False,0,3,7,0,24,0.001566
1052,data/bench/ITC99_all_numeric/b04.bench,722,3,False,0,3,7,0,17,0.001529
1053,data/bench/ITC99_all_numeric/b04.bench,723,4,False,0,3,7,0,17,0.001552
1054,data/bench/ITC99_all_numeric/b04.bench,727,3,False,0,3,7,0,31,0.001558
1055,data/bench/ITC99_all_numeric/b04.bench,728,3,False,0,3,7,0,52,0.001593
1056,data/bench/ITC99_all_numeric/b05.bench,3,3,True,1,0,4,0,0,0.000839
1057,data/bench/ITC99_all_numeric/b05.bench,3,4,True,1,0,4,0,0,0.000656
1058,data/bench/ITC99_all_numeric/b05.bench,4,3,True,1,0,2,0,0,0.000412
1059,data/bench/ITC99_all_numeric/b05.bench,6,3,True,1,0,3,0,1,0.00054
1060,data/bench/ITC99_all_numeric/b05.bench,6,4,True,1,0,3,0,1,0.000539
1061,data/bench/ITC99_all_numeric/b05.bench,7,3,True,1,0,6,0,2,0.000836
1062,data/bench/ITC99_all_numeric/b05.bench,7,4,True,1,0,6,0,2,0.000847
1063,data/bench/ITC99_all_numeric/b05.bench,10,3,True,1,0,3,0,0,0.000558
1064,data/bench/ITC99_all_numeric/b05.bench,10,4,True,1,0,3,0,0,0.00057
1065,data/bench/ITC99_all_numeric/b05.bench,11,4,True,1,0,2,0,0,0.000398
1066,data/bench/ITC99_all_numeric/b05.bench,12,3,True,1,0,3,0,1,0.000529
1067,data/bench/ITC99_all_numeric/b05.bench,13,3,True,1,0,3,0,1,0.000525
1068,data/bench/ITC99_all_numeric/b05.bench,15,4,True,1,0,3,0,1,0.000524
1069,data/bench/ITC99_all_numeric/b05.bench,16,3,True,1,0,3,0,1,0.000509
1070,data/bench/ITC99_all_numeric/b05.bench,20,3,True,1,0,3,0,1,0.000512
1071,data/bench/ITC99_all_numeric/b05.bench,23,3,False,3,0,10001,0,0,1.176506
1072,data/bench/ITC99_all_numeric/b05.bench,23,4,False,3,0,10001,0,0,1.18258
1073,data/bench/ITC99_all_numeric/b05.bench,25,3,True,1,0,3,0,1,0.000583
1074,data/bench/ITC99_all_numeric/b05.bench,25,4,True,1,0,3,0,1,0.000529
1075,data/bench/ITC99_all_numeric/b05.bench,26,4,True,1,0,2,0,0,0.000523
1076,data/bench/ITC99_all_numeric/b05.bench,27,3,True,1,0,3,0,1,0.000545
1077,data/bench/ITC99_all_numeric/b05.bench,27,4,True,1,0,3,0,1,0.000533
1078,data/bench/ITC99_all_numeric/b05.bench,28,4,True,1,0,3,0,1,0.000538
1079,data/bench/ITC99_all_numeric/b05.bench,29,4,True,1,0,3,0,0,0.000527
1080,data/bench/ITC99_all_numeric/b05.bench,32,4,False,3,4999,19998,0,0,2.744022
1081,data/bench/ITC99_all_numeric/b05.bench,34,3,True,1,0,3,0,0,0.000568
1082,data/bench/ITC99_all_numeric/b05.bench,34,4,True,1,0,3,0,0,0.000528
1083,data/bench/ITC99_all_numeric/b05.bench,35,4,True,1,0,3,0,0,0.000521
1084,data/bench/ITC99_all_numeric/b05.bench,36,3,False,0,5,11,0,17,0.00186
1085,data/bench/ITC99_all_numeric/b05.bench,36,4,False,0,5,11,0,17,0.001864
1086,data/bench/ITC99_all_numeric/b05.bench,41,4,False,0,3,7,0,16,0.001261
1087,data/bench/ITC99_all_numeric/b05.bench,42,4,False,0,3,7,0,16,0.001251
1088,data/bench/ITC99_all_numeric/b05.bench,45,3,False,0,3,7,0,16,0.001249
1089,data/bench/ITC99_all_numeric/b05.bench,45,4,False,0,3,7,0,16,0.00125
1090,data/bench/ITC99_all_numeric/b05.bench,46,4,False,0,3,7,0,16,0.001265
1091,data/bench/ITC99_all_numeric/b05.bench,47,4,False,0,63,127,0,2616,0.022949
1092,data/bench/ITC99_all_numeric/b05.bench,49,3,False,0,3,7,0,16,0.001273
1093,data/bench/ITC99_all_numeric/b05.bench,49,4,False,0,3,7,0,16,0.001249
1094,data/bench/ITC99_all_numeric/b05.bench,50,3,False,0,3,7,0,16,0.001251
1095,data/bench/ITC99_all_numeric/b05.bench,50,4,False,0,3,7,0,16,0.00125
1096,data/bench/ITC99_all_numeric/b05.bench,51,4,False,0,3,7,0,16,0.001248
1097,data/bench/ITC99_all_numeric/b05.bench,55,4,False,0,23,47,0,384,0.007885
1098,data/bench/ITC99_all_numeric/b05.bench,58,3,False,0,3,7,0,16,0.001272
1099,data/bench/ITC99_all_numeric/b05.bench,60,3,False,0,3,7,0,16,0.001277
1100,data/bench/ITC99_all_numeric/b05.bench,64,3,False,0,127,255,0,3434,0.042585
1101,data/bench/ITC99_all_numeric/b05.bench,66,4,False,0,127,255,0,3434,0.042741
1102,data/bench/ITC99_all_numeric/b05.bench,68,3,False,0,95,191,0,1100,0.029309
1103,data/bench/ITC99_all_numeric/b05.bench,69,4,False,0,95,191,0,1100,0.02889
1104,data/bench/ITC99_all_numeric/b05.bench,70,3,False,0,95,191,0,1100,0.029244
1105,data/bench/ITC99_all_numeric/b05.bench,71,4,False,0,95,191,0,1100,0.02925
1106,data/bench/ITC99_all_numeric/b05.bench,72,3,False,0,37,75,0,570,0.011822
1107,data/bench/ITC99_all_numeric/b05.bench,73,4,False,0,7,15,0,76,0.002585
1108,data/bench/ITC99_all_numeric/b05.bench,74,3,False,0,7,15,0,76,0.00249
1109,data/bench/ITC99_all_numeric/b05.bench,75,4,False,0,19,39,0,282,0.00618
1110,data/bench/ITC99_all_numeric/b05.bench,76,4,False,0,7,15,0,90,0.00254
1111,data/bench/ITC99_all_numeric/b05.bench,82,3,False,0,47,95,0,1374,0.01604
1112,data/bench/ITC99_all_numeric/b05.bench,82,4,False,0,47,95,0,1374,0.016148
1113,data/bench/ITC99_all_numeric/b05.bench,83,3,False,0,47,95,0,1374,0.016249
1114,data/bench/ITC99_all_numeric/b05.bench,85,3,False,0,47,95,0,1374,0.016179
1115,data/bench/ITC99_all_numeric/b05.bench,85,4,False,0,47,95,0,1374,0.016027
1116,data/bench/ITC99_all_numeric/b05.bench,89,3,False,0,47,95,0,1374,0.015958
1117,data/bench/ITC99_all_numeric/b05.bench,90,3,False,0,191,383,0,2252,0.058319
1118,data/bench/ITC99_all_numeric/b05.bench,91,3,False,0,9,19,0,31,0.003103
1119,data/bench/ITC99_all_numeric/b05.bench,91,4,False,0,9,19,0,31,0.003157
1120,data/bench/ITC99_all_numeric/b05.bench,93,3,False,0,83,167,0,650,0.025096
1121,data/bench/ITC99_all_numeric/b05.bench,93,4,False,0,83,167,0,650,0.0249
1122,data/bench/ITC99_all_numeric/b05.bench,95,4,False,0,143,287,0,1954,0.044146
1123,data/bench/ITC99_all_numeric/b05.bench,96,3,False,0,31,63,0,488,0.010462
1124,data/bench/ITC99_all_numeric/b05.bench,98,3,False,0,31,63,0,425,0.01033
1125,data/bench/ITC99_all_numeric/b05.bench,99,3,False,0,31,63,0,425,0.010518
1126,data/bench/ITC99_all_numeric/b05.bench,105,4,False,0,31,63,0,488,0.010782
1127,data/bench/ITC99_all_numeric/b05.bench,107,4,False,0,31,63,0,299,0.010385
1128,data/bench/ITC99_all_numeric/b05.bench,108,3,False,0,15,31,0,118,0.005091
1129,data/bench/ITC99_all_numeric/b05.bench,109,3,False,0,11,23,0,76,0.003849
1130,data/bench/ITC99_all_numeric/b05.bench,109,4,False,0,11,23,0,76,0.003827
1131,data/bench/ITC99_all_numeric/b05.bench,112,4,True,1,0,3,0,1,0.000524
1132,data/bench/ITC99_all_numeric/b05.bench,113,3,False,0,31,63,0,425,0.010432
1133,data/bench/ITC99_all_numeric/b05.bench,117,4,False,0,31,63,0,677,0.010579
1134,data/bench/ITC99_all_numeric/b05.bench,132,4,False,0,3,7,0,9,0.001223
1135,data/bench/ITC99_all_numeric/b05.bench,133,4,True,1,0,2,0,1,0.000384
1136,data/bench/ITC99_all_numeric/b05.bench,134,3,False,0,23,47,0,219,0.007247
1137,data/bench/ITC99_all_numeric/b05.bench,135,4,True,1,0,6,0,18,0.000867
1138,data/bench/ITC99_all_numeric/b05.bench,138,4,False,0,5,11,0,16,0.001815
1139,data/bench/ITC99_all_numeric/b05.bench,140,4,False,0,19,39,0,197,0.006122
1140,data/bench/ITC99_all_numeric/b05.bench,142,3,False,0,11,23,0,97,0.003686
1141,data/bench/ITC99_all_numeric/b05.bench,144,4,True,1,0,6,0,13,0.000862
1142,data/bench/ITC99_all_numeric/b05.bench,146,3,True,1,0,2,0,2,0.000384
1143,data/bench/ITC99_all_numeric/b05.bench,147,3,False,0,3,7,0,16,0.001249
1144,data/bench/ITC99_all_numeric/b05.bench,148,4,False,0,9,19,0,83,0.003078
1145,data/bench/ITC99_all_numeric/b05.bench,149,3,True,1,0,2,0,3,0.000386
1146,data/bench/ITC99_all_numeric/b05.bench,150,4,False,0,17,35,0,122,0.005369
1147,data/bench/ITC99_all_numeric/b05.bench,151,3,True,1,0,2,0,2,0.000393
1148,data/bench/ITC99_all_numeric/b05.bench,152,3,False,0,5,11,0,27,0.001836
1149,data/bench/ITC99_all_numeric/b05.bench,155,3,False,0,23,47,0,195,0.007353
1150,data/bench/ITC99_all_numeric/b05.bench,156,3,False,0,3,7,0,23,0.001379
1151,data/bench/ITC99_all_numeric/b05.bench,156,4,False,0,3,7,0,23,0.001293
1152,data/bench/ITC99_all_numeric/b05.bench,157,4,True,1,0,6,0,17,0.000891
1153,data/bench/ITC99_all_numeric/b05.bench,162,3,False,0,3,7,0,16,0.001328
1154,data/bench/ITC99_all_numeric/b05.bench,163,3,False,0,12,25,0,101,0.004089
1155,data/bench/ITC99_all_numeric/b05.bench,163,4,False,0,12,25,0,101,0.004204
1156,data/bench/ITC99_all_numeric/b05.bench,165,3,False,0,31,63,0,551,0.010581
1157,data/bench/ITC99_all_numeric/b05.bench,166,3,False,0,31,63,0,488,0.010359
1158,data/bench/ITC99_all_numeric/b05.bench,168,3,False,0,31,63,0,677,0.010629
1159,data/bench/ITC99_all_numeric/b05.bench,168,4,False,0,31,63,0,677,0.010531
1160,data/bench/ITC99_all_numeric/b05.bench,170,3,False,0,31,63,0,614,0.010446
1161,data/bench/ITC99_all_numeric/b05.bench,170,4,False,0,31,63,0,614,0.010609
1162,data/bench/ITC99_all_numeric/b05.bench,174,3,False,0,11,23,0,145,0.003909
1163,data/bench/ITC99_all_numeric/b05.bench,175,4,False,0,11,23,0,145,0.003865
1164,data/bench/ITC99_all_numeric/b05.bench,176,4,False,0,11,23,0,168,0.003896
1165,data/bench/ITC99_all_numeric/b05.bench,177,3,False,0,11,23,0,122,0.003786
1166,data/bench/ITC99_all_numeric/b05.bench,178,3,False,0,11,23,0,145,0.003877
1167,data/bench/ITC99_all_numeric/b05.bench,179,4,False,0,11,23,0,122,0.003817
1168,data/bench/ITC99_all_numeric/b05.bench,184,4,False,0,31,63,0,1181,0.011246
1169,data/bench/ITC99_all_numeric/b05.bench,185,3,False,0,31,63,0,1244,0.011343
1170,data/bench/ITC99_all_numeric/b05.bench,186,4,False,0,31,63,0,1118,0.011209
1171,data/bench/ITC99_all_numeric/b05.bench,190,3,False,0,31,63,0,1055,0.0111
1172,data/bench/ITC99_all_numeric/b05.bench,192,3,False,0,31,63,0,1181,0.011211
1173,data/bench/ITC99_all_numeric/b05.bench,194,3,False,0,31,63,0,614,0.010459
1174,data/bench/ITC99_all_numeric/b05.bench,194,4,False,0,31,63,0,614,0.010491
1175,data/bench/ITC99_all_numeric/b05.bench,199,4,False,0,31,63,0,614,0.010676
1176,data/bench/ITC99_all_numeric/b05.bench,200,4,False,0,31,63,0,551,0.010498
1177,data/bench/ITC99_all_numeric/b05.bench,201,3,False,0,31,63,0,740,0.010653
1178,data/bench/ITC99_all_numeric/b05.bench,203,3,False,0,15,31,0,132,0.004908
1179,data/bench/ITC99_all_numeric/b05.bench,204,4,False,0,3,7,0,23,0.001246
1180,data/bench/ITC99_all_numeric/b05.bench,205,3,False,0,15,31,0,156,0.004933
1181,data/bench/ITC99_all_numeric/b05.bench,206,4,False,0,12,25,0,126,0.003996
1182,data/bench/ITC99_all_numeric/b05.bench,207,4,False,0,3,7,0,30,0.001258
1183,data/bench/ITC99_all_numeric/b05.bench,210,4,False,0,18,37,0,247,0.00589
1184,data/bench/ITC99_all_numeric/b05.bench,212,3,False,0,31,63,0,362,0.010002
1185,data/bench/ITC99_all_numeric/b05.bench,213,4,False,0,31,63,0,425,0.010196
1186,data/bench/ITC99_all_numeric/b05.bench,214,3,False,0,31,63,0,425,0.010189
1187,data/bench/ITC99_all_numeric/b05.bench,218,4,False,0,31,63,0,551,0.010344
1188,data/bench/ITC99_all_numeric/b05.bench,221,3,False,0,31,63,0,551,0.010359
1189,data/bench/ITC99_all_numeric/b05.bench,222,3,False,0,31,63,0,614,0.010525
1190,data/bench/ITC99_all_numeric/b05.bench,222,4,False,0,31,63,0,614,0.010564
1191,data/bench/ITC99_all_numeric/b05.bench,223,4,False,0,31,63,0,677,0.010802
1192,data/bench/ITC99_all_numeric/b05.bench,224,3,False,0,31,63,0,614,0.010475
1193,data/bench/ITC99_all_numeric/b05.bench,227,4,False,0,31,63,0,614,0.010503
1194,data/bench/ITC99_all_numeric/b05.bench,230,3,False,0,47,95,0,555,0.014665
1195,data/bench/ITC99_all_numeric/b05.bench,232,3,True,1,0,2,0,1,0.000404
1196,data/bench/ITC99_all_numeric/b05.bench,234,4,True,1,0,3,0,2,0.000494
1197,data/bench/ITC99_all_numeric/b05.bench,235,3,True,1,0,2,0,1,0.000402
1198,data/bench/ITC99_all_numeric/b05.bench,236,3,False,0,63,127,0,2489,0.022793
1199,data/bench/ITC99_all_numeric/b05.bench,236,4,False,0,63,127,0,2489,0.022723
1200,data/bench/ITC99_all_numeric/b05.bench,237,3,False,0,31,63,0,1244,0.011896
1201,data/bench/ITC99_all_numeric/b05.bench,237,4,False,0,31,63,0,1244,0.011665
1202,data/bench/ITC99_all_numeric/b05.bench,245,3,False,0,11,23,0,122,0.003838
1203,data/bench/ITC99_all_numeric/b05.bench,245,4,False,0,11,23,0,122,0.00382
1204,data/bench/ITC99_all_numeric/b05.bench,246,3,False,0,11,23,0,145,0.003844
1205,data/bench/ITC99_all_numeric/b05.bench,247,3,False,0,11,23,0,168,0.003883
1206,data/bench/ITC99_all_numeric/b05.bench,248,3,False,0,11,23,0,191,0.003882
1207,data/bench/ITC99_all_numeric/b05.bench,252,3,False,0,31,63,0,677,0.010493
1208,data/bench/ITC99_all_numeric/b05.bench,253,4,False,0,31,63,0,614,0.010431
1209,data/bench/ITC99_all_numeric/b05.bench,256,4,False,0,31,63,0,614,0.010436
1210,data/bench/ITC99_all_numeric/b05.bench,258,3,False,0,31,63,0,667,0.010462
1211,data/bench/ITC99_all_numeric/b05.bench,258,4,False,0,31,63,0,667,0.010386
1212,data/bench/ITC99_all_numeric/b05.bench,261,4,False,0,47,95,0,555,0.014649
1213,data/bench/ITC99_all_numeric/b05.bench,264,3,False,0,95,191,0,909,0.028809
1214,data/bench/ITC99_all_numeric/b05.bench,266,3,False,0,95,191,0,909,0.028811
1215,data/bench/ITC99_all_numeric/b05.bench,266,4,False,0,95,191,0,909,0.028892
1216,data/bench/ITC99_all_numeric/b05.bench,267,4,False,0,11,23,0,67,0.003635
1217,data/bench/ITC99_all_numeric/b05.bench,268,3,False,0,95,191,0,909,0.028916
1218,data/bench/ITC99_all_numeric/b05.bench,268,4,False,0,95,191,0,909,0.028849
1219,data/bench/ITC99_all_numeric/b05.bench,269,3,False,0,23,47,0,215,0.007306
1220,data/bench/ITC99_all_numeric/b05.bench,269,4,False,0,23,47,0,215,0.007326
1221,data/bench/ITC99_all_numeric/b05.bench,271,3,False,0,47,95,0,615,0.014748
1222,data/bench/ITC99_all_numeric/b05.bench,275,3,False,0,63,127,0,1094,0.020491
1223,data/bench/ITC99_all_numeric/b05.bench,277,3,False,0,63,127,0,1094,0.020532
1224,data/bench/ITC99_all_numeric/b05.bench,278,4,False,0,127,255,0,3179,0.041954
1225,data/bench/ITC99_all_numeric/b05.bench,279,4,False,0,63,127,0,1094,0.020555
1226,data/bench/ITC99_all_numeric/b05.bench,280,3,False,0,127,255,0,3179,0.042074
1227,data/bench/ITC99_all_numeric/b05.bench,280,4,False,0,127,255,0,3179,0.042114
1228,data/bench/ITC99_all_numeric/b05.bench,281,3,False,0,63,127,0,1094,0.020518
1229,data/bench/ITC99_all_numeric/b05.bench,282,4,True,1,0,4,0,1,0.000652
1230,data/bench/ITC99_all_numeric/b05.bench,284,4,False,0,7,15,0,120,0.00258
1231,data/bench/ITC99_all_numeric/b05.bench,285,3,False,0,2,5,0,2,0.000918
1232,data/bench/ITC99_all_numeric/b05.bench,287,3,True,1,0,2,0,1,0.000388
1233,data/bench/ITC99_all_numeric/b05.bench,289,3,False,0,2,5,0,2,0.000913
1234,data/bench/ITC99_all_numeric/b05.bench,290,3,True,1,0,6,0,5,0.000842
1235,data/bench/ITC99_all_numeric/b05.bench,291,3,True,1,0,3,0,1,0.000517
1236,data/bench/ITC99_all_numeric/b05.bench,292,3,True,1,0,3,0,2,0.000521
1237,data/bench/ITC99_all_numeric/b05.bench,297,3,True,1,0,4,0,5,0.000612
1238,data/bench/ITC99_all_numeric/b05.bench,298,4,True,1,0,3,0,3,0.000518
1239,data/bench/ITC99_all_numeric/b05.bench,300,3,True,1,0,4,0,5,0.000622
1240,data/bench/ITC99_all_numeric/b05.bench,301,4,False,0,7,15,0,33,0.002408
1241,data/bench/ITC99_all_numeric/b05.bench,302,3,True,1,0,6,0,8,0.000848
1242,data/bench/ITC99_all_numeric/b05.bench,302,4,True,1,0,4,0,4,0.000611
1243,data/bench/ITC99_all_numeric/b05.bench,304,3,False,0,23,47,0,183,0.007199
1244,data/bench/ITC99_all_numeric/b05.bench,304,4,False,0,23,47,0,183,0.007225
1245,data/bench/ITC99_all_numeric/b05.bench,308,4,False,0,31,63,0,551,0.010347
1246,data/bench/ITC99_all_numeric/b05.bench,309,4,False,0,31,63,0,488,0.010206
1247,data/bench/ITC99_all_numeric/b05.bench,311,3,False,0,31,63,0,551,0.010362
1248,data/bench/ITC99_all_numeric/b05.bench,312,3,False,0,31,63,0,488,0.010229
1249,data/bench/ITC99_all_numeric/b05.bench,313,3,False,0,31,63,0,488,0.01024
1250,data/bench/ITC99_all_numeric/b05.bench,313,4,False,0,31,63,0,488,0.010681
1251,data/bench/ITC99_all_numeric/b05.bench,314,4,False,0,11,23,0,122,0.003991
1252,data/bench/ITC99_all_numeric/b05.bench,315,3,False,0,11,23,0,99,0.003776
1253,data/bench/ITC99_all_numeric/b05.bench,315,4,False,0,11,23,0,99,0.003802
1254,data/bench/ITC99_all_numeric/b05.bench,316,4,False,0,11,23,0,206,0.004004
1255,data/bench/ITC99_all_numeric/b05.bench,318,4,False,0,11,23,0,122,0.003882
1256,data/bench/ITC99_all_numeric/b05.bench,321,3,False,0,11,23,0,99,0.00389
1257,data/bench/ITC99_all_numeric/b05.bench,321,4,False,0,11,23,0,99,0.003796
1258,data/bench/ITC99_all_numeric/b05.bench,322,4,False,0,11,23,0,99,0.004758
1259,data/bench/ITC99_all_numeric/b05.bench,324,3,False,0,31,63,0,1055,0.012034
1260,data/bench/ITC99_all_numeric/b05.bench,326,4,False,0,31,63,0,992,0.01109
1261,data/bench/ITC99_all_numeric/b05.bench,327,3,False,0,31,63,0,1118,0.011077
1262,data/bench/ITC99_all_numeric/b05.bench,328,3,False,0,31,63,0,1118,0.011201
1263,data/bench/ITC99_all_numeric/b05.bench,329,4,False,0,31,63,0,1055,0.01126
1264,data/bench/ITC99_all_numeric/b05.bench,332,3,False,0,31,63,0,488,0.01023
1265,data/bench/ITC99_all_numeric/b05.bench,332,4,False,0,31,63,0,488,0.010419
1266,data/bench/ITC99_all_numeric/b05.bench,333,4,False,0,31,63,0,551,0.011697
1267,data/bench/ITC99_all_numeric/b05.bench,334,3,False,0,31,63,0,551,0.010334
1268,data/bench/ITC99_all_numeric/b05.bench,334,4,False,0,31,63,0,551,0.010496
1269,data/bench/ITC99_all_numeric/b05.bench,335,3,False,0,31,63,0,551,0.010317
1270,data/bench/ITC99_all_numeric/b05.bench,336,4,False,0,31,63,0,551,0.010313
1271,data/bench/ITC99_all_numeric/b05.bench,339,3,False,0,31,63,0,488,0.010285
1272,data/bench/ITC99_all_numeric/b05.bench,340,3,False,0,37,75,0,495,0.01161
1273,data/bench/ITC99_all_numeric/b05.bench,342,4,False,0,7,15,0,61,0.002495
1274,data/bench/ITC99_all_numeric/b05.bench,343,4,True,1,0,3,0,3,0.000517
1275,data/bench/ITC99_all_numeric/b05.bench,344,3,False,0,7,15,0,61,0.002668
1276,data/bench/ITC99_all_numeric/b05.bench,345,3,True,1,0,2,0,1,0.000419
1277,data/bench/ITC99_all_numeric/b05.bench,347,3,True,1,0,2,0,1,0.000398
1278,data/bench/ITC99_all_numeric/b05.bench,351,4,True,1,0,3,0,3,0.000515
1279,data/bench/ITC99_all_numeric/b05.bench,352,3,False,0,31,63,0,375,0.009979
1280,data/bench/ITC99_all_numeric/b05.bench,352,4,False,0,31,63,0,375,0.010016
1281,data/bench/ITC99_all_numeric/b05.bench,353,3,True,1,0,2,0,1,0.000435
1282,data/bench/ITC99_all_numeric/b05.bench,354,4,False,0,7,15,0,61,0.002531
1283,data/bench/ITC99_all_numeric/b05.bench,355,3,True,1,0,2,0,1,0.000402
1284,data/bench/ITC99_all_numeric/b05.bench,357,4,True,1,0,3,0,3,0.000516
1285,data/bench/ITC99_all_numeric/b05.bench,358,3,False,0,23,47,0,592,0.008092
1286,data/bench/ITC99_all_numeric/b05.bench,359,3,False,0,47,95,0,1279,0.018232
1287,data/bench/ITC99_all_numeric/b05.bench,360,3,False,0,23,47,0,592,0.007974
1288,data/bench/ITC99_all_numeric/b05.bench,361,3,False,0,47,95,0,1279,0.015935
1289,data/bench/ITC99_all_numeric/b05.bench,362,4,False,0,23,47,0,592,0.007947
1290,data/bench/ITC99_all_numeric/b05.bench,364,3,False,0,23,47,0,592,0.007982
1291,data/bench/ITC99_all_numeric/b05.bench,366,4,False,0,23,47,0,592,0.007956
1292,data/bench/ITC99_all_numeric/b05.bench,367,4,False,0,47,95,0,1279,0.016082
1293,data/bench/ITC99_all_numeric/b05.bench,369,3,False,0,47,95,0,1279,0.015925
1294,data/bench/ITC99_all_numeric/b05.bench,371,3,False,0,47,95,0,1279,0.016119
1295,data/bench/ITC99_all_numeric/b05.bench,371,4,False,0,47,95,0,1279,0.01597
1296,data/bench/ITC99_all_numeric/b05.bench,372,3,False,0,23,47,0,592,0.007915
1297,data/bench/ITC99_all_numeric/b05.bench,372,4,False,0,23,47,0,592,0.007941
1298,data/bench/ITC99_all_numeric/b05.bench,373,3,False,0,47,95,0,1279,0.01595
1299,data/bench/ITC99_all_numeric/b05.bench,374,4,False,0,23,47,0,592,0.007912
1300,data/bench/ITC99_all_numeric/b05.bench,375,4,False,0,47,95,0,1279,0.015942
1301,data/bench/ITC99_all_numeric/b05.bench,376,4,False,0,11,23,0,120,0.003845
1302,data/bench/ITC99_all_numeric/b05.bench,380,3,False,0,11,23,0,76,0.003707
1303,data/bench/ITC99_all_numeric/b05.bench,383,4,False,0,11,23,0,76,0.003707
1304,data/bench/ITC99_all_numeric/b05.bench,384,4,False,0,11,23,0,91,0.003763
1305,data/bench/ITC99_all_numeric/b05.bench,385,3,False,0,11,23,0,114,0.003759
1306,data/bench/ITC99_all_numeric/b05.bench,385,4,False,0,11,23,0,114,0.003775
1307,data/bench/ITC99_all_numeric/b05.bench,386,3,False,0,11,23,0,70,0.003704
1308,data/bench/ITC99_all_numeric/b05.bench,390,3,False,0,23,47,0,199,0.007455
1309,data/bench/ITC99_all_numeric/b05.bench,390,4,False,0,23,47,0,199,0.007465
1310,data/bench/ITC99_all_numeric/b05.bench,391,4,False,0,31,63,0,362,0.01003
1311,data/bench/ITC99_all_numeric/b05.bench,392,3,False,0,31,63,0,299,0.009899
1312,data/bench/ITC99_all_numeric/b05.bench,392,4,False,0,31,63,0,299,0.009963
1313,data/bench/ITC99_all_numeric/b05.bench,393,4,True,1,0,3,0,3,0.000524
1314,data/bench/ITC99_all_numeric/b05.bench,398,3,True,1,0,2,0,1,0.000396
1315,data/bench/ITC99_all_numeric/b05.bench,399,4,False,0,31,63,0,425,0.01009
1316,data/bench/ITC99_all_numeric/b05.bench,400,4,False,0,15,31,0,171,0.005031
1317,data/bench/ITC99_all_numeric/b05.bench,401,3,False,0,11,23,0,82,0.003723
1318,data/bench/ITC99_all_numeric/b05.bench,401,4,False,0,11,23,0,82,0.003742
1319,data/bench/ITC99_all_numeric/b05.bench,402,4,False,0,11,23,0,59,0.003691
1320,data/bench/ITC99_all_numeric/b05.bench,404,4,False,0,31,63,0,425,0.010115
1321,data/bench/ITC99_all_numeric/b05.bench,407,3,False,0,7,15,0,37,0.002484
1322,data/bench/ITC99_all_numeric/b05.bench,407,4,False,0,7,15,0,37,0.002455
1323,data/bench/ITC99_all_numeric/b05.bench,409,3,False,0,31,63,0,425,0.010117
1324,data/bench/ITC99_all_numeric/b05.bench,409,4,False,0,31,63,0,425,0.010145
1325,data/bench/ITC99_all_numeric/b05.bench,410,4,False,0,7,15,0,67,0.002693
1326,data/bench/ITC99_all_numeric/b05.bench,414,3,False,0,31,63,0,488,0.010244
1327,data/bench/ITC99_all_numeric/b05.bench,415,3,False,0,31,63,0,425,0.010187
1328,data/bench/ITC99_all_numeric/b05.bench,417,3,False,0,31,63,0,992,0.010946
1329,data/bench/ITC99_all_numeric/b05.bench,421,4,False,0,31,63,0,803,0.010691
1330,data/bench/ITC99_all_numeric/b05.bench,423,3,False,0,31,63,0,803,0.010757
1331,data/bench/ITC99_all_numeric/b05.bench,427,3,False,0,31,63,0,740,0.010781
1332,data/bench/ITC99_all_numeric/b05.bench,427,4,False,0,31,63,0,740,0.010654
1333,data/bench/ITC99_all_numeric/b05.bench,429,4,False,0,31,63,0,803,0.011065
1334,data/bench/ITC99_all_numeric/b05.bench,430,4,False,0,31,63,0,740,0.010828
1335,data/bench/ITC99_all_numeric/b05.bench,433,4,False,0,31,63,0,740,0.011056
1336,data/bench/ITC99_all_numeric/b05.bench,437,4,False,0,31,63,0,803,0.010964
1337,data/bench/ITC99_all_numeric/b05.bench,438,3,False,0,31,63,0,803,0.010818
1338,data/bench/ITC99_all_numeric/b05.bench,438,4,False,0,31,63,0,803,0.010757
1339,data/bench/ITC99_all_numeric/b05.bench,441,4,False,0,31,63,0,803,0.011085
1340,data/bench/ITC99_all_numeric/b05.bench,443,3,False,0,31,63,0,551,0.010465
1341,data/bench/ITC99_all_numeric/b05.bench,443,4,False,0,31,63,0,551,0.010394
1342,data/bench/ITC99_all_numeric/b05.bench,449,3,False,0,7,15,0,120,0.002606
1343,data/bench/ITC99_all_numeric/b05.bench,451,3,False,0,15,31,0,333,0.005258
1344,data/bench/ITC99_all_numeric/b05.bench,451,4,False,0,15,31,0,333,0.005271
1345,data/bench/ITC99_all_numeric/b05.bench,452,3,False,0,31,63,0,740,0.010544
1346,data/bench/ITC99_all_numeric/b05.bench,453,4,False,0,31,63,0,614,0.010538
1347,data/bench/ITC99_all_numeric/b05.bench,455,3,False,0,31,63,0,1118,0.011209
1348,data/bench/ITC99_all_numeric/b05.bench,456,3,False,0,31,63,0,1055,0.011194
1349,data/bench/ITC99_all_numeric/b05.bench,458,4,False,0,11,23,0,122,0.003796
1350,data/bench/ITC99_all_numeric/b05.bench,459,3,False,0,31,63,0,1118,0.011639
1351,data/bench/ITC99_all_numeric/b05.bench,460,3,False,0,11,23,0,99,0.003875
1352,data/bench/ITC99_all_numeric/b05.bench,462,4,False,0,31,63,0,1118,0.011725
1353,data/bench/ITC99_all_numeric/b05.bench,464,3,False,0,11,23,0,122,0.003927
1354,data/bench/ITC99_all_numeric/b05.bench,466,4,True,1,0,3,0,4,0.000521
1355,data/bench/ITC99_all_numeric/b05.bench,467,3,False,0,23,47,0,230,0.007677
1356,data/bench/ITC99_all_numeric/b05.bench,468,3,False,0,15,31,0,302,0.005348
1357,data/bench/ITC99_all_numeric/b05.bench,470,3,False,0,2,5,0,4,0.000915
1358,data/bench/ITC99_all_numeric/b05.bench,471,3,False,0,63,127,0,1462,0.021864
1359,data/bench/ITC99_all_numeric/b05.bench,471,4,False,0,63,127,0,1462,0.021063
1360,data/bench/ITC99_all_numeric/b05.bench,473,4,False,0,11,23,0,84,0.003757
1361,data/bench/ITC99_all_numeric/b05.bench,474,4,False,0,5,11,0,22,0.001836
1362,data/bench/ITC99_all_numeric/b05.bench,475,3,False,0,3,7,0,11,0.001233
1363,data/bench/ITC99_all_numeric/b05.bench,476,4,True,1,0,3,0,1,0.000517
1364,data/bench/ITC99_all_numeric/b05.bench,479,3,False,0,5,11,0,22,0.001812
1365,data/bench/ITC99_all_numeric/b05.bench,479,4,False,0,5,11,0,22,0.001818
1366,data/bench/ITC99_all_numeric/b05.bench,482,3,True,1,0,6,0,12,0.00085
1367,data/bench/ITC99_all_numeric/b05.bench,483,3,True,1,0,6,0,10,0.000829
1368,data/bench/ITC99_all_numeric/b05.bench,485,4,True,1,0,5,0,9,0.000733
1369,data/bench/ITC99_all_numeric/b05.bench,486,3,False,0,3,7,0,23,0.001221
1370,data/bench/ITC99_all_numeric/b05.bench,486,4,False,0,3,7,0,23,0.001234
1371,data/bench/ITC99_all_numeric/b05.bench,487,4,True,1,0,4,0,6,0.000605
1372,data/bench/ITC99_all_numeric/b05.bench,488,3,False,0,7,15,0,43,0.002438
1373,data/bench/ITC99_all_numeric/b05.bench,490,4,False,0,7,15,0,41,0.002432
1374,data/bench/ITC99_all_numeric/b05.bench,491,4,True,1,0,4,0,7,0.000622
1375,data/bench/ITC99_all_numeric/b05.bench,492,3,False,0,7,15,0,48,0.002548
1376,data/bench/ITC99_all_numeric/b05.bench,492,4,False,0,7,15,0,48,0.002469
1377,data/bench/ITC99_all_numeric/b05.bench,495,3,False,0,25,51,0,557,0.008498
1378,data/bench/ITC99_all_numeric/b05.bench,498,4,False,0,7,15,0,120,0.002609
1379,data/bench/ITC99_all_numeric/b05.bench,500,4,False,0,23,47,0,592,0.007917
1380,data/bench/ITC99_all_numeric/b05.bench,501,3,False,0,2,5,0,4,0.000914
1381,data/bench/ITC99_all_numeric/b05.bench,501,4,False,0,3,7,0,8,0.0012
1382,data/bench/ITC99_all_numeric/b05.bench,504,3,False,0,31,63,0,425,0.01016
1383,data/bench/ITC99_all_numeric/b05.bench,505,4,False,0,31,63,0,425,0.010489
1384,data/bench/ITC99_all_numeric/b05.bench,507,4,False,0,31,63,0,425,0.010586
1385,data/bench/ITC99_all_numeric/b05.bench,508,3,False,0,47,95,0,461,0.014588
1386,data/bench/ITC99_all_numeric/b05.bench,508,4,False,0,47,95,0,461,0.01445
1387,data/bench/ITC99_all_numeric/b05.bench,510,4,False,0,11,23,0,145,0.003818
1388,data/bench/ITC99_all_numeric/b05.bench,511,3,False,0,11,23,0,229,0.003968
1389,data/bench/ITC99_all_numeric/b05.bench,513,4,False,0,11,23,0,145,0.003828
1390,data/bench/ITC99_all_numeric/b05.bench,515,3,False,0,11,23,0,122,0.003823
1391,data/bench/ITC99_all_numeric/b05.bench,518,3,False,0,11,23,0,145,0.003875
1392,data/bench/ITC99_all_numeric/b05.bench,519,3,False,0,11,23,0,145,0.003819
1393,data/bench/ITC99_all_numeric/b05.bench,520,3,False,0,11,23,0,168,0.003835
1394,data/bench/ITC99_all_numeric/b05.bench,520,4,False,0,11,23,0,168,0.0039
1395,data/bench/ITC99_all_numeric/b05.bench,521,4,False,0,31,63,0,1118,0.011105
1396,data/bench/ITC99_all_numeric/b05.bench,522,4,False,0,31,63,0,1181,0.0112
1397,data/bench/ITC99_all_numeric/b05.bench,523,4,False,0,31,63,0,1118,0.011177
1398,data/bench/ITC99_all_numeric/b05.bench,531,4,False,0,31,63,0,1181,0.011274
1399,data/bench/ITC99_all_numeric/b05.bench,532,4,False,0,31,63,0,1244,0.011239
1400,data/bench/ITC99_all_numeric/b05.bench,534,3,False,0,31,63,0,614,0.010631
1401,data/bench/ITC99_all_numeric/b05.bench,535,3,False,0,31,63,0,677,0.01047
1402,data/bench/ITC99_all_numeric/b05.bench,537,4,False,0,31,63,0,614,0.010447
1403,data/bench/ITC99_all_numeric/b05.bench,538,3,False,0,31,63,0,551,0.010405
1404,data/bench/ITC99_all_numeric/b05.bench,539,3,False,0,31,63,0,614,0.010515
1405,data/bench/ITC99_all_numeric/b05.bench,543,3,False,0,31,63,0,614,0.010621
1406,data/bench/ITC99_all_numeric/b05.bench,543,4,False,0,31,63,0,614,0.010525
1407,data/bench/ITC99_all_numeric/b05.bench,549,4,True,1,0,4,0,6,0.00064
1408,data/bench/ITC99_all_numeric/b05.bench,551,3,True,1,0,2,0,1,0.000393
1409,data/bench/ITC99_all_numeric/b05.bench,551,4,True,1,0,2,0,1,0.000388
1410,data/bench/ITC99_all_numeric/b05.bench,553,3,False,0,11,23,0,174,0.003858
1411,data/bench/ITC99_all_numeric/b05.bench,554,4,False,0,7,15,0,39,0.002491
1412,data/bench/ITC99_all_numeric/b05.bench,555,3,False,0,11,23,0,128,0.003797
1413,data/bench/ITC99_all_numeric/b05.bench,557,4,False,0,11,23,0,105,0.00375
1414,data/bench/ITC99_all_numeric/b05.bench,558,3,False,0,3,7,0,11,0.001267
1415,data/bench/ITC99_all_numeric/b05.bench,559,3,False,0,31,63,0,866,0.010745
1416,data/bench/ITC99_all_numeric/b05.bench,561,4,False,0,31,63,0,677,0.010637
1417,data/bench/ITC99_all_numeric/b05.bench,562,3,False,0,31,63,0,677,0.010537
1418,data/bench/ITC99_all_numeric/b05.bench,567,3,False,0,31,63,0,488,0.010596
1419,data/bench/ITC99_all_numeric/b05.bench,569,4,False,0,31,63,0,488,0.01041
1420,data/bench/ITC99_all_numeric/b05.bench,572,4,False,0,31,63,0,866,0.01083
1421,data/bench/ITC99_all_numeric/b05.bench,575,4,False,0,11,23,0,122,0.003841
1422,data/bench/ITC99_all_numeric/b05.bench,576,3,False,0,11,23,0,137,0.003782
1423,data/bench/ITC99_all_numeric/b05.bench,576,4,False,0,11,23,0,137,0.003839
1424,data/bench/ITC99_all_numeric/b05.bench,579,4,False,0,11,23,0,137,0.00383
1425,data/bench/ITC99_all_numeric/b05.bench,581,3,True,1,0,2,0,1,0.000508
1426,data/bench/ITC99_all_numeric/b05.bench,582,3,False,0,3,7,0,9,0.001247
1427,data/bench/ITC99_all_numeric/b05.bench,584,3,False,0,7,15,0,39,0.002544
1428,data/bench/ITC99_all_numeric/b05.bench,586,4,True,1,0,3,0,3,0.000562
1429,data/bench/ITC99_all_numeric/b05.bench,587,3,True,1,0,3,0,1,0.000517
1430,data/bench/ITC99_all_numeric/b05.bench,587,4,True,1,0,4,0,2,0.000629
1431,data/bench/ITC99_all_numeric/b05.bench,591,3,False,0,31,63,0,929,0.010969
1432,data/bench/ITC99_all_numeric/b05.bench,594,3,False,0,31,63,0,929,0.01101
1433,data/bench/ITC99_all_numeric/b05.bench,595,3,False,0,31,63,0,866,0.01085
1434,data/bench/ITC99_all_numeric/b05.bench,598,4,True,1,0,3,0,3,0.000521
1435,data/bench/ITC99_all_numeric/b05.bench,599,4,False,0,7,15,0,28,0.002466
1436,data/bench/ITC99_all_numeric/b05.bench,600,4,False,0,7,15,0,43,0.002479
1437,data/bench/ITC99_all_numeric/b05.bench,602,3,True,1,0,4,0,6,0.000639
1438,data/bench/ITC99_all_numeric/b05.bench,606,3,False,0,15,31,0,118,0.005071
1439,data/bench/ITC99_all_numeric/b05.bench,607,3,False,0,15,31,0,87,0.004962
1440,data/bench/ITC99_all_numeric/b05.bench,607,4,False,0,15,31,0,87,0.004955
1441,data/bench/ITC99_all_numeric/b05.bench,608,3,True,1,0,3,0,1,0.000519
1442,data/bench/ITC99_all_numeric/b05.bench,611,3,False,0,11,23,0,122,0.003825
1443,data/bench/ITC99_all_numeric/b05.bench,612,4,False,0,11,23,0,99,0.003783
1444,data/bench/ITC99_all_numeric/b05.bench,615,4,False,0,31,63,0,866,0.010942
1445,data/bench/ITC99_all_numeric/b05.bench,619,4,False,0,11,23,0,151,0.003879
1446,data/bench/ITC99_all_numeric/b05.bench,623,4,False,0,31,63,0,425,0.010213
1447,data/bench/ITC99_all_numeric/b05.bench,624,3,False,0,31,63,0,425,0.010191
1448,data/bench/ITC99_all_numeric/b05.bench,625,3,False,0,31,63,0,362,0.010183
1449,data/bench/ITC99_all_numeric/b05.bench,626,3,False,0,31,63,0,425,0.010193
1450,data/bench/ITC99_all_numeric/b05.bench,628,3,False,0,31,63,0,425,0.010357
1451,data/bench/ITC99_all_numeric/b05.bench,630,4,False,0,31,63,0,425,0.010432
1452,data/bench/ITC99_all_numeric/b05.bench,631,4,False,0,31,63,0,425,0.0104
1453,data/bench/ITC99_all_numeric/b05.bench,632,4,False,0,31,63,0,362,0.010062
1454,data/bench/ITC99_all_numeric/b05.bench,635,4,False,0,31,63,0,362,0.01019
1455,data/bench/ITC99_all_numeric/b05.bench,637,3,False,0,31,63,0,425,0.010262
1456,data/bench/ITC99_all_numeric/b05.bench,641,4,False,0,31,63,0,551,0.010448
1457,data/bench/ITC99_all_numeric/b05.bench,642,3,False,0,31,63,0,488,0.010535
1458,data/bench/ITC99_all_numeric/b05.bench,643,4,False,0,31,63,0,488,0.010206
1459,data/bench/ITC99_all_numeric/b05.bench,644,4,False,0,31,63,0,929,0.011133
1460,data/bench/ITC99_all_numeric/b05.bench,645,3,False,0,31,63,0,929,0.011312
1461,data/bench/ITC99_all_numeric/b05.bench,646,3,False,0,31,63,0,866,0.011155
1462,data/bench/ITC99_all_numeric/b05.bench,646,4,False,0,31,63,0,866,0.011327
1463,data/bench/ITC99_all_numeric/b05.bench,647,4,False,0,11,23,0,164,0.003979
1464,data/bench/ITC99_all_numeric/b05.bench,650,4,False,0,11,23,0,160,0.003948
1465,data/bench/ITC99_all_numeric/b05.bench,651,3,False,0,11,23,0,137,0.003785
1466,data/bench/ITC99_all_numeric/b05.bench,652,3,True,1,0,3,0,1,0.000508
1467,data/bench/ITC99_all_numeric/b05.bench,654,4,True,1,0,4,0,5,0.000624
1468,data/bench/ITC99_all_numeric/b05.bench,656,4,True,1,0,3,0,3,0.000503
1469,data/bench/ITC99_all_numeric/b05.bench,657,4,False,0,1,3,0,2,0.000589
1470,data/bench/ITC99_all_numeric/b05.bench,658,4,False,0,23,47,0,260,0.007568
1471,data/bench/ITC99_all_numeric/b05.bench,659,3,False,0,23,47,0,213,0.007454
1472,data/bench/ITC99_all_numeric/b05.bench,663,3,True,1,0,2,0,1,0.000409
1473,data/bench/ITC99_all_numeric/b05.bench,665,4,True,1,0,3,0,3,0.000503
1474,data/bench/ITC99_all_numeric/b05.bench,668,3,False,0,5,11,0,30,0.001818
1475,data/bench/ITC99_all_numeric/b05.bench,669,3,False,0,11,23,0,106,0.004079
1476,data/bench/ITC99_all_numeric/b05.bench,669,4,False,0,11,23,0,106,0.003925
1477,data/bench/ITC99_all_numeric/b05.bench,670,4,False,0,5,11,0,15,0.001855
1478,data/bench/ITC99_all_numeric/b05.bench,671,3,True,1,0,2,0,1,0.000399
1479,data/bench/ITC99_all_numeric/b05.bench,672,3,False,0,31,63,0,551,0.010754
1480,data/bench/ITC99_all_numeric/b05.bench,672,4,False,0,31,63,0,551,0.010985
1481,data/bench/ITC99_all_numeric/b05.bench,674,3,False,0,31,63,0,551,0.010519
1482,data/bench/ITC99_all_numeric/b05.bench,674,4,False,0,31,63,0,551,0.010416
1483,data/bench/ITC99_all_numeric/b05.bench,676,4,False,0,31,63,0,614,0.010382
1484,data/bench/ITC99_all_numeric/b05.bench,677,4,False,0,11,23,0,160,0.003868
1485,data/bench/ITC99_all_numeric/b05.bench,679,3,True,1,0,3,0,1,0.000521
1486,data/bench/ITC99_all_numeric/b05.bench,682,4,False,0,5,11,0,19,0.001794
1487,data/bench/ITC99_all_numeric/b05.bench,683,3,True,1,0,4,0,5,0.000632
1488,data/bench/ITC99_all_numeric/b05.bench,685,3,False,0,23,47,0,260,0.007331
1489,data/bench/ITC99_all_numeric/b05.bench,685,4,False,0,23,47,0,260,0.007316
1490,data/bench/ITC99_all_numeric/b05.bench,688,4,False,0,11,23,0,61,0.003595
1491,data/bench/ITC99_all_numeric/b05.bench,689,4,True,1,0,4,0,8,0.000636
1492,data/bench/ITC99_all_numeric/b05.bench,694,4,False,0,11,23,0,83,0.00362
1493,data/bench/ITC99_all_numeric/b05.bench,695,4,False,0,5,11,0,30,0.001819
1494,data/bench/ITC99_all_numeric/b05.bench,696,3,False,0,11,23,0,106,0.003642
1495,data/bench/ITC99_all_numeric/b05.bench,701,4,False,0,31,63,0,551,0.010329
1496,data/bench/ITC99_all_numeric/b05.bench,702,3,False,0,31,63,0,740,0.01065
1497,data/bench/ITC99_all_numeric/b05.bench,706,3,False,0,31,63,0,677,0.010528
1498,data/bench/ITC99_all_numeric/b05.bench,706,4,False,0,31,63,0,677,0.010448
1499,data/bench/ITC99_all_numeric/b05.bench,708,3,False,0,31,63,0,677,0.010443
1500,data/bench/ITC99_all_numeric/b05.bench,709,4,False,0,31,63,0,488,0.010414
1501,data/bench/ITC99_all_numeric/b05.bench,710,3,False,0,31,63,0,551,0.010677
1502,data/bench/ITC99_all_numeric/b05.bench,714,3,False,0,31,63,0,803,0.010952
1503,data/bench/ITC99_all_numeric/b05.bench,714,4,False,0,31,63,0,803,0.011067
1504,data/bench/ITC99_all_numeric/b05.bench,718,4,False,0,31,63,0,614,0.010681
1505,data/bench/ITC99_all_numeric/b05.bench,719,3,False,0,31,63,0,677,0.010711
1506,data/bench/ITC99_all_numeric/b05.bench,722,3,False,0,31,63,0,677,0.010723
1507,data/bench/ITC99_all_numeric/b05.bench,724,3,False,0,31,63,0,677,0.010648
1508,data/bench/ITC99_all_numeric/b05.bench,724,4,False,0,31,63,0,677,0.010645
1509,data/bench/ITC99_all_numeric/b05.bench,726,3,False,0,31,63,0,677,0.010725
1510,data/bench/ITC99_all_numeric/b05.bench,727,3,False,0,31,63,0,803,0.010861
1511,data/bench/ITC99_all_numeric/b05.bench,729,4,False,0,31,63,0,488,0.010345
1512,data/bench/ITC99_all_numeric/b05.bench,734,4,False,0,31,63,0,614,0.010544
1513,data/bench/ITC99_all_numeric/b05.bench,736,3,False,0,31,63,0,677,0.010499
1514,data/bench/ITC99_all_numeric/b05.bench,738,3,False,0,31,63,0,551,0.010275
1515,data/bench/ITC99_all_numeric/b05.bench,742,3,False,0,31,63,0,740,0.010579
1516,data/bench/ITC99_all_numeric/b05.bench,744,3,False,0,31,63,0,677,0.010435
1517,data/bench/ITC99_all_numeric/b05.bench,745,3,False,0,31,63,0,614,0.010366
1518,data/bench/ITC99_all_numeric/b05.bench,745,4,False,0,31,63,0,614,0.010379
1519,data/bench/ITC99_all_numeric/b05.bench,749,3,False,0,31,63,0,740,0.010543
1520,data/bench/ITC99_all_numeric/b05.bench,749,4,False,0,31,63,0,740,0.010549
1521,data/bench/ITC99_all_numeric/b05.bench,752,3,False,0,31,63,0,740,0.010664
1522,data/bench/ITC99_all_numeric/b05.bench,754,4,False,0,31,63,0,551,0.010308
1523,data/bench/ITC99_all_numeric/b05.bench,756,3,False,0,31,63,0,614,0.010376
1524,data/bench/ITC99_all_numeric/b05.bench,756,4,False,0,31,63,0,614,0.010349
1525,data/bench/ITC99_all_numeric/b05.bench,757,3,False,0,31,63,0,551,0.010983
1526,data/bench/ITC99_all_numeric/b05.bench,757,4,False,0,31,63,0,551,0.010885
1527,data/bench/ITC99_all_numeric/b05.bench,759,3,False,0,31,63,0,740,0.01064
1528,data/bench/ITC99_all_numeric/b05.bench,762,3,False,0,31,63,0,740,0.010969
1529,data/bench/ITC99_all_numeric/b05.bench,764,3,False,0,31,63,0,677,0.010491
1530,data/bench/ITC99_all_numeric/b05.bench,764,4,False,0,31,63,0,677,0.010558
1531,data/bench/ITC99_all_numeric/b05.bench,765,3,False,0,31,63,0,677,0.01055
1532,data/bench/ITC99_all_numeric/b05.bench,766,3,False,0,31,63,0,677,0.010545
1533,data/bench/ITC99_all_numeric/b05.bench,767,3,False,0,31,63,0,614,0.01058
1534,data/bench/ITC99_all_numeric/b05.bench,768,4,False,0,31,63,0,677,0.010794
1535,data/bench/ITC99_all_numeric/b05.bench,770,3,False,0,31,63,0,614,0.010559
1536,data/bench/ITC99_all_numeric/b05.bench,770,4,False,0,31,63,0,614,0.01065
1537,data/bench/ITC99_all_numeric/b05.bench,771,3,False,0,31,63,0,614,0.010425
1538,data/bench/ITC99_all_numeric/b05.bench,772,3,False,0,31,63,0,677,0.010482
1539,data/bench/ITC99_all_numeric/b05.bench,776,3,False,0,31,63,0,488,0.010239
1540,data/bench/ITC99_all_numeric/b05.bench,777,4,False,0,31,63,0,551,0.010449
1541,data/bench/ITC99_all_numeric/b05.bench,778,4,False,0,31,63,0,929,0.010841
1542,data/bench/ITC99_all_numeric/b05.bench,784,3,False,0,31,63,0,866,0.010748
1543,data/bench/ITC99_all_numeric/b05.bench,786,4,False,0,31,63,0,866,0.010789
1544,data/bench/ITC99_all_numeric/b05.bench,789,3,False,0,11,23,0,137,0.003803
1545,data/bench/ITC99_all_numeric/b05.bench,790,3,False,0,31,63,0,488,0.01026
1546,data/bench/ITC99_all_numeric/b05.bench,791,4,False,0,31,63,0,488,0.010188
1547,data/bench/ITC99_all_numeric/b05.bench,792,3,False,0,31,63,0,551,0.010352
1548,data/bench/ITC99_all_numeric/b05.bench,793,3,False,0,7,15,0,90,0.002515
1549,data/bench/ITC99_all_numeric/b05.bench,794,4,False,0,37,75,0,644,0.011968
1550,data/bench/ITC99_all_numeric/b05.bench,798,3,False,0,15,31,0,163,0.005107
1551,data/bench/ITC99_all_numeric/b05.bench,798,4,False,0,15,31,0,163,0.004946
1552,data/bench/ITC99_all_numeric/b05.bench,799,3,False,0,3,7,0,30,0.001236
1553,data/bench/ITC99_all_numeric/b05.bench,799,4,False,0,3,7,0,30,0.001236
1554,data/bench/ITC99_all_numeric/b05.bench,800,3,False,0,1,3,0,2,0.000596
1555,data/bench/ITC99_all_numeric/b05.bench,800,4,False,0,1,3,0,2,0.000589
1556,data/bench/ITC99_all_numeric/b05.bench,802,3,False,0,1,3,0,2,0.000672
1557,data/bench/ITC99_all_numeric/b05.bench,803,3,False,0,12,25,0,151,0.004039
1558,data/bench/ITC99_all_numeric/b05.bench,804,4,False,0,1,3,0,2,0.000593
1559,data/bench/ITC99_all_numeric/b05.bench,807,4,False,0,12,25,0,151,0.00398
1560,data/bench/ITC99_all_numeric/b05.bench,809,4,False,0,3,7,0,30,0.00124
1561,data/bench/ITC99_all_numeric/b05.bench,810,3,False,0,1,3,0,2,0.000599
1562,data/bench/ITC99_all_numeric/b05.bench,810,4,False,0,1,3,0,2,0.000598
1563,data/bench/ITC99_all_numeric/b05.bench,813,3,False,0,7,15,0,62,0.002476
1564,data/bench/ITC99_all_numeric/b05.bench,814,4,False,0,7,15,0,90,0.002547
1565,data/bench/ITC99_all_numeric/b05.bench,815,3,False,0,7,15,0,105,0.002599
1566,data/bench/ITC99_all_numeric/b05.bench,816,4,False,0,7,15,0,120,0.002577
1567,data/bench/ITC99_all_numeric/b05.bench,817,3,False,0,7,15,0,105,0.002548
1568,data/bench/ITC99_all_numeric/b05.bench,819,3,False,0,25,51,0,455,0.008276
1569,data/bench/ITC99_all_numeric/b05.bench,820,3,False,0,7,15,0,121,0.002609
1570,data/bench/ITC99_all_numeric/b05.bench,822,4,False,0,25,51,0,457,0.008283
1571,data/bench/ITC99_all_numeric/b05.bench,825,3,False,0,31,63,0,563,0.010199
1572,data/bench/ITC99_all_numeric/b05.bench,825,4,False,0,31,63,0,563,0.010115
1573,data/bench/ITC99_all_numeric/b05.bench,826,3,False,0,31,63,0,641,0.010235
1574,data/bench/ITC99_all_numeric/b05.bench,826,4,False,0,31,63,0,641,0.010193
1575,data/bench/ITC99_all_numeric/b05.bench,833,3,False,0,7,15,0,62,0.002796
1576,data/bench/ITC99_all_numeric/b05.bench,833,4,False,0,7,15,0,62,0.00262
1577,data/bench/ITC99_all_numeric/b05.bench,834,4,False,0,7,15,0,75,0.002507
1578,data/bench/ITC99_all_numeric/b05.bench,835,4,False,0,25,51,0,404,0.008189
1579,data/bench/ITC99_all_numeric/b05.bench,840,4,False,0,7,15,0,89,0.002508
1580,data/bench/ITC99_all_numeric/b05.bench,842,3,False,0,25,51,0,304,0.008256
1581,data/bench/ITC99_all_numeric/b05.bench,846,4,False,0,31,63,0,437,0.010126
1582,data/bench/ITC99_all_numeric/b05.bench,848,3,False,0,7,15,0,62,0.002573
1583,data/bench/ITC99_all_numeric/b05.bench,851,3,False,0,18,37,0,247,0.005927
1584,data/bench/ITC99_all_numeric/b05.bench,852,4,False,0,25,51,0,355,0.008405
1585,data/bench/ITC99_all_numeric/b05.bench,853,3,False,0,25,51,0,304,0.008022
1586,data/bench/ITC99_all_numeric/b05.bench,853,4,False,0,25,51,0,304,0.008082
1587,data/bench/ITC99_all_numeric/b05.bench,854,3,False,0,25,51,0,404,0.008262
1588,data/bench/ITC99_all_numeric/b05.bench,854,4,False,0,25,51,0,404,0.008162
1589,data/bench/ITC99_all_numeric/b05.bench,859,3,False,0,25,51,0,304,0.008004
1590,data/bench/ITC99_all_numeric/b05.bench,859,4,False,0,25,51,0,304,0.008038
1591,data/bench/ITC99_all_numeric/b05.bench,860,3,False,0,25,51,0,404,0.008149
1592,data/bench/ITC99_all_numeric/b05.bench,864,3,False,0,31,63,0,515,0.010064
1593,data/bench/ITC99_all_numeric/b05.bench,864,4,False,0,31,63,0,515,0.010122
1594,data/bench/ITC99_all_numeric/b05.bench,866,4,False,0,63,127,0,1158,0.020212
1595,data/bench/ITC99_all_numeric/b05.bench,867,3,False,0,1,3,0,2,0.000608
1596,data/bench/ITC99_all_numeric/b05.bench,867,4,False,0,1,3,0,2,0.000597
1597,data/bench/ITC99_all_numeric/b05.bench,869,4,False,0,31,63,0,515,0.010032
1598,data/bench/ITC99_all_numeric/b05.bench,871,3,False,0,31,63,0,437,0.00988
1599,data/bench/ITC99_all_numeric/b05.bench,872,4,False,0,31,63,0,502,0.01009
1600,data/bench/ITC99_all_numeric/b05.bench,873,3,False,0,25,51,0,353,0.00815
1601,data/bench/ITC99_all_numeric/b05.bench,874,4,False,0,25,51,0,406,0.008406
1602,data/bench/ITC99_all_numeric/b05.bench,875,4,False,0,7,15,0,89,0.002553
1603,data/bench/ITC99_all_numeric/b05.bench,876,4,False,0,7,15,0,106,0.002545
1604,data/bench/ITC99_all_numeric/b05.bench,879,3,False,0,7,15,0,75,0.002483
1605,data/bench/ITC99_all_numeric/b05.bench,880,4,False,0,7,15,0,92,0.002643
1606,data/bench/ITC99_all_numeric/b05.bench,882,3,False,0,7,15,0,77,0.002506
1607,data/bench/ITC99_all_numeric/b05.bench,887,3,False,0,7,15,0,62,0.002504
1608,data/bench/ITC99_all_numeric/b05.bench,889,3,False,0,37,75,0,569,0.011899
1609,data/bench/ITC99_all_numeric/b05.bench,892,3,False,0,7,15,0,105,0.002541
1610,data/bench/ITC99_all_numeric/b05.bench,892,4,False,0,7,15,0,105,0.002551
1611,data/bench/ITC99_all_numeric/b05.bench,893,4,False,0,7,15,0,105,0.00252
1612,data/bench/ITC99_all_numeric/b05.bench,894,3,False,0,25,51,0,455,0.008688
1613,data/bench/ITC99_all_numeric/b05.bench,896,4,False,0,25,51,0,455,0.008318
1614,data/bench/ITC99_all_numeric/b05.bench,901,3,False,0,7,15,0,90,0.002532
1615,data/bench/ITC99_all_numeric/b05.bench,903,3,False,0,1,3,0,2,0.000605
1616,data/bench/ITC99_all_numeric/b05.bench,905,4,False,0,1,3,0,2,0.000601
1617,data/bench/ITC99_all_numeric/b05.bench,908,4,False,0,1,3,0,2,0.000592
1618,data/bench/ITC99_all_numeric/b05.bench,910,3,False,0,3,7,0,37,0.001255
1619,data/bench/ITC99_all_numeric/b05.bench,910,4,False,0,3,7,0,37,0.001495
1620,data/bench/ITC99_all_numeric/b05.bench,911,3,False,0,12,25,0,151,0.004061
1621,data/bench/ITC99_all_numeric/b05.bench,911,4,False,0,12,25,0,151,0.003985
1622,data/bench/ITC99_all_numeric/b05.bench,912,3,False,0,1,3,0,2,0.000607
1623,data/bench/ITC99_all_numeric/b05.bench,913,3,False,0,1,3,0,2,0.000607
1624,data/bench/ITC99_all_numeric/b05.bench,913,4,False,0,1,3,0,2,0.000604
1625,data/bench/ITC99_all_numeric/b05.bench,916,4,False,0,3,7,0,30,0.001541
1626,data/bench/ITC99_all_numeric/b05.bench,919,4,False,0,7,15,0,90,0.002569
1627,data/bench/ITC99_all_numeric/b05.bench,920,4,False,0,1,3,0,2,0.0006
1628,data/bench/ITC99_all_numeric/b05.bench,921,4,False,0,18,37,0,247,0.00589
1629,data/bench/ITC99_all_numeric/b05.bench,922,4,False,0,15,31,0,163,0.004881
1630,data/bench/ITC99_all_numeric/b05.bench,927,4,False,0,7,15,0,62,0.002662
1631,data/bench/ITC99_all_numeric/b05.bench,929,4,False,0,7,15,0,77,0.002947
1632,data/bench/ITC99_all_numeric/b05.bench,930,3,False,0,31,63,0,437,0.010279
1633,data/bench/ITC99_all_numeric/b05.bench,932,4,False,0,31,63,0,500,0.01003
1634,data/bench/ITC99_all_numeric/b05.bench,933,3,False,0,7,15,0,76,0.002499
1635,data/bench/ITC99_all_numeric/b05.bench,934,3,False,0,25,51,0,304,0.007958
1636,data/bench/ITC99_all_numeric/b05.bench,937,3,False,0,25,51,0,353,0.008098
1637,data/bench/ITC99_all_numeric/b05.bench,941,4,False,0,7,15,0,92,0.002531
1638,data/bench/ITC99_all_numeric/b05.bench,943,3,False,0,7,15,0,77,0.002601
1639,data/bench/ITC99_all_numeric/b05.bench,943,4,False,0,7,15,0,77,0.002506
1640,data/bench/ITC99_all_numeric/b05.bench,945,3,False,0,37,75,0,644,0.011897
1641,data/bench/ITC99_all_numeric/b05.bench,946,3,False,0,7,15,0,75,0.002513
1642,data/bench/ITC99_all_numeric/b05.bench,946,4,False,0,7,15,0,75,0.002501
1643,data/bench/ITC99_all_numeric/b05.bench,950,4,False,0,37,75,0,569,0.01182
1644,data/bench/ITC99_all_numeric/b05.bench,955,4,False,0,11,23,0,99,0.003745
1645,data/bench/ITC99_all_numeric/b05.bench,958,4,False,0,11,23,0,105,0.003766
1646,data/bench/ITC99_all_numeric/b05.bench,959,3,False,0,31,63,0,551,0.010275
1647,data/bench/ITC99_all_numeric/b05.bench,959,4,False,0,31,63,0,551,0.010355
1648,data/bench/ITC99_all_numeric/b05.bench,960,3,False,0,31,63,0,551,0.010283
1649,data/bench/ITC99_all_numeric/b05.bench,960,4,False,0,31,63,0,551,0.010349
1650,data/bench/ITC99_all_numeric/b05.bench,961,4,False,0,31,63,0,488,0.010436
1651,data/bench/ITC99_all_numeric/b05.bench,962,4,False,0,31,63,0,551,0.01084
1652,data/bench/ITC99_all_numeric/b06.bench,1,3,True,1,0,4,0,1,0.000139
1653,data/bench/ITC99_all_numeric/b06.bench,1,4,True,1,0,4,0,1,0.000102
1654,data/bench/ITC99_all_numeric/b06.bench,2,3,True,1,0,3,0,1,7.5e-05
1655,data/bench/ITC99_all_numeric/b06.bench,2,4,True,1,0,3,0,1,7.5e-05
1656,data/bench/ITC99_all_numeric/b06.bench,3,3,True,1,0,2,0,0,4.4e-05
1657,data/bench/ITC99_all_numeric/b06.bench,3,4,True,1,0,2,0,0,4.3e-05
1658,data/bench/ITC99_all_numeric/b06.bench,4,3,True,1,0,3,0,0,7.2e-05
1659,data/bench/ITC99_all_numeric/b06.bench,4,4,True,1,0,3,0,0,7.3e-05
1660,data/bench/ITC99_all_numeric/b06.bench,5,3,True,1,0,3,0,0,7.5e-05
1661,data/bench/ITC99_all_numeric/b06.bench,5,4,True,1,0,3,0,0,7.3e-05
1662,data/bench/ITC99_all_numeric/b06.bench,6,3,True,1,0,3,0,0,7.2e-05
1663,data/bench/ITC99_all_numeric/b06.bench,6,4,True,1,0,3,0,0,7.1e-05
1664,data/bench/ITC99_all_numeric/b06.bench,7,3,True,1,0,2,0,0,4.4e-05
1665,data/bench/ITC99_all_numeric/b06.bench,7,4,True,1,0,2,0,0,4.5e-05
1666,data/bench/ITC99_all_numeric/b06.bench,8,3,True,1,0,2,0,0,4.3e-05
1667,data/bench/ITC99_all_numeric/b06.bench,8,4,True,1,0,2,0,0,4.3e-05
1668,data/bench/ITC99_all_numeric/b06.bench,9,3,True,1,0,2,0,0,4.2e-05
1669,data/bench/ITC99_all_numeric/b06.bench,9,4,True,1,0,2,0,0,4.2e-05
1670,data/bench/ITC99_all_numeric/b06.bench,10,3,True,1,0,2,0,0,4.3e-05
1671,data/bench/ITC99_all_numeric/b06.bench,10,4,True,1,0,2,0,0,4.3e-05
1672,data/bench/ITC99_all_numeric/b06.bench,11,3,True,1,0,2,0,0,4.2e-05
1673,data/bench/ITC99_all_numeric/b06.bench,11,4,True,1,0,2,0,0,4.2e-05
1674,data/bench/ITC99_all_numeric/b06.bench,12,3,False,0,11,23,0,45,0.000764
1675,data/bench/ITC99_all_numeric/b06.bench,12,4,False,0,11,23,0,45,0.001468
1676,data/bench/ITC99_all_numeric/b06.bench,13,3,False,0,7,15,0,34,0.000897
1677,data/bench/ITC99_all_numeric/b06.bench,13,4,False,0,7,15,0,34,0.000897
1678,data/bench/ITC99_all_numeric/b06.bench,14,3,False,0,11,23,0,40,0.001316
1679,data/bench/ITC99_all_numeric/b06.bench,14,4,False,0,11,23,0,40,0.001324
1680,data/bench/ITC99_all_numeric/b06.bench,15,3,False,0,9,19,0,52,0.001153
1681,data/bench/ITC99_all_numeric/b06.bench,15,4,False,0,9,19,0,52,0.00115
1682,data/bench/ITC99_all_numeric/b06.bench,16,3,False,0,10,21,0,45,0.001228
1683,data/bench/ITC99_all_numeric/b06.bench,16,4,False,0,10,21,0,45,0.001223
1684,data/bench/ITC99_all_numeric/b06.bench,17,3,False,0,13,27,0,42,0.001515
1685,data/bench/ITC99_all_numeric/b06.bench,17,4,False,0,13,27,0,42,0.001508
1686,data/bench/ITC99_all_numeric/b06.bench,18,3,False,0,7,15,0,31,0.000866
1687,data/bench/ITC99_all_numeric/b06.bench,18,4,False,0,7,15,0,31,0.000865
1688,data/bench/ITC99_all_numeric/b06.bench,19,3,False,0,13,27,0,63,0.001584
1689,data/bench/ITC99_all_numeric/b06.bench,19,4,False,0,13,27,0,63,0.001577
1690,data/bench/ITC99_all_numeric/b06.bench,20,3,False,0,4,9,0,16,0.000531
1691,data/bench/ITC99_all_numeric/b06.bench,20,4,False,0,4,9,0,16,0.000526
1692,data/bench/ITC99_all_numeric/b06.bench,21,3,True,1,0,2,0,1,8.2e-05
1693,data/bench/ITC99_all_numeric/b06.bench,21,4,True,1,0,3,0,2,0.000213
1694,data/bench/ITC99_all_numeric/b06.bench,22,3,True,1,0,2,0,2,7e-05
1695,data/bench/ITC99_all_numeric/b06.bench,22,4,True,1,0,4,0,8,0.000104
1696,data/bench/ITC99_all_numeric/b06.bench,23,3,True,1,0,3,0,2,8e-05
1697,data/bench/ITC99_all_numeric/b06.bench,23,4,True,1,0,4,0,4,9.7e-05
1698,data/bench/ITC99_all_numeric/b06.bench,24,3,True,1,0,2,0,1,4.6e-05
1699,data/bench/ITC99_all_numeric/b06.bench,24,4,True,1,0,4,0,7,9.8e-05
1700,data/bench/ITC99_all_numeric/b06.bench,25,3,True,1,0,2,0,1,0.000121
1701,data/bench/ITC99_all_numeric/b06.bench,25,4,True,1,0,4,0,4,0.000105
1702,data/bench/ITC99_all_numeric/b06.bench,26,3,True,1,0,2,0,1,4.9e-05
1703,data/bench/ITC99_all_numeric/b06.bench,26,4,True,1,0,5,0,7,0.000132
1704,data/bench/ITC99_all_numeric/b06.bench,27,3,True,1,0,3,0,1,7.6e-05
1705,data/bench/ITC99_all_numeric/b06.bench,27,4,True,1,0,4,0,2,0.000101
1706,data/bench/ITC99_all_numeric/b06.bench,28,3,True,1,0,2,0,1,4.7e-05
1707,data/bench/ITC99_all_numeric/b06.bench,28,4,True,1,0,3,0,4,7.3e-05
1708,data/bench/ITC99_all_numeric/b06.bench,29,3,True,1,0,2,0,2,5.4e-05
1709,data/bench/ITC99_all_numeric/b06.bench,29,4,True,1,0,5,0,13,0.000132
1710,data/bench/ITC99_all_numeric/b06.bench,30,3,True,1,0,2,0,1,4.9e-05
1711,data/bench/ITC99_all_numeric/b06.bench,30,4,True,1,0,3,0,2,7.3e-05
1712,data/bench/ITC99_all_numeric/b06.bench,31,3,True,1,0,3,0,1,7.4e-05
1713,data/bench/ITC99_all_numeric/b06.bench,31,4,True,1,0,4,0,2,0.000105
1714,data/bench/ITC99_all_numeric/b06.bench,32,3,True,1,0,2,0,1,4.8e-05
1715,data/bench/ITC99_all_numeric/b06.bench,32,4,True,1,0,3,0,3,7.2e-05
1716,data/bench/ITC99_all_numeric/b06.bench,33,3,True,1,0,2,0,1,4.6e-05
1717,data/bench/ITC99_all_numeric/b06.bench,33,4,True,1,0,3,0,3,7.3e-05
1718,data/bench/ITC99_all_numeric/b06.bench,34,3,True,1,0,2,0,1,4.6e-05
1719,data/bench/ITC99_all_numeric/b06.bench,34,4,True,1,0,3,0,4,7.3e-05
1720,data/bench/ITC99_all_numeric/b06.bench,35,3,True,1,0,3,0,2,8.6e-05
1721,data/bench/ITC99_all_numeric/b06.bench,35,4,True,1,0,5,0,6,0.000118
1722,data/bench/ITC99_all_numeric/b06.bench,36,3,True,1,0,2,0,2,4.8e-05
1723,data/bench/ITC99_all_numeric/b06.bench,36,4,True,1,0,4,0,8,0.0001
1724,data/bench/ITC99_all_numeric/b06.bench,37,3,True,1,0,2,0,1,4.7e-05
1725,data/bench/ITC99_all_numeric/b06.bench,37,4,True,1,0,3,0,2,0.000175
1726,data/bench/ITC99_all_numeric/b06.bench,38,3,True,1,0,2,0,1,8.2e-05
1727,data/bench/ITC99_all_numeric/b06.bench,38,4,True,1,0,4,0,7,0.000108
1728,data/bench/ITC99_all_numeric/b06.bench,39,3,True,1,0,2,0,1,5.1e-05
1729,data/bench/ITC99_all_numeric/b06.bench,39,4,True,1,0,3,0,3,7.8e-05
1730,data/bench/ITC99_all_numeric/b06.bench,40,3,True,1,0,2,0,1,5e-05
1731,data/bench/ITC99_all_numeric/b06.bench,40,4,True,1,0,5,0,9,0.000194
1732,data/bench/ITC99_all_numeric/b06.bench,41,3,True,1,0,5,0,3,0.000121
1733,data/bench/ITC99_all_numeric/b06.bench,41,4,True,1,0,3,0,1,7.5e-05
1734,data/bench/ITC99_all_numeric/b06.bench,42,3,True,1,0,3,0,1,7e-05
1735,data/bench/ITC99_all_numeric/b06.bench,42,4,True,1,0,3,0,1,8e-05
1736,data/bench/ITC99_all_numeric/b06.bench,43,3,True,1,0,5,0,3,0.00012
1737,data/bench/ITC99_all_numeric/b06.bench,43,4,True,1,0,5,0,3,0.00012
1738,data/bench/ITC99_all_numeric/b06.bench,44,3,True,1,0,4,0,1,9.1e-05
1739,data/bench/ITC99_all_numeric/b06.bench,44,4,True,1,0,4,0,1,9.1e-05
1740,data/bench/ITC99_all_numeric/b06.bench,45,3,True,1,0,5,0,3,0.000118
1741,data/bench/ITC99_all_numeric/b06.bench,45,4,True,1,0,5,0,3,0.000118
1742,data/bench/ITC99_all_numeric/b06.bench,46,3,True,1,0,4,0,4,9.7e-05
1743,data/bench/ITC99_all_numeric/b06.bench,46,4,True,1,0,3,0,2,7.4e-05
1744,data/bench/ITC99_all_numeric/b06.bench,47,3,True,1,0,4,0,4,9.8e-05
1745,data/bench/ITC99_all_numeric/b06.bench,47,4,True,1,0,3,0,2,7.1e-05
1746,data/bench/ITC99_all_numeric/b06.bench,48,3,True,1,0,5,0,9,0.00012
1747,data/bench/ITC99_all_numeric/b06.bench,48,4,True,1,0,3,0,3,7.4e-05
1748,data/bench/ITC99_all_numeric/b06.bench,49,3,True,1,0,4,0,2,0.000147
1749,data/bench/ITC99_all_numeric/b06.bench,49,4,True,1,0,5,0,3,0.000206
1750,data/bench/ITC99_all_numeric/b06.bench,50,3,True,1,0,3,0,1,0.000217
1751,data/bench/ITC99_all_numeric/b06.bench,50,4,True,1,0,4,0,3,0.000107
1752,data/bench/ITC99_all_numeric/b07.bench,1,3,True,1,0,4,0,1,0.000515
1753,data/bench/ITC99_all_numeric/b07.bench,1,4,True,1,0,4,0,1,0.000359
1754,data/bench/ITC99_all_numeric/b07.bench,2,3,False,3,0,10001,0,0,0.732754
1755,data/bench/ITC99_all_numeric/b07.bench,2,4,False,3,0,10001,0,0,0.756249
1756,data/bench/ITC99_all_numeric/b07.bench,3,4,False,3,0,10001,0,0,0.745775
1757,data/bench/ITC99_all_numeric/b07.bench,4,4,False,3,0,10001,0,0,0.767322
1758,data/bench/ITC99_all_numeric/b07.bench,5,4,False,3,0,10001,0,0,0.75151
1759,data/bench/ITC99_all_numeric/b07.bench,6,4,False,3,0,10001,0,0,0.752023
1760,data/bench/ITC99_all_numeric/b07.bench,9,3,False,3,0,10001,0,0,0.761575
1761,data/bench/ITC99_all_numeric/b07.bench,9,4,False,3,0,10001,0,0,0.76536
1762,data/bench/ITC99_all_numeric/b07.bench,10,3,False,3,0,10001,0,0,0.749744
1763,data/bench/ITC99_all_numeric/b07.bench,10,4,False,3,0,10001,0,0,0.748791
1764,data/bench/ITC99_all_numeric/b07.bench,11,3,False,3,0,10001,0,0,0.750118
1765,data/bench/ITC99_all_numeric/b07.bench,11,4,False,3,0,10001,0,0,0.772019
1766,data/bench/ITC99_all_numeric/b07.bench,12,3,False,3,0,10001,0,0,0.746578
1767,data/bench/ITC99_all_numeric/b07.bench,13,3,False,3,0,10001,0,0,0.748839
1768,data/bench/ITC99_all_numeric/b07.bench,13,4,False,3,0,10001,0,0,0.750691
1769,data/bench/ITC99_all_numeric/b07.bench,14,3,False,3,0,10001,0,0,0.774419
1770,data/bench/ITC99_all_numeric/b07.bench,14,4,False,3,0,10001,0,0,0.749363
1771,data/bench/ITC99_all_numeric/b07.bench,15,3,False,3,0,10001,0,0,0.748235
1772,data/bench/ITC99_all_numeric/b07.bench,15,4,False,3,0,10001,0,0,0.767201
1773,data/bench/ITC99_all_numeric/b07.bench,16,4,False,3,0,10001,0,0,0.750196
1774,data/bench/ITC99_all_numeric/b07.bench,17,4,False,3,0,10001,0,0,0.751423
1775,data/bench/ITC99_all_numeric/b07.bench,18,3,True,1,0,6,0,3,0.000596
1776,data/bench/ITC99_all_numeric/b07.bench,18,4,True,1,0,6,0,3,0.000518
1777,data/bench/ITC99_all_numeric/b07.bench,19,3,True,1,0,6,0,3,0.000513
1778,data/bench/ITC99_all_numeric/b07.bench,19,4,True,1,0,6,0,3,0.000556
1779,data/bench/ITC99_all_numeric/b07.bench,20,3,True,1,0,6,0,3,0.000517
1780,data/bench/ITC99_all_numeric/b07.bench,21,3,True,1,0,6,0,3,0.000512
1781,data/bench/ITC99_all_numeric/b07.bench,22,3,True,1,0,6,0,4,0.000523
1782,data/bench/ITC99_all_numeric/b07.bench,23,3,True,1,0,5,0,2,0.00043
1783,data/bench/ITC99_all_numeric/b07.bench,23,4,True,1,0,5,0,2,0.000477
1784,data/bench/ITC99_all_numeric/b07.bench,24,3,True,1,0,5,0,2,0.000438
1785,data/bench/ITC99_all_numeric/b07.bench,24,4,True,1,0,5,0,2,0.000435
1786,data/bench/ITC99_all_numeric/b07.bench,25,4,True,1,0,5,0,3,0.000436
1787,data/bench/ITC99_all_numeric/b07.bench,26,3,True,1,0,5,0,0,0.000484
1788,data/bench/ITC99_all_numeric/b07.bench,27,4,True,1,0,5,0,0,0.000436
1789,data/bench/ITC99_all_numeric/b07.bench,28,3,True,1,0,5,0,0,0.000431
1790,data/bench/ITC99_all_numeric/b07.bench,28,4,True,1,0,5,0,0,0.000434
1791,data/bench/ITC99_all_numeric/b07.bench,29,4,True,1,0,5,0,0,0.00043
1792,data/bench/ITC99_all_numeric/b07.bench,31,4,True,1,0,2,0,0,0.000198
1793,data/bench/ITC99_all_numeric/b07.bench,32,3,True,1,0,3,0,1,0.000313
1794,data/bench/ITC99_all_numeric/b07.bench,32,4,True,1,0,3,0,1,0.000277
1795,data/bench/ITC99_all_numeric/b07.bench,33,3,True,1,0,2,0,0,0.000199
1796,data/bench/ITC99_all_numeric/b07.bench,33,4,True,1,0,2,0,0,0.0002
1797,data/bench/ITC99_all_numeric/b07.bench,34,3,True,1,0,4,0,4,0.000345
1798,data/bench/ITC99_all_numeric/b07.bench,34,4,True,1,0,4,0,4,0.000348
1799,data/bench/ITC99_all_numeric/b07.bench,35,3,True,1,0,4,0,4,0.000347
1800,data/bench/ITC99_all_numeric/b07.bench,35,4,True,1,0,4,0,4,0.000473
1801,data/bench/ITC99_all_numeric/b07.bench,36,4,True,1,0,4,0,4,0.000368
1802,data/bench/ITC99_all_numeric/b07.bench,37,3,True,1,0,3,0,1,0.00028
1803,data/bench/ITC99_all_numeric/b07.bench,37,4,True,1,0,3,0,1,0.000282
1804,data/bench/ITC99_all_numeric/b07.bench,38,3,True,1,0,3,0,1,0.000281
1805,data/bench/ITC99_all_numeric/b07.bench,39,4,True,1,0,3,0,1,0.000284
1806,data/bench/ITC99_all_numeric/b07.bench,40,4,True,1,0,3,0,1,0.000279
1807,data/bench/ITC99_all_numeric/b07.bench,41,3,True,1,0,3,0,1,0.00028
1808,data/bench/ITC99_all_numeric/b07.bench,42,4,True,1,0,3,0,1,0.000286
1809,data/bench/ITC99_all_numeric/b07.bench,43,3,True,1,0,3,0,1,0.000289
1810,data/bench/ITC99_all_numeric/b07.bench,45,3,True,1,0,4,0,4,0.000348
1811,data/bench/ITC99_all_numeric/b07.bench,45,4,True,1,0,4,0,4,0.000347
1812,data/bench/ITC99_all_numeric/b07.bench,46,3,True,1,0,4,0,4,0.000344
1813,data/bench/ITC99_all_numeric/b07.bench,46,4,True,1,0,4,0,4,0.000349
1814,data/bench/ITC99_all_numeric/b07.bench,47,4,True,1,0,4,0,4,0.00035
1815,data/bench/ITC99_all_numeric/b07.bench,48,3,True,1,0,3,0,0,0.000275
1816,data/bench/ITC99_all_numeric/b07.bench,48,4,True,1,0,3,0,0,0.000274
1817,data/bench/ITC99_all_numeric/b07.bench,49,3,True,1,0,3,0,0,0.000275
1818,data/bench/ITC99_all_numeric/b07.bench,49,4,True,1,0,3,0,0,0.000276
1819,data/bench/ITC99_all_numeric/b07.bench,50,3,True,1,0,4,0,1,0.000359
1820,data/bench/ITC99_all_numeric/b07.bench,50,4,True,1,0,4,0,1,0.000364
1821,data/bench/ITC99_all_numeric/b07.bench,51,3,False,0,719,1439,0,18130,0.155252
1822,data/bench/ITC99_all_numeric/b07.bench,51,4,False,0,719,1439,0,18130,0.15666
1823,data/bench/ITC99_all_numeric/b07.bench,52,3,False,0,719,1439,0,18130,0.155368
1824,data/bench/ITC99_all_numeric/b07.bench,53,3,False,0,719,1439,0,18130,0.155157
1825,data/bench/ITC99_all_numeric/b07.bench,53,4,False,0,719,1439,0,18130,0.156986
1826,data/bench/ITC99_all_numeric/b07.bench,54,3,False,0,719,1439,0,18130,0.156803
1827,data/bench/ITC99_all_numeric/b07.bench,56,3,False,0,719,1439,0,18130,0.159707
1828,data/bench/ITC99_all_numeric/b07.bench,57,3,False,0,719,1439,0,18130,0.156605
1829,data/bench/ITC99_all_numeric/b07.bench,57,4,False,0,719,1439,0,18130,0.171157
1830,data/bench/ITC99_all_numeric/b07.bench,58,3,False,0,719,1439,0,18130,0.15702
1831,data/bench/ITC99_all_numeric/b07.bench,58,4,False,0,719,1439,0,18130,0.156734
1832,data/bench/ITC99_all_numeric/b07.bench,59,4,False,0,799,1599,0,11964,0.164839
1833,data/bench/ITC99_all_numeric/b07.bench,60,3,False,0,799,1599,0,11964,0.165235
1834,data/bench/ITC99_all_numeric/b07.bench,60,4,False,0,799,1599,0,11964,0.165465
1835,data/bench/ITC99_all_numeric/b07.bench,61,3,False,0,799,1599,0,11964,0.165037
1836,data/bench/ITC99_all_numeric/b07.bench,61,4,False,0,799,1599,0,11964,0.165067
1837,data/bench/ITC99_all_numeric/b07.bench,62,4,False,0,799,1599,0,11964,0.165287
1838,data/bench/ITC99_all_numeric/b07.bench,63,3,False,0,799,1599,0,11964,0.164546
1839,data/bench/ITC99_all_numeric/b07.bench,63,4,False,0,799,1599,0,11964,0.164478
1840,data/bench/ITC99_all_numeric/b07.bench,64,4,False,0,799,1599,0,11964,0.16546
1841,data/bench/ITC99_all_numeric/b07.bench,65,3,False,0,799,1599,0,11964,0.16186
1842,data/bench/ITC99_all_numeric/b07.bench,65,4,False,0,799,1599,0,11964,0.164844
1843,data/bench/ITC99_all_numeric/b07.bench,66,4,False,0,799,1599,0,11964,0.164379
1844,data/bench/ITC99_all_numeric/b07.bench,67,3,False,0,359,719,0,5463,0.072179
1845,data/bench/ITC99_all_numeric/b07.bench,67,4,False,0,359,719,0,5463,0.072126
1846,data/bench/ITC99_all_numeric/b07.bench,68,3,False,0,359,719,0,5463,0.071629
1847,data/bench/ITC99_all_numeric/b07.bench,68,4,False,0,359,719,0,5463,0.071691
1848,data/bench/ITC99_all_numeric/b07.bench,69,3,False,0,359,719,0,5463,0.071787
1849,data/bench/ITC99_all_numeric/b07.bench,70,3,False,0,359,719,0,5463,0.071246
1850,data/bench/ITC99_all_numeric/b07.bench,71,3,False,0,35,71,0,400,0.007475
1851,data/bench/ITC99_all_numeric/b07.bench,71,4,False,0,35,71,0,400,0.007357
1852,data/bench/ITC99_all_numeric/b07.bench,72,3,False,0,359,719,0,5744,0.072297
1853,data/bench/ITC99_all_numeric/b07.bench,72,4,False,0,359,719,0,5744,0.072055
1854,data/bench/ITC99_all_numeric/b07.bench,73,3,False,0,479,959,0,7532,0.095193
1855,data/bench/ITC99_all_numeric/b07.bench,74,3,False,0,359,719,0,5932,0.073639
1856,data/bench/ITC99_all_numeric/b07.bench,75,3,False,0,9,19,0,90,0.002031
1857,data/bench/ITC99_all_numeric/b07.bench,75,4,False,0,9,19,0,90,0.002006
1858,data/bench/ITC99_all_numeric/b07.bench,76,3,False,0,9,19,0,90,0.00202
1859,data/bench/ITC99_all_numeric/b07.bench,76,4,False,0,9,19,0,90,0.002014
1860,data/bench/ITC99_all_numeric/b07.bench,77,3,False,0,9,19,0,90,0.002016
1861,data/bench/ITC99_all_numeric/b07.bench,77,4,False,0,9,19,0,90,0.002056
1862,data/bench/ITC99_all_numeric/b07.bench,79,3,False,0,9,19,0,90,0.002001
1863,data/bench/ITC99_all_numeric/b07.bench,80,3,False,0,9,19,0,90,0.001997
1864,data/bench/ITC99_all_numeric/b07.bench,80,4,False,0,9,19,0,90,0.002009
1865,data/bench/ITC99_all_numeric/b07.bench,81,3,False,0,9,19,0,90,0.002033
1866,data/bench/ITC99_all_numeric/b07.bench,81,4,False,0,9,19,0,90,0.002007
1867,data/bench/ITC99_all_numeric/b07.bench,83,4,False,0,11,23,0,84,0.002377
1868,data/bench/ITC99_all_numeric/b07.bench,84,3,False,0,11,23,0,84,0.00237
1869,data/bench/ITC99_all_numeric/b07.bench,84,4,False,0,11,23,0,84,0.002381
1870,data/bench/ITC99_all_numeric/b07.bench,85,3,False,0,11,23,0,84,0.002385
1871,data/bench/ITC99_all_numeric/b07.bench,85,4,False,0,11,23,0,84,0.002382
1872,data/bench/ITC99_all_numeric/b07.bench,86,3,False,0,1871,3743,0,50882,0.405396
1873,data/bench/ITC99_all_numeric/b07.bench,86,4,False,0,1871,3743,0,50882,0.405224
1874,data/bench/ITC99_all_numeric/b07.bench,88,4,False,0,32,65,0,480,0.007279
1875,data/bench/ITC99_all_numeric/b07.bench,89,3,False,0,1871,3743,0,43406,0.393844
1876,data/bench/ITC99_all_numeric/b07.bench,90,3,False,0,1871,3743,0,50882,0.407385
1877,data/bench/ITC99_all_numeric/b07.bench,90,4,False,0,1871,3743,0,50882,0.402182
1878,data/bench/ITC99_all_numeric/b07.bench,91,3,False,0,1871,3743,0,50882,0.404344
1879,data/bench/ITC99_all_numeric/b07.bench,91,4,False,0,1871,3743,0,50882,0.410178
1880,data/bench/ITC99_all_numeric/b07.bench,92,3,False,0,1871,3743,0,50882,0.403955
1881,data/bench/ITC99_all_numeric/b07.bench,93,3,False,0,11,23,0,84,0.002406
1882,data/bench/ITC99_all_numeric/b07.bench,93,4,False,0,11,23,0,84,0.002379
1883,data/bench/ITC99_all_numeric/b07.bench,94,3,False,0,11,23,0,84,0.002365
1884,data/bench/ITC99_all_numeric/b07.bench,94,4,False,0,11,23,0,84,0.002372
1885,data/bench/ITC99_all_numeric/b07.bench,95,3,False,0,11,23,0,84,0.002366
1886,data/bench/ITC99_all_numeric/b07.bench,95,4,False,0,11,23,0,84,0.00237
1887,data/bench/ITC99_all_numeric/b07.bench,96,4,False,0,11,23,0,84,0.002363
1888,data/bench/ITC99_all_numeric/b07.bench,97,3,False,0,575,1151,0,9888,0.115294
1889,data/bench/ITC99_all_numeric/b07.bench,97,4,False,0,575,1151,0,9888,0.115761
1890,data/bench/ITC99_all_numeric/b07.bench,98,3,False,0,431,863,0,8286,0.08966
1891,data/bench/ITC99_all_numeric/b07.bench,98,4,False,0,431,863,0,8286,0.089471
1892,data/bench/ITC99_all_numeric/b07.bench,99,3,False,0,575,1151,0,9891,0.115559
1893,data/bench/ITC99_all_numeric/b07.bench,99,4,False,0,575,1151,0,9891,0.115896
1894,data/bench/ITC99_all_numeric/b07.bench,100,3,False,0,575,1151,0,9908,0.118329
1895,data/bench/ITC99_all_numeric/b07.bench,100,4,False,0,575,1151,0,9908,0.117805
1896,data/bench/ITC99_all_numeric/b07.bench,101,4,False,0,575,1151,0,8757,0.116307
1897,data/bench/ITC99_all_numeric/b07.bench,102,3,False,0,34,69,0,199,0.00695
1898,data/bench/ITC99_all_numeric/b07.bench,102,4,False,0,34,69,0,199,0.006879
1899,data/bench/ITC99_all_numeric/b07.bench,104,3,False,0,503,1007,0,8681,0.100863
1900,data/bench/ITC99_all_numeric/b07.bench,104,4,False,0,503,1007,0,8681,0.101772
1901,data/bench/ITC99_all_numeric/b07.bench,105,4,False,0,399,799,0,4379,0.07886
1902,data/bench/ITC99_all_numeric/b07.bench,106,4,False,0,399,799,0,3584,0.078763
1903,data/bench/ITC99_all_numeric/b07.bench,107,3,False,0,359,719,0,7626,0.075961
1904,data/bench/ITC99_all_numeric/b07.bench,107,4,False,0,359,719,0,7626,0.075679
1905,data/bench/ITC99_all_numeric/b07.bench,108,3,False,0,79,159,0,237,0.016103
1906,data/bench/ITC99_all_numeric/b07.bench,109,4,False,0,359,719,0,7626,0.075164
1907,data/bench/ITC99_all_numeric/b07.bench,110,3,False,0,79,159,0,396,0.016306
1908,data/bench/ITC99_all_numeric/b07.bench,111,3,False,0,6,13,0,32,0.001348
1909,data/bench/ITC99_all_numeric/b07.bench,112,3,False,0,4,9,0,17,0.000923
1910,data/bench/ITC99_all_numeric/b07.bench,112,4,False,0,4,9,0,17,0.000949
1911,data/bench/ITC99_all_numeric/b07.bench,113,3,True,1,0,3,0,1,0.000281
1912,data/bench/ITC99_all_numeric/b07.bench,113,4,True,1,0,4,0,2,0.000349
1913,data/bench/ITC99_all_numeric/b07.bench,114,4,False,0,4,9,0,24,0.000943
1914,data/bench/ITC99_all_numeric/b07.bench,115,3,True,1,0,3,0,1,0.000275
1915,data/bench/ITC99_all_numeric/b07.bench,115,4,True,1,0,3,0,1,0.000267
1916,data/bench/ITC99_all_numeric/b07.bench,116,3,False,0,359,719,0,4763,0.070495
1917,data/bench/ITC99_all_numeric/b07.bench,116,4,False,0,359,719,0,4763,0.070195
1918,data/bench/ITC99_all_numeric/b07.bench,117,3,False,0,359,719,0,4048,0.069887
1919,data/bench/ITC99_all_numeric/b07.bench,117,4,False,0,359,719,0,4048,0.070419
1920,data/bench/ITC99_all_numeric/b07.bench,118,3,True,1,0,4,0,3,0.00039
1921,data/bench/ITC99_all_numeric/b07.bench,118,4,True,1,0,5,0,4,0.000427
1922,data/bench/ITC99_all_numeric/b07.bench,119,4,True,1,0,3,0,2,0.000278
1923,data/bench/ITC99_all_numeric/b07.bench,122,3,False,0,215,431,0,2859,0.045326
1924,data/bench/ITC99_all_numeric/b07.bench,122,4,False,0,215,431,0,2859,0.04414
1925,data/bench/ITC99_all_numeric/b07.bench,123,3,False,0,107,215,0,1214,0.022607
1926,data/bench/ITC99_all_numeric/b07.bench,123,4,False,0,107,215,0,1214,0.021721
1927,data/bench/ITC99_all_numeric/b07.bench,125,3,True,1,0,2,0,1,0.000201
1928,data/bench/ITC99_all_numeric/b07.bench,125,4,True,1,0,3,0,3,0.000275
1929,data/bench/ITC99_all_numeric/b07.bench,126,4,False,0,215,431,0,2859,0.044343
1930,data/bench/ITC99_all_numeric/b07.bench,127,3,False,0,575,1151,0,8757,0.117292
1931,data/bench/ITC99_all_numeric/b07.bench,129,4,False,0,215,431,0,2859,0.044416
1932,data/bench/ITC99_all_numeric/b07.bench,130,3,False,0,575,1151,0,8757,0.116627
1933,data/bench/ITC99_all_numeric/b07.bench,131,3,True,1,0,2,0,1,0.000209
1934,data/bench/ITC99_all_numeric/b07.bench,132,3,False,0,215,431,0,2859,0.044523
1935,data/bench/ITC99_all_numeric/b07.bench,132,4,False,0,215,431,0,2859,0.044471
1936,data/bench/ITC99_all_numeric/b07.bench,133,3,False,0,575,1151,0,8757,0.118913
1937,data/bench/ITC99_all_numeric/b07.bench,134,4,True,1,0,3,0,3,0.000308
1938,data/bench/ITC99_all_numeric/b07.bench,136,3,False,0,575,1151,0,8757,0.122851
1939,data/bench/ITC99_all_numeric/b07.bench,136,4,False,0,575,1151,0,8757,0.11763
1940,data/bench/ITC99_all_numeric/b07.bench,137,3,True,1,0,2,0,1,0.000234
1941,data/bench/ITC99_all_numeric/b07.bench,137,4,True,1,0,3,0,3,0.000275
1942,data/bench/ITC99_all_numeric/b07.bench,138,4,False,0,215,431,0,2859,0.044557
1943,data/bench/ITC99_all_numeric/b07.bench,140,3,True,1,0,2,0,1,0.000211
1944,data/bench/ITC99_all_numeric/b07.bench,142,3,True,1,0,2,0,1,0.000194
1945,data/bench/ITC99_all_numeric/b07.bench,144,3,False,0,24,49,0,95,0.004896
1946,data/bench/ITC99_all_numeric/b07.bench,144,4,False,0,24,49,0,95,0.004891
1947,data/bench/ITC99_all_numeric/b07.bench,145,3,True,1,0,2,0,1,0.000198
1948,data/bench/ITC99_all_numeric/b07.bench,145,4,True,1,0,4,0,7,0.000356
1949,data/bench/ITC99_all_numeric/b07.bench,146,3,True,1,0,2,0,1,0.0002
1950,data/bench/ITC99_all_numeric/b07.bench,147,3,True,1,0,2,0,1,0.000266
1951,data/bench/ITC99_all_numeric/b07.bench,147,4,True,1,0,4,0,7,0.000396
1952,data/bench/ITC99_all_numeric/b07.bench,148,3,False,0,24,49,0,95,0.00494
1953,data/bench/ITC99_all_numeric/b07.bench,148,4,False,0,24,49,0,95,0.004912
1954,data/bench/ITC99_all_numeric/b07.bench,149,3,True,1,0,2,0,1,0.000196
1955,data/bench/ITC99_all_numeric/b07.bench,149,4,True,1,0,4,0,7,0.000345
1956,data/bench/ITC99_all_numeric/b07.bench,150,3,True,1,0,2,0,1,0.0002
1957,data/bench/ITC99_all_numeric/b07.bench,150,4,True,1,0,3,0,3,0.000267
1958,data/bench/ITC99_all_numeric/b07.bench,151,3,True,1,0,2,0,1,0.00019
1959,data/bench/ITC99_all_numeric/b07.bench,151,4,True,1,0,4,0,7,0.000348
1960,data/bench/ITC99_all_numeric/b07.bench,153,3,True,1,0,2,0,1,0.0002
1961,data/bench/ITC99_all_numeric/b07.bench,155,4,True,1,0,4,0,7,0.00035
1962,data/bench/ITC99_all_numeric/b07.bench,156,4,False,0,24,49,0,95,0.005043
1963,data/bench/ITC99_all_numeric/b07.bench,157,4,True,1,0,4,0,7,0.000388
1964,data/bench/ITC99_all_numeric/b07.bench,159,3,True,1,0,2,0,1,0.000206
1965,data/bench/ITC99_all_numeric/b07.bench,159,4,True,1,0,4,0,7,0.000359
1966,data/bench/ITC99_all_numeric/b07.bench,160,3,False,0,24,49,0,95,0.005074
1967,data/bench/ITC99_all_numeric/b07.bench,160,4,False,0,24,49,0,95,0.004874
1968,data/bench/ITC99_all_numeric/b07.bench,161,4,True,1,0,4,0,7,0.000361
1969,data/bench/ITC99_all_numeric/b07.bench,162,3,True,1,0,2,0,1,0.000195
1970,data/bench/ITC99_all_numeric/b07.bench,163,4,True,1,0,4,0,7,0.000357
1971,data/bench/ITC99_all_numeric/b07.bench,164,3,False,0,24,49,0,95,0.004851
1972,data/bench/ITC99_all_numeric/b07.bench,164,4,False,0,24,49,0,95,0.004818
1973,data/bench/ITC99_all_numeric/b07.bench,165,4,True,1,0,4,0,7,0.000348
1974,data/bench/ITC99_all_numeric/b07.bench,166,3,True,1,0,2,0,1,0.000195
1975,data/bench/ITC99_all_numeric/b07.bench,166,4,True,1,0,3,0,3,0.000356
1976,data/bench/ITC99_all_numeric/b07.bench,167,3,True,1,0,2,0,1,0.000209
1977,data/bench/ITC99_all_numeric/b07.bench,167,4,True,1,0,4,0,7,0.000358
1978,data/bench/ITC99_all_numeric/b07.bench,168,3,False,0,34,69,0,130,0.006818
1979,data/bench/ITC99_all_numeric/b07.bench,168,4,False,0,34,69,0,130,0.006789
1980,data/bench/ITC99_all_numeric/b07.bench,169,3,True,1,0,2,0,1,0.000212
1981,data/bench/ITC99_all_numeric/b07.bench,169,4,True,1,0,3,0,3,0.000276
1982,data/bench/ITC99_all_numeric/b07.bench,170,3,True,1,0,2,0,1,0.000193
1983,data/bench/ITC99_all_numeric/b07.bench,171,4,True,1,0,4,0,7,0.000351
1984,data/bench/ITC99_all_numeric/b07.bench,172,3,True,1,0,2,0,1,0.000198
1985,data/bench/ITC99_all_numeric/b07.bench,173,3,True,1,0,3,0,1,0.000279
1986,data/bench/ITC99_all_numeric/b07.bench,174,3,False,0,287,575,0,4369,0.059152
1987,data/bench/ITC99_all_numeric/b07.bench,174,4,False,0,287,575,0,4369,0.059561
1988,data/bench/ITC99_all_numeric/b07.bench,175,3,False,0,431,863,0,7423,0.088327
1989,data/bench/ITC99_all_numeric/b07.bench,175,4,False,0,431,863,0,7423,0.092452
1990,data/bench/ITC99_all_numeric/b07.bench,176,3,True,1,0,2,0,2,0.000236
1991,data/bench/ITC99_all_numeric/b07.bench,176,4,True,1,0,4,0,6,0.000355
1992,data/bench/ITC99_all_numeric/b07.bench,177,3,True,1,0,3,0,1,0.000275
1993,data/bench/ITC99_all_numeric/b07.bench,177,4,True,1,0,4,0,2,0.00035
1994,data/bench/ITC99_all_numeric/b07.bench,178,3,True,1,0,3,0,1,0.000272
1995,data/bench/ITC99_all_numeric/b07.bench,178,4,True,1,0,4,0,2,0.000345
1996,data/bench/ITC99_all_numeric/b07.bench,179,3,False,0,287,575,0,4376,0.059165
1997,data/bench/ITC99_all_numeric/b07.bench,179,4,False,0,287,575,0,4376,0.059453
1998,data/bench/ITC99_all_numeric/b07.bench,180,3,False,0,5,11,0,41,0.001187
1999,data/bench/ITC99_all_numeric/b07.bench,181,4,False,0,11,23,0,61,0.002359
2000,data/bench/ITC99_all_numeric/b07.bench,182,3,False,0,11,23,0,61,0.00244
2001,data/bench/ITC99_all_numeric/b07.bench,183,3,False,0,11,23,0,61,0.002326
2002,data/bench/ITC99_all_numeric/b07.bench,184,4,False,0,11,23,0,61,0.002331
2003,data/bench/ITC99_all_numeric/b07.bench,185,3,False,0,9,19,0,71,0.001954
2004,data/bench/ITC99_all_numeric/b07.bench,185,4,False,0,9,19,0,71,0.001973
2005,data/bench/ITC99_all_numeric/b07.bench,186,3,False,0,7,15,0,83,0.001665
2006,data/bench/ITC99_all_numeric/b07.bench,186,4,False,0,7,15,0,83,0.001632
2007,data/bench/ITC99_all_numeric/b07.bench,187,4,False,0,6,13,0,45,0.001324
2008,data/bench/ITC99_all_numeric/b07.bench,188,3,False,0,9,19,0,71,0.001947
2009,data/bench/ITC99_all_numeric/b07.bench,188,4,False,0,9,19,0,71,0.001961
2010,data/bench/ITC99_all_numeric/b07.bench,189,3,False,0,11,23,0,106,0.002469
2011,data/bench/ITC99_all_numeric/b07.bench,190,3,False,0,6,13,0,45,0.001351
2012,data/bench/ITC99_all_numeric/b07.bench,190,4,False,0,6,13,0,45,0.001338
2013,data/bench/ITC99_all_numeric/b07.bench,191,3,False,0,9,19,0,71,0.001976
2014,data/bench/ITC99_all_numeric/b07.bench,192,3,False,0,4,9,0,33,0.000957
2015,data/bench/ITC99_all_numeric/b07.bench,193,4,False,0,6,13,0,45,0.001343
2016,data/bench/ITC99_all_numeric/b07.bench,194,3,False,0,9,19,0,71,0.001973
2017,data/bench/ITC99_all_numeric/b07.bench,194,4,False,0,9,19,0,71,0.001974
2018,data/bench/ITC99_all_numeric/b07.bench,195,4,False,0,4,9,0,33,0.000954
2019,data/bench/ITC99_all_numeric/b07.bench,196,4,False,0,6,13,0,45,0.001387
2020,data/bench/ITC99_all_numeric/b07.bench,197,3,False,0,9,19,0,71,0.002021
2021,data/bench/ITC99_all_numeric/b07.bench,198,3,False,0,6,13,0,45,0.001404
2022,data/bench/ITC99_all_numeric/b07.bench,201,4,False,0,9,19,0,71,0.001983
2023,data/bench/ITC99_all_numeric/b07.bench,202,3,False,0,6,13,0,45,0.001356
2024,data/bench/ITC99_all_numeric/b07.bench,202,4,False,0,6,13,0,45,0.001357
2025,data/bench/ITC99_all_numeric/b07.bench,203,3,False,0,9,19,0,71,0.002163
2026,data/bench/ITC99_all_numeric/b07.bench,204,3,False,0,6,13,0,45,0.001365
2027,data/bench/ITC99_all_numeric/b07.bench,205,4,False,0,359,719,0,4767,0.075517
2028,data/bench/ITC99_all_numeric/b07.bench,206,3,False,0,799,1599,0,10365,0.165119
2029,data/bench/ITC99_all_numeric/b07.bench,206,4,False,0,799,1599,0,10365,0.165285
2030,data/bench/ITC99_all_numeric/b07.bench,207,3,False,0,399,799,0,5178,0.082021
2031,data/bench/ITC99_all_numeric/b07.bench,207,4,False,0,399,799,0,5178,0.081341
2032,data/bench/ITC99_all_numeric/b07.bench,208,4,False,0,799,1599,0,10365,0.165091
2033,data/bench/ITC99_all_numeric/b07.bench,209,3,False,0,399,799,0,5178,0.081411
2034,data/bench/ITC99_all_numeric/b07.bench,209,4,False,0,399,799,0,5178,0.081084
2035,data/bench/ITC99_all_numeric/b07.bench,210,3,False,0,799,1599,0,10365,0.163994
2036,data/bench/ITC99_all_numeric/b07.bench,210,4,False,0,799,1599,0,10365,0.164481
2037,data/bench/ITC99_all_numeric/b07.bench,211,3,False,0,399,799,0,5178,0.081047
2038,data/bench/ITC99_all_numeric/b07.bench,212,4,False,0,799,1599,0,10365,0.164776
2039,data/bench/ITC99_all_numeric/b07.bench,215,3,False,0,399,799,0,5178,0.081159
2040,data/bench/ITC99_all_numeric/b07.bench,215,4,False,0,399,799,0,5178,0.081561
2041,data/bench/ITC99_all_numeric/b07.bench,216,3,False,0,799,1599,0,10365,0.163669
2042,data/bench/ITC99_all_numeric/b07.bench,216,4,False,0,799,1599,0,10365,0.163517
2043,data/bench/ITC99_all_numeric/b07.bench,217,3,False,0,399,799,0,5178,0.080918
2044,data/bench/ITC99_all_numeric/b07.bench,217,4,False,0,399,799,0,5178,0.080711
2045,data/bench/ITC99_all_numeric/b07.bench,219,3,False,0,399,799,0,5178,0.080976
2046,data/bench/ITC99_all_numeric/b07.bench,219,4,False,0,399,799,0,5178,0.080665
2047,data/bench/ITC99_all_numeric/b07.bench,220,4,False,0,799,1599,0,10365,0.163882
2048,data/bench/ITC99_all_numeric/b07.bench,221,3,False,0,399,799,0,5178,0.080852
2049,data/bench/ITC99_all_numeric/b07.bench,222,3,False,0,719,1439,0,16691,0.154958
2050,data/bench/ITC99_all_numeric/b07.bench,222,4,False,0,719,1439,0,16691,0.156355
2051,data/bench/ITC99_all_numeric/b07.bench,224,4,False,0,1007,2015,0,17363,0.204255
2052,data/bench/ITC99_all_numeric/b07.bench,225,4,False,0,719,1439,0,16691,0.155453
2053,data/bench/ITC99_all_numeric/b07.bench,226,3,False,0,1007,2015,0,17363,0.204863
2054,data/bench/ITC99_all_numeric/b07.bench,228,4,False,0,719,1439,0,16691,0.154837
2055,data/bench/ITC99_all_numeric/b07.bench,229,3,False,0,1007,2015,0,17363,0.203655
2056,data/bench/ITC99_all_numeric/b07.bench,230,3,False,0,359,719,0,8345,0.076806
2057,data/bench/ITC99_all_numeric/b07.bench,230,4,False,0,359,719,0,8345,0.077163
2058,data/bench/ITC99_all_numeric/b07.bench,231,3,False,0,719,1439,0,16691,0.155691
2059,data/bench/ITC99_all_numeric/b07.bench,231,4,False,0,719,1439,0,16691,0.156422
2060,data/bench/ITC99_all_numeric/b07.bench,232,3,False,0,1007,2015,0,17363,0.203955
2061,data/bench/ITC99_all_numeric/b07.bench,232,4,False,0,1007,2015,0,17363,0.205059
2062,data/bench/ITC99_all_numeric/b07.bench,233,3,False,0,359,719,0,8345,0.077816
2063,data/bench/ITC99_all_numeric/b07.bench,234,3,False,0,719,1439,0,16691,0.155145
2064,data/bench/ITC99_all_numeric/b07.bench,234,4,False,0,719,1439,0,16691,0.155558
2065,data/bench/ITC99_all_numeric/b07.bench,235,3,False,0,1007,2015,0,17363,0.206285
2066,data/bench/ITC99_all_numeric/b07.bench,235,4,False,0,1007,2015,0,17363,0.206055
2067,data/bench/ITC99_all_numeric/b07.bench,236,4,False,0,359,719,0,8345,0.078273
2068,data/bench/ITC99_all_numeric/b07.bench,237,3,False,0,719,1439,0,16691,0.155445
2069,data/bench/ITC99_all_numeric/b07.bench,238,3,False,0,1007,2015,0,17363,0.204145
2070,data/bench/ITC99_all_numeric/b07.bench,238,4,False,0,1007,2015,0,17363,0.204072
2071,data/bench/ITC99_all_numeric/b07.bench,239,3,False,0,359,719,0,8345,0.077007
2072,data/bench/ITC99_all_numeric/b07.bench,239,4,False,0,359,719,0,8345,0.076968
2073,data/bench/ITC99_all_numeric/b07.bench,240,3,False,0,719,1439,0,16691,0.154091
2074,data/bench/ITC99_all_numeric/b07.bench,240,4,False,0,719,1439,0,16691,0.154565
2075,data/bench/ITC99_all_numeric/b07.bench,241,3,False,0,1007,2015,0,17363,0.202269
2076,data/bench/ITC99_all_numeric/b07.bench,241,4,False,0,1007,2015,0,17363,0.201207
2077,data/bench/ITC99_all_numeric/b07.bench,242,3,False,0,359,719,0,8345,0.076594
2078,data/bench/ITC99_all_numeric/b07.bench,242,4,False,0,359,719,0,8345,0.076462
2079,data/bench/ITC99_all_numeric/b07.bench,243,3,False,0,719,1439,0,16691,0.153229
2080,data/bench/ITC99_all_numeric/b07.bench,244,3,False,0,1007,2015,0,17363,0.203862
2081,data/bench/ITC99_all_numeric/b07.bench,244,4,False,0,1007,2015,0,17363,0.203437
2082,data/bench/ITC99_all_numeric/b07.bench,245,3,False,0,359,719,0,8345,0.077156
2083,data/bench/ITC99_all_numeric/b07.bench,245,4,False,0,359,719,0,8345,0.076986
2084,data/bench/ITC99_all_numeric/b07.bench,246,4,True,1,0,5,0,3,0.000463
2085,data/bench/ITC99_all_numeric/b07.bench,247,3,False,0,3,7,0,4,0.000744
2086,data/bench/ITC99_all_numeric/b07.bench,247,4,False,0,3,7,0,4,0.00074
2087,data/bench/ITC99_all_numeric/b07.bench,248,3,False,0,6,13,0,7,0.001333
2088,data/bench/ITC99_all_numeric/b07.bench,249,3,False,0,5,11,0,19,0.001166
2089,data/bench/ITC99_all_numeric/b07.bench,249,4,False,0,5,11,0,19,0.001163
2090,data/bench/ITC99_all_numeric/b07.bench,250,3,False,0,2,5,0,6,0.000594
2091,data/bench/ITC99_all_numeric/b07.bench,250,4,False,0,2,5,0,5,0.000559
2092,data/bench/ITC99_all_numeric/b07.bench,251,3,True,1,0,5,0,3,0.000437
2093,data/bench/ITC99_all_numeric/b07.bench,253,3,True,1,0,6,0,9,0.000515
2094,data/bench/ITC99_all_numeric/b07.bench,253,4,True,1,0,2,0,1,0.0002
2095,data/bench/ITC99_all_numeric/b07.bench,254,3,False,0,5,11,0,30,0.001247
2096,data/bench/ITC99_all_numeric/b07.bench,254,4,False,0,5,11,0,30,0.001182
2097,data/bench/ITC99_all_numeric/b07.bench,255,4,False,0,1,3,0,2,0.000341
2098,data/bench/ITC99_all_numeric/b07.bench,256,3,True,1,0,3,0,1,0.000283
2099,data/bench/ITC99_all_numeric/b07.bench,256,4,True,1,0,3,0,1,0.000276
2100,data/bench/ITC99_all_numeric/b07.bench,257,3,False,0,1,3,0,2,0.000411
2101,data/bench/ITC99_all_numeric/b07.bench,258,3,False,0,503,1007,0,7674,0.101086
2102,data/bench/ITC99_all_numeric/b07.bench,258,4,False,0,503,1007,0,7674,0.101806
2103,data/bench/ITC99_all_numeric/b07.bench,259,4,False,0,251,503,0,3333,0.04967
2104,data/bench/ITC99_all_numeric/b07.bench,260,3,True,1,0,2,0,1,0.000224
2105,data/bench/ITC99_all_numeric/b07.bench,260,4,True,1,0,2,0,1,0.00021
2106,data/bench/ITC99_all_numeric/b07.bench,261,3,True,1,0,2,0,1,0.0002
2107,data/bench/ITC99_all_numeric/b07.bench,261,4,True,1,0,2,0,1,0.000199
2108,data/bench/ITC99_all_numeric/b07.bench,262,3,True,1,0,2,0,1,0.000199
2109,data/bench/ITC99_all_numeric/b07.bench,262,4,True,1,0,2,0,1,0.000199
2110,data/bench/ITC99_all_numeric/b07.bench,263,3,True,1,0,5,0,4,0.000435
2111,data/bench/ITC99_all_numeric/b07.bench,263,4,True,1,0,2,0,1,0.000202
2112,data/bench/ITC99_all_numeric/b07.bench,265,3,True,1,0,3,0,4,0.000282
2113,data/bench/ITC99_all_numeric/b07.bench,266,3,False,0,79,159,0,555,0.016763
2114,data/bench/ITC99_all_numeric/b07.bench,266,4,False,0,79,159,0,555,0.016717
2115,data/bench/ITC99_all_numeric/b07.bench,267,3,True,1,0,2,0,2,0.000208
2116,data/bench/ITC99_all_numeric/b07.bench,269,3,True,1,0,6,0,4,0.000505
2117,data/bench/ITC99_all_numeric/b07.bench,269,4,True,1,0,6,0,4,0.000503
2118,data/bench/ITC99_all_numeric/b07.bench,270,3,True,1,0,6,0,4,0.000508
2119,data/bench/ITC99_all_numeric/b07.bench,271,3,True,1,0,6,0,4,0.000516
2120,data/bench/ITC99_all_numeric/b07.bench,271,4,True,1,0,6,0,4,0.000504
2121,data/bench/ITC99_all_numeric/b07.bench,272,4,True,1,0,6,0,4,0.000504
2122,data/bench/ITC99_all_numeric/b07.bench,273,4,False,0,3,7,0,23,0.000772
2123,data/bench/ITC99_all_numeric/b07.bench,274,3,False,0,7,15,0,63,0.0016
2124,data/bench/ITC99_all_numeric/b07.bench,274,4,False,0,7,15,0,63,0.001604
2125,data/bench/ITC99_all_numeric/b07.bench,275,3,False,0,3,7,0,16,0.000851
2126,data/bench/ITC99_all_numeric/b07.bench,275,4,False,0,3,7,0,16,0.000919
2127,data/bench/ITC99_all_numeric/b07.bench,277,4,True,1,0,3,0,2,0.000285
2128,data/bench/ITC99_all_numeric/b07.bench,278,3,False,0,11,23,0,84,0.002565
2129,data/bench/ITC99_all_numeric/b07.bench,278,4,False,0,11,23,0,84,0.00252
2130,data/bench/ITC99_all_numeric/b07.bench,279,3,False,0,35,71,0,329,0.007492
2131,data/bench/ITC99_all_numeric/b07.bench,280,3,False,0,359,719,0,4826,0.072327
2132,data/bench/ITC99_all_numeric/b07.bench,281,3,False,0,359,719,0,5025,0.072214
2133,data/bench/ITC99_all_numeric/b07.bench,281,4,False,0,359,719,0,5025,0.071707
2134,data/bench/ITC99_all_numeric/b07.bench,282,3,False,0,479,959,0,6573,0.094585
2135,data/bench/ITC99_all_numeric/b07.bench,283,3,False,0,443,887,0,6173,0.087484
2136,data/bench/ITC99_all_numeric/b07.bench,284,3,False,0,359,719,0,5213,0.071497
2137,data/bench/ITC99_all_numeric/b07.bench,284,4,False,0,359,719,0,5213,0.071416
2138,data/bench/ITC99_all_numeric/b07.bench,286,3,False,0,7,15,0,48,0.001637
2139,data/bench/ITC99_all_numeric/b07.bench,286,4,False,0,7,15,0,48,0.001623
2140,data/bench/ITC99_all_numeric/b07.bench,287,3,False,0,7,15,0,33,0.001592
2141,data/bench/ITC99_all_numeric/b07.bench,287,4,False,0,7,15,0,33,0.001585
2142,data/bench/ITC99_all_numeric/b07.bench,288,4,True,1,0,5,0,7,0.000443
2143,data/bench/ITC99_all_numeric/b07.bench,289,3,True,1,0,2,0,1,0.000206
2144,data/bench/ITC99_all_numeric/b07.bench,289,4,True,1,0,4,0,7,0.000348
2145,data/bench/ITC99_all_numeric/b07.bench,291,3,False,0,11,23,0,61,0.002347
2146,data/bench/ITC99_all_numeric/b07.bench,291,4,False,0,11,23,0,61,0.002574
2147,data/bench/ITC99_all_numeric/b07.bench,292,3,False,0,5,11,0,41,0.001178
2148,data/bench/ITC99_all_numeric/b07.bench,292,4,False,0,5,11,0,41,0.001156
2149,data/bench/ITC99_all_numeric/b07.bench,293,3,False,0,935,1871,0,23570,0.20072
2150,data/bench/ITC99_all_numeric/b07.bench,295,3,False,0,935,1871,0,23570,0.202013
2151,data/bench/ITC99_all_numeric/b07.bench,295,4,False,0,935,1871,0,23570,0.202426
2152,data/bench/ITC99_all_numeric/b07.bench,296,3,True,1,0,2,0,1,0.000237
2153,data/bench/ITC99_all_numeric/b07.bench,296,4,True,1,0,3,0,3,0.000286
2154,data/bench/ITC99_all_numeric/b07.bench,297,3,False,0,20,41,0,269,0.00431
2155,data/bench/ITC99_all_numeric/b07.bench,297,4,False,0,20,41,0,269,0.004342
2156,data/bench/ITC99_all_numeric/b07.bench,298,3,True,1,0,2,0,1,0.000213
2157,data/bench/ITC99_all_numeric/b07.bench,299,3,False,0,935,1871,0,19832,0.197402
2158,data/bench/ITC99_all_numeric/b07.bench,299,4,False,0,935,1871,0,19832,0.197315
2159,data/bench/ITC99_all_numeric/b07.bench,301,3,False,0,935,1871,0,23570,0.200157
2160,data/bench/ITC99_all_numeric/b07.bench,301,4,False,0,935,1871,0,23570,0.199937
2161,data/bench/ITC99_all_numeric/b07.bench,302,3,True,1,0,2,0,1,0.00023
2162,data/bench/ITC99_all_numeric/b07.bench,302,4,True,1,0,3,0,3,0.000283
2163,data/bench/ITC99_all_numeric/b07.bench,303,3,False,0,935,1871,0,23570,0.199414
2164,data/bench/ITC99_all_numeric/b07.bench,304,3,True,1,0,2,0,1,0.000233
2165,data/bench/ITC99_all_numeric/b07.bench,304,4,True,1,0,3,0,3,0.000285
2166,data/bench/ITC99_all_numeric/b07.bench,305,4,False,0,935,1871,0,23570,0.200445
2167,data/bench/ITC99_all_numeric/b07.bench,307,3,False,0,11,23,0,61,0.002385
2168,data/bench/ITC99_all_numeric/b07.bench,307,4,False,0,11,23,0,61,0.002356
2169,data/bench/ITC99_all_numeric/b07.bench,308,3,False,0,5,11,0,41,0.001171
2170,data/bench/ITC99_all_numeric/b07.bench,308,4,False,0,5,11,0,41,0.001166
2171,data/bench/ITC99_all_numeric/b07.bench,309,3,False,0,11,23,0,61,0.002347
2172,data/bench/ITC99_all_numeric/b07.bench,310,4,False,0,5,11,0,41,0.001168
2173,data/bench/ITC99_all_numeric/b07.bench,311,3,True,1,0,4,0,4,0.000352
2174,data/bench/ITC99_all_numeric/b07.bench,311,4,True,1,0,3,0,2,0.000272
2175,data/bench/ITC99_all_numeric/b07.bench,312,3,False,0,107,215,0,1214,0.021744
2176,data/bench/ITC99_all_numeric/b07.bench,312,4,False,0,107,215,0,1214,0.021883
2177,data/bench/ITC99_all_numeric/b07.bench,313,3,False,0,107,215,0,1212,0.021793
2178,data/bench/ITC99_all_numeric/b07.bench,313,4,False,0,107,215,0,1212,0.021807
2179,data/bench/ITC99_all_numeric/b07.bench,314,3,False,0,35,71,0,331,0.007892
2180,data/bench/ITC99_all_numeric/b07.bench,314,4,False,0,35,71,0,331,0.007489
2181,data/bench/ITC99_all_numeric/b07.bench,315,3,False,0,5,11,0,30,0.00114
2182,data/bench/ITC99_all_numeric/b07.bench,316,4,False,0,2,5,0,5,0.000533
2183,data/bench/ITC99_all_numeric/b07.bench,317,3,False,0,71,143,0,805,0.015178
2184,data/bench/ITC99_all_numeric/b07.bench,317,4,False,0,71,143,0,805,0.015173
2185,data/bench/ITC99_all_numeric/b07.bench,318,3,False,0,143,287,0,1897,0.029938
2186,data/bench/ITC99_all_numeric/b07.bench,318,4,False,0,143,287,0,1897,0.029908
2187,data/bench/ITC99_all_numeric/b07.bench,319,3,True,1,0,4,0,4,0.000358
2188,data/bench/ITC99_all_numeric/b07.bench,320,3,False,0,71,143,0,806,0.01505
2189,data/bench/ITC99_all_numeric/b07.bench,320,4,False,0,71,143,0,806,0.015026
2190,data/bench/ITC99_all_numeric/b07.bench,321,3,False,0,143,287,0,1900,0.029659
2191,data/bench/ITC99_all_numeric/b07.bench,321,4,False,0,143,287,0,1900,0.029591
2192,data/bench/ITC99_all_numeric/b07.bench,322,3,False,0,215,431,0,3280,0.044556
2193,data/bench/ITC99_all_numeric/b07.bench,322,4,False,0,215,431,0,3280,0.04431
2194,data/bench/ITC99_all_numeric/b07.bench,323,3,True,1,0,5,0,6,0.000432
2195,data/bench/ITC99_all_numeric/b07.bench,323,4,True,1,0,4,0,4,0.000349
2196,data/bench/ITC99_all_numeric/b07.bench,324,3,False,0,143,287,0,1900,0.02896
2197,data/bench/ITC99_all_numeric/b07.bench,324,4,False,0,143,287,0,1900,0.029045
2198,data/bench/ITC99_all_numeric/b07.bench,325,3,False,0,3,7,0,8,0.000725
2199,data/bench/ITC99_all_numeric/b07.bench,325,4,False,0,5,11,0,18,0.001117
2200,data/bench/ITC99_all_numeric/b07.bench,326,3,False,0,215,431,0,3721,0.045457
2201,data/bench/ITC99_all_numeric/b07.bench,326,4,False,0,215,431,0,3721,0.045427
2202,data/bench/ITC99_all_numeric/b07.bench,327,3,False,0,575,1151,0,13361,0.123194
2203,data/bench/ITC99_all_numeric/b07.bench,327,4,False,0,575,1151,0,13361,0.122234
2204,data/bench/ITC99_all_numeric/b07.bench,328,3,False,0,575,1151,0,13361,0.122448
2205,data/bench/ITC99_all_numeric/b07.bench,328,4,False,0,575,1151,0,13361,0.122702
2206,data/bench/ITC99_all_numeric/b07.bench,329,3,False,0,575,1151,0,13361,0.122344
2207,data/bench/ITC99_all_numeric/b07.bench,329,4,False,0,575,1151,0,13361,0.122569
2208,data/bench/ITC99_all_numeric/b07.bench,330,3,False,0,575,1151,0,13361,0.1236
2209,data/bench/ITC99_all_numeric/b07.bench,330,4,False,0,575,1151,0,13361,0.12236
2210,data/bench/ITC99_all_numeric/b07.bench,331,3,False,0,575,1151,0,13361,0.122247
2211,data/bench/ITC99_all_numeric/b07.bench,331,4,False,0,575,1151,0,13361,0.124058
2212,data/bench/ITC99_all_numeric/b07.bench,333,3,False,0,575,1151,0,11059,0.119414
2213,data/bench/ITC99_all_numeric/b07.bench,334,3,False,0,399,799,0,4383,0.079455
2214,data/bench/ITC99_all_numeric/b07.bench,334,4,False,0,399,799,0,4383,0.079527
2215,data/bench/ITC99_all_numeric/b07.bench,335,4,False,0,17,35,0,94,0.003553
2216,data/bench/ITC99_all_numeric/b07.bench,336,3,False,0,17,35,0,129,0.003622
2217,data/bench/ITC99_all_numeric/b07.bench,336,4,False,0,17,35,0,129,0.003558
2218,data/bench/ITC99_all_numeric/b07.bench,337,4,False,0,8,17,0,21,0.001698
2219,data/bench/ITC99_all_numeric/b07.bench,338,3,False,0,359,719,0,4385,0.069483
2220,data/bench/ITC99_all_numeric/b07.bench,338,4,False,0,359,719,0,4385,0.069173
2221,data/bench/ITC99_all_numeric/b07.bench,340,3,False,0,359,719,0,4575,0.069673
2222,data/bench/ITC99_all_numeric/b07.bench,340,4,False,0,359,719,0,4575,0.069897
2223,data/bench/ITC99_all_numeric/b07.bench,341,3,False,0,4,9,0,26,0.000945
2224,data/bench/ITC99_all_numeric/b07.bench,341,4,False,0,4,9,0,26,0.000926
2225,data/bench/ITC99_all_numeric/b07.bench,342,4,False,0,3,7,0,30,0.001685
2226,data/bench/ITC99_all_numeric/b07.bench,343,3,False,0,2,5,0,4,0.000998
2227,data/bench/ITC99_all_numeric/b07.bench,343,4,False,0,3,7,0,8,0.001374
2228,data/bench/ITC99_all_numeric/b07.bench,344,3,False,0,11,23,0,83,0.004518
2229,data/bench/ITC99_all_numeric/b07.bench,345,3,False,0,11,23,0,83,0.003535
2230,data/bench/ITC99_all_numeric/b07.bench,345,4,False,0,11,23,0,83,0.002474
2231,data/bench/ITC99_all_numeric/b07.bench,346,3,False,0,3,7,0,4,0.000811
2232,data/bench/ITC99_all_numeric/b07.bench,347,3,False,0,7,15,0,68,0.001647
2233,data/bench/ITC99_all_numeric/b07.bench,348,3,True,1,0,3,0,1,0.000274
2234,data/bench/ITC99_all_numeric/b07.bench,349,3,False,0,34,69,0,199,0.006989
2235,data/bench/ITC99_all_numeric/b07.bench,350,3,False,0,575,1151,0,9908,0.119789
2236,data/bench/ITC99_all_numeric/b07.bench,351,3,False,0,34,69,0,199,0.007041
2237,data/bench/ITC99_all_numeric/b07.bench,351,4,False,0,34,69,0,199,0.007022
2238,data/bench/ITC99_all_numeric/b07.bench,352,3,False,0,575,1151,0,9908,0.120063
2239,data/bench/ITC99_all_numeric/b07.bench,352,4,False,0,575,1151,0,9908,0.119309
2240,data/bench/ITC99_all_numeric/b07.bench,354,4,False,0,575,1151,0,9908,0.121638
2241,data/bench/ITC99_all_numeric/b07.bench,356,3,False,0,575,1151,0,9908,0.129946
2242,data/bench/ITC99_all_numeric/b07.bench,357,3,False,0,24,49,0,144,0.004947
2243,data/bench/ITC99_all_numeric/b07.bench,357,4,False,0,24,49,0,144,0.00494
2244,data/bench/ITC99_all_numeric/b07.bench,358,3,False,0,575,1151,0,9908,0.11731
2245,data/bench/ITC99_all_numeric/b07.bench,358,4,False,0,575,1151,0,9908,0.118084
2246,data/bench/ITC99_all_numeric/b07.bench,359,3,False,0,24,49,0,144,0.004955
2247,data/bench/ITC99_all_numeric/b07.bench,359,4,False,0,24,49,0,144,0.004933
2248,data/bench/ITC99_all_numeric/b07.bench,360,3,False,0,575,1151,0,9908,0.117468
2249,data/bench/ITC99_all_numeric/b07.bench,360,4,False,0,575,1151,0,9908,0.117132
2250,data/bench/ITC99_all_numeric/b07.bench,361,3,False,0,24,49,0,144,0.005419
2251,data/bench/ITC99_all_numeric/b07.bench,361,4,False,0,24,49,0,144,0.005078
2252,data/bench/ITC99_all_numeric/b07.bench,362,4,False,0,24,49,0,193,0.005069
2253,data/bench/ITC99_all_numeric/b07.bench,363,3,False,0,24,49,0,144,0.004953
2254,data/bench/ITC99_all_numeric/b07.bench,363,4,False,0,24,49,0,144,0.004956
2255,data/bench/ITC99_all_numeric/b07.bench,364,3,False,0,575,1151,0,11059,0.119085
2256,data/bench/ITC99_all_numeric/b07.bench,364,4,False,0,575,1151,0,11059,0.119266
2257,data/bench/ITC99_all_numeric/b07.bench,365,3,False,0,24,49,0,144,0.007661
2258,data/bench/ITC99_all_numeric/b07.bench,365,4,False,0,24,49,0,144,0.00621
2259,data/bench/ITC99_all_numeric/b07.bench,366,3,False,0,575,1151,0,9908,0.117644
2260,data/bench/ITC99_all_numeric/b07.bench,367,3,False,0,24,49,0,242,0.005098
2261,data/bench/ITC99_all_numeric/b07.bench,367,4,False,0,24,49,0,242,0.005099
2262,data/bench/ITC99_all_numeric/b07.bench,368,3,False,0,24,49,0,291,0.005108
2263,data/bench/ITC99_all_numeric/b07.bench,369,3,False,0,575,1151,0,11059,0.118689
2264,data/bench/ITC99_all_numeric/b07.bench,369,4,False,0,575,1151,0,11059,0.119667
2265,data/bench/ITC99_all_numeric/b07.bench,371,3,False,0,24,49,0,144,0.004975
2266,data/bench/ITC99_all_numeric/b07.bench,371,4,False,0,24,49,0,144,0.004982
2267,data/bench/ITC99_all_numeric/b07.bench,374,4,False,0,24,49,0,144,0.004969
2268,data/bench/ITC99_all_numeric/b07.bench,375,3,False,0,575,1151,0,11059,0.119377
2269,data/bench/ITC99_all_numeric/b07.bench,377,3,False,0,24,49,0,144,0.004938
2270,data/bench/ITC99_all_numeric/b07.bench,378,3,False,0,575,1151,0,11059,0.119127
2271,data/bench/ITC99_all_numeric/b07.bench,379,4,False,0,575,1151,0,9908,0.117833
2272,data/bench/ITC99_all_numeric/b07.bench,380,3,False,0,24,49,0,144,0.004998
2273,data/bench/ITC99_all_numeric/b07.bench,381,3,False,0,575,1151,0,11059,0.118993
2274,data/bench/ITC99_all_numeric/b07.bench,381,4,False,0,575,1151,0,11059,0.118829
2275,data/bench/ITC99_all_numeric/b07.bench,382,3,False,0,575,1151,0,9908,0.118359
2276,data/bench/ITC99_all_numeric/b07.bench,382,4,False,0,575,1151,0,9908,0.118527
2277,data/bench/ITC99_all_numeric/b07.bench,383,3,False,0,24,49,0,144,0.005022
2278,data/bench/ITC99_all_numeric/b07.bench,384,3,False,0,24,49,0,193,0.00505
2279,data/bench/ITC99_all_numeric/b07.bench,384,4,False,0,24,49,0,193,0.005025
2280,data/bench/ITC99_all_numeric/b07.bench,385,3,False,0,24,49,0,144,0.004971
2281,data/bench/ITC99_all_numeric/b07.bench,385,4,False,0,24,49,0,144,0.00499
2282,data/bench/ITC99_all_numeric/b07.bench,386,3,False,0,575,1151,0,9908,0.118785
2283,data/bench/ITC99_all_numeric/b07.bench,386,4,False,0,575,1151,0,9908,0.118779
2284,data/bench/ITC99_all_numeric/b07.bench,387,3,False,0,215,431,0,3290,0.045015
2285,data/bench/ITC99_all_numeric/b07.bench,387,4,False,0,215,431,0,3290,0.044905
2286,data/bench/ITC99_all_numeric/b07.bench,388,4,False,0,575,1151,0,11059,0.12143
2287,data/bench/ITC99_all_numeric/b07.bench,389,3,False,0,575,1151,0,9908,0.118785
2288,data/bench/ITC99_all_numeric/b07.bench,389,4,False,0,575,1151,0,9908,0.118345
2289,data/bench/ITC99_all_numeric/b07.bench,390,3,False,0,24,49,0,144,0.004953
2290,data/bench/ITC99_all_numeric/b07.bench,390,4,False,0,24,49,0,144,0.004933
2291,data/bench/ITC99_all_numeric/b07.bench,391,3,False,0,215,431,0,3721,0.045915
2292,data/bench/ITC99_all_numeric/b07.bench,391,4,False,0,215,431,0,3721,0.045725
2293,data/bench/ITC99_all_numeric/b07.bench,392,3,False,0,215,431,0,3290,0.044939
2294,data/bench/ITC99_all_numeric/b07.bench,393,4,False,0,575,1151,0,12210,0.121933
2295,data/bench/ITC99_all_numeric/b07.bench,394,4,False,0,575,1151,0,13361,0.123672
2296,data/bench/ITC99_all_numeric/b07.bench,395,3,False,0,24,49,0,193,0.00513
2297,data/bench/ITC99_all_numeric/b07.bench,395,4,False,0,24,49,0,193,0.005069
2298,data/bench/ITC99_all_numeric/b07.bench,396,3,False,0,24,49,0,144,0.004979
2299,data/bench/ITC99_all_numeric/b07.bench,397,3,False,0,575,1151,0,11059,0.128706
2300,data/bench/ITC99_all_numeric/b07.bench,398,3,False,0,575,1151,0,12210,0.131963
2301,data/bench/ITC99_all_numeric/b07.bench,398,4,False,0,575,1151,0,12210,0.123439
2302,data/bench/ITC99_all_numeric/b07.bench,399,3,False,0,24,49,0,291,0.005221
2303,data/bench/ITC99_all_numeric/b07.bench,400,3,False,0,24,49,0,193,0.005059
2304,data/bench/ITC99_all_numeric/b07.bench,401,3,False,0,24,49,0,144,0.004977
2305,data/bench/ITC99_all_numeric/b07.bench,401,4,False,0,24,49,0,144,0.004977
2306,data/bench/ITC99_all_numeric/b07.bench,402,3,False,0,575,1151,0,11059,0.121083
2307,data/bench/ITC99_all_numeric/b07.bench,403,4,False,0,575,1151,0,12210,0.121831
2308,data/bench/ITC99_all_numeric/b07.bench,404,3,False,0,24,49,0,291,0.005194
2309,data/bench/ITC99_all_numeric/b07.bench,405,3,False,0,24,49,0,193,0.005048
2310,data/bench/ITC99_all_numeric/b07.bench,405,4,False,0,24,49,0,193,0.005082
2311,data/bench/ITC99_all_numeric/b07.bench,406,3,False,0,24,49,0,144,0.004989
2312,data/bench/ITC99_all_numeric/b07.bench,406,4,False,0,24,49,0,144,0.004975
2313,data/bench/ITC99_all_numeric/b07.bench,407,3,False,0,575,1151,0,11059,0.120612
2314,data/bench/ITC99_all_numeric/b07.bench,407,4,False,0,575,1151,0,11059,0.120702
2315,data/bench/ITC99_all_numeric/b07.bench,408,3,False,0,575,1151,0,12210,0.122716
2316,data/bench/ITC99_all_numeric/b07.bench,409,3,False,0,24,49,0,291,0.005227
2317,data/bench/ITC99_all_numeric/b07.bench,410,3,False,0,24,49,0,193,0.005118
2318,data/bench/ITC99_all_numeric/b07.bench,410,4,False,0,24,49,0,193,0.005064
2319,data/bench/ITC99_all_numeric/b07.bench,412,3,False,0,34,69,0,337,0.007164
2320,data/bench/ITC99_all_numeric/b07.bench,413,3,False,0,575,1151,0,12210,0.122098
2321,data/bench/ITC99_all_numeric/b07.bench,414,4,False,0,24,49,0,291,0.005253
2322,data/bench/ITC99_all_numeric/b07.bench,415,4,False,0,34,69,0,268,0.00707
2323,data/bench/ITC99_all_numeric/b07.bench,416,4,False,0,575,1151,0,9908,0.119084
2324,data/bench/ITC99_all_numeric/b07.bench,417,4,False,0,24,49,0,242,0.005136
2325,data/bench/ITC99_all_numeric/b07.bench,418,3,False,0,575,1151,0,9908,0.118646
2326,data/bench/ITC99_all_numeric/b07.bench,418,4,False,0,575,1151,0,9908,0.118972
2327,data/bench/ITC99_all_numeric/b07.bench,419,3,False,0,24,49,0,242,0.005102
2328,data/bench/ITC99_all_numeric/b07.bench,419,4,False,0,24,49,0,242,0.00511
2329,data/bench/ITC99_all_numeric/b07.bench,420,3,False,0,575,1151,0,9908,0.119747
2330,data/bench/ITC99_all_numeric/b07.bench,420,4,False,0,575,1151,0,9908,0.1192
2331,data/bench/ITC99_all_numeric/b07.bench,421,3,False,0,24,49,0,242,0.005104
2332,data/bench/ITC99_all_numeric/b07.bench,421,4,False,0,24,49,0,242,0.005091
2333,data/bench/ITC99_all_numeric/b07.bench,422,3,False,0,575,1151,0,9908,0.120119
2334,data/bench/ITC99_all_numeric/b07.bench,422,4,False,0,575,1151,0,9908,0.119749
2335,data/bench/ITC99_all_numeric/b07.bench,423,3,False,0,24,49,0,242,0.005187
2336,data/bench/ITC99_all_numeric/b07.bench,424,3,False,0,575,1151,0,9908,0.11936
2337,data/bench/ITC99_all_numeric/b07.bench,425,3,False,0,24,49,0,242,0.005181
2338,data/bench/ITC99_all_numeric/b07.bench,425,4,False,0,24,49,0,242,0.005134
2339,data/bench/ITC99_all_numeric/b07.bench,426,3,False,0,24,49,0,291,0.005235
2340,data/bench/ITC99_all_numeric/b07.bench,426,4,False,0,24,49,0,291,0.005254
2341,data/bench/ITC99_all_numeric/b07.bench,427,3,False,0,575,1151,0,12210,0.121059
2342,data/bench/ITC99_all_numeric/b07.bench,429,3,False,0,575,1151,0,12210,0.121425
2343,data/bench/ITC99_all_numeric/b07.bench,430,3,False,0,575,1151,0,12210,0.121699
2344,data/bench/ITC99_all_numeric/b07.bench,430,4,False,0,575,1151,0,12210,0.122265
2345,data/bench/ITC99_all_numeric/b07.bench,431,3,False,0,575,1151,0,12210,0.121881
2346,data/bench/ITC99_all_numeric/b07.bench,433,3,False,0,24,49,0,242,0.005152
2347,data/bench/ITC99_all_numeric/b07.bench,433,4,False,0,24,49,0,242,0.005125
2348,data/bench/ITC99_all_numeric/b08.bench,1,3,False,3,0,10001,0,0,0.429226
2349,data/bench/ITC99_all_numeric/b08.bench,1,4,False,3,0,10001,0,0,0.451204
2350,data/bench/ITC99_all_numeric/b08.bench,2,3,True,1,0,4,0,5,0.000251
2351,data/bench/ITC99_all_numeric/b08.bench,2,4,True,1,0,4,0,5,0.000203
2352,data/bench/ITC99_all_numeric/b08.bench,3,3,True,1,0,4,0,5,0.000217
2353,data/bench/ITC99_all_numeric/b08.bench,3,4,True,1,0,4,0,5,0.000241
2354,data/bench/ITC99_all_numeric/b08.bench,4,3,True,1,0,4,0,5,0.000345
2355,data/bench/ITC99_all_numeric/b08.bench,4,4,True,1,0,4,0,5,0.000355
2356,data/bench/ITC99_all_numeric/b08.bench,5,3,True,1,0,4,0,5,0.000335
2357,data/bench/ITC99_all_numeric/b08.bench,5,4,True,1,0,4,0,5,0.000316
2358,data/bench/ITC99_all_numeric/b08.bench,6,3,True,1,0,4,0,5,0.000268
2359,data/bench/ITC99_all_numeric/b08.bench,6,4,True,1,0,4,0,5,0.000343
2360,data/bench/ITC99_all_numeric/b08.bench,7,3,True,1,0,4,0,5,0.000357
2361,data/bench/ITC99_all_numeric/b08.bench,7,4,True,1,0,4,0,5,0.000335
2362,data/bench/ITC99_all_numeric/b08.bench,8,3,True,1,0,4,0,5,0.000235
2363,data/bench/ITC99_all_numeric/b08.bench,8,4,True,1,0,4,0,5,0.000227
2364,data/bench/ITC99_all_numeric/b08.bench,9,3,True,1,0,4,0,5,0.00021
2365,data/bench/ITC99_all_numeric/b08.bench,9,4,True,1,0,4,0,5,0.000203
2366,data/bench/ITC99_all_numeric/b08.bench,10,3,False,3,0,10001,0,0,0.440033
2367,data/bench/ITC99_all_numeric/b08.bench,10,4,False,3,0,10001,0,0,0.421829
2368,data/bench/ITC99_all_numeric/b08.bench,11,3,True,1,0,5,0,8,0.000269
2369,data/bench/ITC99_all_numeric/b08.bench,11,4,True,1,0,5,0,8,0.000241
2370,data/bench/ITC99_all_numeric/b08.bench,12,3,True,1,0,3,0,0,0.000148
2371,data/bench/ITC99_all_numeric/b08.bench,12,4,True,1,0,3,0,0,0.000148
2372,data/bench/ITC99_all_numeric/b08.bench,13,3,True,1,0,4,0,1,0.00019
2373,data/bench/ITC99_all_numeric/b08.bench,13,4,True,1,0,4,0,1,0.000186
2374,data/bench/ITC99_all_numeric/b08.bench,14,3,True,1,0,5,0,2,0.000227
2375,data/bench/ITC99_all_numeric/b08.bench,14,4,True,1,0,5,0,2,0.000304
2376,data/bench/ITC99_all_numeric/b08.bench,15,3,True,1,0,4,0,2,0.000197
2377,data/bench/ITC99_all_numeric/b08.bench,15,4,True,1,0,4,0,2,0.000194
2378,data/bench/ITC99_all_numeric/b08.bench,16,3,True,1,0,3,0,1,0.000145
2379,data/bench/ITC99_all_numeric/b08.bench,16,4,True,1,0,3,0,1,0.000147
2380,data/bench/ITC99_all_numeric/b08.bench,17,3,True,1,0,3,0,1,0.00015
2381,data/bench/ITC99_all_numeric/b08.bench,17,4,True,1,0,3,0,1,0.000145
2382,data/bench/ITC99_all_numeric/b08.bench,18,3,True,1,0,3,0,1,0.000144
2383,data/bench/ITC99_all_numeric/b08.bench,18,4,True,1,0,3,0,1,0.000144
2384,data/bench/ITC99_all_numeric/b08.bench,19,3,True,1,0,3,0,1,0.000145
2385,data/bench/ITC99_all_numeric/b08.bench,19,4,True,1,0,3,0,1,0.000146
2386,data/bench/ITC99_all_numeric/b08.bench,20,3,True,1,0,3,0,1,0.000146
2387,data/bench/ITC99_all_numeric/b08.bench,20,4,True,1,0,3,0,1,0.000143
2388,data/bench/ITC99_all_numeric/b08.bench,21,3,True,1,0,3,0,1,0.000141
2389,data/bench/ITC99_all_numeric/b08.bench,21,4,True,1,0,3,0,1,0.000142
2390,data/bench/ITC99_all_numeric/b08.bench,22,3,True,1,0,3,0,1,0.000142
2391,data/bench/ITC99_all_numeric/b08.bench,22,4,True,1,0,3,0,1,0.000143
2392,data/bench/ITC99_all_numeric/b08.bench,23,3,True,1,0,3,0,1,0.000143
2393,data/bench/ITC99_all_numeric/b08.bench,23,4,True,1,0,3,0,1,0.000143
2394,data/bench/ITC99_all_numeric/b08.bench,24,3,False,3,0,10001,0,0,0.42603
2395,data/bench/ITC99_all_numeric/b08.bench,24,4,False,3,0,10001,0,0,0.448555
2396,data/bench/ITC99_all_numeric/b08.bench,25,3,False,3,0,10001,0,0,0.423165
2397,data/bench/ITC99_all_numeric/b08.bench,25,4,False,3,0,10001,0,0,0.424059
2398,data/bench/ITC99_all_numeric/b08.bench,26,3,False,3,0,10001,0,0,0.422978
2399,data/bench/ITC99_all_numeric/b08.bench,26,4,False,3,0,10001,0,0,0.451985
2400,data/bench/ITC99_all_numeric/b08.bench,27,3,False,3,0,10001,0,0,0.431713
2401,data/bench/ITC99_all_numeric/b08.bench,27,4,False,3,0,10001,0,0,0.431467
2402,data/bench/ITC99_all_numeric/b08.bench,28,3,False,3,0,10001,0,0,0.44916
2403,data/bench/ITC99_all_numeric/b08.bench,28,4,False,3,0,10001,0,0,0.429576
2404,data/bench/ITC99_all_numeric/b08.bench,29,3,False,3,0,10001,0,0,0.430521
2405,data/bench/ITC99_all_numeric/b08.bench,29,4,False,3,0,10001,0,0,0.430632
2406,data/bench/ITC99_all_numeric/b08.bench,30,3,False,3,0,10001,0,0,0.449117
2407,data/bench/ITC99_all_numeric/b08.bench,30,4,False,3,0,10001,0,0,0.430496
2408,data/bench/ITC99_all_numeric/b08.bench,31,3,False,0,63,127,0,882,0.008035
2409,data/bench/ITC99_all_numeric/b08.bench,31,4,False,0,63,127,0,882,0.008059
2410,data/bench/ITC99_all_numeric/b08.bench,32,3,False,0,31,63,0,255,0.003732
2411,data/bench/ITC99_all_numeric/b08.bench,32,4,False,0,31,63,0,255,0.003754
2412,data/bench/ITC99_all_numeric/b08.bench,33,3,False,0,19,39,0,157,0.002312
2413,data/bench/ITC99_all_numeric/b08.bench,33,4,False,0,19,39,0,157,0.002301
2414,data/bench/ITC99_all_numeric/b08.bench,34,3,False,0,11,23,0,126,0.001417
2415,data/bench/ITC99_all_numeric/b08.bench,34,4,False,0,11,23,0,126,0.001411
2416,data/bench/ITC99_all_numeric/b08.bench,35,3,False,0,16,33,0,152,0.002032
2417,data/bench/ITC99_all_numeric/b08.bench,35,4,False,0,16,33,0,152,0.00196
2418,data/bench/ITC99_all_numeric/b08.bench,36,3,False,0,9,19,0,72,0.001123
2419,data/bench/ITC99_all_numeric/b08.bench,36,4,False,0,9,19,0,72,0.001137
2420,data/bench/ITC99_all_numeric/b08.bench,37,3,False,0,8,17,0,33,0.001029
2421,data/bench/ITC99_all_numeric/b08.bench,37,4,False,0,8,17,0,33,0.001027
2422,data/bench/ITC99_all_numeric/b08.bench,38,3,False,0,8,17,0,33,0.001036
2423,data/bench/ITC99_all_numeric/b08.bench,38,4,False,0,8,17,0,33,0.001026
2424,data/bench/ITC99_all_numeric/b08.bench,39,3,False,0,8,17,0,33,0.001049
2425,data/bench/ITC99_all_numeric/b08.bench,39,4,False,0,8,17,0,33,0.001138
2426,data/bench/ITC99_all_numeric/b08.bench,40,3,False,0,8,17,0,33,0.001062
2427,data/bench/ITC99_all_numeric/b08.bench,40,4,False,0,8,17,0,33,0.001051
2428,data/bench/ITC99_all_numeric/b08.bench,41,3,False,0,8,17,0,33,0.001053
2429,data/bench/ITC99_all_numeric/b08.bench,41,4,False,0,8,17,0,33,0.001064
2430,data/bench/ITC99_all_numeric/b08.bench,42,3,False,0,8,17,0,33,0.001068
2431,data/bench/ITC99_all_numeric/b08.bench,42,4,False,0,8,17,0,33,0.001061
2432,data/bench/ITC99_all_numeric/b08.bench,43,3,False,0,8,17,0,33,0.001057
2433,data/bench/ITC99_all_numeric/b08.bench,43,4,False,0,8,17,0,33,0.001057
2434,data/bench/ITC99_all_numeric/b08.bench,44,3,False,0,8,17,0,33,0.001049
2435,data/bench/ITC99_all_numeric/b08.bench,44,4,False,0,8,17,0,33,0.001051
2436,data/bench/ITC99_all_numeric/b08.bench,45,3,False,0,83,167,0,1382,0.01111
2437,data/bench/ITC99_all_numeric/b08.bench,45,4,False,0,83,167,0,1382,0.011092
2438,data/bench/ITC99_all_numeric/b08.bench,46,3,False,0,83,167,0,1382,0.010929
2439,data/bench/ITC99_all_numeric/b08.bench,46,4,False,0,83,167,0,1382,0.011045
2440,data/bench/ITC99_all_numeric/b08.bench,47,3,False,0,83,167,0,1382,0.011135
2441,data/bench/ITC99_all_numeric/b08.bench,47,4,False,0,83,167,0,1382,0.011009
2442,data/bench/ITC99_all_numeric/b08.bench,48,3,False,0,83,167,0,1382,0.011075
2443,data/bench/ITC99_all_numeric/b08.bench,48,4,False,0,83,167,0,1382,0.011003
2444,data/bench/ITC99_all_numeric/b08.bench,49,3,False,0,63,127,0,882,0.008086
2445,data/bench/ITC99_all_numeric/b08.bench,49,4,False,0,63,127,0,882,0.008182
2446,data/bench/ITC99_all_numeric/b08.bench,50,3,False,0,63,127,0,882,0.008127
2447,data/bench/ITC99_all_numeric/b08.bench,50,4,False,0,63,127,0,882,0.008473
2448,data/bench/ITC99_all_numeric/b08.bench,51,3,False,0,63,127,0,882,0.008164
2449,data/bench/ITC99_all_numeric/b08.bench,51,4,False,0,63,127,0,882,0.008134
2450,data/bench/ITC99_all_numeric/b08.bench,52,3,False,0,41,83,0,523,0.005492
2451,data/bench/ITC99_all_numeric/b08.bench,52,4,False,0,41,83,0,523,0.005147
2452,data/bench/ITC99_all_numeric/b08.bench,53,3,False,0,41,83,0,443,0.005023
2453,data/bench/ITC99_all_numeric/b08.bench,53,4,False,0,41,83,0,443,0.005087
2454,data/bench/ITC99_all_numeric/b08.bench,54,3,True,1,0,5,0,3,0.000236
2455,data/bench/ITC99_all_numeric/b08.bench,54,4,True,1,0,4,0,2,0.000187
2456,data/bench/ITC99_all_numeric/b08.bench,55,3,True,1,0,6,0,5,0.000266
2457,data/bench/ITC99_all_numeric/b08.bench,55,4,True,1,0,5,0,4,0.000228
2458,data/bench/ITC99_all_numeric/b08.bench,56,3,False,0,5,11,0,19,0.000661
2459,data/bench/ITC99_all_numeric/b08.bench,56,4,False,0,5,11,0,19,0.000667
2460,data/bench/ITC99_all_numeric/b08.bench,57,3,True,1,0,3,0,1,0.000144
2461,data/bench/ITC99_all_numeric/b08.bench,57,4,True,1,0,5,0,5,0.000227
2462,data/bench/ITC99_all_numeric/b08.bench,58,3,True,1,0,2,0,1,9.8e-05
2463,data/bench/ITC99_all_numeric/b08.bench,58,4,True,1,0,4,0,5,0.000186
2464,data/bench/ITC99_all_numeric/b08.bench,59,3,False,0,7,15,0,60,0.00092
2465,data/bench/ITC99_all_numeric/b08.bench,59,4,False,0,7,15,0,60,0.00092
2466,data/bench/ITC99_all_numeric/b08.bench,60,3,False,0,6,13,0,46,0.000805
2467,data/bench/ITC99_all_numeric/b08.bench,60,4,False,0,6,13,0,46,0.000798
2468,data/bench/ITC99_all_numeric/b08.bench,61,3,False,0,6,13,0,10,0.000789
2469,data/bench/ITC99_all_numeric/b08.bench,61,4,False,0,7,15,0,20,0.000881
2470,data/bench/ITC99_all_numeric/b08.bench,62,3,False,0,5,11,0,18,0.00065
2471,data/bench/ITC99_all_numeric/b08.bench,62,4,False,0,5,11,0,18,0.000654
2472,data/bench/ITC99_all_numeric/b08.bench,63,3,False,0,3,7,0,5,0.000412
2473,data/bench/ITC99_all_numeric/b08.bench,63,4,False,0,7,15,0,18,0.000871
2474,data/bench/ITC99_all_numeric/b08.bench,64,3,False,0,6,13,0,10,0.000752
2475,data/bench/ITC99_all_numeric/b08.bench,64,4,False,0,7,15,0,20,0.001006
2476,data/bench/ITC99_all_numeric/b08.bench,65,3,False,0,4,9,0,21,0.00058
2477,data/bench/ITC99_all_numeric/b08.bench,65,4,False,0,4,9,0,21,0.000556
2478,data/bench/ITC99_all_numeric/b08.bench,66,3,False,0,3,7,0,5,0.000457
2479,data/bench/ITC99_all_numeric/b08.bench,66,4,False,0,7,15,0,18,0.000884
2480,data/bench/ITC99_all_numeric/b08.bench,67,3,False,0,41,83,0,606,0.005315
2481,data/bench/ITC99_all_numeric/b08.bench,67,4,False,0,41,83,0,606,0.005294
2482,data/bench/ITC99_all_numeric/b08.bench,68,3,False,0,83,167,0,1215,0.010635
2483,data/bench/ITC99_all_numeric/b08.bench,68,4,False,0,83,167,0,1215,0.010535
2484,data/bench/ITC99_all_numeric/b08.bench,69,3,False,0,41,83,0,606,0.005284
2485,data/bench/ITC99_all_numeric/b08.bench,69,4,False,0,41,83,0,606,0.005322
2486,data/bench/ITC99_all_numeric/b08.bench,70,3,False,0,83,167,0,1215,0.010773
2487,data/bench/ITC99_all_numeric/b08.bench,70,4,False,0,83,167,0,1215,0.010663
2488,data/bench/ITC99_all_numeric/b08.bench,71,3,False,0,83,167,0,1215,0.010728
2489,data/bench/ITC99_all_numeric/b08.bench,71,4,False,0,83,167,0,1215,0.010693
2490,data/bench/ITC99_all_numeric/b08.bench,72,3,False,0,41,83,0,606,0.005332
2491,data/bench/ITC99_all_numeric/b08.bench,72,4,False,0,41,83,0,606,0.005338
2492,data/bench/ITC99_all_numeric/b08.bench,73,3,False,0,41,83,0,606,0.005343
2493,data/bench/ITC99_all_numeric/b08.bench,73,4,False,0,41,83,0,606,0.005272
2494,data/bench/ITC99_all_numeric/b08.bench,74,3,False,0,83,167,0,1215,0.010762
2495,data/bench/ITC99_all_numeric/b08.bench,74,4,False,0,83,167,0,1215,0.010767
2496,data/bench/ITC99_all_numeric/b08.bench,75,3,True,1,0,2,0,2,0.000111
2497,data/bench/ITC99_all_numeric/b08.bench,75,4,True,1,0,6,0,16,0.000283
2498,data/bench/ITC99_all_numeric/b08.bench,76,3,False,0,11,23,0,103,0.00139
2499,data/bench/ITC99_all_numeric/b08.bench,76,4,False,0,11,23,0,103,0.001388
2500,data/bench/ITC99_all_numeric/b08.bench,77,3,True,1,0,2,0,1,0.000267
2501,data/bench/ITC99_all_numeric/b08.bench,77,4,True,1,0,3,0,3,0.000307
2502,data/bench/ITC99_all_numeric/b08.bench,78,3,False,0,19,39,0,125,0.002798
2503,data/bench/ITC99_all_numeric/b08.bench,78,4,False,0,19,39,0,125,0.002327
2504,data/bench/ITC99_all_numeric/b08.bench,79,3,True,1,0,3,0,1,0.000154
2505,data/bench/ITC99_all_numeric/b08.bench,79,4,True,1,0,4,0,3,0.000194
2506,data/bench/ITC99_all_numeric/b08.bench,80,3,False,0,15,31,0,95,0.001839
2507,data/bench/ITC99_all_numeric/b08.bench,80,4,False,0,15,31,0,95,0.001856
2508,data/bench/ITC99_all_numeric/b08.bench,81,3,True,1,0,4,0,1,0.000191
2509,data/bench/ITC99_all_numeric/b08.bench,81,4,True,1,0,4,0,1,0.000193
2510,data/bench/ITC99_all_numeric/b08.bench,82,3,True,1,0,3,0,1,0.000145
2511,data/bench/ITC99_all_numeric/b08.bench,82,4,True,1,0,3,0,1,0.000145
2512,data/bench/ITC99_all_numeric/b08.bench,83,3,True,1,0,5,0,3,0.000225
2513,data/bench/ITC99_all_numeric/b08.bench,83,4,True,1,0,5,0,3,0.000229
2514,data/bench/ITC99_all_numeric/b08.bench,84,3,True,1,0,4,0,2,0.000183
2515,data/bench/ITC99_all_numeric/b08.bench,84,4,True,1,0,4,0,2,0.000185
2516,data/bench/ITC99_all_numeric/b08.bench,85,3,True,1,0,4,0,2,0.000187
2517,data/bench/ITC99_all_numeric/b08.bench,85,4,True,1,0,4,0,2,0.000185
2518,data/bench/ITC99_all_numeric/b08.bench,86,3,False,0,1,3,0,2,0.000187
2519,data/bench/ITC99_all_numeric/b08.bench,86,4,False,0,1,3,0,2,0.000189
2520,data/bench/ITC99_all_numeric/b08.bench,87,3,False,0,9,19,0,43,0.001093
2521,data/bench/ITC99_all_numeric/b08.bench,87,4,False,0,9,19,0,43,0.001095
2522,data/bench/ITC99_all_numeric/b08.bench,88,3,True,1,0,2,0,1,0.0001
2523,data/bench/ITC99_all_numeric/b08.bench,88,4,True,1,0,5,0,12,0.000232
2524,data/bench/ITC99_all_numeric/b08.bench,89,3,True,1,0,4,0,4,0.000187
2525,data/bench/ITC99_all_numeric/b08.bench,89,4,True,1,0,6,0,8,0.000348
2526,data/bench/ITC99_all_numeric/b08.bench,90,3,False,0,6,13,0,33,0.000811
2527,data/bench/ITC99_all_numeric/b08.bench,90,4,False,0,6,13,0,33,0.000826
2528,data/bench/ITC99_all_numeric/b08.bench,91,3,False,0,6,13,0,33,0.000819
2529,data/bench/ITC99_all_numeric/b08.bench,91,4,False,0,6,13,0,33,0.00079
2530,data/bench/ITC99_all_numeric/b08.bench,92,3,False,0,6,13,0,52,0.000887
2531,data/bench/ITC99_all_numeric/b08.bench,92,4,False,0,6,13,0,52,0.000828
2532,data/bench/ITC99_all_numeric/b08.bench,93,3,False,0,6,13,0,46,0.000814
2533,data/bench/ITC99_all_numeric/b08.bench,93,4,False,0,6,13,0,46,0.000829
2534,data/bench/ITC99_all_numeric/b08.bench,94,3,False,0,4,9,0,16,0.000553
2535,data/bench/ITC99_all_numeric/b08.bench,94,4,False,0,4,9,0,16,0.000553
2536,data/bench/ITC99_all_numeric/b08.bench,95,3,False,0,6,13,0,53,0.000835
2537,data/bench/ITC99_all_numeric/b08.bench,95,4,False,0,6,13,0,53,0.000823
2538,data/bench/ITC99_all_numeric/b08.bench,96,3,False,0,7,15,0,32,0.000911
2539,data/bench/ITC99_all_numeric/b08.bench,96,4,False,0,7,15,0,32,0.000922
2540,data/bench/ITC99_all_numeric/b08.bench,97,3,True,1,0,5,0,8,0.000238
2541,data/bench/ITC99_all_numeric/b08.bench,97,4,True,1,0,3,0,2,0.000147
2542,data/bench/ITC99_all_numeric/b08.bench,98,3,True,1,0,2,0,1,0.000109
2543,data/bench/ITC99_all_numeric/b08.bench,98,4,True,1,0,5,0,7,0.000232
2544,data/bench/ITC99_all_numeric/b08.bench,99,3,False,0,13,27,0,109,0.001644
2545,data/bench/ITC99_all_numeric/b08.bench,99,4,False,0,13,27,0,109,0.001642
2546,data/bench/ITC99_all_numeric/b08.bench,100,3,False,0,9,19,0,53,0.001128
2547,data/bench/ITC99_all_numeric/b08.bench,100,4,False,0,9,19,0,53,0.001156
2548,data/bench/ITC99_all_numeric/b08.bench,101,3,True,1,0,2,0,2,0.000109
2549,data/bench/ITC99_all_numeric/b08.bench,101,4,True,1,0,4,0,6,0.000191
2550,data/bench/ITC99_all_numeric/b08.bench,102,3,True,1,0,2,0,1,0.000154
2551,data/bench/ITC99_all_numeric/b08.bench,102,4,True,1,0,4,0,8,0.000211
2552,data/bench/ITC99_all_numeric/b08.bench,103,3,True,1,0,2,0,1,0.00011
2553,data/bench/ITC99_all_numeric/b08.bench,103,4,True,1,0,3,0,3,0.000165
2554,data/bench/ITC99_all_numeric/b08.bench,104,3,True,1,0,2,0,1,0.000104
2555,data/bench/ITC99_all_numeric/b08.bench,104,4,True,1,0,4,0,8,0.000198
2556,data/bench/ITC99_all_numeric/b08.bench,105,3,True,1,0,2,0,1,0.000104
2557,data/bench/ITC99_all_numeric/b08.bench,105,4,True,1,0,3,0,3,0.00015
2558,data/bench/ITC99_all_numeric/b08.bench,106,3,True,1,0,2,0,1,0.000105
2559,data/bench/ITC99_all_numeric/b08.bench,106,4,True,1,0,4,0,8,0.000197
2560,data/bench/ITC99_all_numeric/b08.bench,107,3,True,1,0,2,0,1,0.000107
2561,data/bench/ITC99_all_numeric/b08.bench,107,4,True,1,0,3,0,3,0.000149
2562,data/bench/ITC99_all_numeric/b08.bench,108,3,True,1,0,2,0,1,0.000102
2563,data/bench/ITC99_all_numeric/b08.bench,108,4,True,1,0,4,0,8,0.000198
2564,data/bench/ITC99_all_numeric/b08.bench,109,3,True,1,0,2,0,1,0.000104
2565,data/bench/ITC99_all_numeric/b08.bench,109,4,True,1,0,3,0,3,0.000146
2566,data/bench/ITC99_all_numeric/b08.bench,110,3,True,1,0,2,0,1,0.0001
2567,data/bench/ITC99_all_numeric/b08.bench,110,4,True,1,0,4,0,8,0.000197
2568,data/bench/ITC99_all_numeric/b08.bench,111,3,True,1,0,2,0,1,0.000104
2569,data/bench/ITC99_all_numeric/b08.bench,111,4,True,1,0,3,0,3,0.000149
2570,data/bench/ITC99_all_numeric/b08.bench,112,3,True,1,0,2,0,1,0.000104
2571,data/bench/ITC99_all_numeric/b08.bench,112,4,True,1,0,4,0,8,0.000198
2572,data/bench/ITC99_all_numeric/b08.bench,113,3,True,1,0,2,0,1,0.000105
2573,data/bench/ITC99_all_numeric/b08.bench,113,4,True,1,0,3,0,3,0.000152
2574,data/bench/ITC99_all_numeric/b08.bench,114,3,True,1,0,2,0,1,0.000103
2575,data/bench/ITC99_all_numeric/b08.bench,114,4,True,1,0,4,0,8,0.000273
2576,data/bench/ITC99_all_numeric/b08.bench,115,3,True,1,0,2,0,1,0.000112
2577,data/bench/ITC99_all_numeric/b08.bench,115,4,True,1,0,3,0,3,0.000153
2578,data/bench/ITC99_all_numeric/b08.bench,116,3,True,1,0,2,0,1,0.000109
2579,data/bench/ITC99_all_numeric/b08.bench,116,4,True,1,0,4,0,8,0.0002
2580,data/bench/ITC99_all_numeric/b08.bench,117,3,True,1,0,2,0,1,0.000107
2581,data/bench/ITC99_all_numeric/b08.bench,117,4,True,1,0,3,0,3,0.000156
2582,data/bench/ITC99_all_numeric/b08.bench,118,3,False,0,63,127,0,755,0.007961
2583,data/bench/ITC99_all_numeric/b08.bench,118,4,False,0,63,127,0,755,0.007895
2584,data/bench/ITC99_all_numeric/b08.bench,119,3,False,0,63,127,0,629,0.007809
2585,data/bench/ITC99_all_numeric/b08.bench,119,4,False,0,63,127,0,629,0.007725
2586,data/bench/ITC99_all_numeric/b08.bench,120,3,False,0,63,127,0,755,0.007827
2587,data/bench/ITC99_all_numeric/b08.bench,120,4,False,0,63,127,0,755,0.007883
2588,data/bench/ITC99_all_numeric/b08.bench,121,3,False,0,63,127,0,629,0.00769
2589,data/bench/ITC99_all_numeric/b08.bench,121,4,False,0,63,127,0,629,0.007757
2590,data/bench/ITC99_all_numeric/b08.bench,122,3,False,0,63,127,0,755,0.008212
2591,data/bench/ITC99_all_numeric/b08.bench,122,4,False,0,63,127,0,755,0.007935
2592,data/bench/ITC99_all_numeric/b08.bench,123,3,False,0,63,127,0,629,0.00779
2593,data/bench/ITC99_all_numeric/b08.bench,123,4,False,0,63,127,0,629,0.00776
2594,data/bench/ITC99_all_numeric/b08.bench,124,3,False,0,63,127,0,755,0.007873
2595,data/bench/ITC99_all_numeric/b08.bench,124,4,False,0,63,127,0,755,0.008176
2596,data/bench/ITC99_all_numeric/b08.bench,125,3,False,0,63,127,0,629,0.00771
2597,data/bench/ITC99_all_numeric/b08.bench,125,4,False,0,63,127,0,629,0.008
2598,data/bench/ITC99_all_numeric/b08.bench,126,3,False,0,41,83,0,277,0.00488
2599,data/bench/ITC99_all_numeric/b08.bench,126,4,False,0,41,83,0,277,0.004844
2600,data/bench/ITC99_all_numeric/b08.bench,127,3,True,1,0,3,0,5,0.00024
2601,data/bench/ITC99_all_numeric/b08.bench,127,4,True,1,0,2,0,2,0.000146
2602,data/bench/ITC99_all_numeric/b08.bench,128,3,False,0,13,27,0,63,0.001851
2603,data/bench/ITC99_all_numeric/b08.bench,128,4,False,0,13,27,0,63,0.001714
2604,data/bench/ITC99_all_numeric/b08.bench,129,3,False,0,13,27,0,160,0.001765
2605,data/bench/ITC99_all_numeric/b08.bench,129,4,False,0,13,27,0,160,0.001768
2606,data/bench/ITC99_all_numeric/b08.bench,130,3,False,0,13,27,0,194,0.001775
2607,data/bench/ITC99_all_numeric/b08.bench,130,4,False,0,13,27,0,194,0.001794
2608,data/bench/ITC99_all_numeric/b08.bench,131,3,False,0,15,31,0,228,0.002134
2609,data/bench/ITC99_all_numeric/b08.bench,131,4,False,0,15,31,0,228,0.002384
2610,data/bench/ITC99_all_numeric/b08.bench,132,3,False,0,13,27,0,133,0.001768
2611,data/bench/ITC99_all_numeric/b08.bench,132,4,False,0,13,27,0,133,0.001742
2612,data/bench/ITC99_all_numeric/b08.bench,133,3,False,0,13,27,0,120,0.001692
2613,data/bench/ITC99_all_numeric/b08.bench,133,4,False,0,13,27,0,120,0.00169
2614,data/bench/ITC99_all_numeric/b08.bench,134,3,False,0,13,27,0,119,0.001725
2615,data/bench/ITC99_all_numeric/b08.bench,134,4,False,0,13,27,0,119,0.001686
2616,data/bench/ITC99_all_numeric/b08.bench,135,3,False,0,15,31,0,125,0.001914
2617,data/bench/ITC99_all_numeric/b08.bench,135,4,False,0,15,31,0,125,0.002097
2618,data/bench/ITC99_all_numeric/b08.bench,136,3,False,0,1,3,0,2,0.000197
2619,data/bench/ITC99_all_numeric/b08.bench,136,4,False,0,1,3,0,2,0.000188
2620,data/bench/ITC99_all_numeric/b08.bench,137,3,False,0,1,3,0,2,0.000194
2621,data/bench/ITC99_all_numeric/b08.bench,137,4,False,0,1,3,0,2,0.00019
2622,data/bench/ITC99_all_numeric/b08.bench,138,3,False,0,1,3,0,2,0.000193
2623,data/bench/ITC99_all_numeric/b08.bench,138,4,False,0,1,3,0,2,0.000189
2624,data/bench/ITC99_all_numeric/b08.bench,139,3,False,0,1,3,0,2,0.000187
2625,data/bench/ITC99_all_numeric/b08.bench,139,4,False,0,1,3,0,2,0.000259
2626,data/bench/ITC99_all_numeric/b08.bench,140,3,False,0,1,3,0,2,0.0002
2627,data/bench/ITC99_all_numeric/b08.bench,140,4,False,0,1,3,0,2,0.000193
2628,data/bench/ITC99_all_numeric/b08.bench,141,3,False,0,1,3,0,2,0.000191
2629,data/bench/ITC99_all_numeric/b08.bench,141,4,False,0,1,3,0,2,0.000187
2630,data/bench/ITC99_all_numeric/b08.bench,142,3,False,0,1,3,0,2,0.000192
2631,data/bench/ITC99_all_numeric/b08.bench,142,4,False,0,1,3,0,2,0.000189
2632,data/bench/ITC99_all_numeric/b08.bench,143,3,False,0,1,3,0,2,0.00019
2633,data/bench/ITC99_all_numeric/b08.bench,143,4,False,0,1,3,0,2,0.000189
2634,data/bench/ITC99_all_numeric/b08.bench,144,3,False,0,31,63,0,251,0.004537
2635,data/bench/ITC99_all_numeric/b08.bench,144,4,False,0,31,63,0,251,0.003752
2636,data/bench/ITC99_all_numeric/b08.bench,145,3,False,0,7,15,0,47,0.000927
2637,data/bench/ITC99_all_numeric/b08.bench,145,4,False,0,7,15,0,47,0.000922
2638,data/bench/ITC99_all_numeric/b08.bench,146,3,True,1,0,4,0,5,0.000195
2639,data/bench/ITC99_all_numeric/b08.bench,146,4,True,1,0,3,0,2,0.000148
2640,data/bench/ITC99_all_numeric/b08.bench,147,3,False,0,9,19,0,62,0.001134
2641,data/bench/ITC99_all_numeric/b08.bench,147,4,False,0,9,19,0,62,0.001131
2642,data/bench/ITC99_all_numeric/b08.bench,148,3,True,1,0,6,0,11,0.000275
2643,data/bench/ITC99_all_numeric/b08.bench,148,4,True,1,0,4,0,5,0.000193
2644,data/bench/ITC99_all_numeric/b08.bench,149,3,False,0,9,19,0,78,0.001146
2645,data/bench/ITC99_all_numeric/b08.bench,149,4,False,0,9,19,0,78,0.001132
2646,data/bench/ITC99_all_numeric/b08.bench,150,3,False,0,2,5,0,4,0.000296
2647,data/bench/ITC99_all_numeric/b08.bench,150,4,False,0,3,7,0,8,0.000412
2648,data/bench/ITC99_all_numeric/b08.bench,151,3,False,0,9,19,0,70,0.001117
2649,data/bench/ITC99_all_numeric/b08.bench,151,4,False,0,9,19,0,70,0.001128
2650,data/bench/ITC99_all_numeric/b08.bench,152,3,False,0,5,11,0,8,0.000755
2651,data/bench/ITC99_all_numeric/b08.bench,152,4,False,0,7,15,0,14,0.000901
2652,data/bench/ITC99_all_numeric/b08.bench,153,3,False,0,4,9,0,25,0.000557
2653,data/bench/ITC99_all_numeric/b08.bench,153,4,False,0,4,9,0,25,0.000549
2654,data/bench/ITC99_all_numeric/b08.bench,154,3,False,0,6,13,0,49,0.000796
2655,data/bench/ITC99_all_numeric/b08.bench,154,4,False,0,6,13,0,49,0.000803
2656,data/bench/ITC99_all_numeric/b08.bench,155,3,False,0,7,15,0,70,0.000935
2657,data/bench/ITC99_all_numeric/b08.bench,155,4,False,0,7,15,0,70,0.00095
2658,data/bench/ITC99_all_numeric/b08.bench,156,3,False,0,13,27,0,152,0.001734
2659,data/bench/ITC99_all_numeric/b08.bench,156,4,False,0,13,27,0,152,0.001726
2660,data/bench/ITC99_all_numeric/b08.bench,157,3,False,0,15,31,0,172,0.001998
2661,data/bench/ITC99_all_numeric/b08.bench,157,4,False,0,15,31,0,172,0.001959
2662,data/bench/ITC99_all_numeric/b08.bench,158,3,False,0,13,27,0,125,0.001669
2663,data/bench/ITC99_all_numeric/b08.bench,158,4,False,0,13,27,0,125,0.001675
2664,data/bench/ITC99_all_numeric/b08.bench,159,3,False,0,6,13,0,66,0.000828
2665,data/bench/ITC99_all_numeric/b08.bench,159,4,False,0,6,13,0,66,0.00083
2666,data/bench/ITC99_all_numeric/b08.bench,160,3,False,0,4,9,0,30,0.000556
2667,data/bench/ITC99_all_numeric/b08.bench,160,4,False,0,4,9,0,30,0.000559
2668,data/bench/ITC99_all_numeric/b08.bench,161,3,False,0,13,27,0,92,0.001632
2669,data/bench/ITC99_all_numeric/b08.bench,161,4,False,0,13,27,0,92,0.00163
2670,data/bench/ITC99_all_numeric/b08.bench,162,3,False,0,9,19,0,80,0.001202
2671,data/bench/ITC99_all_numeric/b08.bench,162,4,False,0,9,19,0,80,0.001208
2672,data/bench/ITC99_all_numeric/b08.bench,163,3,False,0,13,27,0,93,0.001631
2673,data/bench/ITC99_all_numeric/b08.bench,163,4,False,0,13,27,0,93,0.001627
2674,data/bench/ITC99_all_numeric/b08.bench,164,3,False,0,6,13,0,65,0.000818
2675,data/bench/ITC99_all_numeric/b08.bench,164,4,False,0,6,13,0,65,0.000925
2676,data/bench/ITC99_all_numeric/b08.bench,165,3,False,0,7,15,0,66,0.000973
2677,data/bench/ITC99_all_numeric/b08.bench,165,4,False,0,7,15,0,66,0.00094
2678,data/bench/ITC99_all_numeric/b08.bench,166,3,False,0,13,27,0,158,0.001738
2679,data/bench/ITC99_all_numeric/b08.bench,166,4,False,0,13,27,0,158,0.001743
2680,data/bench/ITC99_all_numeric/b08.bench,167,3,False,0,15,31,0,164,0.001983
2681,data/bench/ITC99_all_numeric/b08.bench,167,4,False,0,15,31,0,164,0.001964
2682,data/bench/ITC99_all_numeric/b08.bench,168,3,False,0,13,27,0,131,0.001726
2683,data/bench/ITC99_all_numeric/b08.bench,168,4,False,0,13,27,0,131,0.001707
2684,data/bench/ITC99_all_numeric/b08.bench,169,3,False,0,7,15,0,83,0.000953
2685,data/bench/ITC99_all_numeric/b08.bench,169,4,False,0,7,15,0,83,0.000983
2686,data/bench/ITC99_all_numeric/b08.bench,170,3,False,0,15,31,0,197,0.001991
2687,data/bench/ITC99_all_numeric/b08.bench,170,4,False,0,15,31,0,197,0.001991
2688,data/bench/ITC99_all_numeric/b08.bench,171,3,False,0,13,27,0,134,0.001709
2689,data/bench/ITC99_all_numeric/b08.bench,171,4,False,0,13,27,0,134,0.00172
2690,data/bench/ITC99_all_numeric/b08.bench,172,3,False,0,6,13,0,70,0.000836
2691,data/bench/ITC99_all_numeric/b08.bench,172,4,False,0,6,13,0,70,0.00083
2692,data/bench/ITC99_all_numeric/b08.bench,173,3,False,0,5,11,0,33,0.000673
2693,data/bench/ITC99_all_numeric/b08.bench,173,4,False,0,5,11,0,33,0.000687
2694,data/bench/ITC99_all_numeric/b08.bench,174,3,False,0,11,23,0,90,0.001422
2695,data/bench/ITC99_all_numeric/b08.bench,174,4,False,0,11,23,0,90,0.001437
2696,data/bench/ITC99_all_numeric/b08.bench,175,3,False,0,13,27,0,167,0.001744
2697,data/bench/ITC99_all_numeric/b08.bench,175,4,False,0,13,27,0,167,0.001744
2698,data/bench/ITC99_all_numeric/b08.bench,176,3,False,0,13,27,0,119,0.001704
2699,data/bench/ITC99_all_numeric/b08.bench,176,4,False,0,13,27,0,119,0.001705
2700,data/bench/ITC99_all_numeric/b08.bench,177,3,False,0,41,83,0,524,0.005322
2701,data/bench/ITC99_all_numeric/b08.bench,177,4,False,0,41,83,0,524,0.005162
2702,data/bench/ITC99_all_numeric/b08.bench,178,3,False,0,6,13,0,18,0.000797
2703,data/bench/ITC99_all_numeric/b08.bench,178,4,False,0,6,13,0,19,0.000779
2704,data/bench/ITC99_all_numeric/b08.bench,179,3,False,0,31,63,0,314,0.003859
2705,data/bench/ITC99_all_numeric/b08.bench,179,4,False,0,31,63,0,314,0.00384
2706,data/bench/ITC99_all_numeric/b09.bench,1,3,False,3,0,10001,0,0,0.524748
2707,data/bench/ITC99_all_numeric/b09.bench,1,4,False,3,0,10001,0,0,0.527437
2708,data/bench/ITC99_all_numeric/b09.bench,2,3,True,1,0,3,0,0,0.000201
2709,data/bench/ITC99_all_numeric/b09.bench,2,4,True,1,0,3,0,0,0.000167
2710,data/bench/ITC99_all_numeric/b09.bench,3,3,False,3,0,10001,0,0,0.542711
2711,data/bench/ITC99_all_numeric/b09.bench,3,4,False,3,0,10001,0,0,0.530272
2712,data/bench/ITC99_all_numeric/b09.bench,4,3,False,3,0,10001,0,0,0.524228
2713,data/bench/ITC99_all_numeric/b09.bench,4,4,False,3,0,10001,0,0,0.52527
2714,data/bench/ITC99_all_numeric/b09.bench,5,3,False,3,0,10001,0,0,0.542168
2715,data/bench/ITC99_all_numeric/b09.bench,5,4,False,3,0,10001,0,0,0.524389
2716,data/bench/ITC99_all_numeric/b09.bench,6,3,False,3,0,10001,0,0,0.524071
2717,data/bench/ITC99_all_numeric/b09.bench,6,4,False,3,0,10001,0,0,0.518458
2718,data/bench/ITC99_all_numeric/b09.bench,7,3,False,3,0,10001,0,0,0.541218
2719,data/bench/ITC99_all_numeric/b09.bench,7,4,False,3,0,10001,0,0,0.524869
2720,data/bench/ITC99_all_numeric/b09.bench,8,3,False,3,0,10001,0,0,0.523339
2721,data/bench/ITC99_all_numeric/b09.bench,8,4,False,3,0,10001,0,0,0.543852
2722,data/bench/ITC99_all_numeric/b09.bench,9,3,False,3,0,10001,0,0,0.520118
2723,data/bench/ITC99_all_numeric/b09.bench,9,4,False,3,0,10001,0,0,0.522599
2724,data/bench/ITC99_all_numeric/b09.bench,10,3,True,1,0,5,0,6,0.000307
2725,data/bench/ITC99_all_numeric/b09.bench,10,4,True,1,0,5,0,6,0.000373
2726,data/bench/ITC99_all_numeric/b09.bench,11,3,True,1,0,3,0,0,0.000195
2727,data/bench/ITC99_all_numeric/b09.bench,11,4,True,1,0,3,0,0,0.000168
2728,data/bench/ITC99_all_numeric/b09.bench,12,3,True,1,0,3,0,0,0.000166
2729,data/bench/ITC99_all_numeric/b09.bench,12,4,True,1,0,3,0,0,0.000165
2730,data/bench/ITC99_all_numeric/b09.bench,13,3,True,1,0,3,0,0,0.000168
2731,data/bench/ITC99_all_numeric/b09.bench,13,4,True,1,0,3,0,0,0.000164
2732,data/bench/ITC99_all_numeric/b09.bench,14,3,True,1,0,3,0,0,0.000165
2733,data/bench/ITC99_all_numeric/b09.bench,14,4,True,1,0,3,0,0,0.000163
2734,data/bench/ITC99_all_numeric/b09.bench,15,3,True,1,0,3,0,0,0.000163
2735,data/bench/ITC99_all_numeric/b09.bench,15,4,True,1,0,3,0,0,0.000163
2736,data/bench/ITC99_all_numeric/b09.bench,16,3,True,1,0,3,0,0,0.000165
2737,data/bench/ITC99_all_numeric/b09.bench,16,4,True,1,0,3,0,0,0.000162
2738,data/bench/ITC99_all_numeric/b09.bench,17,3,True,1,0,3,0,0,0.000161
2739,data/bench/ITC99_all_numeric/b09.bench,17,4,True,1,0,3,0,0,0.000273
2740,data/bench/ITC99_all_numeric/b09.bench,18,3,True,1,0,3,0,0,0.000182
2741,data/bench/ITC99_all_numeric/b09.bench,18,4,True,1,0,3,0,0,0.00017
2742,data/bench/ITC99_all_numeric/b09.bench,19,3,True,1,0,5,0,5,0.000269
2743,data/bench/ITC99_all_numeric/b09.bench,19,4,True,1,0,5,0,5,0.000269
2744,data/bench/ITC99_all_numeric/b09.bench,20,3,True,1,0,3,0,0,0.000165
2745,data/bench/ITC99_all_numeric/b09.bench,20,4,True,1,0,3,0,0,0.000165
2746,data/bench/ITC99_all_numeric/b09.bench,21,3,True,1,0,3,0,0,0.000159
2747,data/bench/ITC99_all_numeric/b09.bench,21,4,True,1,0,3,0,0,0.000159
2748,data/bench/ITC99_all_numeric/b09.bench,22,3,True,1,0,3,0,1,0.000167
2749,data/bench/ITC99_all_numeric/b09.bench,22,4,True,1,0,3,0,1,0.000165
2750,data/bench/ITC99_all_numeric/b09.bench,23,3,True,1,0,3,0,1,0.000343
2751,data/bench/ITC99_all_numeric/b09.bench,23,4,True,1,0,3,0,1,0.000292
2752,data/bench/ITC99_all_numeric/b09.bench,24,3,True,1,0,3,0,1,0.000307
2753,data/bench/ITC99_all_numeric/b09.bench,24,4,True,1,0,3,0,1,0.000266
2754,data/bench/ITC99_all_numeric/b09.bench,25,3,True,1,0,3,0,1,0.000169
2755,data/bench/ITC99_all_numeric/b09.bench,25,4,True,1,0,3,0,1,0.00017
2756,data/bench/ITC99_all_numeric/b09.bench,26,3,True,1,0,3,0,1,0.000168
2757,data/bench/ITC99_all_numeric/b09.bench,26,4,True,1,0,3,0,1,0.00017
2758,data/bench/ITC99_all_numeric/b09.bench,27,3,True,1,0,3,0,1,0.000166
2759,data/bench/ITC99_all_numeric/b09.bench,27,4,True,1,0,3,0,1,0.000164
2760,data/bench/ITC99_all_numeric/b09.bench,28,3,True,1,0,3,0,1,0.00028
2761,data/bench/ITC99_all_numeric/b09.bench,28,4,True,1,0,3,0,1,0.000172
2762,data/bench/ITC99_all_numeric/b09.bench,29,3,True,1,0,3,0,1,0.000168
2763,data/bench/ITC99_all_numeric/b09.bench,29,4,True,1,0,3,0,1,0.000165
2764,data/bench/ITC99_all_numeric/b09.bench,30,3,False,0,13,27,0,99,0.00248
2765,data/bench/ITC99_all_numeric/b09.bench,30,4,False,0,13,27,0,99,0.001968
2766,data/bench/ITC99_all_numeric/b09.bench,31,3,False,0,191,383,0,2906,0.029705
2767,data/bench/ITC99_all_numeric/b09.bench,31,4,False,0,191,383,0,2906,0.029597
2768,data/bench/ITC99_all_numeric/b09.bench,32,3,False,0,95,191,0,1426,0.014865
2769,data/bench/ITC99_all_numeric/b09.bench,32,4,False,0,95,191,0,1426,0.014992
2770,data/bench/ITC99_all_numeric/b09.bench,33,3,False,0,191,383,0,2896,0.030385
2771,data/bench/ITC99_all_numeric/b09.bench,33,4,False,0,191,383,0,2896,0.02964
2772,data/bench/ITC99_all_numeric/b09.bench,34,3,False,0,191,383,0,2896,0.029657
2773,data/bench/ITC99_all_numeric/b09.bench,34,4,False,0,191,383,0,2896,0.029592
2774,data/bench/ITC99_all_numeric/b09.bench,35,3,False,0,191,383,0,2896,0.029805
2775,data/bench/ITC99_all_numeric/b09.bench,35,4,False,0,191,383,0,2896,0.029799
2776,data/bench/ITC99_all_numeric/b09.bench,36,3,False,0,191,383,0,2896,0.029839
2777,data/bench/ITC99_all_numeric/b09.bench,36,4,False,0,191,383,0,2896,0.030369
2778,data/bench/ITC99_all_numeric/b09.bench,37,3,False,0,191,383,0,2896,0.031899
2779,data/bench/ITC99_all_numeric/b09.bench,37,4,False,0,191,383,0,2896,0.030107
2780,data/bench/ITC99_all_numeric/b09.bench,38,3,False,0,191,383,0,2896,0.029534
2781,data/bench/ITC99_all_numeric/b09.bench,38,4,False,0,191,383,0,2896,0.029775
2782,data/bench/ITC99_all_numeric/b09.bench,39,3,False,0,11,23,0,51,0.001651
2783,data/bench/ITC99_all_numeric/b09.bench,39,4,False,0,11,23,0,51,0.001661
2784,data/bench/ITC99_all_numeric/b09.bench,40,3,False,0,11,23,0,51,0.001642
2785,data/bench/ITC99_all_numeric/b09.bench,40,4,False,0,11,23,0,51,0.001657
2786,data/bench/ITC99_all_numeric/b09.bench,41,3,False,0,11,23,0,51,0.001655
2787,data/bench/ITC99_all_numeric/b09.bench,41,4,False,0,11,23,0,51,0.001655
2788,data/bench/ITC99_all_numeric/b09.bench,42,3,False,0,11,23,0,51,0.001662
2789,data/bench/ITC99_all_numeric/b09.bench,42,4,False,0,11,23,0,51,0.001675
2790,data/bench/ITC99_all_numeric/b09.bench,43,3,False,0,11,23,0,51,0.001682
2791,data/bench/ITC99_all_numeric/b09.bench,43,4,False,0,11,23,0,51,0.001685
2792,data/bench/ITC99_all_numeric/b09.bench,44,3,False,0,11,23,0,51,0.001671
2793,data/bench/ITC99_all_numeric/b09.bench,44,4,False,0,11,23,0,51,0.001644
2794,data/bench/ITC99_all_numeric/b09.bench,45,3,False,0,11,23,0,51,0.001648
2795,data/bench/ITC99_all_numeric/b09.bench,45,4,False,0,11,23,0,51,0.001667
2796,data/bench/ITC99_all_numeric/b09.bench,46,3,False,0,11,23,0,51,0.001676
2797,data/bench/ITC99_all_numeric/b09.bench,46,4,False,0,11,23,0,51,0.001672
2798,data/bench/ITC99_all_numeric/b09.bench,47,3,False,0,271,543,0,2510,0.039884
2799,data/bench/ITC99_all_numeric/b09.bench,47,4,False,0,271,543,0,2510,0.03967
2800,data/bench/ITC99_all_numeric/b09.bench,48,3,False,0,5,11,0,16,0.000854
2801,data/bench/ITC99_all_numeric/b09.bench,48,4,False,0,5,11,0,16,0.000789
2802,data/bench/ITC99_all_numeric/b09.bench,49,3,False,0,111,223,0,1243,0.017295
2803,data/bench/ITC99_all_numeric/b09.bench,49,4,False,0,111,223,0,1243,0.016806
2804,data/bench/ITC99_all_numeric/b09.bench,50,3,False,0,95,191,0,1256,0.014859
2805,data/bench/ITC99_all_numeric/b09.bench,50,4,False,0,95,191,0,1256,0.014784
2806,data/bench/ITC99_all_numeric/b09.bench,51,3,False,0,13,27,0,99,0.002055
2807,data/bench/ITC99_all_numeric/b09.bench,51,4,False,0,13,27,0,99,0.002033
2808,data/bench/ITC99_all_numeric/b09.bench,52,3,False,0,13,27,0,99,0.002009
2809,data/bench/ITC99_all_numeric/b09.bench,52,4,False,0,13,27,0,99,0.001978
2810,data/bench/ITC99_all_numeric/b09.bench,53,3,False,0,13,27,0,99,0.002024
2811,data/bench/ITC99_all_numeric/b09.bench,53,4,False,0,13,27,0,99,0.002008
2812,data/bench/ITC99_all_numeric/b09.bench,54,3,False,0,13,27,0,99,0.002008
2813,data/bench/ITC99_all_numeric/b09.bench,54,4,False,0,13,27,0,99,0.002005
2814,data/bench/ITC99_all_numeric/b09.bench,55,3,False,0,13,27,0,99,0.00199
2815,data/bench/ITC99_all_numeric/b09.bench,55,4,False,0,13,27,0,99,0.001978
2816,data/bench/ITC99_all_numeric/b09.bench,56,3,False,0,13,27,0,99,0.001982
2817,data/bench/ITC99_all_numeric/b09.bench,56,4,False,0,13,27,0,99,0.001986
2818,data/bench/ITC99_all_numeric/b09.bench,57,3,False,0,13,27,0,99,0.001974
2819,data/bench/ITC99_all_numeric/b09.bench,57,4,False,0,13,27,0,99,0.001997
2820,data/bench/ITC99_all_numeric/b09.bench,58,3,True,1,0,4,0,3,0.000216
2821,data/bench/ITC99_all_numeric/b09.bench,58,4,True,1,0,3,0,2,0.000162
2822,data/bench/ITC99_all_numeric/b09.bench,59,3,False,0,95,191,0,1065,0.014203
2823,data/bench/ITC99_all_numeric/b09.bench,59,4,False,0,95,191,0,1065,0.014146
2824,data/bench/ITC99_all_numeric/b09.bench,60,3,False,0,95,191,0,879,0.013906
2825,data/bench/ITC99_all_numeric/b09.bench,60,4,False,0,95,191,0,879,0.014381
2826,data/bench/ITC99_all_numeric/b09.bench,61,3,False,0,127,255,0,1426,0.018893
2827,data/bench/ITC99_all_numeric/b09.bench,61,4,False,0,127,255,0,1426,0.018764
2828,data/bench/ITC99_all_numeric/b09.bench,62,3,True,1,0,5,0,6,0.000276
2829,data/bench/ITC99_all_numeric/b09.bench,62,4,True,1,0,4,0,3,0.000217
2830,data/bench/ITC99_all_numeric/b09.bench,63,3,False,0,3,7,0,12,0.000547
2831,data/bench/ITC99_all_numeric/b09.bench,63,4,False,0,3,7,0,12,0.000521
2832,data/bench/ITC99_all_numeric/b09.bench,64,3,True,1,0,4,0,2,0.000218
2833,data/bench/ITC99_all_numeric/b09.bench,64,4,True,1,0,5,0,4,0.000266
2834,data/bench/ITC99_all_numeric/b09.bench,65,3,True,1,0,2,0,2,0.000107
2835,data/bench/ITC99_all_numeric/b09.bench,65,4,True,1,0,4,0,6,0.000216
2836,data/bench/ITC99_all_numeric/b09.bench,66,3,True,1,0,3,0,5,0.000163
2837,data/bench/ITC99_all_numeric/b09.bench,66,4,True,1,0,3,0,4,0.000159
2838,data/bench/ITC99_all_numeric/b09.bench,67,3,True,1,0,2,0,1,0.000103
2839,data/bench/ITC99_all_numeric/b09.bench,67,4,True,1,0,3,0,3,0.00016
2840,data/bench/ITC99_all_numeric/b09.bench,68,3,False,0,47,95,0,436,0.007227
2841,data/bench/ITC99_all_numeric/b09.bench,68,4,False,0,47,95,0,436,0.007235
2842,data/bench/ITC99_all_numeric/b09.bench,69,3,True,1,0,3,0,1,0.000165
2843,data/bench/ITC99_all_numeric/b09.bench,69,4,True,1,0,3,0,1,0.000164
2844,data/bench/ITC99_all_numeric/b09.bench,70,3,True,1,0,3,0,1,0.000163
2845,data/bench/ITC99_all_numeric/b09.bench,70,4,True,1,0,4,0,2,0.000222
2846,data/bench/ITC99_all_numeric/b09.bench,71,3,False,0,6,13,0,36,0.000959
2847,data/bench/ITC99_all_numeric/b09.bench,71,4,False,0,6,13,0,36,0.000946
2848,data/bench/ITC99_all_numeric/b09.bench,72,3,False,0,95,191,0,1065,0.014197
2849,data/bench/ITC99_all_numeric/b09.bench,72,4,False,0,95,191,0,1065,0.014257
2850,data/bench/ITC99_all_numeric/b09.bench,73,3,False,0,9,19,0,63,0.001544
2851,data/bench/ITC99_all_numeric/b09.bench,73,4,False,0,9,19,0,63,0.002487
2852,data/bench/ITC99_all_numeric/b09.bench,74,3,True,1,0,2,0,1,0.000117
2853,data/bench/ITC99_all_numeric/b09.bench,74,4,True,1,0,5,0,10,0.000274
2854,data/bench/ITC99_all_numeric/b09.bench,75,3,True,1,0,3,0,4,0.000166
2855,data/bench/ITC99_all_numeric/b09.bench,75,4,True,1,0,4,0,9,0.000224
2856,data/bench/ITC99_all_numeric/b09.bench,76,3,False,0,47,95,0,345,0.00694
2857,data/bench/ITC99_all_numeric/b09.bench,76,4,False,0,47,95,0,345,0.006978
2858,data/bench/ITC99_all_numeric/b09.bench,77,3,True,1,0,2,0,1,0.000114
2859,data/bench/ITC99_all_numeric/b09.bench,77,4,True,1,0,4,0,8,0.000431
2860,data/bench/ITC99_all_numeric/b09.bench,78,3,True,1,0,2,0,1,0.000235
2861,data/bench/ITC99_all_numeric/b09.bench,78,4,True,1,0,4,0,7,0.000449
2862,data/bench/ITC99_all_numeric/b09.bench,79,3,True,1,0,2,0,1,0.00021
2863,data/bench/ITC99_all_numeric/b09.bench,79,4,True,1,0,4,0,8,0.000446
2864,data/bench/ITC99_all_numeric/b09.bench,80,3,True,1,0,2,0,1,0.000206
2865,data/bench/ITC99_all_numeric/b09.bench,80,4,True,1,0,4,0,7,0.000225
2866,data/bench/ITC99_all_numeric/b09.bench,81,3,True,1,0,2,0,1,0.00011
2867,data/bench/ITC99_all_numeric/b09.bench,81,4,True,1,0,4,0,8,0.00022
2868,data/bench/ITC99_all_numeric/b09.bench,82,3,True,1,0,2,0,1,0.000113
2869,data/bench/ITC99_all_numeric/b09.bench,82,4,True,1,0,4,0,7,0.000218
2870,data/bench/ITC99_all_numeric/b09.bench,83,3,True,1,0,2,0,1,0.00011
2871,data/bench/ITC99_all_numeric/b09.bench,83,4,True,1,0,4,0,8,0.00022
2872,data/bench/ITC99_all_numeric/b09.bench,84,3,True,1,0,2,0,1,0.000108
2873,data/bench/ITC99_all_numeric/b09.bench,84,4,True,1,0,4,0,7,0.000217
2874,data/bench/ITC99_all_numeric/b09.bench,85,3,True,1,0,2,0,1,0.000112
2875,data/bench/ITC99_all_numeric/b09.bench,85,4,True,1,0,4,0,8,0.000291
2876,data/bench/ITC99_all_numeric/b09.bench,86,3,True,1,0,2,0,1,0.000115
2877,data/bench/ITC99_all_numeric/b09.bench,86,4,True,1,0,4,0,7,0.000222
2878,data/bench/ITC99_all_numeric/b09.bench,87,3,True,1,0,2,0,1,0.00011
2879,data/bench/ITC99_all_numeric/b09.bench,87,4,True,1,0,4,0,8,0.000222
2880,data/bench/ITC99_all_numeric/b09.bench,88,3,True,1,0,2,0,1,0.000116
2881,data/bench/ITC99_all_numeric/b09.bench,88,4,True,1,0,4,0,7,0.000229
2882,data/bench/ITC99_all_numeric/b09.bench,89,3,True,1,0,2,0,1,0.000109
2883,data/bench/ITC99_all_numeric/b09.bench,89,4,True,1,0,4,0,8,0.000219
2884,data/bench/ITC99_all_numeric/b09.bench,90,3,True,1,0,2,0,1,0.000109
2885,data/bench/ITC99_all_numeric/b09.bench,90,4,True,1,0,4,0,7,0.00022
2886,data/bench/ITC99_all_numeric/b09.bench,91,3,True,1,0,2,0,1,0.000143
2887,data/bench/ITC99_all_numeric/b09.bench,91,4,True,1,0,4,0,8,0.000224
2888,data/bench/ITC99_all_numeric/b09.bench,92,3,True,1,0,2,0,1,0.000111
2889,data/bench/ITC99_all_numeric/b09.bench,92,4,True,1,0,4,0,7,0.000222
2890,data/bench/ITC99_all_numeric/b09.bench,93,3,False,0,191,383,0,2513,0.02942
2891,data/bench/ITC99_all_numeric/b09.bench,93,4,False,0,191,383,0,2513,0.02913
2892,data/bench/ITC99_all_numeric/b09.bench,94,3,False,0,255,511,0,3363,0.038464
2893,data/bench/ITC99_all_numeric/b09.bench,94,4,False,0,255,511,0,3363,0.038564
2894,data/bench/ITC99_all_numeric/b09.bench,95,3,False,0,191,383,0,2523,0.029117
2895,data/bench/ITC99_all_numeric/b09.bench,95,4,False,0,191,383,0,2523,0.028995
2896,data/bench/ITC99_all_numeric/b09.bench,96,3,False,0,191,383,0,2513,0.029139
2897,data/bench/ITC99_all_numeric/b09.bench,96,4,False,0,191,383,0,2513,0.029071
2898,data/bench/ITC99_all_numeric/b09.bench,97,3,False,0,255,511,0,3363,0.038387
2899,data/bench/ITC99_all_numeric/b09.bench,97,4,False,0,255,511,0,3363,0.038394
2900,data/bench/ITC99_all_numeric/b09.bench,98,3,False,0,191,383,0,2523,0.029421
2901,data/bench/ITC99_all_numeric/b09.bench,98,4,False,0,191,383,0,2523,0.029376
2902,data/bench/ITC99_all_numeric/b09.bench,99,3,False,0,191,383,0,2513,0.029376
2903,data/bench/ITC99_all_numeric/b09.bench,99,4,False,0,191,383,0,2513,0.029457
2904,data/bench/ITC99_all_numeric/b09.bench,100,3,False,0,255,511,0,3363,0.038256
2905,data/bench/ITC99_all_numeric/b09.bench,100,4,False,0,255,511,0,3363,0.038246
2906,data/bench/ITC99_all_numeric/b09.bench,101,3,False,0,191,383,0,2523,0.028905
2907,data/bench/ITC99_all_numeric/b09.bench,101,4,False,0,191,383,0,2523,0.028918
2908,data/bench/ITC99_all_numeric/b09.bench,102,3,False,0,191,383,0,2513,0.028785
2909,data/bench/ITC99_all_numeric/b09.bench,102,4,False,0,191,383,0,2513,0.028815
2910,data/bench/ITC99_all_numeric/b09.bench,103,3,False,0,255,511,0,3363,0.03823
2911,data/bench/ITC99_all_numeric/b09.bench,103,4,False,0,255,511,0,3363,0.038332
2912,data/bench/ITC99_all_numeric/b09.bench,104,3,False,0,191,383,0,2523,0.028816
2913,data/bench/ITC99_all_numeric/b09.bench,104,4,False,0,191,383,0,2523,0.028808
2914,data/bench/ITC99_all_numeric/b09.bench,105,3,False,0,191,383,0,2513,0.028711
2915,data/bench/ITC99_all_numeric/b09.bench,105,4,False,0,191,383,0,2513,0.028804
2916,data/bench/ITC99_all_numeric/b09.bench,106,3,False,0,255,511,0,3363,0.038294
2917,data/bench/ITC99_all_numeric/b09.bench,106,4,False,0,255,511,0,3363,0.038272
2918,data/bench/ITC99_all_numeric/b09.bench,107,3,False,0,191,383,0,2523,0.031657
2919,data/bench/ITC99_all_numeric/b09.bench,107,4,False,0,191,383,0,2523,0.028773
2920,data/bench/ITC99_all_numeric/b09.bench,108,3,False,0,191,383,0,2513,0.028568
2921,data/bench/ITC99_all_numeric/b09.bench,108,4,False,0,191,383,0,2513,0.028584
2922,data/bench/ITC99_all_numeric/b09.bench,109,3,False,0,255,511,0,3363,0.038147
2923,data/bench/ITC99_all_numeric/b09.bench,109,4,False,0,255,511,0,3363,0.040115
2924,data/bench/ITC99_all_numeric/b09.bench,110,3,False,0,191,383,0,2523,0.028699
2925,data/bench/ITC99_all_numeric/b09.bench,110,4,False,0,191,383,0,2523,0.03137
2926,data/bench/ITC99_all_numeric/b09.bench,111,3,False,0,95,191,0,1235,0.015261
2927,data/bench/ITC99_all_numeric/b09.bench,111,4,False,0,95,191,0,1235,0.015166
2928,data/bench/ITC99_all_numeric/b09.bench,112,3,False,0,255,511,0,3363,0.039367
2929,data/bench/ITC99_all_numeric/b09.bench,112,4,False,0,255,511,0,3363,0.038331
2930,data/bench/ITC99_all_numeric/b09.bench,113,3,False,0,191,383,0,2523,0.028946
2931,data/bench/ITC99_all_numeric/b09.bench,113,4,False,0,191,383,0,2523,0.028906
2932,data/bench/ITC99_all_numeric/b09.bench,114,3,False,0,191,383,0,2523,0.028934
2933,data/bench/ITC99_all_numeric/b09.bench,114,4,False,0,191,383,0,2523,0.028893
2934,data/bench/ITC99_all_numeric/b09.bench,115,3,False,0,95,191,0,1241,0.014416
2935,data/bench/ITC99_all_numeric/b09.bench,115,4,False,0,95,191,0,1241,0.014418
2936,data/bench/ITC99_all_numeric/b09.bench,116,3,True,1,0,3,0,2,0.000162
2937,data/bench/ITC99_all_numeric/b09.bench,116,4,True,1,0,3,0,2,0.000163
2938,data/bench/ITC99_all_numeric/b09.bench,117,3,True,1,0,3,0,1,0.000162
2939,data/bench/ITC99_all_numeric/b09.bench,117,4,True,1,0,3,0,1,0.000164
2940,data/bench/ITC99_all_numeric/b09.bench,118,3,True,1,0,3,0,1,0.00017
2941,data/bench/ITC99_all_numeric/b09.bench,118,4,True,1,0,3,0,1,0.00017
2942,data/bench/ITC99_all_numeric/b09.bench,119,3,True,1,0,3,0,1,0.000164
2943,data/bench/ITC99_all_numeric/b09.bench,119,4,True,1,0,3,0,1,0.000165
2944,data/bench/ITC99_all_numeric/b09.bench,120,3,True,1,0,3,0,1,0.000163
2945,data/bench/ITC99_all_numeric/b09.bench,120,4,True,1,0,3,0,1,0.000164
2946,data/bench/ITC99_all_numeric/b09.bench,121,3,True,1,0,3,0,1,0.000163
2947,data/bench/ITC99_all_numeric/b09.bench,121,4,True,1,0,3,0,1,0.000165
2948,data/bench/ITC99_all_numeric/b09.bench,122,3,True,1,0,3,0,1,0.000165
2949,data/bench/ITC99_all_numeric/b09.bench,122,4,True,1,0,3,0,1,0.000164
2950,data/bench/ITC99_all_numeric/b09.bench,123,3,True,1,0,3,0,1,0.000221
2951,data/bench/ITC99_all_numeric/b09.bench,123,4,True,1,0,3,0,1,0.000183
2952,data/bench/ITC99_all_numeric/b09.bench,124,3,True,1,0,3,0,1,0.00017
2953,data/bench/ITC99_all_numeric/b09.bench,124,4,True,1,0,3,0,1,0.00017
2954,data/bench/ITC99_all_numeric/b09.bench,125,3,True,1,0,3,0,1,0.000171
2955,data/bench/ITC99_all_numeric/b09.bench,125,4,True,1,0,3,0,1,0.000171
2956,data/bench/ITC99_all_numeric/b09.bench,126,3,True,1,0,3,0,1,0.000168
2957,data/bench/ITC99_all_numeric/b09.bench,126,4,True,1,0,3,0,1,0.000167
2958,data/bench/ITC99_all_numeric/b09.bench,127,3,True,1,0,3,0,1,0.00017
2959,data/bench/ITC99_all_numeric/b09.bench,127,4,True,1,0,3,0,1,0.000165
2960,data/bench/ITC99_all_numeric/b09.bench,128,3,True,1,0,3,0,1,0.000175
2961,data/bench/ITC99_all_numeric/b09.bench,128,4,True,1,0,3,0,1,0.000166
2962,data/bench/ITC99_all_numeric/b09.bench,129,3,True,1,0,3,0,1,0.000165
2963,data/bench/ITC99_all_numeric/b09.bench,129,4,True,1,0,3,0,1,0.00017
2964,data/bench/ITC99_all_numeric/b09.bench,130,3,True,1,0,3,0,1,0.000163
2965,data/bench/ITC99_all_numeric/b09.bench,130,4,True,1,0,3,0,1,0.000164
2966,data/bench/ITC99_all_numeric/b09.bench,131,3,True,1,0,3,0,1,0.000163
2967,data/bench/ITC99_all_numeric/b09.bench,131,4,True,1,0,3,0,1,0.000163
2968,data/bench/ITC99_all_numeric/b09.bench,132,3,True,1,0,3,0,1,0.000163
2969,data/bench/ITC99_all_numeric/b09.bench,132,4,True,1,0,3,0,1,0.000167
2970,data/bench/ITC99_all_numeric/b09.bench,133,3,True,1,0,3,0,1,0.000171
2971,data/bench/ITC99_all_numeric/b09.bench,133,4,True,1,0,3,0,1,0.000164
2972,data/bench/ITC99_all_numeric/b09.bench,134,3,False,0,15,31,0,82,0.002814
2973,data/bench/ITC99_all_numeric/b09.bench,134,4,False,0,15,31,0,82,0.002405
2974,data/bench/ITC99_all_numeric/b09.bench,135,3,False,0,15,31,0,51,0.002308
2975,data/bench/ITC99_all_numeric/b09.bench,135,4,False,0,15,31,0,51,0.002424
2976,data/bench/ITC99_all_numeric/b09.bench,136,3,False,0,15,31,0,51,0.00264
2977,data/bench/ITC99_all_numeric/b09.bench,136,4,False,0,15,31,0,51,0.002334
2978,data/bench/ITC99_all_numeric/b09.bench,137,3,False,0,15,31,0,51,0.002337
2979,data/bench/ITC99_all_numeric/b09.bench,137,4,False,0,15,31,0,51,0.002334
2980,data/bench/ITC99_all_numeric/b09.bench,138,3,False,0,15,31,0,51,0.002335
2981,data/bench/ITC99_all_numeric/b09.bench,138,4,False,0,15,31,0,51,0.002341
2982,data/bench/ITC99_all_numeric/b09.bench,139,3,True,1,0,2,0,1,0.000111
2983,data/bench/ITC99_all_numeric/b09.bench,139,4,True,1,0,3,0,2,0.000162
2984,data/bench/ITC99_all_numeric/b09.bench,140,3,True,1,0,2,0,1,0.000111
2985,data/bench/ITC99_all_numeric/b09.bench,140,4,True,1,0,3,0,3,0.000164
2986,data/bench/ITC99_all_numeric/b09.bench,141,3,True,1,0,3,0,2,0.000162
2987,data/bench/ITC99_all_numeric/b09.bench,141,4,True,1,0,4,0,4,0.00022
2988,data/bench/ITC99_all_numeric/b09.bench,142,3,True,1,0,2,0,1,0.000113
2989,data/bench/ITC99_all_numeric/b09.bench,142,4,True,1,0,3,0,3,0.000257
2990,data/bench/ITC99_all_numeric/b09.bench,143,3,True,1,0,2,0,1,0.000113
2991,data/bench/ITC99_all_numeric/b09.bench,143,4,True,1,0,3,0,3,0.000169
2992,data/bench/ITC99_all_numeric/b09.bench,144,3,True,1,0,2,0,1,0.000111
2993,data/bench/ITC99_all_numeric/b09.bench,144,4,True,1,0,3,0,3,0.000169
2994,data/bench/ITC99_all_numeric/b09.bench,145,3,True,1,0,2,0,1,0.000113
2995,data/bench/ITC99_all_numeric/b09.bench,145,4,True,1,0,3,0,3,0.000171
2996,data/bench/ITC99_all_numeric/b09.bench,146,3,True,1,0,2,0,1,0.000118
2997,data/bench/ITC99_all_numeric/b09.bench,146,4,True,1,0,3,0,3,0.000167
2998,data/bench/ITC99_all_numeric/b09.bench,147,3,True,1,0,2,0,1,0.000161
2999,data/bench/ITC99_all_numeric/b09.bench,147,4,True,1,0,3,0,3,0.000295
3000,data/bench/ITC99_all_numeric/b09.bench,148,3,True,1,0,2,0,1,0.000168
3001,data/bench/ITC99_all_numeric/b09.bench,148,4,True,1,0,3,0,3,0.000181
3002,data/bench/ITC99_all_numeric/b09.bench,149,3,True,1,0,2,0,1,0.000118
3003,data/bench/ITC99_all_numeric/b09.bench,149,4,True,1,0,3,0,3,0.000177
3004,data/bench/ITC99_all_numeric/b09.bench,150,3,True,1,0,2,0,1,0.000115
3005,data/bench/ITC99_all_numeric/b09.bench,150,4,True,1,0,3,0,3,0.000193
3006,data/bench/ITC99_all_numeric/b09.bench,151,3,True,1,0,2,0,1,0.000114
3007,data/bench/ITC99_all_numeric/b09.bench,151,4,True,1,0,3,0,3,0.000172
3008,data/bench/ITC99_all_numeric/b09.bench,152,3,True,1,0,2,0,1,0.000113
3009,data/bench/ITC99_all_numeric/b09.bench,152,4,True,1,0,3,0,3,0.000168
3010,data/bench/ITC99_all_numeric/b09.bench,153,3,True,1,0,2,0,1,0.000134
3011,data/bench/ITC99_all_numeric/b09.bench,153,4,True,1,0,3,0,3,0.000172
3012,data/bench/ITC99_all_numeric/b09.bench,154,3,True,1,0,2,0,1,0.000113
3013,data/bench/ITC99_all_numeric/b09.bench,154,4,True,1,0,3,0,3,0.000171
3014,data/bench/ITC99_all_numeric/b09.bench,155,3,True,1,0,2,0,1,0.000113
3015,data/bench/ITC99_all_numeric/b09.bench,155,4,True,1,0,3,0,3,0.000166
3016,data/bench/ITC99_all_numeric/b09.bench,156,3,True,1,0,2,0,1,0.000118
3017,data/bench/ITC99_all_numeric/b09.bench,156,4,True,1,0,3,0,3,0.000172
3018,data/bench/ITC99_all_numeric/b09.bench,157,3,True,1,0,2,0,1,0.000113
3019,data/bench/ITC99_all_numeric/b09.bench,157,4,True,1,0,3,0,3,0.000171
3020,data/bench/ITC99_all_numeric/b09.bench,158,3,False,0,15,31,0,113,0.002408
3021,data/bench/ITC99_all_numeric/b09.bench,158,4,False,0,15,31,0,113,0.002407
3022,data/bench/ITC99_all_numeric/b09.bench,159,3,True,1,0,4,0,6,0.000225
3023,data/bench/ITC99_all_numeric/b09.bench,159,4,True,1,0,3,0,3,0.000162
3024,data/bench/ITC99_all_numeric/b09.bench,160,3,True,1,0,4,0,4,0.000217
3025,data/bench/ITC99_all_numeric/b09.bench,160,4,True,1,0,3,0,2,0.000266
3026,data/bench/ITC99_all_numeric/b09.bench,161,3,True,1,0,3,0,2,0.000172
3027,data/bench/ITC99_all_numeric/b09.bench,161,4,True,1,0,4,0,4,0.000224
3028,data/bench/ITC99_all_numeric/b09.bench,162,3,False,0,95,191,0,1070,0.014656
3029,data/bench/ITC99_all_numeric/b09.bench,162,4,False,0,95,191,0,1070,0.01446
3030,data/bench/ITC99_all_numeric/b09.bench,163,3,True,1,0,4,0,2,0.000219
3031,data/bench/ITC99_all_numeric/b09.bench,163,4,True,1,0,4,0,3,0.000222
3032,data/bench/ITC99_all_numeric/b09.bench,164,3,True,1,0,4,0,5,0.000221
3033,data/bench/ITC99_all_numeric/b09.bench,164,4,True,1,0,4,0,4,0.000213
3034,data/bench/ITC99_all_numeric/b09.bench,165,3,True,1,0,4,0,6,0.000223
3035,data/bench/ITC99_all_numeric/b09.bench,165,4,True,1,0,5,0,7,0.000277
3036,data/bench/ITC99_all_numeric/b09.bench,166,3,False,0,47,95,0,343,0.007143
3037,data/bench/ITC99_all_numeric/b09.bench,166,4,False,0,47,95,0,343,0.007124
3038,data/bench/ITC99_all_numeric/b09.bench,167,3,False,0,47,95,0,437,0.00732
3039,data/bench/ITC99_all_numeric/b09.bench,167,4,False,0,47,95,0,437,0.007371
3040,data/bench/ITC99_all_numeric/b09.bench,168,3,False,0,4,9,0,22,0.000674
3041,data/bench/ITC99_all_numeric/b09.bench,168,4,False,0,4,9,0,22,0.000667
3042,data/bench/ITC99_all_numeric/b09.bench,169,3,False,0,3,7,0,10,0.00051
3043,data/bench/ITC99_all_numeric/b09.bench,169,4,False,0,5,11,0,21,0.000799
3044,data/bench/ITC99_all_numeric/b10.bench,1,3,False,3,0,10001,0,0,0.473553
3045,data/bench/ITC99_all_numeric/b10.bench,1,4,False,3,0,10001,0,0,0.489723
3046,data/bench/ITC99_all_numeric/b10.bench,2,3,False,3,0,10001,0,0,0.47028
3047,data/bench/ITC99_all_numeric/b10.bench,2,4,False,3,0,10001,0,0,0.470284
3048,data/bench/ITC99_all_numeric/b10.bench,3,3,True,1,0,6,0,3,0.000342
3049,data/bench/ITC99_all_numeric/b10.bench,3,4,True,1,0,6,0,3,0.000309
3050,data/bench/ITC99_all_numeric/b10.bench,4,3,True,1,0,5,0,6,0.000341
3051,data/bench/ITC99_all_numeric/b10.bench,4,4,True,1,0,5,0,6,0.000284
3052,data/bench/ITC99_all_numeric/b10.bench,5,3,True,1,0,7,0,10,0.000358
3053,data/bench/ITC99_all_numeric/b10.bench,5,4,True,1,0,7,0,10,0.000357
3054,data/bench/ITC99_all_numeric/b10.bench,6,3,True,1,0,3,0,0,0.000166
3055,data/bench/ITC99_all_numeric/b10.bench,6,4,True,1,0,3,0,0,0.000162
3056,data/bench/ITC99_all_numeric/b10.bench,7,3,True,1,0,5,0,4,0.000265
3057,data/bench/ITC99_all_numeric/b10.bench,7,4,True,1,0,5,0,4,0.00027
3058,data/bench/ITC99_all_numeric/b10.bench,8,3,True,1,0,6,0,0,0.000309
3059,data/bench/ITC99_all_numeric/b10.bench,8,4,True,1,0,6,0,0,0.000301
3060,data/bench/ITC99_all_numeric/b10.bench,9,3,True,1,0,6,0,0,0.000314
3061,data/bench/ITC99_all_numeric/b10.bench,9,4,True,1,0,6,0,0,0.000312
3062,data/bench/ITC99_all_numeric/b10.bench,10,3,True,1,0,6,0,0,0.00031
3063,data/bench/ITC99_all_numeric/b10.bench,10,4,True,1,0,6,0,0,0.000309
3064,data/bench/ITC99_all_numeric/b10.bench,11,3,True,1,0,6,0,0,0.000317
3065,data/bench/ITC99_all_numeric/b10.bench,11,4,True,1,0,6,0,0,0.000314
3066,data/bench/ITC99_all_numeric/b10.bench,12,3,True,1,0,3,0,0,0.000164
3067,data/bench/ITC99_all_numeric/b10.bench,12,4,True,1,0,3,0,0,0.000167
3068,data/bench/ITC99_all_numeric/b10.bench,13,3,True,1,0,3,0,0,0.000163
3069,data/bench/ITC99_all_numeric/b10.bench,13,4,True,1,0,3,0,0,0.000162
3070,data/bench/ITC99_all_numeric/b10.bench,14,3,True,1,0,3,0,1,0.000165
3071,data/bench/ITC99_all_numeric/b10.bench,14,4,True,1,0,3,0,1,0.000162
3072,data/bench/ITC99_all_numeric/b10.bench,15,3,True,1,0,3,0,1,0.000173
3073,data/bench/ITC99_all_numeric/b10.bench,15,4,True,1,0,3,0,1,0.000171
3074,data/bench/ITC99_all_numeric/b10.bench,16,3,True,1,0,3,0,0,0.000162
3075,data/bench/ITC99_all_numeric/b10.bench,16,4,True,1,0,3,0,0,0.000225
3076,data/bench/ITC99_all_numeric/b10.bench,17,3,False,3,0,10001,0,0,0.472124
3077,data/bench/ITC99_all_numeric/b10.bench,17,4,False,3,0,10001,0,0,0.490461
3078,data/bench/ITC99_all_numeric/b10.bench,18,3,False,3,0,10001,0,0,0.470867
3079,data/bench/ITC99_all_numeric/b10.bench,18,4,False,3,0,10001,0,0,0.474671
3080,data/bench/ITC99_all_numeric/b10.bench,19,3,False,3,0,10001,0,0,0.473744
3081,data/bench/ITC99_all_numeric/b10.bench,19,4,False,3,0,10001,0,0,0.495797
3082,data/bench/ITC99_all_numeric/b10.bench,20,3,False,3,0,10001,0,0,0.472871
3083,data/bench/ITC99_all_numeric/b10.bench,20,4,False,3,0,10001,0,0,0.473945
3084,data/bench/ITC99_all_numeric/b10.bench,21,3,True,1,0,3,0,2,0.000196
3085,data/bench/ITC99_all_numeric/b10.bench,21,4,True,1,0,3,0,2,0.000168
3086,data/bench/ITC99_all_numeric/b10.bench,22,3,False,3,5001,13337,0,8335,0.818969
3087,data/bench/ITC99_all_numeric/b10.bench,22,4,False,3,5001,13337,0,8335,0.82063
3088,data/bench/ITC99_all_numeric/b10.bench,23,3,False,3,0,10001,0,0,0.492014
3089,data/bench/ITC99_all_numeric/b10.bench,23,4,False,3,0,10001,0,0,0.474348
3090,data/bench/ITC99_all_numeric/b10.bench,24,3,True,1,0,2,0,0,0.000146
3091,data/bench/ITC99_all_numeric/b10.bench,24,4,True,1,0,2,0,0,0.000116
3092,data/bench/ITC99_all_numeric/b10.bench,25,3,False,3,0,10001,0,0,0.473224
3093,data/bench/ITC99_all_numeric/b10.bench,25,4,False,3,0,10001,0,0,0.473016
3094,data/bench/ITC99_all_numeric/b10.bench,26,3,False,3,0,10001,0,0,0.491355
3095,data/bench/ITC99_all_numeric/b10.bench,26,4,False,3,0,10001,0,0,0.475823
3096,data/bench/ITC99_all_numeric/b10.bench,27,3,True,1,0,3,0,1,0.000203
3097,data/bench/ITC99_all_numeric/b10.bench,27,4,True,1,0,3,0,1,0.000173
3098,data/bench/ITC99_all_numeric/b10.bench,28,3,False,3,0,10001,0,0,0.474204
3099,data/bench/ITC99_all_numeric/b10.bench,28,4,False,3,0,10001,0,0,0.47021
3100,data/bench/ITC99_all_numeric/b10.bench,29,3,False,0,47,95,0,572,0.006619
3101,data/bench/ITC99_all_numeric/b10.bench,29,4,False,0,47,95,0,572,0.006516
3102,data/bench/ITC99_all_numeric/b10.bench,30,3,False,0,31,63,0,366,0.004284
3103,data/bench/ITC99_all_numeric/b10.bench,30,4,False,0,31,63,0,366,0.004252
3104,data/bench/ITC99_all_numeric/b10.bench,31,3,False,0,7,15,0,44,0.000993
3105,data/bench/ITC99_all_numeric/b10.bench,31,4,False,0,7,15,0,44,0.001001
3106,data/bench/ITC99_all_numeric/b10.bench,32,3,False,0,15,31,0,188,0.002223
3107,data/bench/ITC99_all_numeric/b10.bench,32,4,False,0,15,31,0,188,0.002227
3108,data/bench/ITC99_all_numeric/b10.bench,33,3,False,0,15,31,0,180,0.002238
3109,data/bench/ITC99_all_numeric/b10.bench,33,4,False,0,15,31,0,180,0.002198
3110,data/bench/ITC99_all_numeric/b10.bench,34,3,False,0,31,63,0,326,0.004411
3111,data/bench/ITC99_all_numeric/b10.bench,34,4,False,0,31,63,0,326,0.004393
3112,data/bench/ITC99_all_numeric/b10.bench,35,3,False,0,31,63,0,326,0.004374
3113,data/bench/ITC99_all_numeric/b10.bench,35,4,False,0,31,63,0,326,0.004316
3114,data/bench/ITC99_all_numeric/b10.bench,36,3,False,0,31,63,0,326,0.004359
3115,data/bench/ITC99_all_numeric/b10.bench,36,4,False,0,31,63,0,326,0.004329
3116,data/bench/ITC99_all_numeric/b10.bench,37,3,False,0,31,63,0,326,0.004372
3117,data/bench/ITC99_all_numeric/b10.bench,37,4,False,0,31,63,0,326,0.004345
3118,data/bench/ITC99_all_numeric/b10.bench,38,3,False,0,9,19,0,40,0.00124
3119,data/bench/ITC99_all_numeric/b10.bench,38,4,False,0,9,19,0,40,0.001228
3120,data/bench/ITC99_all_numeric/b10.bench,39,3,False,0,63,127,0,900,0.009426
3121,data/bench/ITC99_all_numeric/b10.bench,39,4,False,0,63,127,0,900,0.009422
3122,data/bench/ITC99_all_numeric/b10.bench,40,3,False,0,15,31,0,128,0.00213
3123,data/bench/ITC99_all_numeric/b10.bench,40,4,False,0,15,31,0,128,0.002111
3124,data/bench/ITC99_all_numeric/b10.bench,41,3,False,0,69,139,0,1098,0.009734
3125,data/bench/ITC99_all_numeric/b10.bench,41,4,False,0,69,139,0,1098,0.010865
3126,data/bench/ITC99_all_numeric/b10.bench,42,3,False,0,63,127,0,770,0.008717
3127,data/bench/ITC99_all_numeric/b10.bench,42,4,False,0,63,127,0,770,0.009764
3128,data/bench/ITC99_all_numeric/b10.bench,43,3,False,0,15,31,0,100,0.002036
3129,data/bench/ITC99_all_numeric/b10.bench,43,4,False,0,15,31,0,100,0.002016
3130,data/bench/ITC99_all_numeric/b10.bench,44,3,False,0,63,127,0,900,0.010532
3131,data/bench/ITC99_all_numeric/b10.bench,44,4,False,0,63,127,0,900,0.009308
3132,data/bench/ITC99_all_numeric/b10.bench,45,3,False,0,63,127,0,770,0.009132
3133,data/bench/ITC99_all_numeric/b10.bench,45,4,False,0,63,127,0,770,0.008705
3134,data/bench/ITC99_all_numeric/b10.bench,46,3,True,1,0,5,0,6,0.000265
3135,data/bench/ITC99_all_numeric/b10.bench,46,4,True,1,0,4,0,5,0.000213
3136,data/bench/ITC99_all_numeric/b10.bench,47,3,False,0,3,7,0,9,0.000463
3137,data/bench/ITC99_all_numeric/b10.bench,47,4,False,0,3,7,0,9,0.000456
3138,data/bench/ITC99_all_numeric/b10.bench,48,3,True,1,0,4,0,3,0.000211
3139,data/bench/ITC99_all_numeric/b10.bench,48,4,True,1,0,4,0,3,0.000216
3140,data/bench/ITC99_all_numeric/b10.bench,49,3,False,0,7,15,0,33,0.001031
3141,data/bench/ITC99_all_numeric/b10.bench,49,4,False,0,7,15,0,33,0.001001
3142,data/bench/ITC99_all_numeric/b10.bench,50,3,True,1,0,5,0,10,0.000258
3143,data/bench/ITC99_all_numeric/b10.bench,50,4,True,1,0,3,0,4,0.000158
3144,data/bench/ITC99_all_numeric/b10.bench,51,3,False,0,15,31,0,158,0.00217
3145,data/bench/ITC99_all_numeric/b10.bench,51,4,False,0,15,31,0,158,0.002175
3146,data/bench/ITC99_all_numeric/b10.bench,52,3,True,1,0,2,0,2,0.000111
3147,data/bench/ITC99_all_numeric/b10.bench,52,4,True,1,0,5,0,14,0.000259
3148,data/bench/ITC99_all_numeric/b10.bench,53,3,False,0,15,31,0,127,0.002118
3149,data/bench/ITC99_all_numeric/b10.bench,53,4,False,0,15,31,0,127,0.002117
3150,data/bench/ITC99_all_numeric/b10.bench,54,3,False,0,15,31,0,128,0.002161
3151,data/bench/ITC99_all_numeric/b10.bench,54,4,False,0,15,31,0,128,0.002092
3152,data/bench/ITC99_all_numeric/b10.bench,55,3,False,0,15,31,0,97,0.002024
3153,data/bench/ITC99_all_numeric/b10.bench,55,4,False,0,15,31,0,97,0.001987
3154,data/bench/ITC99_all_numeric/b10.bench,56,3,False,0,15,31,0,128,0.002098
3155,data/bench/ITC99_all_numeric/b10.bench,56,4,False,0,15,31,0,128,0.002209
3156,data/bench/ITC99_all_numeric/b10.bench,57,3,False,0,15,31,0,97,0.002069
3157,data/bench/ITC99_all_numeric/b10.bench,57,4,False,0,15,31,0,97,0.002062
3158,data/bench/ITC99_all_numeric/b10.bench,58,3,False,0,3,7,0,11,0.000463
3159,data/bench/ITC99_all_numeric/b10.bench,58,4,False,0,3,7,0,11,0.000462
3160,data/bench/ITC99_all_numeric/b10.bench,59,3,True,1,0,4,0,3,0.000216
3161,data/bench/ITC99_all_numeric/b10.bench,59,4,True,1,0,4,0,4,0.000215
3162,data/bench/ITC99_all_numeric/b10.bench,60,3,True,1,0,2,0,1,0.000113
3163,data/bench/ITC99_all_numeric/b10.bench,60,4,True,1,0,3,0,3,0.000155
3164,data/bench/ITC99_all_numeric/b10.bench,61,3,False,0,15,31,0,69,0.001978
3165,data/bench/ITC99_all_numeric/b10.bench,61,4,False,0,15,31,0,69,0.001981
3166,data/bench/ITC99_all_numeric/b10.bench,62,3,False,0,15,31,0,69,0.002014
3167,data/bench/ITC99_all_numeric/b10.bench,62,4,False,0,15,31,0,69,0.002017
3168,data/bench/ITC99_all_numeric/b10.bench,63,3,False,0,23,47,0,147,0.003096
3169,data/bench/ITC99_all_numeric/b10.bench,63,4,False,0,23,47,0,147,0.003061
3170,data/bench/ITC99_all_numeric/b10.bench,64,3,False,0,15,31,0,133,0.002138
3171,data/bench/ITC99_all_numeric/b10.bench,64,4,False,0,15,31,0,133,0.002132
3172,data/bench/ITC99_all_numeric/b10.bench,65,3,False,0,15,31,0,97,0.002056
3173,data/bench/ITC99_all_numeric/b10.bench,65,4,False,0,15,31,0,97,0.002044
3174,data/bench/ITC99_all_numeric/b10.bench,66,3,False,0,31,63,0,213,0.004126
3175,data/bench/ITC99_all_numeric/b10.bench,66,4,False,0,31,63,0,213,0.00423
3176,data/bench/ITC99_all_numeric/b10.bench,67,3,True,1,0,2,0,1,0.000122
3177,data/bench/ITC99_all_numeric/b10.bench,67,4,True,1,0,3,0,2,0.000157
3178,data/bench/ITC99_all_numeric/b10.bench,68,3,True,1,0,2,0,1,0.000111
3179,data/bench/ITC99_all_numeric/b10.bench,68,4,True,1,0,3,0,4,0.000163
3180,data/bench/ITC99_all_numeric/b10.bench,69,3,False,0,15,31,0,157,0.002139
3181,data/bench/ITC99_all_numeric/b10.bench,69,4,False,0,15,31,0,157,0.002143
3182,data/bench/ITC99_all_numeric/b10.bench,70,3,False,0,7,15,0,33,0.000979
3183,data/bench/ITC99_all_numeric/b10.bench,70,4,False,0,7,15,0,33,0.000972
3184,data/bench/ITC99_all_numeric/b10.bench,71,3,True,1,0,2,0,2,0.00011
3185,data/bench/ITC99_all_numeric/b10.bench,71,4,True,1,0,4,0,9,0.000214
3186,data/bench/ITC99_all_numeric/b10.bench,72,3,False,0,23,47,0,173,0.003207
3187,data/bench/ITC99_all_numeric/b10.bench,72,4,False,0,23,47,0,173,0.003072
3188,data/bench/ITC99_all_numeric/b10.bench,73,3,False,0,7,15,0,29,0.000963
3189,data/bench/ITC99_all_numeric/b10.bench,73,4,False,0,7,15,0,29,0.000961
3190,data/bench/ITC99_all_numeric/b10.bench,74,3,False,0,7,15,0,47,0.000997
3191,data/bench/ITC99_all_numeric/b10.bench,74,4,False,0,7,15,0,47,0.000992
3192,data/bench/ITC99_all_numeric/b10.bench,75,3,False,0,31,63,0,303,0.004176
3193,data/bench/ITC99_all_numeric/b10.bench,75,4,False,0,31,63,0,303,0.004212
3194,data/bench/ITC99_all_numeric/b10.bench,76,3,False,0,23,47,0,208,0.003156
3195,data/bench/ITC99_all_numeric/b10.bench,76,4,False,0,23,47,0,208,0.003154
3196,data/bench/ITC99_all_numeric/b10.bench,77,3,False,0,3,7,0,9,0.000459
3197,data/bench/ITC99_all_numeric/b10.bench,77,4,False,0,3,7,0,9,0.000469
3198,data/bench/ITC99_all_numeric/b10.bench,78,3,True,1,0,3,0,1,0.000159
3199,data/bench/ITC99_all_numeric/b10.bench,78,4,True,1,0,3,0,1,0.000161
3200,data/bench/ITC99_all_numeric/b10.bench,79,3,True,1,0,5,0,5,0.000335
3201,data/bench/ITC99_all_numeric/b10.bench,79,4,True,1,0,5,0,5,0.000267
3202,data/bench/ITC99_all_numeric/b10.bench,80,3,True,1,0,5,0,5,0.000271
3203,data/bench/ITC99_all_numeric/b10.bench,80,4,True,1,0,5,0,5,0.000254
3204,data/bench/ITC99_all_numeric/b10.bench,81,3,True,1,0,3,0,1,0.000162
3205,data/bench/ITC99_all_numeric/b10.bench,81,4,True,1,0,3,0,1,0.000164
3206,data/bench/ITC99_all_numeric/b10.bench,82,3,True,1,0,3,0,3,0.000158
3207,data/bench/ITC99_all_numeric/b10.bench,82,4,True,1,0,5,0,7,0.000259
3208,data/bench/ITC99_all_numeric/b10.bench,83,3,True,1,0,5,0,3,0.000256
3209,data/bench/ITC99_all_numeric/b10.bench,83,4,True,1,0,5,0,3,0.000253
3210,data/bench/ITC99_all_numeric/b10.bench,84,3,True,1,0,5,0,7,0.000267
3211,data/bench/ITC99_all_numeric/b10.bench,84,4,True,1,0,5,0,7,0.000268
3212,data/bench/ITC99_all_numeric/b10.bench,85,3,True,1,0,3,0,1,0.000161
3213,data/bench/ITC99_all_numeric/b10.bench,85,4,True,1,0,5,0,5,0.000272
3214,data/bench/ITC99_all_numeric/b10.bench,86,3,True,1,0,4,0,2,0.000209
3215,data/bench/ITC99_all_numeric/b10.bench,86,4,True,1,0,5,0,3,0.000264
3216,data/bench/ITC99_all_numeric/b10.bench,87,3,True,1,0,4,0,3,0.000209
3217,data/bench/ITC99_all_numeric/b10.bench,87,4,True,1,0,5,0,5,0.000258
3218,data/bench/ITC99_all_numeric/b10.bench,88,3,False,0,4,9,0,7,0.000604
3219,data/bench/ITC99_all_numeric/b10.bench,88,4,False,0,4,9,0,7,0.000605
3220,data/bench/ITC99_all_numeric/b10.bench,89,3,True,1,0,3,0,1,0.000166
3221,data/bench/ITC99_all_numeric/b10.bench,89,4,True,1,0,3,0,1,0.000162
3222,data/bench/ITC99_all_numeric/b10.bench,90,3,False,0,15,31,0,43,0.002135
3223,data/bench/ITC99_all_numeric/b10.bench,90,4,False,0,15,31,0,43,0.002177
3224,data/bench/ITC99_all_numeric/b10.bench,91,3,True,1,0,2,0,1,0.000116
3225,data/bench/ITC99_all_numeric/b10.bench,91,4,True,1,0,2,0,1,0.000166
3226,data/bench/ITC99_all_numeric/b10.bench,92,3,True,1,0,3,0,1,0.000176
3227,data/bench/ITC99_all_numeric/b10.bench,92,4,True,1,0,3,0,1,0.000163
3228,data/bench/ITC99_all_numeric/b10.bench,93,3,False,0,15,31,0,100,0.002122
3229,data/bench/ITC99_all_numeric/b10.bench,93,4,False,0,15,31,0,100,0.002123
3230,data/bench/ITC99_all_numeric/b10.bench,94,3,False,0,21,43,0,85,0.002795
3231,data/bench/ITC99_all_numeric/b10.bench,94,4,False,0,21,43,0,85,0.002821
3232,data/bench/ITC99_all_numeric/b10.bench,95,3,False,0,12,25,0,58,0.001676
3233,data/bench/ITC99_all_numeric/b10.bench,95,4,False,0,12,25,0,58,0.001678
3234,data/bench/ITC99_all_numeric/b10.bench,96,3,False,0,3,7,0,2,0.000458
3235,data/bench/ITC99_all_numeric/b10.bench,96,4,False,0,3,7,0,2,0.000455
3236,data/bench/ITC99_all_numeric/b10.bench,97,3,True,1,0,6,0,4,0.0003
3237,data/bench/ITC99_all_numeric/b10.bench,97,4,True,1,0,6,0,4,0.0003
3238,data/bench/ITC99_all_numeric/b10.bench,98,3,False,0,7,15,0,63,0.001064
3239,data/bench/ITC99_all_numeric/b10.bench,98,4,False,0,7,15,0,63,0.001031
3240,data/bench/ITC99_all_numeric/b10.bench,99,3,False,0,15,31,0,149,0.002184
3241,data/bench/ITC99_all_numeric/b10.bench,99,4,False,0,15,31,0,149,0.002159
3242,data/bench/ITC99_all_numeric/b10.bench,100,3,False,0,31,63,0,263,0.004319
3243,data/bench/ITC99_all_numeric/b10.bench,100,4,False,0,31,63,0,263,0.004368
3244,data/bench/ITC99_all_numeric/b10.bench,101,3,False,0,31,63,0,201,0.004241
3245,data/bench/ITC99_all_numeric/b10.bench,101,4,False,0,31,63,0,201,0.004424
3246,data/bench/ITC99_all_numeric/b10.bench,102,3,False,0,31,63,0,263,0.004586
3247,data/bench/ITC99_all_numeric/b10.bench,102,4,False,0,31,63,0,263,0.004317
3248,data/bench/ITC99_all_numeric/b10.bench,103,3,False,0,31,63,0,201,0.004258
3249,data/bench/ITC99_all_numeric/b10.bench,103,4,False,0,31,63,0,201,0.004229
3250,data/bench/ITC99_all_numeric/b10.bench,104,3,False,0,31,63,0,263,0.00473
3251,data/bench/ITC99_all_numeric/b10.bench,104,4,False,0,31,63,0,263,0.004245
3252,data/bench/ITC99_all_numeric/b10.bench,105,3,False,0,31,63,0,201,0.004284
3253,data/bench/ITC99_all_numeric/b10.bench,105,4,False,0,31,63,0,201,0.004165
3254,data/bench/ITC99_all_numeric/b10.bench,106,3,False,0,31,63,0,263,0.006172
3255,data/bench/ITC99_all_numeric/b10.bench,106,4,False,0,31,63,0,263,0.00437
3256,data/bench/ITC99_all_numeric/b10.bench,107,3,False,0,31,63,0,201,0.004264
3257,data/bench/ITC99_all_numeric/b10.bench,107,4,False,0,31,63,0,201,0.004281
3258,data/bench/ITC99_all_numeric/b10.bench,108,3,False,0,31,63,0,445,0.00441
3259,data/bench/ITC99_all_numeric/b10.bench,108,4,False,0,31,63,0,445,0.004395
3260,data/bench/ITC99_all_numeric/b10.bench,109,3,False,0,63,127,0,773,0.009089
3261,data/bench/ITC99_all_numeric/b10.bench,109,4,False,0,63,127,0,773,0.009094
3262,data/bench/ITC99_all_numeric/b10.bench,110,3,False,0,31,63,0,445,0.004407
3263,data/bench/ITC99_all_numeric/b10.bench,110,4,False,0,31,63,0,445,0.004377
3264,data/bench/ITC99_all_numeric/b10.bench,111,3,False,0,69,139,0,959,0.009463
3265,data/bench/ITC99_all_numeric/b10.bench,111,4,False,0,69,139,0,959,0.009436
3266,data/bench/ITC99_all_numeric/b10.bench,112,3,False,0,63,127,0,643,0.008515
3267,data/bench/ITC99_all_numeric/b10.bench,112,4,False,0,63,127,0,643,0.008585
3268,data/bench/ITC99_all_numeric/b10.bench,113,3,False,0,63,127,0,517,0.008347
3269,data/bench/ITC99_all_numeric/b10.bench,113,4,False,0,63,127,0,517,0.008289
3270,data/bench/ITC99_all_numeric/b10.bench,114,3,False,0,31,63,0,445,0.004456
3271,data/bench/ITC99_all_numeric/b10.bench,114,4,False,0,31,63,0,445,0.004377
3272,data/bench/ITC99_all_numeric/b10.bench,115,3,False,0,63,127,0,773,0.009057
3273,data/bench/ITC99_all_numeric/b10.bench,115,4,False,0,63,127,0,773,0.009149
3274,data/bench/ITC99_all_numeric/b10.bench,116,3,False,0,63,127,0,643,0.008594
3275,data/bench/ITC99_all_numeric/b10.bench,116,4,False,0,63,127,0,643,0.008737
3276,data/bench/ITC99_all_numeric/b10.bench,117,3,False,0,63,127,0,517,0.008424
3277,data/bench/ITC99_all_numeric/b10.bench,117,4,False,0,63,127,0,517,0.008503
3278,data/bench/ITC99_all_numeric/b10.bench,118,3,False,0,31,63,0,445,0.00446
3279,data/bench/ITC99_all_numeric/b10.bench,118,4,False,0,31,63,0,445,0.004443
3280,data/bench/ITC99_all_numeric/b10.bench,119,3,False,0,47,95,0,477,0.006464
3281,data/bench/ITC99_all_numeric/b10.bench,119,4,False,0,47,95,0,477,0.006429
3282,data/bench/ITC99_all_numeric/b10.bench,120,3,True,1,0,2,0,1,0.00012
3283,data/bench/ITC99_all_numeric/b10.bench,120,4,True,1,0,5,0,9,0.000259
3284,data/bench/ITC99_all_numeric/b10.bench,121,3,True,1,0,2,0,2,0.000117
3285,data/bench/ITC99_all_numeric/b10.bench,121,4,True,1,0,5,0,11,0.000264
3286,data/bench/ITC99_all_numeric/b10.bench,122,3,True,1,0,2,0,1,0.000112
3287,data/bench/ITC99_all_numeric/b10.bench,122,4,True,1,0,5,0,12,0.000261
3288,data/bench/ITC99_all_numeric/b10.bench,123,3,False,0,3,7,0,11,0.00048
3289,data/bench/ITC99_all_numeric/b10.bench,123,4,False,0,3,7,0,11,0.00051
3290,data/bench/ITC99_all_numeric/b10.bench,124,3,True,1,0,2,0,1,0.000116
3291,data/bench/ITC99_all_numeric/b10.bench,124,4,True,1,0,3,0,3,0.000168
3292,data/bench/ITC99_all_numeric/b10.bench,125,3,True,1,0,2,0,1,0.000116
3293,data/bench/ITC99_all_numeric/b10.bench,125,4,True,1,0,3,0,3,0.000166
3294,data/bench/ITC99_all_numeric/b10.bench,126,3,False,0,31,63,0,260,0.004485
3295,data/bench/ITC99_all_numeric/b10.bench,126,4,False,0,31,63,0,260,0.004368
3296,data/bench/ITC99_all_numeric/b10.bench,127,3,False,0,31,63,0,197,0.004324
3297,data/bench/ITC99_all_numeric/b10.bench,127,4,False,0,31,63,0,197,0.004322
3298,data/bench/ITC99_all_numeric/b10.bench,128,3,False,0,7,15,0,48,0.001049
3299,data/bench/ITC99_all_numeric/b10.bench,128,4,False,0,7,15,0,48,0.001043
3300,data/bench/ITC99_all_numeric/b10.bench,129,3,False,0,34,69,0,341,0.004656
3301,data/bench/ITC99_all_numeric/b10.bench,129,4,False,0,34,69,0,341,0.004568
3302,data/bench/ITC99_all_numeric/b10.bench,130,3,True,1,0,2,0,2,0.00012
3303,data/bench/ITC99_all_numeric/b10.bench,130,4,True,1,0,5,0,10,0.000266
3304,data/bench/ITC99_all_numeric/b10.bench,131,3,False,0,1,3,0,2,0.000206
3305,data/bench/ITC99_all_numeric/b10.bench,131,4,False,0,1,3,0,2,0.000203
3306,data/bench/ITC99_all_numeric/b10.bench,132,3,False,0,31,63,0,195,0.005249
3307,data/bench/ITC99_all_numeric/b10.bench,132,4,False,0,31,63,0,195,0.004111
3308,data/bench/ITC99_all_numeric/b10.bench,133,3,False,0,31,63,0,260,0.004384
3309,data/bench/ITC99_all_numeric/b10.bench,133,4,False,0,31,63,0,260,0.00462
3310,data/bench/ITC99_all_numeric/b10.bench,134,3,False,0,31,63,0,197,0.005433
3311,data/bench/ITC99_all_numeric/b10.bench,134,4,False,0,31,63,0,197,0.004276
3312,data/bench/ITC99_all_numeric/b10.bench,135,3,False,0,1,3,0,2,0.000216
3313,data/bench/ITC99_all_numeric/b10.bench,135,4,False,0,1,3,0,2,0.000206
3314,data/bench/ITC99_all_numeric/b10.bench,136,3,False,0,23,47,0,144,0.003055
3315,data/bench/ITC99_all_numeric/b10.bench,136,4,False,0,23,47,0,144,0.003089
3316,data/bench/ITC99_all_numeric/b10.bench,137,3,False,0,11,23,0,49,0.002284
3317,data/bench/ITC99_all_numeric/b10.bench,137,4,False,0,11,23,0,49,0.001747
3318,data/bench/ITC99_all_numeric/b10.bench,138,3,False,0,15,31,0,74,0.002142
3319,data/bench/ITC99_all_numeric/b10.bench,138,4,False,0,15,31,0,74,0.002154
3320,data/bench/ITC99_all_numeric/b10.bench,139,3,True,1,0,7,0,11,0.000359
3321,data/bench/ITC99_all_numeric/b10.bench,139,4,True,1,0,7,0,11,0.000347
3322,data/bench/ITC99_all_numeric/b10.bench,140,3,False,0,7,15,0,48,0.001021
3323,data/bench/ITC99_all_numeric/b10.bench,140,4,False,0,7,15,0,48,0.000999
3324,data/bench/ITC99_all_numeric/b10.bench,141,3,False,0,3,7,0,16,0.000477
3325,data/bench/ITC99_all_numeric/b10.bench,141,4,False,0,3,7,0,16,0.00053
3326,data/bench/ITC99_all_numeric/b10.bench,142,3,True,1,0,5,0,8,0.000277
3327,data/bench/ITC99_all_numeric/b10.bench,142,4,True,1,0,3,0,2,0.000168
3328,data/bench/ITC99_all_numeric/b10.bench,143,3,False,0,6,13,0,10,0.000854
3329,data/bench/ITC99_all_numeric/b10.bench,143,4,False,0,10,21,0,12,0.001322
3330,data/bench/ITC99_all_numeric/b10.bench,144,3,True,1,0,5,0,5,0.000259
3331,data/bench/ITC99_all_numeric/b10.bench,144,4,True,1,0,4,0,3,0.000212
3332,data/bench/ITC99_all_numeric/b10.bench,145,3,False,0,15,31,0,100,0.002077
3333,data/bench/ITC99_all_numeric/b10.bench,145,4,False,0,15,31,0,100,0.002091
3334,data/bench/ITC99_all_numeric/b10.bench,146,3,True,1,0,4,0,3,0.00021
3335,data/bench/ITC99_all_numeric/b10.bench,146,4,True,1,0,4,0,3,0.000207
3336,data/bench/ITC99_all_numeric/b10.bench,147,3,True,1,0,5,0,7,0.000261
3337,data/bench/ITC99_all_numeric/b10.bench,147,4,True,1,0,4,0,4,0.000225
3338,data/bench/ITC99_all_numeric/b10.bench,148,3,True,1,0,3,0,4,0.000166
3339,data/bench/ITC99_all_numeric/b10.bench,148,4,True,1,0,4,0,6,0.000292
3340,data/bench/ITC99_all_numeric/b10.bench,149,3,True,1,0,2,0,1,0.000222
3341,data/bench/ITC99_all_numeric/b10.bench,149,4,True,1,0,3,0,3,0.000327
3342,data/bench/ITC99_all_numeric/b10.bench,150,3,False,0,15,31,0,131,0.002881
3343,data/bench/ITC99_all_numeric/b10.bench,150,4,False,0,15,31,0,131,0.002136
3344,data/bench/ITC99_all_numeric/b10.bench,151,3,False,0,3,7,0,16,0.000472
3345,data/bench/ITC99_all_numeric/b10.bench,151,4,False,0,3,7,0,16,0.000475
3346,data/bench/ITC99_all_numeric/b10.bench,152,3,False,0,4,9,0,15,0.000604
3347,data/bench/ITC99_all_numeric/b10.bench,152,4,False,0,7,15,0,33,0.000999
3348,data/bench/ITC99_all_numeric/b10.bench,153,3,False,0,11,23,0,80,0.001542
3349,data/bench/ITC99_all_numeric/b10.bench,153,4,False,0,11,23,0,80,0.001538
3350,data/bench/ITC99_all_numeric/b10.bench,154,3,False,0,15,31,0,120,0.002224
3351,data/bench/ITC99_all_numeric/b10.bench,154,4,False,0,15,31,0,120,0.00216
3352,data/bench/ITC99_all_numeric/b10.bench,155,3,False,0,31,63,0,150,0.005254
3353,data/bench/ITC99_all_numeric/b10.bench,155,4,False,0,31,63,0,150,0.004235
3354,data/bench/ITC99_all_numeric/b10.bench,156,3,False,0,3,7,0,16,0.000479
3355,data/bench/ITC99_all_numeric/b10.bench,156,4,False,0,3,7,0,16,0.000471
3356,data/bench/ITC99_all_numeric/b10.bench,157,3,True,1,0,3,0,5,0.000169
3357,data/bench/ITC99_all_numeric/b10.bench,157,4,True,1,0,3,0,4,0.000167
3358,data/bench/ITC99_all_numeric/b10.bench,158,3,False,0,31,63,0,212,0.004243
3359,data/bench/ITC99_all_numeric/b10.bench,158,4,False,0,31,63,0,212,0.004495
3360,data/bench/ITC99_all_numeric/b10.bench,159,3,False,0,127,255,0,1106,0.018188
3361,data/bench/ITC99_all_numeric/b10.bench,159,4,False,0,127,255,0,1106,0.017493
3362,data/bench/ITC99_all_numeric/b10.bench,160,3,False,0,7,15,0,48,0.001052
3363,data/bench/ITC99_all_numeric/b10.bench,160,4,False,0,7,15,0,48,0.001033
3364,data/bench/ITC99_all_numeric/b10.bench,161,3,True,1,0,3,0,2,0.000167
3365,data/bench/ITC99_all_numeric/b10.bench,161,4,True,1,0,7,0,16,0.000349
3366,data/bench/ITC99_all_numeric/b10.bench,162,3,False,0,31,63,0,323,0.004508
3367,data/bench/ITC99_all_numeric/b10.bench,162,4,False,0,31,63,0,323,0.004498
3368,data/bench/ITC99_all_numeric/b10.bench,163,3,False,0,15,31,0,128,0.002026
3369,data/bench/ITC99_all_numeric/b10.bench,163,4,False,0,15,31,0,128,0.003788
3370,data/bench/ITC99_all_numeric/b10.bench,164,3,False,0,15,31,0,128,0.002503
3371,data/bench/ITC99_all_numeric/b10.bench,164,4,False,0,15,31,0,128,0.002077
3372,data/bench/ITC99_all_numeric/b10.bench,165,3,False,0,4,9,0,11,0.000619
3373,data/bench/ITC99_all_numeric/b10.bench,165,4,False,0,11,23,0,44,0.001552
3374,data/bench/ITC99_all_numeric/b10.bench,166,3,False,0,31,63,0,319,0.00422
3375,data/bench/ITC99_all_numeric/b10.bench,166,4,False,0,31,63,0,319,0.004442
3376,data/bench/ITC99_all_numeric/b10.bench,167,3,False,0,31,63,0,382,0.004631
3377,data/bench/ITC99_all_numeric/b10.bench,167,4,False,0,31,63,0,382,0.005128
3378,data/bench/ITC99_all_numeric/b10.bench,168,3,False,0,15,31,0,75,0.002032
3379,data/bench/ITC99_all_numeric/b10.bench,168,4,False,0,15,31,0,75,0.002035
3380,data/bench/ITC99_all_numeric/b10.bench,169,3,True,1,0,2,0,1,0.000168
3381,data/bench/ITC99_all_numeric/b10.bench,169,4,True,1,0,3,0,3,0.000187
3382,data/bench/ITC99_all_numeric/b10.bench,170,3,True,1,0,2,0,1,0.000117
3383,data/bench/ITC99_all_numeric/b10.bench,170,4,True,1,0,3,0,3,0.000162
3384,data/bench/ITC99_all_numeric/b10.bench,171,3,True,1,0,5,0,4,0.000254
3385,data/bench/ITC99_all_numeric/b10.bench,171,4,True,1,0,6,0,6,0.000312
3386,data/bench/ITC99_all_numeric/b10.bench,172,3,True,1,0,5,0,6,0.000255
3387,data/bench/ITC99_all_numeric/b10.bench,172,4,True,1,0,5,0,6,0.000258
3388,data/bench/ITC99_all_numeric/b10.bench,173,3,False,0,34,69,0,410,0.004719
3389,data/bench/ITC99_all_numeric/b10.bench,173,4,False,0,34,69,0,410,0.004694
3390,data/bench/ITC99_all_numeric/b10.bench,174,3,False,0,23,47,0,249,0.003339
3391,data/bench/ITC99_all_numeric/b10.bench,174,4,False,0,23,47,0,249,0.003328
3392,data/bench/ITC99_all_numeric/b10.bench,175,3,False,0,7,15,0,66,0.001109
3393,data/bench/ITC99_all_numeric/b10.bench,175,4,False,0,7,15,0,66,0.001096
3394,data/bench/ITC99_all_numeric/b10.bench,176,3,False,0,31,63,0,319,0.004376
3395,data/bench/ITC99_all_numeric/b10.bench,176,4,False,0,31,63,0,319,0.004353
3396,data/bench/ITC99_all_numeric/b10.bench,177,3,False,0,31,63,0,382,0.004337
3397,data/bench/ITC99_all_numeric/b10.bench,177,4,False,0,31,63,0,382,0.004359
3398,data/bench/ITC99_all_numeric/b10.bench,178,3,False,0,31,63,0,258,0.004194
3399,data/bench/ITC99_all_numeric/b10.bench,178,4,False,0,31,63,0,258,0.004522
3400,data/bench/ITC99_all_numeric/b10.bench,179,3,False,0,4,9,0,3,0.00077
3401,data/bench/ITC99_all_numeric/b10.bench,179,4,False,0,4,9,0,6,0.000611
3402,data/bench/ITC99_all_numeric/b10.bench,180,3,False,0,3,7,0,7,0.000477
3403,data/bench/ITC99_all_numeric/b10.bench,180,4,False,0,5,11,0,13,0.000739
3404,data/bench/ITC99_all_numeric/b10.bench,181,3,False,0,7,15,0,47,0.001011
3405,data/bench/ITC99_all_numeric/b10.bench,181,4,False,0,7,15,0,47,0.001013
3406,data/bench/ITC99_all_numeric/b10.bench,182,3,False,0,2,5,0,4,0.000339
3407,data/bench/ITC99_all_numeric/b10.bench,182,4,False,0,3,7,0,8,0.000462
3408,data/bench/ITC99_all_numeric/b10.bench,183,3,False,0,7,15,0,51,0.001027
3409,data/bench/ITC99_all_numeric/b10.bench,183,4,False,0,7,15,0,51,0.001023
3410,data/bench/ITC99_all_numeric/b10.bench,184,3,False,0,31,63,0,323,0.005611
3411,data/bench/ITC99_all_numeric/b10.bench,184,4,False,0,31,63,0,323,0.00451
3412,data/bench/ITC99_all_numeric/b10.bench,185,3,False,0,4,9,0,11,0.000616
3413,data/bench/ITC99_all_numeric/b10.bench,185,4,False,0,11,23,0,44,0.001565
3414,data/bench/ITC99_all_numeric/b10.bench,186,3,False,0,31,63,0,319,0.004231
3415,data/bench/ITC99_all_numeric/b10.bench,186,4,False,0,31,63,0,319,0.005318
3416,data/bench/ITC99_all_numeric/b10.bench,187,3,False,0,31,63,0,382,0.004346
3417,data/bench/ITC99_all_numeric/b10.bench,187,4,False,0,31,63,0,382,0.004326
3418,data/bench/ITC99_all_numeric/b10.bench,188,3,False,0,23,47,0,191,0.003102
3419,data/bench/ITC99_all_numeric/b10.bench,188,4,False,0,23,47,0,191,0.004269
3420,data/bench/ITC99_all_numeric/b10.bench,189,3,False,0,12,25,0,19,0.00162
3421,data/bench/ITC99_all_numeric/b10.bench,189,4,False,0,8,17,0,32,0.00113
3422,data/bench/ITC99_all_numeric/b10.bench,190,3,False,0,9,19,0,13,0.00122
3423,data/bench/ITC99_all_numeric/b10.bench,190,4,False,0,4,9,0,8,0.000589
3424,data/bench/ITC99_all_numeric/b10.bench,191,3,False,0,7,15,0,21,0.000969
3425,data/bench/ITC99_all_numeric/b10.bench,191,4,False,0,9,19,0,19,0.001313
3426,data/bench/ITC99_all_numeric/b10.bench,192,3,False,0,6,13,0,25,0.000878
3427,data/bench/ITC99_all_numeric/b10.bench,192,4,False,0,11,23,0,55,0.00153
3428,data/bench/ITC99_all_numeric/b10.bench,193,3,False,0,31,63,0,319,0.005432
3429,data/bench/ITC99_all_numeric/b10.bench,193,4,False,0,31,63,0,319,0.004307
3430,data/bench/ITC99_all_numeric/b10.bench,194,3,False,0,31,63,0,382,0.004376
3431,data/bench/ITC99_all_numeric/b10.bench,194,4,False,0,31,63,0,382,0.004341
3432,data/bench/ITC99_all_numeric/b10.bench,195,3,True,1,0,3,0,1,0.000172
3433,data/bench/ITC99_all_numeric/b10.bench,195,4,True,1,0,6,0,4,0.000327
3434,data/bench/ITC99_all_numeric/b10.bench,196,3,True,1,0,3,0,2,0.000167
3435,data/bench/ITC99_all_numeric/b10.bench,196,4,True,1,0,3,0,3,0.000163
3436,data/bench/ITC99_all_numeric/b10.bench,197,3,True,1,0,3,0,2,0.000165
3437,data/bench/ITC99_all_numeric/b10.bench,197,4,True,1,0,3,0,3,0.000164
3438,data/bench/ITC99_all_numeric/b10.bench,198,3,False,0,3,7,0,18,0.000506
3439,data/bench/ITC99_all_numeric/b10.bench,198,4,False,0,3,7,0,18,0.0005
3440,data/bench/ITC99_all_numeric/b10.bench,199,3,False,0,7,15,0,51,0.001088
3441,data/bench/ITC99_all_numeric/b10.bench,199,4,False,0,7,15,0,51,0.001065
3442,data/bench/ITC99_all_numeric/b10.bench,200,3,False,0,7,15,0,38,0.001054
3443,data/bench/ITC99_all_numeric/b10.bench,200,4,False,0,7,15,0,38,0.001051
3444,data/bench/ITC99_all_numeric/b11.bench,1,3,True,1,0,5,0,9,0.000924
3445,data/bench/ITC99_all_numeric/b11.bench,1,4,True,1,0,5,0,9,0.000765
3446,data/bench/ITC99_all_numeric/b11.bench,4,3,True,1,0,5,0,9,0.000758
3447,data/bench/ITC99_all_numeric/b11.bench,5,4,True,1,0,5,0,9,0.000762
3448,data/bench/ITC99_all_numeric/b11.bench,8,3,True,1,0,3,0,0,0.000484
3449,data/bench/ITC99_all_numeric/b11.bench,9,3,True,1,0,3,0,1,0.000482
3450,data/bench/ITC99_all_numeric/b11.bench,10,3,True,1,0,3,0,0,0.000576
3451,data/bench/ITC99_all_numeric/b11.bench,11,4,True,1,0,3,0,0,0.000483
3452,data/bench/ITC99_all_numeric/b11.bench,12,3,True,1,0,3,0,0,0.000517
3453,data/bench/ITC99_all_numeric/b11.bench,14,4,False,3,0,10001,0,0,1.292439
3454,data/bench/ITC99_all_numeric/b11.bench,15,3,True,1,0,2,0,0,0.000377
3455,data/bench/ITC99_all_numeric/b11.bench,16,4,True,1,0,2,0,0,0.000344
3456,data/bench/ITC99_all_numeric/b11.bench,17,3,True,1,0,3,0,1,0.000512
3457,data/bench/ITC99_all_numeric/b11.bench,18,4,True,1,0,2,0,0,0.000344
3458,data/bench/ITC99_all_numeric/b11.bench,22,4,True,1,0,3,0,0,0.000496
3459,data/bench/ITC99_all_numeric/b11.bench,24,3,True,1,0,2,0,0,0.000336
3460,data/bench/ITC99_all_numeric/b11.bench,25,3,True,1,0,2,0,0,0.000343
3461,data/bench/ITC99_all_numeric/b11.bench,26,4,True,1,0,3,0,0,0.000497
3462,data/bench/ITC99_all_numeric/b11.bench,27,3,True,1,0,2,0,0,0.00034
3463,data/bench/ITC99_all_numeric/b11.bench,30,3,True,1,0,3,0,2,0.000477
3464,data/bench/ITC99_all_numeric/b11.bench,30,4,True,1,0,3,0,2,0.000473
3465,data/bench/ITC99_all_numeric/b11.bench,32,4,True,1,0,3,0,2,0.000468
3466,data/bench/ITC99_all_numeric/b11.bench,33,3,True,1,0,3,0,2,0.000479
3467,data/bench/ITC99_all_numeric/b11.bench,33,4,True,1,0,3,0,2,0.000476
3468,data/bench/ITC99_all_numeric/b11.bench,37,3,True,1,0,3,0,0,0.000477
3469,data/bench/ITC99_all_numeric/b11.bench,39,3,False,0,11,23,0,49,0.004095
3470,data/bench/ITC99_all_numeric/b11.bench,40,3,False,0,11,23,0,49,0.004107
3471,data/bench/ITC99_all_numeric/b11.bench,41,4,False,0,11,23,0,49,0.004073
3472,data/bench/ITC99_all_numeric/b11.bench,43,3,False,0,11,23,0,49,0.004558
3473,data/bench/ITC99_all_numeric/b11.bench,43,4,False,0,11,23,0,49,0.004126
3474,data/bench/ITC99_all_numeric/b11.bench,44,3,False,0,11,23,0,49,0.004106
3475,data/bench/ITC99_all_numeric/b11.bench,44,4,False,0,11,23,0,49,0.004169
3476,data/bench/ITC99_all_numeric/b11.bench,45,3,False,0,17,35,0,250,0.006495
3477,data/bench/ITC99_all_numeric/b11.bench,47,4,False,0,17,35,0,250,0.006367
3478,data/bench/ITC99_all_numeric/b11.bench,48,3,False,0,17,35,0,250,0.006395
3479,data/bench/ITC99_all_numeric/b11.bench,48,4,False,0,17,35,0,250,0.006413
3480,data/bench/ITC99_all_numeric/b11.bench,49,4,False,0,17,35,0,250,0.006466
3481,data/bench/ITC99_all_numeric/b11.bench,50,4,False,0,17,35,0,250,0.006452
3482,data/bench/ITC99_all_numeric/b11.bench,52,4,False,0,47,95,0,732,0.017026
3483,data/bench/ITC99_all_numeric/b11.bench,56,4,False,0,191,383,0,3840,0.070269
3484,data/bench/ITC99_all_numeric/b11.bench,63,3,False,0,47,95,0,356,0.016734
3485,data/bench/ITC99_all_numeric/b11.bench,64,3,False,0,31,63,0,276,0.011115
3486,data/bench/ITC99_all_numeric/b11.bench,65,3,False,0,47,95,0,356,0.01666
3487,data/bench/ITC99_all_numeric/b11.bench,69,3,False,0,17,35,0,87,0.006074
3488,data/bench/ITC99_all_numeric/b11.bench,71,4,False,0,7,15,0,59,0.002724
3489,data/bench/ITC99_all_numeric/b11.bench,72,3,False,0,7,15,0,54,0.002691
3490,data/bench/ITC99_all_numeric/b11.bench,76,3,False,0,3,7,0,12,0.001302
3491,data/bench/ITC99_all_numeric/b11.bench,77,3,False,0,3,7,0,10,0.001301
3492,data/bench/ITC99_all_numeric/b11.bench,78,3,False,0,7,15,0,59,0.002787
3493,data/bench/ITC99_all_numeric/b11.bench,79,3,False,0,3,7,0,16,0.001304
3494,data/bench/ITC99_all_numeric/b11.bench,80,4,False,0,3,7,0,9,0.001295
3495,data/bench/ITC99_all_numeric/b11.bench,81,4,True,1,0,4,0,2,0.000614
3496,data/bench/ITC99_all_numeric/b11.bench,83,3,False,0,3,7,0,6,0.001281
3497,data/bench/ITC99_all_numeric/b11.bench,83,4,False,0,2,5,0,3,0.000939
3498,data/bench/ITC99_all_numeric/b11.bench,86,3,True,1,0,4,0,2,0.000586
3499,data/bench/ITC99_all_numeric/b11.bench,86,4,True,1,0,3,0,1,0.000469
3500,data/bench/ITC99_all_numeric/b11.bench,88,4,False,0,47,95,0,673,0.017428
3501,data/bench/ITC99_all_numeric/b11.bench,89,3,False,0,47,95,0,582,0.017158
3502,data/bench/ITC99_all_numeric/b11.bench,89,4,False,0,47,95,0,582,0.017088
3503,data/bench/ITC99_all_numeric/b11.bench,90,3,False,0,35,71,0,434,0.012872
3504,data/bench/ITC99_all_numeric/b11.bench,90,4,False,0,35,71,0,434,0.012817
3505,data/bench/ITC99_all_numeric/b11.bench,91,3,True,1,0,4,0,2,0.00062
3506,data/bench/ITC99_all_numeric/b11.bench,92,3,False,0,7,15,0,33,0.0027
3507,data/bench/ITC99_all_numeric/b11.bench,92,4,False,0,7,15,0,33,0.002703
3508,data/bench/ITC99_all_numeric/b11.bench,93,3,True,1,0,5,0,10,0.000748
3509,data/bench/ITC99_all_numeric/b11.bench,93,4,True,1,0,3,0,4,0.00048
3510,data/bench/ITC99_all_numeric/b11.bench,95,4,False,0,8,17,0,73,0.003132
3511,data/bench/ITC99_all_numeric/b11.bench,96,3,False,0,91,183,0,1402,0.033229
3512,data/bench/ITC99_all_numeric/b11.bench,96,4,False,0,91,183,0,1402,0.03314
3513,data/bench/ITC99_all_numeric/b11.bench,98,3,False,0,47,95,0,671,0.017244
3514,data/bench/ITC99_all_numeric/b11.bench,101,4,False,0,47,95,0,768,0.017375
3515,data/bench/ITC99_all_numeric/b11.bench,102,3,True,1,0,3,0,1,0.000495
3516,data/bench/ITC99_all_numeric/b11.bench,102,4,True,1,0,3,0,1,0.000489
3517,data/bench/ITC99_all_numeric/b11.bench,103,3,False,0,15,31,0,97,0.005586
3518,data/bench/ITC99_all_numeric/b11.bench,103,4,False,0,15,31,0,97,0.005528
3519,data/bench/ITC99_all_numeric/b11.bench,106,3,False,0,7,15,0,48,0.0027
3520,data/bench/ITC99_all_numeric/b11.bench,107,4,True,1,0,2,0,1,0.000347
3521,data/bench/ITC99_all_numeric/b11.bench,109,3,True,1,0,5,0,3,0.000734
3522,data/bench/ITC99_all_numeric/b11.bench,110,3,False,0,47,95,0,349,0.016584
3523,data/bench/ITC99_all_numeric/b11.bench,114,4,False,0,51,103,0,376,0.017806
3524,data/bench/ITC99_all_numeric/b11.bench,115,3,True,1,0,3,0,1,0.000502
3525,data/bench/ITC99_all_numeric/b11.bench,115,4,True,1,0,3,0,1,0.000592
3526,data/bench/ITC99_all_numeric/b11.bench,116,4,False,0,41,83,0,302,0.014433
3527,data/bench/ITC99_all_numeric/b11.bench,117,3,False,0,45,91,0,333,0.015741
3528,data/bench/ITC99_all_numeric/b11.bench,117,4,False,0,45,91,0,333,0.015749
3529,data/bench/ITC99_all_numeric/b11.bench,118,3,False,0,38,77,0,276,0.013284
3530,data/bench/ITC99_all_numeric/b11.bench,120,3,False,0,45,91,0,335,0.015861
3531,data/bench/ITC99_all_numeric/b11.bench,120,4,False,0,45,91,0,335,0.015823
3532,data/bench/ITC99_all_numeric/b11.bench,121,3,False,0,91,183,0,854,0.032116
3533,data/bench/ITC99_all_numeric/b11.bench,121,4,False,0,91,183,0,854,0.032133
3534,data/bench/ITC99_all_numeric/b11.bench,122,4,True,1,0,2,0,1,0.000365
3535,data/bench/ITC99_all_numeric/b11.bench,127,4,True,1,0,2,0,1,0.000348
3536,data/bench/ITC99_all_numeric/b11.bench,129,3,False,0,3,7,0,9,0.001323
3537,data/bench/ITC99_all_numeric/b11.bench,129,4,False,0,3,7,0,9,0.001341
3538,data/bench/ITC99_all_numeric/b11.bench,130,3,True,1,0,5,0,7,0.000749
3539,data/bench/ITC99_all_numeric/b11.bench,130,4,True,1,0,5,0,7,0.000759
3540,data/bench/ITC99_all_numeric/b11.bench,132,3,False,0,3,7,0,9,0.001326
3541,data/bench/ITC99_all_numeric/b11.bench,132,4,False,0,3,7,0,9,0.001307
3542,data/bench/ITC99_all_numeric/b11.bench,133,4,False,0,3,7,0,9,0.001298
3543,data/bench/ITC99_all_numeric/b11.bench,134,3,False,0,3,7,0,9,0.001315
3544,data/bench/ITC99_all_numeric/b11.bench,134,4,False,0,3,7,0,9,0.001305
3545,data/bench/ITC99_all_numeric/b11.bench,136,4,False,0,3,7,0,9,0.001296
3546,data/bench/ITC99_all_numeric/b11.bench,137,3,False,0,3,7,0,9,0.001302
3547,data/bench/ITC99_all_numeric/b11.bench,138,3,False,0,3,7,0,9,0.001306
3548,data/bench/ITC99_all_numeric/b11.bench,138,4,False,0,3,7,0,9,0.001308
3549,data/bench/ITC99_all_numeric/b11.bench,139,3,False,0,3,7,0,9,0.001317
3550,data/bench/ITC99_all_numeric/b11.bench,141,3,False,0,3,7,0,9,0.002591
3551,data/bench/ITC99_all_numeric/b11.bench,141,4,False,0,3,7,0,9,0.001359
3552,data/bench/ITC99_all_numeric/b11.bench,143,3,False,0,3,7,0,9,0.001322
3553,data/bench/ITC99_all_numeric/b11.bench,144,3,True,1,0,2,0,1,0.000348
3554,data/bench/ITC99_all_numeric/b11.bench,145,3,False,0,3,7,0,9,0.001322
3555,data/bench/ITC99_all_numeric/b11.bench,146,4,False,0,3,7,0,16,0.001326
3556,data/bench/ITC99_all_numeric/b11.bench,148,3,True,1,0,3,0,1,0.000486
3557,data/bench/ITC99_all_numeric/b11.bench,148,4,True,1,0,3,0,1,0.000477
3558,data/bench/ITC99_all_numeric/b11.bench,149,3,False,0,3,7,0,23,0.001333
3559,data/bench/ITC99_all_numeric/b11.bench,150,4,True,1,0,4,0,5,0.000614
3560,data/bench/ITC99_all_numeric/b11.bench,151,4,False,0,7,15,0,33,0.002718
3561,data/bench/ITC99_all_numeric/b11.bench,152,3,True,1,0,2,0,1,0.000341
3562,data/bench/ITC99_all_numeric/b11.bench,153,4,False,0,4095,8191,0,53957,1.367007
3563,data/bench/ITC99_all_numeric/b11.bench,154,4,True,1,0,5,0,7,0.000792
3564,data/bench/ITC99_all_numeric/b11.bench,156,3,False,0,17,35,0,52,0.006095
3565,data/bench/ITC99_all_numeric/b11.bench,156,4,False,0,17,35,0,52,0.006057
3566,data/bench/ITC99_all_numeric/b11.bench,157,3,False,0,3,7,0,23,0.001341
3567,data/bench/ITC99_all_numeric/b11.bench,157,4,False,0,3,7,0,23,0.001331
3568,data/bench/ITC99_all_numeric/b11.bench,158,3,False,0,35,71,0,232,0.012358
3569,data/bench/ITC99_all_numeric/b11.bench,158,4,False,0,35,71,0,232,0.012333
3570,data/bench/ITC99_all_numeric/b11.bench,159,4,True,1,0,5,0,6,0.000761
3571,data/bench/ITC99_all_numeric/b11.bench,161,3,False,0,23,47,0,151,0.008274
3572,data/bench/ITC99_all_numeric/b11.bench,161,4,False,0,23,47,0,151,0.008346
3573,data/bench/ITC99_all_numeric/b11.bench,163,4,True,1,0,3,0,4,0.000487
3574,data/bench/ITC99_all_numeric/b11.bench,164,3,False,0,15,31,0,127,0.005572
3575,data/bench/ITC99_all_numeric/b11.bench,165,3,False,0,15,31,0,128,0.00568
3576,data/bench/ITC99_all_numeric/b11.bench,166,4,True,1,0,3,0,4,0.000507
3577,data/bench/ITC99_all_numeric/b11.bench,167,3,False,0,23,47,0,151,0.008362
3578,data/bench/ITC99_all_numeric/b11.bench,169,3,True,1,0,2,0,1,0.000357
3579,data/bench/ITC99_all_numeric/b11.bench,169,4,True,1,0,3,0,4,0.000479
3580,data/bench/ITC99_all_numeric/b11.bench,177,3,False,0,15,31,0,128,0.005648
3581,data/bench/ITC99_all_numeric/b11.bench,177,4,False,0,15,31,0,128,0.005639
3582,data/bench/ITC99_all_numeric/b11.bench,179,3,False,0,47,95,0,765,0.017455
3583,data/bench/ITC99_all_numeric/b11.bench,179,4,False,0,47,95,0,765,0.017418
3584,data/bench/ITC99_all_numeric/b11.bench,180,3,False,0,95,191,0,1727,0.035168
3585,data/bench/ITC99_all_numeric/b11.bench,181,3,False,0,95,191,0,1357,0.034542
3586,data/bench/ITC99_all_numeric/b11.bench,181,4,False,0,95,191,0,1357,0.034489
3587,data/bench/ITC99_all_numeric/b11.bench,182,4,False,0,95,191,0,1728,0.035141
3588,data/bench/ITC99_all_numeric/b11.bench,185,4,False,0,47,95,0,766,0.01736
3589,data/bench/ITC99_all_numeric/b11.bench,186,4,False,0,95,191,0,1548,0.034709
3590,data/bench/ITC99_all_numeric/b11.bench,188,3,False,0,191,383,0,3457,0.070191
3591,data/bench/ITC99_all_numeric/b11.bench,190,4,False,0,47,95,0,766,0.017436
3592,data/bench/ITC99_all_numeric/b11.bench,191,4,False,0,95,191,0,1548,0.034624
3593,data/bench/ITC99_all_numeric/b11.bench,195,4,False,0,47,95,0,766,0.017349
3594,data/bench/ITC99_all_numeric/b11.bench,196,3,False,0,95,191,0,1548,0.034733
3595,data/bench/ITC99_all_numeric/b11.bench,197,4,False,0,95,191,0,1728,0.034882
3596,data/bench/ITC99_all_numeric/b11.bench,200,3,False,0,47,95,0,766,0.017386
3597,data/bench/ITC99_all_numeric/b11.bench,200,4,False,0,47,95,0,766,0.017356
3598,data/bench/ITC99_all_numeric/b11.bench,202,3,False,0,95,191,0,1728,0.035181
3599,data/bench/ITC99_all_numeric/b11.bench,203,3,False,0,191,383,0,3457,0.070418
3600,data/bench/ITC99_all_numeric/b11.bench,204,3,False,0,95,191,0,1727,0.035766
3601,data/bench/ITC99_all_numeric/b11.bench,205,3,False,0,47,95,0,766,0.017714
3602,data/bench/ITC99_all_numeric/b11.bench,205,4,False,0,47,95,0,766,0.017365
3603,data/bench/ITC99_all_numeric/b11.bench,207,3,False,0,95,191,0,1728,0.035032
3604,data/bench/ITC99_all_numeric/b11.bench,207,4,False,0,95,191,0,1728,0.035079
3605,data/bench/ITC99_all_numeric/b11.bench,208,3,False,0,47,95,0,691,0.017222
3606,data/bench/ITC99_all_numeric/b11.bench,210,4,False,0,3,7,0,32,0.001362
3607,data/bench/ITC99_all_numeric/b11.bench,212,3,False,0,95,191,0,1763,0.035038
3608,data/bench/ITC99_all_numeric/b11.bench,212,4,False,0,95,191,0,1763,0.035036
3609,data/bench/ITC99_all_numeric/b11.bench,214,3,False,0,47,95,0,637,0.017181
3610,data/bench/ITC99_all_numeric/b11.bench,217,3,False,0,191,383,0,4291,0.071064
3611,data/bench/ITC99_all_numeric/b11.bench,218,4,False,0,47,95,0,766,0.017395
3612,data/bench/ITC99_all_numeric/b11.bench,219,4,False,0,47,95,0,653,0.017312
3613,data/bench/ITC99_all_numeric/b11.bench,220,3,False,0,3,7,0,32,0.001365
3614,data/bench/ITC99_all_numeric/b11.bench,220,4,False,0,3,7,0,32,0.001332
3615,data/bench/ITC99_all_numeric/b11.bench,222,3,False,0,17,35,0,215,0.006358
3616,data/bench/ITC99_all_numeric/b11.bench,223,4,False,0,13,27,0,156,0.00497
3617,data/bench/ITC99_all_numeric/b11.bench,224,4,False,0,17,35,0,215,0.006338
3618,data/bench/ITC99_all_numeric/b11.bench,227,4,False,0,6,13,0,77,0.002421
3619,data/bench/ITC99_all_numeric/b11.bench,229,4,False,0,6,13,0,77,0.00242
3620,data/bench/ITC99_all_numeric/b11.bench,232,3,False,0,17,35,0,215,0.006454
3621,data/bench/ITC99_all_numeric/b11.bench,233,3,False,0,6,13,0,77,0.002435
3622,data/bench/ITC99_all_numeric/b11.bench,237,3,True,1,0,3,0,1,0.000479
3623,data/bench/ITC99_all_numeric/b11.bench,237,4,True,1,0,3,0,1,0.000487
3624,data/bench/ITC99_all_numeric/b11.bench,239,4,False,0,3,7,0,23,0.001315
3625,data/bench/ITC99_all_numeric/b11.bench,240,3,True,1,0,2,0,2,0.000464
3626,data/bench/ITC99_all_numeric/b11.bench,242,3,False,0,3,7,0,16,0.001323
3627,data/bench/ITC99_all_numeric/b11.bench,243,4,False,0,23,47,0,197,0.008364
3628,data/bench/ITC99_all_numeric/b11.bench,244,3,True,1,0,2,0,1,0.000359
3629,data/bench/ITC99_all_numeric/b11.bench,245,4,True,1,0,3,0,4,0.000488
3630,data/bench/ITC99_all_numeric/b11.bench,246,4,True,1,0,5,0,13,0.000762
3631,data/bench/ITC99_all_numeric/b11.bench,248,3,True,1,0,2,0,1,0.000356
3632,data/bench/ITC99_all_numeric/b11.bench,249,3,True,1,0,2,0,1,0.000349
3633,data/bench/ITC99_all_numeric/b11.bench,249,4,True,1,0,3,0,4,0.000485
3634,data/bench/ITC99_all_numeric/b11.bench,251,3,True,1,0,2,0,1,0.000355
3635,data/bench/ITC99_all_numeric/b11.bench,251,4,True,1,0,3,0,4,0.000488
3636,data/bench/ITC99_all_numeric/b11.bench,252,3,True,1,0,2,0,1,0.000351
3637,data/bench/ITC99_all_numeric/b11.bench,253,3,True,1,0,2,0,1,0.000349
3638,data/bench/ITC99_all_numeric/b11.bench,253,4,True,1,0,3,0,4,0.000479
3639,data/bench/ITC99_all_numeric/b11.bench,255,4,True,1,0,3,0,4,0.000492
3640,data/bench/ITC99_all_numeric/b11.bench,256,3,True,1,0,2,0,1,0.000353
3641,data/bench/ITC99_all_numeric/b11.bench,257,4,True,1,0,3,0,3,0.000481
3642,data/bench/ITC99_all_numeric/b11.bench,260,3,False,0,47,95,0,637,0.017139
3643,data/bench/ITC99_all_numeric/b11.bench,260,4,False,0,47,95,0,637,0.017114
3644,data/bench/ITC99_all_numeric/b11.bench,263,3,False,0,95,191,0,1357,0.034389
3645,data/bench/ITC99_all_numeric/b11.bench,263,4,False,0,95,191,0,1357,0.034403
3646,data/bench/ITC99_all_numeric/b11.bench,265,4,False,0,95,191,0,1357,0.034551
3647,data/bench/ITC99_all_numeric/b11.bench,266,3,False,0,47,95,0,765,0.017384
3648,data/bench/ITC99_all_numeric/b11.bench,266,4,False,0,47,95,0,765,0.017276
3649,data/bench/ITC99_all_numeric/b11.bench,268,4,False,0,47,95,0,765,0.017248
3650,data/bench/ITC99_all_numeric/b11.bench,269,3,False,0,95,191,0,1357,0.034521
3651,data/bench/ITC99_all_numeric/b11.bench,271,3,False,0,95,191,0,1357,0.034411
3652,data/bench/ITC99_all_numeric/b11.bench,273,3,True,1,0,3,0,2,0.000525
3653,data/bench/ITC99_all_numeric/b11.bench,273,4,True,1,0,5,0,6,0.000753
3654,data/bench/ITC99_all_numeric/b11.bench,274,3,True,1,0,5,0,3,0.000765
3655,data/bench/ITC99_all_numeric/b11.bench,276,4,False,0,5,11,0,15,0.002039
3656,data/bench/ITC99_all_numeric/b11.bench,277,4,False,0,255,511,0,2348,0.090706
3657,data/bench/ITC99_all_numeric/b11.bench,278,3,False,0,255,511,0,1837,0.090034
3658,data/bench/ITC99_all_numeric/b11.bench,279,3,True,1,0,3,0,1,0.000507
3659,data/bench/ITC99_all_numeric/b11.bench,280,3,True,1,0,2,0,1,0.000361
3660,data/bench/ITC99_all_numeric/b11.bench,280,4,True,1,0,4,0,5,0.000715
3661,data/bench/ITC99_all_numeric/b11.bench,281,3,False,0,1023,2047,0,11441,0.357935
3662,data/bench/ITC99_all_numeric/b11.bench,281,4,False,0,1023,2047,0,11441,0.351454
3663,data/bench/ITC99_all_numeric/b11.bench,282,4,True,1,0,3,0,2,0.000524
3664,data/bench/ITC99_all_numeric/b11.bench,283,3,True,1,0,2,0,1,0.000353
3665,data/bench/ITC99_all_numeric/b11.bench,283,4,True,1,0,3,0,2,0.00048
3666,data/bench/ITC99_all_numeric/b11.bench,284,4,True,1,0,3,0,3,0.000478
3667,data/bench/ITC99_all_numeric/b11.bench,285,3,False,0,8,17,0,90,0.003097
3668,data/bench/ITC99_all_numeric/b11.bench,285,4,False,0,8,17,0,90,0.003151
3669,data/bench/ITC99_all_numeric/b11.bench,286,3,False,0,47,95,0,708,0.017422
3670,data/bench/ITC99_all_numeric/b11.bench,289,3,False,0,5,11,0,22,0.002038
3671,data/bench/ITC99_all_numeric/b11.bench,291,3,True,1,0,3,0,1,0.000508
3672,data/bench/ITC99_all_numeric/b11.bench,291,4,True,1,0,3,0,1,0.00051
3673,data/bench/ITC99_all_numeric/b11.bench,292,3,False,0,11,23,0,75,0.004112
3674,data/bench/ITC99_all_numeric/b11.bench,295,3,False,0,3,7,0,25,0.001324
3675,data/bench/ITC99_all_numeric/b11.bench,297,3,False,0,5,11,0,64,0.002136
3676,data/bench/ITC99_all_numeric/b11.bench,297,4,False,0,5,11,0,64,0.002045
3677,data/bench/ITC99_all_numeric/b11.bench,298,3,False,0,3,7,0,27,0.001335
3678,data/bench/ITC99_all_numeric/b11.bench,301,3,False,0,5,11,0,64,0.002036
3679,data/bench/ITC99_all_numeric/b11.bench,304,3,False,0,47,95,0,596,0.016861
3680,data/bench/ITC99_all_numeric/b11.bench,306,3,False,0,3,7,0,27,0.001392
3681,data/bench/ITC99_all_numeric/b11.bench,307,3,False,0,95,191,0,1355,0.034304
3682,data/bench/ITC99_all_numeric/b11.bench,307,4,False,0,95,191,0,1355,0.034303
3683,data/bench/ITC99_all_numeric/b11.bench,308,4,False,0,7,15,0,74,0.002768
3684,data/bench/ITC99_all_numeric/b11.bench,311,4,False,0,23,47,0,250,0.008408
3685,data/bench/ITC99_all_numeric/b11.bench,314,3,False,0,7,15,0,116,0.002846
3686,data/bench/ITC99_all_numeric/b11.bench,314,4,False,0,7,15,0,116,0.002794
3687,data/bench/ITC99_all_numeric/b11.bench,315,4,False,0,95,191,0,1355,0.034104
3688,data/bench/ITC99_all_numeric/b11.bench,316,4,False,0,7,15,0,74,0.002799
3689,data/bench/ITC99_all_numeric/b11.bench,317,3,False,0,7,15,0,59,0.002762
3690,data/bench/ITC99_all_numeric/b11.bench,317,4,False,0,7,15,0,59,0.002753
3691,data/bench/ITC99_all_numeric/b11.bench,319,3,False,0,11,23,0,78,0.004112
3692,data/bench/ITC99_all_numeric/b11.bench,322,3,False,0,7,15,0,140,0.002842
3693,data/bench/ITC99_all_numeric/b11.bench,322,4,False,0,7,15,0,140,0.002847
3694,data/bench/ITC99_all_numeric/b11.bench,324,3,False,0,7,15,0,74,0.002753
3695,data/bench/ITC99_all_numeric/b11.bench,325,3,False,0,7,15,0,59,0.002736
3696,data/bench/ITC99_all_numeric/b11.bench,327,3,False,0,5,11,0,24,0.002002
3697,data/bench/ITC99_all_numeric/b11.bench,328,3,False,0,95,191,0,1546,0.034216
3698,data/bench/ITC99_all_numeric/b11.bench,329,4,False,0,3,7,0,37,0.001347
3699,data/bench/ITC99_all_numeric/b11.bench,330,4,False,0,7,15,0,100,0.002788
3700,data/bench/ITC99_all_numeric/b11.bench,331,3,False,0,95,191,0,1355,0.034658
3701,data/bench/ITC99_all_numeric/b11.bench,331,4,False,0,95,191,0,1355,0.034472
3702,data/bench/ITC99_all_numeric/b11.bench,332,4,False,0,7,15,0,74,0.002802
3703,data/bench/ITC99_all_numeric/b11.bench,334,3,False,0,3,7,0,18,0.001341
3704,data/bench/ITC99_all_numeric/b11.bench,335,3,False,0,3,7,0,11,0.001329
3705,data/bench/ITC99_all_numeric/b11.bench,335,4,False,0,3,7,0,11,0.001311
3706,data/bench/ITC99_all_numeric/b11.bench,336,3,False,0,95,191,0,1546,0.034819
3707,data/bench/ITC99_all_numeric/b11.bench,337,4,False,0,3,7,0,40,0.00138
3708,data/bench/ITC99_all_numeric/b11.bench,340,3,False,0,3,7,0,33,0.001335
3709,data/bench/ITC99_all_numeric/b11.bench,341,3,False,0,3,7,0,26,0.001324
3710,data/bench/ITC99_all_numeric/b11.bench,342,3,False,0,83,167,0,1182,0.030081
3711,data/bench/ITC99_all_numeric/b11.bench,344,3,False,0,95,191,0,1546,0.034129
3712,data/bench/ITC99_all_numeric/b11.bench,345,3,False,0,3,7,0,33,0.001364
3713,data/bench/ITC99_all_numeric/b11.bench,345,4,False,0,3,7,0,33,0.001343
3714,data/bench/ITC99_all_numeric/b11.bench,346,3,False,0,7,15,0,140,0.002858
3715,data/bench/ITC99_all_numeric/b11.bench,347,3,False,0,95,191,0,1355,0.034509
3716,data/bench/ITC99_all_numeric/b11.bench,348,3,False,0,7,15,0,97,0.002798
3717,data/bench/ITC99_all_numeric/b11.bench,349,4,False,0,7,15,0,82,0.002755
3718,data/bench/ITC99_all_numeric/b11.bench,350,3,False,0,83,167,0,1181,0.030167
3719,data/bench/ITC99_all_numeric/b11.bench,351,3,False,0,95,191,0,1546,0.034958
3720,data/bench/ITC99_all_numeric/b11.bench,352,4,False,0,3,7,0,26,0.001362
3721,data/bench/ITC99_all_numeric/b11.bench,354,3,False,0,3,7,0,16,0.001317
3722,data/bench/ITC99_all_numeric/b11.bench,355,3,False,0,3,7,0,23,0.001332
3723,data/bench/ITC99_all_numeric/b11.bench,357,4,False,0,3,7,0,26,0.001328
3724,data/bench/ITC99_all_numeric/b11.bench,358,3,False,0,3,7,0,19,0.001316
3725,data/bench/ITC99_all_numeric/b11.bench,358,4,False,0,3,7,0,19,0.001413
3726,data/bench/ITC99_all_numeric/b11.bench,359,3,False,0,7,15,0,44,0.002762
3727,data/bench/ITC99_all_numeric/b11.bench,360,3,False,0,7,15,0,44,0.002752
3728,data/bench/ITC99_all_numeric/b11.bench,361,4,False,0,7,15,0,29,0.002715
3729,data/bench/ITC99_all_numeric/b11.bench,363,4,False,0,3,7,0,26,0.001326
3730,data/bench/ITC99_all_numeric/b11.bench,364,3,False,0,7,15,0,59,0.002752
3731,data/bench/ITC99_all_numeric/b11.bench,367,4,False,0,7,15,0,44,0.003805
3732,data/bench/ITC99_all_numeric/b11.bench,368,3,False,0,7,15,0,29,0.002718
3733,data/bench/ITC99_all_numeric/b11.bench,368,4,False,0,7,15,0,29,0.002689
3734,data/bench/ITC99_all_numeric/b11.bench,369,3,False,0,7,15,0,24,0.002705
3735,data/bench/ITC99_all_numeric/b11.bench,370,4,False,0,7,15,0,59,0.002708
3736,data/bench/ITC99_all_numeric/b11.bench,371,3,False,0,7,15,0,59,0.003038
3737,data/bench/ITC99_all_numeric/b11.bench,373,3,False,0,7,15,0,44,0.003323
3738,data/bench/ITC99_all_numeric/b11.bench,374,3,False,0,7,15,0,44,0.002779
3739,data/bench/ITC99_all_numeric/b11.bench,375,3,False,0,7,15,0,29,0.00271
3740,data/bench/ITC99_all_numeric/b11.bench,381,3,False,0,7,15,0,44,0.002732
3741,data/bench/ITC99_all_numeric/b11.bench,381,4,False,0,7,15,0,44,0.002733
3742,data/bench/ITC99_all_numeric/b11.bench,384,3,False,0,7,15,0,59,0.003883
3743,data/bench/ITC99_all_numeric/b11.bench,385,3,False,0,7,15,0,59,0.002793
3744,data/bench/ITC99_all_numeric/b11.bench,387,3,False,0,7,15,0,44,0.00274
3745,data/bench/ITC99_all_numeric/b11.bench,387,4,False,0,7,15,0,44,0.002731
3746,data/bench/ITC99_all_numeric/b11.bench,389,4,True,1,0,3,0,2,0.000505
3747,data/bench/ITC99_all_numeric/b11.bench,390,4,False,0,7,15,0,70,0.002769
3748,data/bench/ITC99_all_numeric/b11.bench,391,3,False,0,7,15,0,55,0.003266
3749,data/bench/ITC99_all_numeric/b11.bench,392,3,False,0,7,15,0,50,0.003197
3750,data/bench/ITC99_all_numeric/b11.bench,393,3,False,0,1,3,0,2,0.000723
3751,data/bench/ITC99_all_numeric/b11.bench,395,3,False,0,1,3,0,2,0.00062
3752,data/bench/ITC99_all_numeric/b11.bench,396,4,False,0,1,3,0,2,0.00061
3753,data/bench/ITC99_all_numeric/b11.bench,397,3,False,0,7,15,0,110,0.002842
3754,data/bench/ITC99_all_numeric/b11.bench,399,4,False,0,7,15,0,97,0.003945
3755,data/bench/ITC99_all_numeric/b11.bench,400,4,False,0,1,3,0,2,0.000629
3756,data/bench/ITC99_all_numeric/b11.bench,402,3,False,0,15,31,0,251,0.00576
3757,data/bench/ITC99_all_numeric/b11.bench,403,4,False,0,15,31,0,313,0.005855
3758,data/bench/ITC99_all_numeric/b11.bench,404,4,True,1,0,3,0,2,0.0005
3759,data/bench/ITC99_all_numeric/b11.bench,405,3,False,0,31,63,0,690,0.012965
3760,data/bench/ITC99_all_numeric/b11.bench,406,3,False,0,31,63,0,627,0.012832
3761,data/bench/ITC99_all_numeric/b11.bench,406,4,False,0,31,63,0,627,0.012704
3762,data/bench/ITC99_all_numeric/b11.bench,408,3,True,1,0,3,0,2,0.000505
3763,data/bench/ITC99_all_numeric/b11.bench,408,4,True,1,0,3,0,2,0.000499
3764,data/bench/ITC99_all_numeric/b11.bench,409,3,False,0,3,7,0,33,0.001348
3765,data/bench/ITC99_all_numeric/b11.bench,412,4,False,0,3,7,0,13,0.001299
3766,data/bench/ITC99_all_numeric/b11.bench,416,3,False,0,3,7,0,23,0.001342
3767,data/bench/ITC99_all_numeric/b11.bench,417,3,False,0,3,7,0,14,0.00134
3768,data/bench/ITC99_all_numeric/b11.bench,417,4,False,0,3,7,0,14,0.001332
3769,data/bench/ITC99_all_numeric/b11.bench,419,3,False,0,7,15,0,86,0.002806
3770,data/bench/ITC99_all_numeric/b11.bench,419,4,False,0,7,15,0,86,0.003885
3771,data/bench/ITC99_all_numeric/b11.bench,420,4,False,0,7,15,0,101,0.002808
3772,data/bench/ITC99_all_numeric/b11.bench,422,3,False,0,3,7,0,13,0.001318
3773,data/bench/ITC99_all_numeric/b11.bench,423,4,True,1,0,3,0,4,0.000494
3774,data/bench/ITC99_all_numeric/b11.bench,429,3,True,1,0,2,0,1,0.00036
3775,data/bench/ITC99_all_numeric/b11.bench,429,4,True,1,0,3,0,4,0.000589
3776,data/bench/ITC99_all_numeric/b11.bench,430,3,True,1,0,2,0,2,0.000376
3777,data/bench/ITC99_all_numeric/b11.bench,430,4,True,1,0,3,0,4,0.000503
3778,data/bench/ITC99_all_numeric/b11.bench,431,3,False,0,7,15,0,86,0.002929
3779,data/bench/ITC99_all_numeric/b11.bench,432,3,False,0,7,15,0,58,0.002819
3780,data/bench/ITC99_all_numeric/b11.bench,432,4,False,0,7,15,0,58,0.002857
3781,data/bench/ITC99_all_numeric/b11.bench,433,3,False,0,7,15,0,71,0.002866
3782,data/bench/ITC99_all_numeric/b11.bench,433,4,False,0,7,15,0,71,0.003626
3783,data/bench/ITC99_all_numeric/b11.bench,434,4,False,0,7,15,0,110,0.00288
3784,data/bench/ITC99_all_numeric/b11.bench,435,4,False,0,7,15,0,82,0.002852
3785,data/bench/ITC99_all_numeric/b11.bench,436,3,False,0,7,15,0,95,0.002843
3786,data/bench/ITC99_all_numeric/b11.bench,436,4,False,0,7,15,0,95,0.002835
3787,data/bench/ITC99_all_numeric/b11.bench,437,3,False,0,7,15,0,70,0.002808
3788,data/bench/ITC99_all_numeric/b11.bench,437,4,False,0,7,15,0,70,0.002906
3789,data/bench/ITC99_all_numeric/b11.bench,441,3,False,0,7,15,0,58,0.002768
3790,data/bench/ITC99_all_numeric/b11.bench,441,4,False,0,7,15,0,58,0.002768
3791,data/bench/ITC99_all_numeric/b11.bench,442,3,False,0,7,15,0,71,0.002835
3792,data/bench/ITC99_all_numeric/b11.bench,442,4,False,0,7,15,0,71,0.002787
3793,data/bench/ITC99_all_numeric/b11.bench,444,4,False,0,7,15,0,82,0.002868
3794,data/bench/ITC99_all_numeric/b11.bench,446,4,False,0,3,7,0,13,0.001357
3795,data/bench/ITC99_all_numeric/b11.bench,447,4,True,1,0,3,0,4,0.000499
3796,data/bench/ITC99_all_numeric/b11.bench,449,3,True,1,0,3,0,2,0.00049
3797,data/bench/ITC99_all_numeric/b11.bench,450,3,False,0,63,127,0,1634,0.02434
3798,data/bench/ITC99_all_numeric/b11.bench,450,4,False,0,63,127,0,1634,0.024338
3799,data/bench/ITC99_all_numeric/b11.bench,451,4,False,0,63,127,0,1507,0.024095
3800,data/bench/ITC99_all_numeric/b11.bench,452,4,False,0,63,127,0,1668,0.024446
3801,data/bench/ITC99_all_numeric/b11.bench,453,3,False,0,3,7,0,20,0.001351
3802,data/bench/ITC99_all_numeric/b11.bench,453,4,False,0,3,7,0,20,0.001328
3803,data/bench/ITC99_all_numeric/b11.bench,455,4,False,0,3,7,0,20,0.001327
3804,data/bench/ITC99_all_numeric/b11.bench,457,3,False,0,3,7,0,20,0.001332
3805,data/bench/ITC99_all_numeric/b11.bench,459,3,False,0,7,15,0,101,0.002816
3806,data/bench/ITC99_all_numeric/b11.bench,460,4,False,0,7,15,0,116,0.002818
3807,data/bench/ITC99_all_numeric/b11.bench,462,4,False,0,7,15,0,41,0.002839
3808,data/bench/ITC99_all_numeric/b11.bench,465,4,False,0,7,15,0,71,0.002789
3809,data/bench/ITC99_all_numeric/b11.bench,466,4,False,0,7,15,0,73,0.002756
3810,data/bench/ITC99_all_numeric/b11.bench,467,3,False,0,7,15,0,85,0.002825
3811,data/bench/ITC99_all_numeric/b11.bench,467,4,False,0,7,15,0,85,0.002812
3812,data/bench/ITC99_all_numeric/b11.bench,469,4,False,0,15,31,0,262,0.005789
3813,data/bench/ITC99_all_numeric/b11.bench,470,3,False,0,3,7,0,40,0.001361
3814,data/bench/ITC99_all_numeric/b11.bench,471,3,False,0,15,31,0,231,0.005728
3815,data/bench/ITC99_all_numeric/b11.bench,472,3,False,0,7,15,0,125,0.002842
3816,data/bench/ITC99_all_numeric/b11.bench,473,4,False,0,7,15,0,140,0.002864
3817,data/bench/ITC99_all_numeric/b11.bench,474,3,False,0,3,7,0,20,0.001335
3818,data/bench/ITC99_all_numeric/b11.bench,475,4,False,0,3,7,0,20,0.001341
3819,data/bench/ITC99_all_numeric/b11.bench,477,3,False,0,3,7,0,20,0.001327
3820,data/bench/ITC99_all_numeric/b11.bench,478,3,False,0,7,15,0,85,0.002799
3821,data/bench/ITC99_all_numeric/b11.bench,478,4,False,0,7,15,0,85,0.0028
3822,data/bench/ITC99_all_numeric/b11.bench,480,4,False,0,3,7,0,40,0.001343
3823,data/bench/ITC99_all_numeric/b11.bench,484,3,False,0,7,15,0,101,0.002806
3824,data/bench/ITC99_all_numeric/b11.bench,485,3,False,0,7,15,0,56,0.00277
3825,data/bench/ITC99_all_numeric/b11.bench,488,4,False,0,7,15,0,125,0.003016
3826,data/bench/ITC99_all_numeric/b11.bench,489,3,False,0,15,31,0,282,0.005837
3827,data/bench/ITC99_all_numeric/b11.bench,489,4,False,0,15,31,0,282,0.005742
3828,data/bench/ITC99_all_numeric/b11.bench,490,4,False,0,15,31,0,313,0.005769
3829,data/bench/ITC99_all_numeric/b11.bench,493,3,False,0,63,127,0,1634,0.025019
3830,data/bench/ITC99_all_numeric/b11.bench,493,4,False,0,63,127,0,1634,0.02506
3831,data/bench/ITC99_all_numeric/b11.bench,494,3,False,0,63,127,0,1761,0.02499
3832,data/bench/ITC99_all_numeric/b11.bench,495,4,False,0,3,7,0,20,0.001339
3833,data/bench/ITC99_all_numeric/b11.bench,496,3,False,0,3,7,0,20,0.001318
3834,data/bench/ITC99_all_numeric/b11.bench,496,4,False,0,3,7,0,20,0.001359
3835,data/bench/ITC99_all_numeric/b11.bench,498,4,False,0,7,15,0,101,0.002814
3836,data/bench/ITC99_all_numeric/b11.bench,500,4,False,0,7,15,0,85,0.002784
3837,data/bench/ITC99_all_numeric/b11.bench,501,3,False,0,7,15,0,101,0.002806
3838,data/bench/ITC99_all_numeric/b11.bench,502,4,False,0,7,15,0,125,0.002839
3839,data/bench/ITC99_all_numeric/b11.bench,505,3,False,0,3,7,0,16,0.001324
3840,data/bench/ITC99_all_numeric/b11.bench,506,4,False,0,2,5,0,6,0.000962
3841,data/bench/ITC99_all_numeric/b11.bench,509,4,False,0,3,7,0,23,0.001324
3842,data/bench/ITC99_all_numeric/b11.bench,512,3,False,0,2,5,0,5,0.000943
3843,data/bench/ITC99_all_numeric/b11.bench,513,3,False,0,3,7,0,16,0.001317
3844,data/bench/ITC99_all_numeric/b11.bench,514,3,False,0,3,7,0,16,0.001316
3845,data/bench/ITC99_all_numeric/b11.bench,515,4,False,0,3,7,0,16,0.001327
3846,data/bench/ITC99_all_numeric/b11.bench,516,4,False,0,3,7,0,23,0.001337
3847,data/bench/ITC99_all_numeric/b11.bench,517,4,False,0,3,7,0,16,0.001313
3848,data/bench/ITC99_all_numeric/b11.bench,518,3,False,0,3,7,0,23,0.001324
3849,data/bench/ITC99_all_numeric/b11.bench,518,4,False,0,3,7,0,23,0.001329
3850,data/bench/ITC99_all_numeric/b11.bench,519,3,False,0,3,7,0,16,0.00145
3851,data/bench/ITC99_all_numeric/b11.bench,519,4,False,0,3,7,0,16,0.00133
3852,data/bench/ITC99_all_numeric/b11.bench,526,3,False,0,5,11,0,42,0.002053
3853,data/bench/ITC99_all_numeric/b11.bench,527,3,False,0,3,7,0,16,0.001322
3854,data/bench/ITC99_all_numeric/b11.bench,527,4,False,0,3,7,0,16,0.001315
3855,data/bench/ITC99_all_numeric/b11.bench,529,3,False,0,5,11,0,53,0.002088
3856,data/bench/ITC99_all_numeric/b11.bench,531,4,False,0,5,11,0,53,0.002033
3857,data/bench/ITC99_all_numeric/b11.bench,532,3,False,0,5,11,0,64,0.002057
3858,data/bench/ITC99_all_numeric/b11.bench,533,3,False,0,5,11,0,53,0.002058
3859,data/bench/ITC99_all_numeric/b11.bench,534,3,False,0,3,7,0,37,0.00135
3860,data/bench/ITC99_all_numeric/b11.bench,534,4,False,0,3,7,0,37,0.001357
3861,data/bench/ITC99_all_numeric/b11.bench,535,3,False,0,3,7,0,33,0.001339
3862,data/bench/ITC99_all_numeric/b11.bench,535,4,False,0,3,7,0,33,0.001344
3863,data/bench/ITC99_all_numeric/b11.bench,536,3,False,0,3,7,0,37,0.001363
3864,data/bench/ITC99_all_numeric/b11.bench,536,4,False,0,3,7,0,37,0.001363
3865,data/bench/ITC99_all_numeric/b11.bench,537,3,False,0,3,7,0,30,0.001334
3866,data/bench/ITC99_all_numeric/b11.bench,537,4,False,0,3,7,0,30,0.001331
3867,data/bench/ITC99_all_numeric/b11.bench,538,3,False,0,3,7,0,37,0.001339
3868,data/bench/ITC99_all_numeric/b11.bench,538,4,False,0,3,7,0,37,0.001338
3869,data/bench/ITC99_all_numeric/b11.bench,539,4,False,0,3,7,0,30,0.001324
3870,data/bench/ITC99_all_numeric/b11.bench,540,3,False,0,3,7,0,37,0.001353
3871,data/bench/ITC99_all_numeric/b11.bench,542,4,False,0,3,7,0,40,0.001344
3872,data/bench/ITC99_all_numeric/b11.bench,544,4,False,0,3,7,0,33,0.001338
3873,data/bench/ITC99_all_numeric/b11.bench,545,4,False,0,5,11,0,42,0.002035
3874,data/bench/ITC99_all_numeric/b11.bench,546,4,False,0,5,11,0,31,0.002025
3875,data/bench/ITC99_all_numeric/b11.bench,547,3,False,0,3,7,0,16,0.001545
3876,data/bench/ITC99_all_numeric/b11.bench,547,4,False,0,3,7,0,16,0.001353
3877,data/bench/ITC99_all_numeric/b11.bench,548,3,False,0,5,11,0,42,0.002188
3878,data/bench/ITC99_all_numeric/b11.bench,550,4,False,0,3,7,0,16,0.001344
3879,data/bench/ITC99_all_numeric/b11.bench,551,4,False,0,5,11,0,42,0.002052
3880,data/bench/ITC99_all_numeric/b11.bench,552,4,False,0,5,11,0,31,0.002106
3881,data/bench/ITC99_all_numeric/b11.bench,553,4,False,0,3,7,0,16,0.001329
3882,data/bench/ITC99_all_numeric/b11.bench,554,4,False,0,3,7,0,26,0.00135
3883,data/bench/ITC99_all_numeric/b11.bench,556,3,False,0,3,7,0,16,0.001325
3884,data/bench/ITC99_all_numeric/b11.bench,564,3,False,0,3,7,0,19,0.00133
3885,data/bench/ITC99_all_numeric/b11.bench,565,3,False,0,3,7,0,16,0.001322
3886,data/bench/ITC99_all_numeric/b11.bench,567,4,False,0,3,7,0,16,0.001327
3887,data/bench/ITC99_all_numeric/b11.bench,569,3,False,0,3,7,0,16,0.001318
3888,data/bench/ITC99_all_numeric/b11.bench,570,3,False,0,3,7,0,23,0.001337
3889,data/bench/ITC99_all_numeric/b11.bench,571,4,False,0,5,11,0,42,0.002068
3890,data/bench/ITC99_all_numeric/b11.bench,572,3,False,0,3,7,0,16,0.001337
3891,data/bench/ITC99_all_numeric/b11.bench,576,4,False,0,3,7,0,23,0.001335
3892,data/bench/ITC99_all_numeric/b11.bench,577,3,False,0,3,7,0,23,0.001346
3893,data/bench/ITC99_all_numeric/b11.bench,578,3,False,0,3,7,0,16,0.001325
3894,data/bench/ITC99_all_numeric/b11.bench,579,3,False,0,3,7,0,23,0.001327
3895,data/bench/ITC99_all_numeric/b11.bench,580,4,False,0,5,11,0,42,0.002036
3896,data/bench/ITC99_all_numeric/b11.bench,584,4,False,0,3,7,0,30,0.001332
3897,data/bench/ITC99_all_numeric/b11.bench,587,3,False,0,3,7,0,16,0.001321
3898,data/bench/ITC99_all_numeric/b11.bench,588,3,False,0,3,7,0,30,0.00134
3899,data/bench/ITC99_all_numeric/b11.bench,589,4,False,0,3,7,0,16,0.001321
3900,data/bench/ITC99_all_numeric/b11.bench,590,3,False,0,3,7,0,30,0.001535
3901,data/bench/ITC99_all_numeric/b11.bench,590,4,False,0,3,7,0,30,0.00138
3902,data/bench/ITC99_all_numeric/b11.bench,591,3,False,0,3,7,0,19,0.001345
3903,data/bench/ITC99_all_numeric/b11.bench,592,3,False,0,3,7,0,30,0.001348
3904,data/bench/ITC99_all_numeric/b11.bench,592,4,False,0,3,7,0,30,0.001339
3905,data/bench/ITC99_all_numeric/b11.bench,594,4,False,0,3,7,0,30,0.001329
3906,data/bench/ITC99_all_numeric/b11.bench,595,4,False,0,5,11,0,49,0.003076
3907,data/bench/ITC99_all_numeric/b11.bench,598,4,False,0,5,11,0,53,0.002074
3908,data/bench/ITC99_all_numeric/b11.bench,601,4,False,0,3,7,0,30,0.001331
3909,data/bench/ITC99_all_numeric/b11.bench,602,4,False,0,3,7,0,30,0.001348
3910,data/bench/ITC99_all_numeric/b11.bench,603,4,False,0,3,7,0,33,0.001368
3911,data/bench/ITC99_all_numeric/b11.bench,605,3,False,0,127,255,0,663,0.047002
3912,data/bench/ITC99_all_numeric/b11.bench,605,4,False,0,127,255,0,663,0.047682
3913,data/bench/ITC99_all_numeric/b11.bench,607,3,False,0,15,31,0,51,0.005474
3914,data/bench/ITC99_all_numeric/b11.bench,609,3,True,1,0,3,0,2,0.000511
3915,data/bench/ITC99_all_numeric/b11.bench,613,4,False,0,91,183,0,1037,0.034494
3916,data/bench/ITC99_all_numeric/b11.bench,616,4,False,0,41,83,0,385,0.01571
3917,data/bench/ITC99_all_numeric/b11.bench,617,4,False,0,91,183,0,1036,0.033914
3918,data/bench/ITC99_all_numeric/b11.bench,620,3,False,0,44,89,0,410,0.016002
3919,data/bench/ITC99_all_numeric/b11.bench,620,4,False,0,44,89,0,410,0.015898
3920,data/bench/ITC99_all_numeric/b11.bench,621,3,False,0,91,183,0,1036,0.033364
3921,data/bench/ITC99_all_numeric/b11.bench,621,4,False,0,91,183,0,1036,0.034675
3922,data/bench/ITC99_all_numeric/b11.bench,622,3,False,0,91,183,0,1036,0.034321
3923,data/bench/ITC99_all_numeric/b11.bench,623,4,False,0,47,95,0,444,0.017679
3924,data/bench/ITC99_all_numeric/b11.bench,628,3,False,0,45,91,0,515,0.01631
3925,data/bench/ITC99_all_numeric/b11.bench,628,4,False,0,45,91,0,515,0.016342
3926,data/bench/ITC99_all_numeric/b11.bench,629,4,False,0,91,183,0,1036,0.032349
3927,data/bench/ITC99_all_numeric/b11.bench,631,3,False,0,91,183,0,1219,0.032723
3928,data/bench/ITC99_all_numeric/b11.bench,631,4,False,0,91,183,0,1219,0.03364
3929,data/bench/ITC99_all_numeric/b11.bench,632,4,False,0,51,103,0,479,0.01846
3930,data/bench/ITC99_all_numeric/b11.bench,633,3,False,0,44,89,0,410,0.015628
3931,data/bench/ITC99_all_numeric/b11.bench,634,3,False,0,91,183,0,1402,0.032704
3932,data/bench/ITC99_all_numeric/b11.bench,634,4,False,0,91,183,0,1402,0.03287
3933,data/bench/ITC99_all_numeric/b11.bench,635,3,False,0,91,183,0,1037,0.032292
3934,data/bench/ITC99_all_numeric/b11.bench,635,4,False,0,91,183,0,1037,0.032184
3935,data/bench/ITC99_all_numeric/b11.bench,637,3,True,1,0,3,0,1,0.000524
3936,data/bench/ITC99_all_numeric/b11.bench,638,4,True,1,0,4,0,2,0.000623
3937,data/bench/ITC99_all_numeric/b11.bench,641,4,True,1,0,3,0,3,0.000499
3938,data/bench/ITC99_all_numeric/b11.bench,642,3,False,0,1,3,0,2,0.000602
3939,data/bench/ITC99_all_numeric/b11.bench,646,4,False,0,47,95,0,708,0.017563
3940,data/bench/ITC99_all_numeric/b11.bench,647,4,False,0,47,95,0,613,0.01749
3941,data/bench/ITC99_all_numeric/b11.bench,648,4,False,0,23,47,0,260,0.008632
3942,data/bench/ITC99_all_numeric/b11.bench,649,3,False,0,23,47,0,213,0.008562
3943,data/bench/ITC99_all_numeric/b11.bench,649,4,False,0,23,47,0,213,0.008564
3944,data/bench/ITC99_all_numeric/b11.bench,651,3,False,0,11,23,0,61,0.005353
3945,data/bench/ITC99_all_numeric/b11.bench,652,3,True,1,0,2,0,2,0.000499
3946,data/bench/ITC99_all_numeric/b11.bench,653,3,True,1,0,2,0,1,0.000479
3947,data/bench/ITC99_all_numeric/b11.bench,654,3,True,1,0,2,0,1,0.000474
3948,data/bench/ITC99_all_numeric/b11.bench,655,3,True,1,0,2,0,1,0.000474
3949,data/bench/ITC99_all_numeric/b11.bench,655,4,True,1,0,3,0,3,0.000655
3950,data/bench/ITC99_all_numeric/b11.bench,656,3,False,0,1,3,0,2,0.000685
3951,data/bench/ITC99_all_numeric/b11.bench,657,4,False,0,23,47,0,259,0.008745
3952,data/bench/ITC99_all_numeric/b11.bench,660,4,False,0,23,47,0,158,0.009474
3953,data/bench/ITC99_all_numeric/b11.bench,665,3,True,1,0,2,0,1,0.000563
3954,data/bench/ITC99_all_numeric/b11.bench,666,4,True,1,0,3,0,2,0.000507
3955,data/bench/ITC99_all_numeric/b11.bench,667,4,False,0,1,3,0,2,0.000619
3956,data/bench/ITC99_all_numeric/b11.bench,672,4,False,0,1,3,0,2,0.000597
3957,data/bench/ITC99_all_numeric/b11.bench,673,3,False,0,191,383,0,3908,0.07449
3958,data/bench/ITC99_all_numeric/b11.bench,673,4,False,0,191,383,0,3908,0.070612
3959,data/bench/ITC99_all_numeric/b11.bench,674,4,False,0,191,383,0,3525,0.070191
3960,data/bench/ITC99_all_numeric/b11.bench,675,3,False,0,95,191,0,1572,0.035108
3961,data/bench/ITC99_all_numeric/b11.bench,675,4,False,0,95,191,0,1572,0.036339
3962,data/bench/ITC99_all_numeric/b11.bench,678,3,False,0,47,95,0,501,0.01703
3963,data/bench/ITC99_all_numeric/b11.bench,678,4,False,0,47,95,0,501,0.017141
3964,data/bench/ITC99_all_numeric/b11.bench,680,3,False,0,11,23,0,55,0.004134
3965,data/bench/ITC99_all_numeric/b11.bench,681,4,True,1,0,3,0,3,0.000501
3966,data/bench/ITC99_all_numeric/b11.bench,682,4,True,1,0,3,0,3,0.000496
3967,data/bench/ITC99_all_numeric/b11.bench,685,3,False,0,47,95,0,690,0.017233
3968,data/bench/ITC99_all_numeric/b11.bench,685,4,False,0,47,95,0,690,0.017252
3969,data/bench/ITC99_all_numeric/b11.bench,687,3,False,0,5,11,0,27,0.00206
3970,data/bench/ITC99_all_numeric/b11.bench,687,4,False,0,5,11,0,27,0.002046
3971,data/bench/ITC99_all_numeric/b11.bench,689,3,False,0,1,3,0,2,0.000603
3972,data/bench/ITC99_all_numeric/b11.bench,689,4,False,0,1,3,0,2,0.000599
3973,data/bench/ITC99_all_numeric/b11.bench,691,3,False,0,1,3,0,2,0.000596
3974,data/bench/ITC99_all_numeric/b11.bench,692,4,False,0,1,3,0,2,0.00059
3975,data/bench/ITC99_all_numeric/b11.bench,693,3,False,0,1,3,0,2,0.000712
3976,data/bench/ITC99_all_numeric/b11.bench,694,3,False,0,3,7,0,18,0.001313
3977,data/bench/ITC99_all_numeric/b11.bench,696,4,False,0,7,15,0,44,0.002723
3978,data/bench/ITC99_all_numeric/b11.bench,697,4,False,0,3,7,0,11,0.001303
3979,data/bench/ITC99_all_numeric/b11.bench,698,3,True,1,0,2,0,1,0.000371
3980,data/bench/ITC99_all_numeric/b11.bench,701,3,True,1,0,2,0,2,0.000373
3981,data/bench/ITC99_all_numeric/b11.bench,701,4,True,1,0,3,0,4,0.00049
3982,data/bench/ITC99_all_numeric/b11.bench,702,3,False,0,3,7,0,18,0.001305
3983,data/bench/ITC99_all_numeric/b11.bench,703,3,False,0,3,7,0,46,0.00133
3984,data/bench/ITC99_all_numeric/b11.bench,704,3,False,0,3,7,0,18,0.001304
3985,data/bench/ITC99_all_numeric/b11.bench,705,3,False,0,3,7,0,25,0.001304
3986,data/bench/ITC99_all_numeric/b11.bench,706,3,False,0,3,7,0,11,0.001298
3987,data/bench/ITC99_all_numeric/b11.bench,707,3,True,1,0,2,0,1,0.000365
3988,data/bench/ITC99_all_numeric/b11.bench,707,4,True,1,0,3,0,2,0.000496
3989,data/bench/ITC99_all_numeric/b11.bench,708,4,True,1,0,3,0,4,0.00049
3990,data/bench/ITC99_all_numeric/b11.bench,710,3,True,1,0,3,0,2,0.000497
3991,data/bench/ITC99_all_numeric/b11.bench,710,4,True,1,0,3,0,2,0.000494
3992,data/bench/ITC99_all_numeric/b11.bench,711,3,True,1,0,3,0,2,0.000602
3993,data/bench/ITC99_all_numeric/b11.bench,711,4,True,1,0,3,0,2,0.000492
3994,data/bench/ITC99_all_numeric/b11.bench,713,3,True,1,0,3,0,2,0.000492
3995,data/bench/ITC99_all_numeric/b11.bench,713,4,True,1,0,3,0,2,0.000509
3996,data/bench/ITC99_all_numeric/b11.bench,715,4,True,1,0,3,0,2,0.000505
3997,data/bench/ITC99_all_numeric/b11.bench,716,3,True,1,0,3,0,2,0.000495
3998,data/bench/ITC99_all_numeric/b11.bench,716,4,True,1,0,3,0,2,0.000495
3999,data/bench/ITC99_all_numeric/b11.bench,720,4,False,0,7,15,0,39,0.002708
4000,data/bench/ITC99_all_numeric/b11.bench,721,4,False,0,3,7,0,18,0.001416
4001,data/bench/ITC99_all_numeric/b11.bench,722,4,False,0,7,15,0,74,0.002792
4002,data/bench/ITC99_all_numeric/b11.bench,725,4,False,0,7,15,0,39,0.002771
4003,data/bench/ITC99_all_numeric/b11.bench,726,4,False,0,3,7,0,17,0.001322
4004,data/bench/ITC99_all_numeric/b11.bench,727,3,False,0,7,15,0,29,0.002738
4005,data/bench/ITC99_all_numeric/b11.bench,727,4,False,0,7,15,0,29,0.002708
4006,data/bench/ITC99_all_numeric/b11.bench,728,3,False,0,7,15,0,38,0.002694
4007,data/bench/ITC99_all_numeric/b11.bench,728,4,False,0,7,15,0,38,0.002673
4008,data/bench/ITC99_all_numeric/b11.bench,729,3,False,0,7,15,0,24,0.002678
4009,data/bench/ITC99_all_numeric/b11.bench,730,3,True,1,0,2,0,1,0.000401
4010,data/bench/ITC99_all_numeric/b11.bench,730,4,True,1,0,3,0,2,0.000505
4011,data/bench/ITC99_all_numeric/b11.bench,731,3,True,1,0,2,0,2,0.000405
4012,data/bench/ITC99_all_numeric/b11.bench,732,4,True,1,0,3,0,5,0.000496
4013,data/bench/ITC99_all_numeric/b11.bench,733,3,True,1,0,2,0,1,0.000366
4014,data/bench/ITC99_all_numeric/b11.bench,735,4,True,1,0,3,0,5,0.000495
4015,data/bench/ITC99_all_numeric/b11.bench,736,4,True,1,0,3,0,2,0.000494
4016,data/bench/ITC99_all_numeric/b11.bench,737,3,True,1,0,2,0,2,0.000364
4017,data/bench/ITC99_all_numeric/b11.bench,738,3,True,1,0,3,0,4,0.000499
4018,data/bench/ITC99_all_numeric/b11.bench,738,4,True,1,0,3,0,5,0.000501
4019,data/bench/ITC99_all_numeric/b11.bench,739,3,True,1,0,2,0,1,0.000367
4020,data/bench/ITC99_all_numeric/b11.bench,739,4,True,1,0,3,0,2,0.000495
4021,data/bench/ITC99_all_numeric/b11.bench,741,4,True,1,0,3,0,5,0.000501
4022,data/bench/ITC99_all_numeric/b11.bench,743,4,True,1,0,3,0,4,0.000497
4023,data/bench/ITC99_all_numeric/b11.bench,744,3,True,1,0,3,0,4,0.000502
4024,data/bench/ITC99_all_numeric/b11.bench,744,4,True,1,0,3,0,5,0.000502
4025,data/bench/ITC99_all_numeric/b11.bench,749,3,False,0,3,7,0,39,0.001452
4026,data/bench/ITC99_all_numeric/b11.bench,751,4,True,1,0,3,0,4,0.000504
4027,data/bench/ITC99_all_numeric/b11.bench,752,3,True,1,0,3,0,3,0.000515
4028,data/bench/ITC99_all_numeric/b11.bench,754,4,True,1,0,3,0,2,0.000508
4029,data/bench/ITC99_all_numeric/b11.bench,755,3,True,1,0,3,0,3,0.000501
4030,data/bench/ITC99_all_numeric/b11.bench,755,4,True,1,0,3,0,4,0.000505
4031,data/bench/ITC99_all_numeric/b11.bench,757,3,True,1,0,3,0,3,0.000499
4032,data/bench/ITC99_all_numeric/b11.bench,757,4,True,1,0,3,0,4,0.000509
4033,data/bench/ITC99_all_numeric/b11.bench,759,3,True,1,0,3,0,3,0.000502
4034,data/bench/ITC99_all_numeric/b11.bench,759,4,True,1,0,3,0,4,0.000499
4035,data/bench/ITC99_all_numeric/b11.bench,760,3,True,1,0,3,0,3,0.000493
4036,data/bench/ITC99_all_numeric/b11.bench,760,4,True,1,0,3,0,2,0.000504
4037,data/bench/ITC99_all_numeric/b11.bench,762,3,True,1,0,3,0,3,0.000516
4038,data/bench/ITC99_all_numeric/b11.bench,763,4,False,0,3,7,0,18,0.001326
4039,data/bench/ITC99_all_numeric/b11.bench,764,3,False,0,3,7,0,18,0.001312
4040,data/bench/ITC99_all_numeric/b12.bench,1,3,True,1,0,2,0,0,0.000667
4041,data/bench/ITC99_all_numeric/b12.bench,3,4,True,1,0,3,0,0,0.000634
4042,data/bench/ITC99_all_numeric/b12.bench,6,4,True,1,0,2,0,0,0.000445
4043,data/bench/ITC99_all_numeric/b12.bench,8,3,True,1,0,7,0,10,0.001235
4044,data/bench/ITC99_all_numeric/b12.bench,11,4,False,3,0,10001,0,0,1.483115
4045,data/bench/ITC99_all_numeric/b12.bench,12,3,False,3,0,10001,0,0,1.466509
4046,data/bench/ITC99_all_numeric/b12.bench,13,4,False,3,0,10001,0,0,1.498479
4047,data/bench/ITC99_all_numeric/b12.bench,14,4,False,3,0,10001,0,0,1.470658
4048,data/bench/ITC99_all_numeric/b12.bench,15,3,False,3,0,10001,0,0,1.473624
4049,data/bench/ITC99_all_numeric/b12.bench,19,4,False,3,0,10001,0,0,1.473369
4050,data/bench/ITC99_all_numeric/b12.bench,20,3,False,3,0,10001,0,0,1.507122
4051,data/bench/ITC99_all_numeric/b12.bench,20,4,False,3,0,10001,0,0,1.468122
4052,data/bench/ITC99_all_numeric/b12.bench,21,4,False,3,0,10001,0,0,1.469736
4053,data/bench/ITC99_all_numeric/b12.bench,22,3,False,3,0,10001,0,0,1.462649
4054,data/bench/ITC99_all_numeric/b12.bench,23,3,False,3,0,10001,0,0,1.476868
4055,data/bench/ITC99_all_numeric/b12.bench,26,3,False,3,0,10001,0,0,1.458267
4056,data/bench/ITC99_all_numeric/b12.bench,26,4,False,3,0,10001,0,0,1.461262
4057,data/bench/ITC99_all_numeric/b12.bench,27,3,False,3,0,10001,0,0,1.479343
4058,data/bench/ITC99_all_numeric/b12.bench,28,3,False,3,0,10001,0,0,1.456345
4059,data/bench/ITC99_all_numeric/b12.bench,30,3,False,3,0,10001,0,0,1.458688
4060,data/bench/ITC99_all_numeric/b12.bench,31,3,False,3,0,10001,0,0,1.474535
4061,data/bench/ITC99_all_numeric/b12.bench,31,4,False,3,0,10001,0,0,1.493622
4062,data/bench/ITC99_all_numeric/b12.bench,34,3,False,3,0,10001,0,0,1.458609
4063,data/bench/ITC99_all_numeric/b12.bench,34,4,False,3,0,10001,0,0,1.458239
4064,data/bench/ITC99_all_numeric/b12.bench,35,4,False,3,0,10001,0,0,1.461135
4065,data/bench/ITC99_all_numeric/b12.bench,36,4,False,3,0,10001,0,0,1.478791
4066,data/bench/ITC99_all_numeric/b12.bench,41,3,False,3,0,10001,0,0,1.458664
4067,data/bench/ITC99_all_numeric/b12.bench,41,4,False,3,0,10001,0,0,1.458104
4068,data/bench/ITC99_all_numeric/b12.bench,43,3,False,3,0,10001,0,0,1.453643
4069,data/bench/ITC99_all_numeric/b12.bench,43,4,False,3,0,10001,0,0,1.475868
4070,data/bench/ITC99_all_numeric/b12.bench,46,3,False,3,0,10001,0,0,1.456318
4071,data/bench/ITC99_all_numeric/b12.bench,46,4,False,3,0,10001,0,0,1.459223
4072,data/bench/ITC99_all_numeric/b12.bench,47,4,False,3,0,10001,0,0,1.458768
4073,data/bench/ITC99_all_numeric/b12.bench,53,3,False,3,0,10001,0,0,1.473779
4074,data/bench/ITC99_all_numeric/b12.bench,56,4,False,3,0,10001,0,0,1.456452
4075,data/bench/ITC99_all_numeric/b12.bench,57,4,False,3,0,10001,0,0,1.472325
4076,data/bench/ITC99_all_numeric/b12.bench,58,3,False,3,0,10001,0,0,1.488815
4077,data/bench/ITC99_all_numeric/b12.bench,58,4,False,3,0,10001,0,0,1.459965
4078,data/bench/ITC99_all_numeric/b12.bench,61,4,False,3,0,10001,0,0,1.457234
4079,data/bench/ITC99_all_numeric/b12.bench,63,3,False,3,0,10001,0,0,1.458831
4080,data/bench/ITC99_all_numeric/b12.bench,68,3,False,3,0,10001,0,0,1.478069
4081,data/bench/ITC99_all_numeric/b12.bench,71,3,False,3,0,10001,0,0,1.458021
4082,data/bench/ITC99_all_numeric/b12.bench,73,3,False,3,0,10001,0,0,1.461244
4083,data/bench/ITC99_all_numeric/b12.bench,76,4,True,1,0,3,0,0,0.000677
4084,data/bench/ITC99_all_numeric/b12.bench,79,4,True,1,0,3,0,0,0.000621
4085,data/bench/ITC99_all_numeric/b12.bench,81,4,True,1,0,3,0,1,0.000617
4086,data/bench/ITC99_all_numeric/b12.bench,82,3,True,1,0,3,0,1,0.000618
4087,data/bench/ITC99_all_numeric/b12.bench,82,4,True,1,0,3,0,1,0.000616
4088,data/bench/ITC99_all_numeric/b12.bench,83,3,True,1,0,3,0,1,0.000613
4089,data/bench/ITC99_all_numeric/b12.bench,83,4,True,1,0,3,0,1,0.000617
4090,data/bench/ITC99_all_numeric/b12.bench,85,3,False,3,0,10001,0,0,1.456449
4091,data/bench/ITC99_all_numeric/b12.bench,85,4,False,3,0,10001,0,0,1.472629
4092,data/bench/ITC99_all_numeric/b12.bench,88,3,False,3,0,10001,0,0,1.456636
4093,data/bench/ITC99_all_numeric/b12.bench,88,4,False,3,0,10001,0,0,1.454461
4094,data/bench/ITC99_all_numeric/b12.bench,91,3,False,3,0,10001,0,0,1.45798
4095,data/bench/ITC99_all_numeric/b12.bench,92,3,False,3,0,10001,0,0,1.484166
4096,data/bench/ITC99_all_numeric/b12.bench,94,4,True,1,0,2,0,0,0.000493
4097,data/bench/ITC99_all_numeric/b12.bench,95,3,True,1,0,2,0,0,0.00045
4098,data/bench/ITC99_all_numeric/b12.bench,97,4,True,1,0,2,0,0,0.000453
4099,data/bench/ITC99_all_numeric/b12.bench,98,3,True,1,0,2,0,0,0.000445
4100,data/bench/ITC99_all_numeric/b12.bench,98,4,True,1,0,2,0,0,0.000544
4101,data/bench/ITC99_all_numeric/b12.bench,99,3,True,1,0,3,0,0,0.000617
4102,data/bench/ITC99_all_numeric/b12.bench,101,4,True,1,0,3,0,0,0.000639
4103,data/bench/ITC99_all_numeric/b12.bench,102,3,True,1,0,2,0,0,0.00046
4104,data/bench/ITC99_all_numeric/b12.bench,103,3,True,1,0,2,0,0,0.000453
4105,data/bench/ITC99_all_numeric/b12.bench,104,3,True,1,0,2,0,0,0.0005
4106,data/bench/ITC99_all_numeric/b12.bench,106,4,True,1,0,2,0,0,0.000448
4107,data/bench/ITC99_all_numeric/b12.bench,107,4,True,1,0,8,0,10,0.001377
4108,data/bench/ITC99_all_numeric/b12.bench,110,4,False,3,0,10001,0,0,1.473995
4109,data/bench/ITC99_all_numeric/b12.bench,114,3,True,1,0,3,0,1,0.000646
4110,data/bench/ITC99_all_numeric/b12.bench,115,4,True,1,0,3,0,0,0.000613
4111,data/bench/ITC99_all_numeric/b12.bench,118,3,False,3,0,10001,0,0,1.454158
4112,data/bench/ITC99_all_numeric/b12.bench,119,3,False,3,0,10001,0,0,1.466459
4113,data/bench/ITC99_all_numeric/b12.bench,119,4,False,3,0,10001,0,0,1.487884
4114,data/bench/ITC99_all_numeric/b12.bench,120,4,True,1,0,4,0,1,0.000835
4115,data/bench/ITC99_all_numeric/b12.bench,123,3,False,3,0,10001,0,0,1.465881
4116,data/bench/ITC99_all_numeric/b12.bench,125,3,False,3,0,10001,0,0,1.465709
4117,data/bench/ITC99_all_numeric/b12.bench,127,3,True,1,0,2,0,1,0.000483
4118,data/bench/ITC99_all_numeric/b12.bench,129,4,False,0,15,31,0,75,0.006224
4119,data/bench/ITC99_all_numeric/b12.bench,132,3,False,0,31,63,0,324,0.012787
4120,data/bench/ITC99_all_numeric/b12.bench,132,4,False,0,31,63,0,324,0.01282
4121,data/bench/ITC99_all_numeric/b12.bench,134,3,False,0,31,63,0,324,0.01281
4122,data/bench/ITC99_all_numeric/b12.bench,135,3,False,0,31,63,0,324,0.012802
4123,data/bench/ITC99_all_numeric/b12.bench,136,3,False,0,15,31,0,156,0.0064
4124,data/bench/ITC99_all_numeric/b12.bench,137,3,False,0,15,31,0,156,0.006343
4125,data/bench/ITC99_all_numeric/b12.bench,137,4,False,0,15,31,0,156,0.006443
4126,data/bench/ITC99_all_numeric/b12.bench,138,4,False,0,15,31,0,75,0.006213
4127,data/bench/ITC99_all_numeric/b12.bench,141,3,False,0,15,31,0,156,0.006267
4128,data/bench/ITC99_all_numeric/b12.bench,141,4,False,0,15,31,0,156,0.006273
4129,data/bench/ITC99_all_numeric/b12.bench,142,3,False,0,95,191,0,996,0.037663
4130,data/bench/ITC99_all_numeric/b12.bench,142,4,False,0,95,191,0,996,0.03805
4131,data/bench/ITC99_all_numeric/b12.bench,143,4,False,0,95,191,0,996,0.037734
4132,data/bench/ITC99_all_numeric/b12.bench,145,3,False,0,31,63,0,324,0.012784
4133,data/bench/ITC99_all_numeric/b12.bench,145,4,False,0,31,63,0,324,0.012862
4134,data/bench/ITC99_all_numeric/b12.bench,146,4,False,0,31,63,0,324,0.012867
4135,data/bench/ITC99_all_numeric/b12.bench,148,3,False,0,31,63,0,332,0.01278
4136,data/bench/ITC99_all_numeric/b12.bench,148,4,False,0,31,63,0,332,0.012759
4137,data/bench/ITC99_all_numeric/b12.bench,149,3,False,0,31,63,0,332,0.012775
4138,data/bench/ITC99_all_numeric/b12.bench,150,3,False,0,31,63,0,332,0.012753
4139,data/bench/ITC99_all_numeric/b12.bench,151,3,False,0,31,63,0,332,0.012743
4140,data/bench/ITC99_all_numeric/b12.bench,151,4,False,0,31,63,0,332,0.012739
4141,data/bench/ITC99_all_numeric/b12.bench,157,4,False,0,31,63,0,332,0.012782
4142,data/bench/ITC99_all_numeric/b12.bench,160,3,False,0,31,63,0,324,0.012845
4143,data/bench/ITC99_all_numeric/b12.bench,164,3,False,0,31,63,0,332,0.012857
4144,data/bench/ITC99_all_numeric/b12.bench,166,4,False,0,31,63,0,332,0.012811
4145,data/bench/ITC99_all_numeric/b12.bench,167,3,False,0,31,63,0,332,0.01276
4146,data/bench/ITC99_all_numeric/b12.bench,168,3,False,0,31,63,0,324,0.01274
4147,data/bench/ITC99_all_numeric/b12.bench,171,4,False,0,31,63,0,324,0.01278
4148,data/bench/ITC99_all_numeric/b12.bench,175,4,False,0,31,63,0,332,0.012733
4149,data/bench/ITC99_all_numeric/b12.bench,176,3,False,0,31,63,0,332,0.012953
4150,data/bench/ITC99_all_numeric/b12.bench,177,3,False,0,31,63,0,332,0.013012
4151,data/bench/ITC99_all_numeric/b12.bench,179,3,False,0,31,63,0,332,0.013214
4152,data/bench/ITC99_all_numeric/b12.bench,179,4,False,0,31,63,0,332,0.013239
4153,data/bench/ITC99_all_numeric/b12.bench,182,4,False,0,63,127,0,660,0.026019
4154,data/bench/ITC99_all_numeric/b12.bench,185,4,False,0,31,63,0,332,0.013239
4155,data/bench/ITC99_all_numeric/b12.bench,186,3,False,0,31,63,0,332,0.013211
4156,data/bench/ITC99_all_numeric/b12.bench,186,4,False,0,31,63,0,332,0.013048
4157,data/bench/ITC99_all_numeric/b12.bench,192,3,False,0,7,15,0,90,0.003248
4158,data/bench/ITC99_all_numeric/b12.bench,193,3,False,0,7,15,0,90,0.003215
4159,data/bench/ITC99_all_numeric/b12.bench,194,4,False,0,7,15,0,90,0.003244
4160,data/bench/ITC99_all_numeric/b12.bench,195,3,False,0,7,15,0,90,0.003245
4161,data/bench/ITC99_all_numeric/b12.bench,197,3,False,0,7,15,0,90,0.003242
4162,data/bench/ITC99_all_numeric/b12.bench,203,4,False,0,7,15,0,132,0.003288
4163,data/bench/ITC99_all_numeric/b12.bench,207,3,False,0,23,47,0,208,0.009754
4164,data/bench/ITC99_all_numeric/b12.bench,207,4,False,0,23,47,0,208,0.009791
4165,data/bench/ITC99_all_numeric/b12.bench,208,4,False,0,95,191,0,1886,0.039692
4166,data/bench/ITC99_all_numeric/b12.bench,209,4,False,0,95,191,0,1886,0.039821
4167,data/bench/ITC99_all_numeric/b12.bench,210,4,False,0,95,191,0,1886,0.0399
4168,data/bench/ITC99_all_numeric/b12.bench,212,3,False,0,95,191,0,1886,0.039828
4169,data/bench/ITC99_all_numeric/b12.bench,213,3,False,0,95,191,0,1886,0.039705
4170,data/bench/ITC99_all_numeric/b12.bench,213,4,False,0,95,191,0,1886,0.0397
4171,data/bench/ITC99_all_numeric/b12.bench,218,3,False,0,7,15,0,104,0.003287
4172,data/bench/ITC99_all_numeric/b12.bench,219,3,False,0,7,15,0,90,0.003255
4173,data/bench/ITC99_all_numeric/b12.bench,221,3,False,0,7,15,0,104,0.003201
4174,data/bench/ITC99_all_numeric/b12.bench,223,3,False,0,7,15,0,76,0.003155
4175,data/bench/ITC99_all_numeric/b12.bench,226,4,False,0,7,15,0,76,0.003341
4176,data/bench/ITC99_all_numeric/b12.bench,228,4,False,0,7,15,0,76,0.003206
4177,data/bench/ITC99_all_numeric/b12.bench,229,4,False,0,7,15,0,76,0.003198
4178,data/bench/ITC99_all_numeric/b12.bench,231,3,False,0,15,31,0,324,0.00675
4179,data/bench/ITC99_all_numeric/b12.bench,231,4,False,0,15,31,0,324,0.006791
4180,data/bench/ITC99_all_numeric/b12.bench,232,3,False,0,7,15,0,118,0.003246
4181,data/bench/ITC99_all_numeric/b12.bench,233,3,False,0,127,255,0,2292,0.053017
4182,data/bench/ITC99_all_numeric/b12.bench,234,3,False,0,7,15,0,62,0.003245
4183,data/bench/ITC99_all_numeric/b12.bench,234,4,False,0,7,15,0,62,0.003117
4184,data/bench/ITC99_all_numeric/b12.bench,236,4,False,0,63,127,0,1014,0.026199
4185,data/bench/ITC99_all_numeric/b12.bench,237,3,False,0,63,127,0,1014,0.026308
4186,data/bench/ITC99_all_numeric/b12.bench,240,3,False,0,39,79,0,395,0.015878
4187,data/bench/ITC99_all_numeric/b12.bench,241,4,False,0,3,7,0,16,0.001528
4188,data/bench/ITC99_all_numeric/b12.bench,242,3,False,0,3,7,0,30,0.001563
4189,data/bench/ITC99_all_numeric/b12.bench,242,4,False,0,3,7,0,30,0.001543
4190,data/bench/ITC99_all_numeric/b12.bench,243,3,False,0,7,15,0,131,0.003252
4191,data/bench/ITC99_all_numeric/b12.bench,245,3,False,0,3,7,0,30,0.001564
4192,data/bench/ITC99_all_numeric/b12.bench,245,4,False,0,3,7,0,30,0.00155
4193,data/bench/ITC99_all_numeric/b12.bench,248,4,False,0,7,15,0,73,0.003226
4194,data/bench/ITC99_all_numeric/b12.bench,252,3,False,0,3,7,0,16,0.001526
4195,data/bench/ITC99_all_numeric/b12.bench,253,3,False,0,2,5,0,3,0.00111
4196,data/bench/ITC99_all_numeric/b12.bench,255,3,True,1,0,8,0,12,0.001355
4197,data/bench/ITC99_all_numeric/b12.bench,258,3,False,0,3,7,0,16,0.001521
4198,data/bench/ITC99_all_numeric/b12.bench,258,4,False,0,3,7,0,16,0.001523
4199,data/bench/ITC99_all_numeric/b12.bench,259,4,False,0,3,7,0,23,0.001544
4200,data/bench/ITC99_all_numeric/b12.bench,260,4,False,0,63,127,0,589,0.025454
4201,data/bench/ITC99_all_numeric/b12.bench,261,4,False,0,63,127,0,462,0.025254
4202,data/bench/ITC99_all_numeric/b12.bench,264,3,True,1,0,2,0,1,0.000478
4203,data/bench/ITC99_all_numeric/b12.bench,264,4,True,1,0,3,0,2,0.000599
4204,data/bench/ITC99_all_numeric/b12.bench,265,4,False,0,35,71,0,441,0.014648
4205,data/bench/ITC99_all_numeric/b12.bench,266,4,False,0,3,7,0,9,0.001569
4206,data/bench/ITC99_all_numeric/b12.bench,267,4,False,0,3,7,0,9,0.001525
4207,data/bench/ITC99_all_numeric/b12.bench,269,4,False,0,3,7,0,16,0.001556
4208,data/bench/ITC99_all_numeric/b12.bench,270,4,False,0,3,7,0,44,0.001595
4209,data/bench/ITC99_all_numeric/b12.bench,271,4,False,0,3,7,0,23,0.001553
4210,data/bench/ITC99_all_numeric/b12.bench,273,4,False,0,3,7,0,30,0.001588
4211,data/bench/ITC99_all_numeric/b12.bench,275,3,False,0,3,7,0,30,0.00159
4212,data/bench/ITC99_all_numeric/b12.bench,278,4,False,0,3,7,0,23,0.001566
4213,data/bench/ITC99_all_numeric/b12.bench,285,4,False,0,3,7,0,16,0.001537
4214,data/bench/ITC99_all_numeric/b12.bench,286,4,False,0,3,7,0,9,0.001522
4215,data/bench/ITC99_all_numeric/b12.bench,287,4,False,0,3,7,0,16,0.001534
4216,data/bench/ITC99_all_numeric/b12.bench,288,3,False,0,3,7,0,9,0.001556
4217,data/bench/ITC99_all_numeric/b12.bench,288,4,False,0,3,7,0,9,0.001533
4218,data/bench/ITC99_all_numeric/b12.bench,289,4,False,0,3,7,0,37,0.001562
4219,data/bench/ITC99_all_numeric/b12.bench,290,3,False,0,3,7,0,30,0.001576
4220,data/bench/ITC99_all_numeric/b12.bench,293,4,False,0,3,7,0,30,0.001547
4221,data/bench/ITC99_all_numeric/b12.bench,295,3,True,1,0,8,0,7,0.001343
4222,data/bench/ITC99_all_numeric/b12.bench,295,4,True,1,0,7,0,6,0.001201
4223,data/bench/ITC99_all_numeric/b12.bench,296,3,True,1,0,8,0,12,0.001363
4224,data/bench/ITC99_all_numeric/b12.bench,300,3,False,0,7,15,0,19,0.003019
4225,data/bench/ITC99_all_numeric/b12.bench,301,4,True,1,0,2,0,1,0.000553
4226,data/bench/ITC99_all_numeric/b12.bench,303,3,False,0,7,15,0,34,0.003054
4227,data/bench/ITC99_all_numeric/b12.bench,304,4,False,0,3,7,0,9,0.001496
4228,data/bench/ITC99_all_numeric/b12.bench,307,3,True,1,0,8,0,7,0.001345
4229,data/bench/ITC99_all_numeric/b12.bench,310,3,False,0,23,47,0,106,0.009239
4230,data/bench/ITC99_all_numeric/b12.bench,319,3,False,0,7,15,0,34,0.00305
4231,data/bench/ITC99_all_numeric/b12.bench,320,3,False,0,7,15,0,36,0.003021
4232,data/bench/ITC99_all_numeric/b12.bench,320,4,False,0,7,15,0,36,0.003037
4233,data/bench/ITC99_all_numeric/b12.bench,324,3,False,0,7,15,0,34,0.003036
4234,data/bench/ITC99_all_numeric/b12.bench,325,3,False,0,7,15,0,34,0.003031
4235,data/bench/ITC99_all_numeric/b12.bench,326,3,False,0,7,15,0,21,0.003039
4236,data/bench/ITC99_all_numeric/b12.bench,328,3,False,0,7,15,0,36,0.003038
4237,data/bench/ITC99_all_numeric/b12.bench,328,4,False,0,7,15,0,36,0.003053
4238,data/bench/ITC99_all_numeric/b12.bench,330,4,False,0,7,15,0,34,0.003036
4239,data/bench/ITC99_all_numeric/b12.bench,336,3,True,1,0,8,0,7,0.00133
4240,data/bench/ITC99_all_numeric/b12.bench,337,4,True,1,0,4,0,4,0.000754
4241,data/bench/ITC99_all_numeric/b12.bench,340,3,False,0,7,15,0,36,0.003032
4242,data/bench/ITC99_all_numeric/b12.bench,341,4,False,0,15,31,0,70,0.006158
4243,data/bench/ITC99_all_numeric/b12.bench,343,4,False,0,3,7,0,23,0.001553
4244,data/bench/ITC99_all_numeric/b12.bench,344,4,False,0,3,7,0,16,0.001536
4245,data/bench/ITC99_all_numeric/b12.bench,350,3,False,0,3,7,0,37,0.001551
4246,data/bench/ITC99_all_numeric/b12.bench,351,3,False,0,7,15,0,92,0.003179
4247,data/bench/ITC99_all_numeric/b12.bench,353,3,False,0,3,7,0,23,0.001541
4248,data/bench/ITC99_all_numeric/b12.bench,355,3,False,0,3,7,0,23,0.001533
4249,data/bench/ITC99_all_numeric/b12.bench,355,4,False,0,3,7,0,23,0.001529
4250,data/bench/ITC99_all_numeric/b12.bench,361,3,False,0,3,7,0,37,0.001663
4251,data/bench/ITC99_all_numeric/b12.bench,366,4,False,0,3,7,0,37,0.001553
4252,data/bench/ITC99_all_numeric/b12.bench,368,4,False,0,63,127,0,441,0.025591
4253,data/bench/ITC99_all_numeric/b12.bench,370,3,False,0,63,127,0,568,0.025968
4254,data/bench/ITC99_all_numeric/b12.bench,372,3,True,1,0,2,0,1,0.000471
4255,data/bench/ITC99_all_numeric/b12.bench,377,3,False,0,63,127,0,441,0.025762
4256,data/bench/ITC99_all_numeric/b12.bench,378,4,True,1,0,2,0,1,0.000465
4257,data/bench/ITC99_all_numeric/b12.bench,381,3,True,1,0,2,0,1,0.000456
4258,data/bench/ITC99_all_numeric/b12.bench,383,3,False,0,63,127,0,441,0.025778
4259,data/bench/ITC99_all_numeric/b12.bench,385,3,True,1,0,3,0,4,0.000614
4260,data/bench/ITC99_all_numeric/b12.bench,385,4,True,1,0,3,0,4,0.000608
4261,data/bench/ITC99_all_numeric/b12.bench,386,4,True,1,0,3,0,4,0.000603
4262,data/bench/ITC99_all_numeric/b12.bench,388,3,False,0,3,7,0,30,0.001554
4263,data/bench/ITC99_all_numeric/b12.bench,388,4,False,0,3,7,0,30,0.001558
4264,data/bench/ITC99_all_numeric/b12.bench,389,3,False,0,47,95,0,567,0.019328
4265,data/bench/ITC99_all_numeric/b12.bench,391,4,False,0,3,7,0,23,0.00156
4266,data/bench/ITC99_all_numeric/b12.bench,394,4,False,0,47,95,0,567,0.019284
4267,data/bench/ITC99_all_numeric/b12.bench,395,3,False,0,3,7,0,30,0.001556
4268,data/bench/ITC99_all_numeric/b12.bench,398,3,False,0,3,7,0,30,0.001545
4269,data/bench/ITC99_all_numeric/b12.bench,399,4,False,0,47,95,0,657,0.019547
4270,data/bench/ITC99_all_numeric/b12.bench,403,3,False,0,3,7,0,30,0.001571
4271,data/bench/ITC99_all_numeric/b12.bench,403,4,False,0,3,7,0,30,0.001555
4272,data/bench/ITC99_all_numeric/b12.bench,404,3,False,0,39,79,0,316,0.015731
4273,data/bench/ITC99_all_numeric/b12.bench,405,3,False,0,15,31,0,130,0.006296
4274,data/bench/ITC99_all_numeric/b12.bench,407,4,False,0,15,31,0,134,0.006327
4275,data/bench/ITC99_all_numeric/b12.bench,408,3,False,0,39,79,0,316,0.016162
4276,data/bench/ITC99_all_numeric/b12.bench,410,4,False,0,15,31,0,130,0.0064
4277,data/bench/ITC99_all_numeric/b12.bench,411,4,False,0,15,31,0,134,0.006357
4278,data/bench/ITC99_all_numeric/b12.bench,414,4,False,0,127,255,0,2037,0.052826
4279,data/bench/ITC99_all_numeric/b12.bench,416,4,False,0,127,255,0,2289,0.053188
4280,data/bench/ITC99_all_numeric/b12.bench,417,3,False,0,7,15,0,61,0.00326
4281,data/bench/ITC99_all_numeric/b12.bench,423,3,False,0,7,15,0,61,0.003221
4282,data/bench/ITC99_all_numeric/b12.bench,427,3,False,0,7,15,0,89,0.003244
4283,data/bench/ITC99_all_numeric/b12.bench,430,3,False,0,7,15,0,89,0.003259
4284,data/bench/ITC99_all_numeric/b12.bench,431,3,False,0,7,15,0,89,0.003194
4285,data/bench/ITC99_all_numeric/b12.bench,435,4,False,0,3,7,0,44,0.001592
4286,data/bench/ITC99_all_numeric/b12.bench,436,4,False,0,7,15,0,89,0.003244
4287,data/bench/ITC99_all_numeric/b12.bench,438,3,False,0,3,7,0,44,0.001596
4288,data/bench/ITC99_all_numeric/b12.bench,442,3,False,0,7,15,0,89,0.003235
4289,data/bench/ITC99_all_numeric/b12.bench,442,4,False,0,7,15,0,89,0.003247
4290,data/bench/ITC99_all_numeric/b12.bench,443,4,False,0,7,15,0,75,0.003223
4291,data/bench/ITC99_all_numeric/b12.bench,444,3,False,0,7,15,0,91,0.003232
4292,data/bench/ITC99_all_numeric/b12.bench,444,4,False,0,7,15,0,91,0.003648
4293,data/bench/ITC99_all_numeric/b12.bench,445,4,False,0,7,15,0,75,0.003263
4294,data/bench/ITC99_all_numeric/b12.bench,446,4,False,0,95,191,0,1695,0.039706
4295,data/bench/ITC99_all_numeric/b12.bench,447,3,False,0,63,127,0,949,0.027134
4296,data/bench/ITC99_all_numeric/b12.bench,447,4,False,0,63,127,0,949,0.026853
4297,data/bench/ITC99_all_numeric/b12.bench,452,4,False,0,95,191,0,1695,0.039707
4298,data/bench/ITC99_all_numeric/b12.bench,454,3,False,0,7,15,0,117,0.00329
4299,data/bench/ITC99_all_numeric/b12.bench,455,4,False,0,7,15,0,62,0.003176
4300,data/bench/ITC99_all_numeric/b12.bench,457,4,False,0,3,7,0,18,0.001725
4301,data/bench/ITC99_all_numeric/b12.bench,459,3,False,0,5,11,0,33,0.002369
4302,data/bench/ITC99_all_numeric/b12.bench,460,3,False,0,7,15,0,117,0.003271
4303,data/bench/ITC99_all_numeric/b12.bench,461,3,False,0,11,23,0,107,0.004764
4304,data/bench/ITC99_all_numeric/b12.bench,461,4,False,0,11,23,0,107,0.004745
4305,data/bench/ITC99_all_numeric/b12.bench,462,3,False,0,7,15,0,117,0.003213
4306,data/bench/ITC99_all_numeric/b12.bench,463,3,False,0,23,47,0,307,0.009706
4307,data/bench/ITC99_all_numeric/b12.bench,466,3,False,0,7,15,0,75,0.003295
4308,data/bench/ITC99_all_numeric/b12.bench,467,3,False,0,3,7,0,23,0.001867
4309,data/bench/ITC99_all_numeric/b12.bench,467,4,False,0,3,7,0,23,0.001584
4310,data/bench/ITC99_all_numeric/b12.bench,468,3,False,0,7,15,0,75,0.003245
4311,data/bench/ITC99_all_numeric/b12.bench,469,3,False,0,5,11,0,33,0.002362
4312,data/bench/ITC99_all_numeric/b12.bench,471,4,False,0,11,23,0,107,0.004836
4313,data/bench/ITC99_all_numeric/b12.bench,473,4,False,0,23,47,0,307,0.009894
4314,data/bench/ITC99_all_numeric/b12.bench,474,3,False,0,7,15,0,75,0.003221
4315,data/bench/ITC99_all_numeric/b12.bench,478,4,False,0,7,15,0,75,0.00321
4316,data/bench/ITC99_all_numeric/b12.bench,488,4,True,1,0,3,0,3,0.000624
4317,data/bench/ITC99_all_numeric/b12.bench,489,3,True,1,0,2,0,2,0.000461
4318,data/bench/ITC99_all_numeric/b12.bench,493,3,False,0,47,95,0,307,0.018826
4319,data/bench/ITC99_all_numeric/b12.bench,493,4,False,0,47,95,0,307,0.018817
4320,data/bench/ITC99_all_numeric/b12.bench,494,4,False,0,63,127,0,533,0.025123
4321,data/bench/ITC99_all_numeric/b12.bench,497,4,False,0,23,47,0,157,0.009192
4322,data/bench/ITC99_all_numeric/b12.bench,498,4,False,0,31,63,0,269,0.012154
4323,data/bench/ITC99_all_numeric/b12.bench,500,3,False,0,31,63,0,269,0.012065
4324,data/bench/ITC99_all_numeric/b12.bench,504,3,False,0,63,127,0,533,0.023873
4325,data/bench/ITC99_all_numeric/b12.bench,505,3,False,0,47,95,0,307,0.018906
4326,data/bench/ITC99_all_numeric/b12.bench,505,4,False,0,47,95,0,307,0.018865
4327,data/bench/ITC99_all_numeric/b12.bench,506,4,False,0,63,127,0,533,0.02512
4328,data/bench/ITC99_all_numeric/b12.bench,509,4,True,1,0,8,0,19,0.001398
4329,data/bench/ITC99_all_numeric/b12.bench,512,3,False,0,31,63,0,269,0.013344
4330,data/bench/ITC99_all_numeric/b12.bench,515,3,False,0,23,47,0,157,0.009479
4331,data/bench/ITC99_all_numeric/b12.bench,517,4,False,0,23,47,0,157,0.009588
4332,data/bench/ITC99_all_numeric/b12.bench,519,4,False,0,23,47,0,157,0.009491
4333,data/bench/ITC99_all_numeric/b12.bench,521,4,False,0,23,47,0,157,0.009479
4334,data/bench/ITC99_all_numeric/b12.bench,523,3,False,0,23,47,0,157,0.009452
4335,data/bench/ITC99_all_numeric/b12.bench,524,3,False,0,31,63,0,269,0.012778
4336,data/bench/ITC99_all_numeric/b12.bench,525,3,False,0,23,47,0,157,0.009428
4337,data/bench/ITC99_all_numeric/b12.bench,526,4,False,0,31,63,0,269,0.012961
4338,data/bench/ITC99_all_numeric/b12.bench,527,4,False,0,23,47,0,151,0.009414
4339,data/bench/ITC99_all_numeric/b12.bench,529,4,False,0,23,47,0,151,0.00946
4340,data/bench/ITC99_all_numeric/b12.bench,533,4,False,0,23,47,0,151,0.009436
4341,data/bench/ITC99_all_numeric/b12.bench,534,4,False,0,31,63,0,261,0.012668
4342,data/bench/ITC99_all_numeric/b12.bench,535,3,False,0,23,47,0,157,0.009438
4343,data/bench/ITC99_all_numeric/b12.bench,538,3,False,0,31,63,0,269,0.012797
4344,data/bench/ITC99_all_numeric/b12.bench,538,4,False,0,31,63,0,269,0.012735
4345,data/bench/ITC99_all_numeric/b12.bench,540,3,False,0,31,63,0,269,0.012913
4346,data/bench/ITC99_all_numeric/b12.bench,540,4,False,0,31,63,0,269,0.012979
4347,data/bench/ITC99_all_numeric/b12.bench,541,4,False,0,23,47,0,157,0.00943
4348,data/bench/ITC99_all_numeric/b12.bench,544,4,False,0,31,63,0,261,0.012699
4349,data/bench/ITC99_all_numeric/b12.bench,545,3,False,0,23,47,0,151,0.009405
4350,data/bench/ITC99_all_numeric/b12.bench,547,3,False,0,23,47,0,151,0.009562
4351,data/bench/ITC99_all_numeric/b12.bench,547,4,False,0,23,47,0,151,0.009475
4352,data/bench/ITC99_all_numeric/b12.bench,548,3,False,0,31,63,0,261,0.012848
4353,data/bench/ITC99_all_numeric/b12.bench,549,3,False,0,23,47,0,151,0.009397
4354,data/bench/ITC99_all_numeric/b12.bench,550,4,False,0,31,63,0,261,0.012834
4355,data/bench/ITC99_all_numeric/b12.bench,554,3,False,0,31,63,0,269,0.012701
4356,data/bench/ITC99_all_numeric/b12.bench,554,4,False,0,31,63,0,269,0.01276
4357,data/bench/ITC99_all_numeric/b12.bench,556,3,False,0,31,63,0,269,0.013393
4358,data/bench/ITC99_all_numeric/b12.bench,556,4,False,0,31,63,0,269,0.012939
4359,data/bench/ITC99_all_numeric/b12.bench,557,3,False,0,23,47,0,157,0.0095
4360,data/bench/ITC99_all_numeric/b12.bench,559,4,False,0,23,47,0,151,0.009709
4361,data/bench/ITC99_all_numeric/b12.bench,561,3,False,0,23,47,0,151,0.009528
4362,data/bench/ITC99_all_numeric/b12.bench,562,4,False,0,31,63,0,261,0.01272
4363,data/bench/ITC99_all_numeric/b12.bench,563,3,False,0,23,47,0,151,0.009808
4364,data/bench/ITC99_all_numeric/b12.bench,565,4,False,0,23,47,0,151,0.009439
4365,data/bench/ITC99_all_numeric/b12.bench,567,3,False,0,23,47,0,157,0.009483
4366,data/bench/ITC99_all_numeric/b12.bench,567,4,False,0,23,47,0,157,0.009527
4367,data/bench/ITC99_all_numeric/b12.bench,568,4,False,0,31,63,0,269,0.01275
4368,data/bench/ITC99_all_numeric/b12.bench,569,3,False,0,23,47,0,157,0.009529
4369,data/bench/ITC99_all_numeric/b12.bench,569,4,False,0,23,47,0,157,0.009478
4370,data/bench/ITC99_all_numeric/b12.bench,571,3,False,0,23,47,0,157,0.009486
4371,data/bench/ITC99_all_numeric/b12.bench,574,4,False,0,31,63,0,269,0.012719
4372,data/bench/ITC99_all_numeric/b12.bench,575,4,False,0,23,47,0,151,0.009436
4373,data/bench/ITC99_all_numeric/b12.bench,577,3,False,0,23,47,0,151,0.009597
4374,data/bench/ITC99_all_numeric/b12.bench,579,4,False,0,23,47,0,151,0.009435
4375,data/bench/ITC99_all_numeric/b12.bench,582,3,False,0,31,63,0,261,0.012882
4376,data/bench/ITC99_all_numeric/b12.bench,583,3,False,0,71,143,0,463,0.02822
4377,data/bench/ITC99_all_numeric/b12.bench,583,4,False,0,71,143,0,463,0.028497
4378,data/bench/ITC99_all_numeric/b12.bench,585,4,False,0,71,143,0,463,0.028164
4379,data/bench/ITC99_all_numeric/b12.bench,587,3,False,0,11,23,0,73,0.004642
4380,data/bench/ITC99_all_numeric/b12.bench,588,4,False,0,15,31,0,125,0.006591
4381,data/bench/ITC99_all_numeric/b12.bench,590,4,False,0,15,31,0,125,0.006343
4382,data/bench/ITC99_all_numeric/b12.bench,595,4,False,0,11,23,0,73,0.004693
4383,data/bench/ITC99_all_numeric/b12.bench,598,4,False,0,15,31,0,125,0.006431
4384,data/bench/ITC99_all_numeric/b12.bench,599,3,False,0,23,47,0,151,0.009421
4385,data/bench/ITC99_all_numeric/b12.bench,599,4,False,0,23,47,0,151,0.009429
4386,data/bench/ITC99_all_numeric/b12.bench,601,3,False,0,23,47,0,151,0.009376
4387,data/bench/ITC99_all_numeric/b12.bench,603,3,False,0,23,47,0,151,0.009898
4388,data/bench/ITC99_all_numeric/b12.bench,605,3,False,0,23,47,0,151,0.00958
4389,data/bench/ITC99_all_numeric/b12.bench,615,3,True,1,0,2,0,1,0.000487
4390,data/bench/ITC99_all_numeric/b12.bench,615,4,True,1,0,2,0,1,0.000477
4391,data/bench/ITC99_all_numeric/b12.bench,616,3,False,0,7,15,0,45,0.003221
4392,data/bench/ITC99_all_numeric/b12.bench,616,4,False,0,7,15,0,45,0.003134
4393,data/bench/ITC99_all_numeric/b12.bench,619,4,False,0,7,15,0,60,0.003155
4394,data/bench/ITC99_all_numeric/b12.bench,620,3,False,0,3,7,0,16,0.001538
4395,data/bench/ITC99_all_numeric/b12.bench,625,3,False,0,7,15,0,47,0.003193
4396,data/bench/ITC99_all_numeric/b12.bench,629,3,True,1,0,3,0,1,0.000629
4397,data/bench/ITC99_all_numeric/b12.bench,631,3,True,1,0,3,0,1,0.000617
4398,data/bench/ITC99_all_numeric/b12.bench,631,4,True,1,0,3,0,1,0.000611
4399,data/bench/ITC99_all_numeric/b12.bench,632,3,True,1,0,3,0,1,0.000615
4400,data/bench/ITC99_all_numeric/b12.bench,633,4,True,1,0,3,0,1,0.000704
4401,data/bench/ITC99_all_numeric/b12.bench,637,3,True,1,0,2,0,1,0.000484
4402,data/bench/ITC99_all_numeric/b12.bench,637,4,True,1,0,3,0,3,0.000626
4403,data/bench/ITC99_all_numeric/b12.bench,638,3,True,1,0,2,0,1,0.000474
4404,data/bench/ITC99_all_numeric/b12.bench,640,4,False,0,15,31,0,51,0.00633
4405,data/bench/ITC99_all_numeric/b12.bench,641,3,False,0,3,7,0,23,0.001563
4406,data/bench/ITC99_all_numeric/b12.bench,643,3,False,0,1,3,0,2,0.00074
4407,data/bench/ITC99_all_numeric/b12.bench,643,4,False,0,1,3,0,2,0.000736
4408,data/bench/ITC99_all_numeric/b12.bench,644,4,True,1,0,5,0,4,0.000946
4409,data/bench/ITC99_all_numeric/b12.bench,647,4,False,0,3,7,0,23,0.001554
4410,data/bench/ITC99_all_numeric/b12.bench,651,3,False,0,7,15,0,62,0.003172
4411,data/bench/ITC99_all_numeric/b12.bench,652,3,False,0,7,15,0,47,0.003522
4412,data/bench/ITC99_all_numeric/b12.bench,653,3,False,0,3,7,0,23,0.00158
4413,data/bench/ITC99_all_numeric/b12.bench,656,4,False,0,3,7,0,23,0.001544
4414,data/bench/ITC99_all_numeric/b12.bench,657,4,False,0,3,7,0,30,0.001548
4415,data/bench/ITC99_all_numeric/b12.bench,660,4,False,0,47,95,0,562,0.019541
4416,data/bench/ITC99_all_numeric/b12.bench,661,3,False,0,3,7,0,30,0.001554
4417,data/bench/ITC99_all_numeric/b12.bench,664,3,False,0,3,7,0,30,0.001551
4418,data/bench/ITC99_all_numeric/b12.bench,667,3,False,0,3,7,0,23,0.001555
4419,data/bench/ITC99_all_numeric/b12.bench,667,4,False,0,3,7,0,23,0.001606
4420,data/bench/ITC99_all_numeric/b12.bench,668,3,False,0,7,15,0,71,0.0032
4421,data/bench/ITC99_all_numeric/b12.bench,670,4,False,0,11,23,0,34,0.004695
4422,data/bench/ITC99_all_numeric/b12.bench,673,3,False,0,63,127,0,1838,0.028731
4423,data/bench/ITC99_all_numeric/b12.bench,680,4,False,0,3,7,0,37,0.001614
4424,data/bench/ITC99_all_numeric/b12.bench,681,4,False,0,3,7,0,23,0.001555
4425,data/bench/ITC99_all_numeric/b12.bench,682,4,False,0,31,63,0,220,0.013414
4426,data/bench/ITC99_all_numeric/b12.bench,685,3,False,0,63,127,0,695,0.026448
4427,data/bench/ITC99_all_numeric/b12.bench,685,4,False,0,63,127,0,695,0.026844
4428,data/bench/ITC99_all_numeric/b12.bench,686,3,False,0,3,7,0,23,0.001689
4429,data/bench/ITC99_all_numeric/b12.bench,689,3,True,1,0,3,0,2,0.00061
4430,data/bench/ITC99_all_numeric/b12.bench,691,3,False,0,31,63,0,382,0.013376
4431,data/bench/ITC99_all_numeric/b12.bench,693,4,False,0,1,3,0,2,0.000747
4432,data/bench/ITC99_all_numeric/b12.bench,698,3,False,0,15,31,0,137,0.006617
4433,data/bench/ITC99_all_numeric/b12.bench,699,3,True,1,0,2,0,1,0.000503
4434,data/bench/ITC99_all_numeric/b12.bench,702,4,False,0,11,23,0,97,0.004872
4435,data/bench/ITC99_all_numeric/b12.bench,705,4,False,0,23,47,0,161,0.00985
4436,data/bench/ITC99_all_numeric/b12.bench,707,3,False,0,95,191,0,1695,0.040556
4437,data/bench/ITC99_all_numeric/b12.bench,711,4,False,0,7,15,0,75,0.003288
4438,data/bench/ITC99_all_numeric/b12.bench,712,4,False,0,3,7,0,37,0.001602
4439,data/bench/ITC99_all_numeric/b12.bench,713,3,False,0,7,15,0,89,0.003251
4440,data/bench/ITC99_all_numeric/b12.bench,715,3,False,0,7,15,0,89,0.003255
4441,data/bench/ITC99_all_numeric/b12.bench,715,4,False,0,7,15,0,89,0.003231
4442,data/bench/ITC99_all_numeric/b12.bench,716,3,False,0,7,15,0,63,0.003323
4443,data/bench/ITC99_all_numeric/b12.bench,716,4,False,0,7,15,0,63,0.003196
4444,data/bench/ITC99_all_numeric/b12.bench,721,4,False,0,7,15,0,47,0.003176
4445,data/bench/ITC99_all_numeric/b12.bench,725,4,False,0,7,15,0,103,0.003313
4446,data/bench/ITC99_all_numeric/b12.bench,726,4,True,1,0,3,0,3,0.000621
4447,data/bench/ITC99_all_numeric/b12.bench,727,4,True,1,0,3,0,3,0.000647
4448,data/bench/ITC99_all_numeric/b12.bench,728,3,True,1,0,2,0,1,0.000469
4449,data/bench/ITC99_all_numeric/b12.bench,728,4,True,1,0,3,0,3,0.00062
4450,data/bench/ITC99_all_numeric/b12.bench,731,4,True,1,0,3,0,3,0.000742
4451,data/bench/ITC99_all_numeric/b12.bench,732,3,True,1,0,2,0,1,0.000486
4452,data/bench/ITC99_all_numeric/b12.bench,732,4,True,1,0,3,0,3,0.000633
4453,data/bench/ITC99_all_numeric/b12.bench,733,3,True,1,0,2,0,1,0.000484
4454,data/bench/ITC99_all_numeric/b12.bench,734,3,False,0,3,7,0,23,0.001567
4455,data/bench/ITC99_all_numeric/b12.bench,735,4,False,0,3,7,0,30,0.001577
4456,data/bench/ITC99_all_numeric/b12.bench,737,4,False,0,3,7,0,23,0.001605
4457,data/bench/ITC99_all_numeric/b12.bench,740,3,False,0,3,7,0,16,0.001564
4458,data/bench/ITC99_all_numeric/b12.bench,741,4,False,0,3,7,0,23,0.001561
4459,data/bench/ITC99_all_numeric/b12.bench,742,4,False,0,3,7,0,30,0.001577
4460,data/bench/ITC99_all_numeric/b12.bench,743,3,False,0,15,31,0,134,0.006527
4461,data/bench/ITC99_all_numeric/b12.bench,744,3,False,0,15,31,0,103,0.006365
4462,data/bench/ITC99_all_numeric/b12.bench,745,4,False,0,15,31,0,103,0.006429
4463,data/bench/ITC99_all_numeric/b12.bench,746,3,False,0,31,63,0,203,0.013203
4464,data/bench/ITC99_all_numeric/b12.bench,747,4,True,1,0,7,0,16,0.001252
4465,data/bench/ITC99_all_numeric/b12.bench,749,4,False,0,15,31,0,103,0.006392
4466,data/bench/ITC99_all_numeric/b12.bench,750,3,True,1,0,2,0,1,0.000479
4467,data/bench/ITC99_all_numeric/b12.bench,751,4,False,0,31,63,0,203,0.012759
4468,data/bench/ITC99_all_numeric/b12.bench,752,3,False,0,15,31,0,130,0.006452
4469,data/bench/ITC99_all_numeric/b12.bench,757,4,False,0,15,31,0,99,0.006389
4470,data/bench/ITC99_all_numeric/b12.bench,758,4,False,0,15,31,0,99,0.006425
4471,data/bench/ITC99_all_numeric/b12.bench,759,3,False,0,15,31,0,103,0.006534
4472,data/bench/ITC99_all_numeric/b12.bench,759,4,False,0,15,31,0,103,0.006407
4473,data/bench/ITC99_all_numeric/b12.bench,761,3,False,0,15,31,0,130,0.006539
4474,data/bench/ITC99_all_numeric/b12.bench,762,3,False,0,15,31,0,99,0.006355
4475,data/bench/ITC99_all_numeric/b12.bench,763,3,False,0,15,31,0,99,0.006857
4476,data/bench/ITC99_all_numeric/b12.bench,764,3,False,0,15,31,0,103,0.00645
4477,data/bench/ITC99_all_numeric/b12.bench,765,3,False,0,15,31,0,103,0.006504
4478,data/bench/ITC99_all_numeric/b12.bench,765,4,False,0,15,31,0,103,0.006387
4479,data/bench/ITC99_all_numeric/b12.bench,766,4,False,0,15,31,0,99,0.006435
4480,data/bench/ITC99_all_numeric/b12.bench,768,4,False,0,15,31,0,103,0.006484
4481,data/bench/ITC99_all_numeric/b12.bench,769,4,False,0,15,31,0,103,0.006473
4482,data/bench/ITC99_all_numeric/b12.bench,770,3,False,0,7,15,0,62,0.003436
4483,data/bench/ITC99_all_numeric/b12.bench,770,4,False,0,7,15,0,62,0.00321
4484,data/bench/ITC99_all_numeric/b12.bench,772,4,True,1,0,7,0,16,0.001293
4485,data/bench/ITC99_all_numeric/b12.bench,773,4,False,0,7,15,0,47,0.00315
4486,data/bench/ITC99_all_numeric/b12.bench,774,3,False,0,47,95,0,307,0.019525
4487,data/bench/ITC99_all_numeric/b12.bench,775,3,True,1,0,2,0,1,0.000496
4488,data/bench/ITC99_all_numeric/b12.bench,775,4,True,1,0,7,0,16,0.001287
4489,data/bench/ITC99_all_numeric/b12.bench,776,4,False,0,7,15,0,47,0.003216
4490,data/bench/ITC99_all_numeric/b12.bench,777,3,False,0,15,31,0,99,0.006472
4491,data/bench/ITC99_all_numeric/b12.bench,781,3,False,0,15,31,0,103,0.006421
4492,data/bench/ITC99_all_numeric/b12.bench,782,4,False,0,31,63,0,203,0.012942
4493,data/bench/ITC99_all_numeric/b12.bench,785,4,False,0,15,31,0,103,0.006332
4494,data/bench/ITC99_all_numeric/b12.bench,788,4,False,0,15,31,0,130,0.006286
4495,data/bench/ITC99_all_numeric/b12.bench,789,3,False,0,15,31,0,99,0.006304
4496,data/bench/ITC99_all_numeric/b12.bench,790,4,False,0,15,31,0,99,0.006382
4497,data/bench/ITC99_all_numeric/b12.bench,791,4,False,0,15,31,0,103,0.006371
4498,data/bench/ITC99_all_numeric/b12.bench,793,4,False,0,15,31,0,99,0.006324
4499,data/bench/ITC99_all_numeric/b12.bench,798,3,False,0,15,31,0,99,0.006257
4500,data/bench/ITC99_all_numeric/b12.bench,802,4,False,0,15,31,0,99,0.009718
4501,data/bench/ITC99_all_numeric/b12.bench,806,3,False,0,7,15,0,62,0.003194
4502,data/bench/ITC99_all_numeric/b12.bench,808,3,True,1,0,2,0,1,0.00049
4503,data/bench/ITC99_all_numeric/b12.bench,811,4,True,1,0,7,0,16,0.001295
4504,data/bench/ITC99_all_numeric/b12.bench,812,3,False,0,7,15,0,47,0.003094
4505,data/bench/ITC99_all_numeric/b12.bench,815,3,False,0,3,7,0,23,0.001536
4506,data/bench/ITC99_all_numeric/b12.bench,815,4,False,0,3,7,0,23,0.001605
4507,data/bench/ITC99_all_numeric/b12.bench,816,3,False,0,3,7,0,30,0.001547
4508,data/bench/ITC99_all_numeric/b12.bench,820,4,False,0,7,15,0,116,0.003232
4509,data/bench/ITC99_all_numeric/b12.bench,823,3,False,0,3,7,0,30,0.001549
4510,data/bench/ITC99_all_numeric/b12.bench,826,4,False,0,3,7,0,23,0.001547
4511,data/bench/ITC99_all_numeric/b12.bench,828,3,False,0,3,7,0,23,0.001547
4512,data/bench/ITC99_all_numeric/b12.bench,828,4,False,0,3,7,0,23,0.001565
4513,data/bench/ITC99_all_numeric/b12.bench,829,3,False,0,7,15,0,71,0.003182
4514,data/bench/ITC99_all_numeric/b12.bench,829,4,False,0,7,15,0,71,0.003506
4515,data/bench/ITC99_all_numeric/b12.bench,831,4,False,0,3,7,0,30,0.001579
4516,data/bench/ITC99_all_numeric/b12.bench,832,3,False,0,3,7,0,23,0.001575
4517,data/bench/ITC99_all_numeric/b12.bench,832,4,False,0,3,7,0,23,0.001553
4518,data/bench/ITC99_all_numeric/b12.bench,833,3,False,0,3,7,0,30,0.001554
4519,data/bench/ITC99_all_numeric/b12.bench,834,3,False,0,7,15,0,77,0.003173
4520,data/bench/ITC99_all_numeric/b12.bench,837,4,False,0,3,7,0,16,0.001534
4521,data/bench/ITC99_all_numeric/b12.bench,838,4,False,0,7,15,0,47,0.003178
4522,data/bench/ITC99_all_numeric/b12.bench,839,3,False,0,5,11,0,15,0.002333
4523,data/bench/ITC99_all_numeric/b12.bench,841,4,False,0,40,81,0,226,0.01621
4524,data/bench/ITC99_all_numeric/b12.bench,842,3,False,0,3,7,0,23,0.001605
4525,data/bench/ITC99_all_numeric/b12.bench,848,4,False,0,7,15,0,47,0.003296
4526,data/bench/ITC99_all_numeric/b12.bench,850,3,False,0,7,15,0,47,0.003143
4527,data/bench/ITC99_all_numeric/b12.bench,852,3,False,0,15,31,0,99,0.006261
4528,data/bench/ITC99_all_numeric/b12.bench,853,3,False,0,15,31,0,99,0.006196
4529,data/bench/ITC99_all_numeric/b12.bench,853,4,False,0,15,31,0,99,0.006214
4530,data/bench/ITC99_all_numeric/b12.bench,855,3,False,0,15,31,0,103,0.006309
4531,data/bench/ITC99_all_numeric/b12.bench,855,4,False,0,15,31,0,103,0.006189
4532,data/bench/ITC99_all_numeric/b12.bench,858,4,False,0,15,31,0,103,0.006235
4533,data/bench/ITC99_all_numeric/b12.bench,862,3,False,0,15,31,0,103,0.006358
4534,data/bench/ITC99_all_numeric/b12.bench,865,3,False,0,15,31,0,99,0.006228
4535,data/bench/ITC99_all_numeric/b12.bench,868,4,False,0,15,31,0,103,0.006362
4536,data/bench/ITC99_all_numeric/b12.bench,869,3,False,0,15,31,0,103,0.006165
4537,data/bench/ITC99_all_numeric/b12.bench,869,4,False,0,15,31,0,103,0.006241
4538,data/bench/ITC99_all_numeric/b12.bench,870,3,True,1,0,3,0,1,0.000606
4539,data/bench/ITC99_all_numeric/b12.bench,873,3,False,0,15,31,0,103,0.006286
4540,data/bench/ITC99_all_numeric/b12.bench,876,4,False,0,3,7,0,23,0.0017
4541,data/bench/ITC99_all_numeric/b12.bench,877,3,False,0,3,7,0,16,0.001525
4542,data/bench/ITC99_all_numeric/b12.bench,878,4,False,0,3,7,0,23,0.001545
4543,data/bench/ITC99_all_numeric/b12.bench,879,4,False,0,3,7,0,30,0.001558
4544,data/bench/ITC99_all_numeric/b12.bench,880,4,False,0,3,7,0,30,0.001546
4545,data/bench/ITC99_all_numeric/b12.bench,881,3,False,0,3,7,0,23,0.001553
4546,data/bench/ITC99_all_numeric/b12.bench,885,3,False,0,3,7,0,37,0.001916
4547,data/bench/ITC99_all_numeric/b12.bench,886,3,False,0,3,7,0,23,0.001684
4548,data/bench/ITC99_all_numeric/b12.bench,888,4,False,0,2,5,0,5,0.001142
4549,data/bench/ITC99_all_numeric/b12.bench,890,3,False,0,3,7,0,23,0.001548
4550,data/bench/ITC99_all_numeric/b12.bench,891,3,False,0,3,7,0,30,0.003069
4551,data/bench/ITC99_all_numeric/b12.bench,900,4,False,0,23,47,0,260,0.017695
4552,data/bench/ITC99_all_numeric/b12.bench,901,3,False,0,11,23,0,84,0.006908
4553,data/bench/ITC99_all_numeric/b12.bench,901,4,False,0,11,23,0,84,0.004804
4554,data/bench/ITC99_all_numeric/b12.bench,902,3,False,0,5,11,0,22,0.002317
4555,data/bench/ITC99_all_numeric/b12.bench,904,3,True,1,0,3,0,1,0.000635
4556,data/bench/ITC99_all_numeric/b12.bench,905,3,False,0,11,23,0,57,0.004742
4557,data/bench/ITC99_all_numeric/b12.bench,911,3,False,0,63,127,0,1076,0.026834
4558,data/bench/ITC99_all_numeric/b12.bench,914,3,False,0,7,15,0,92,0.00322
4559,data/bench/ITC99_all_numeric/b12.bench,923,3,False,0,3,7,0,23,0.001556
4560,data/bench/ITC99_all_numeric/b12.bench,924,4,False,0,3,7,0,30,0.001571
4561,data/bench/ITC99_all_numeric/b12.bench,925,3,False,0,7,15,0,62,0.003203
4562,data/bench/ITC99_all_numeric/b12.bench,927,4,False,0,31,63,0,220,0.01304
4563,data/bench/ITC99_all_numeric/b12.bench,929,3,False,0,3,7,0,23,0.001584
4564,data/bench/ITC99_all_numeric/b12.bench,936,3,False,0,11,23,0,80,0.00478
4565,data/bench/ITC99_all_numeric/b12.bench,939,3,False,0,7,15,0,61,0.003257
4566,data/bench/ITC99_all_numeric/b12.bench,939,4,False,0,7,15,0,61,0.003191
4567,data/bench/ITC99_all_numeric/b12.bench,940,3,False,0,7,15,0,76,0.003183
4568,data/bench/ITC99_all_numeric/b12.bench,941,3,False,0,3,7,0,23,0.001531
4569,data/bench/ITC99_all_numeric/b12.bench,942,4,False,0,3,7,0,23,0.001538
4570,data/bench/ITC99_all_numeric/b12.bench,945,4,False,0,3,7,0,23,0.001555
4571,data/bench/ITC99_all_numeric/b12.bench,950,4,False,0,7,15,0,90,0.003212
4572,data/bench/ITC99_all_numeric/b12.bench,951,4,False,0,3,7,0,44,0.001573
4573,data/bench/ITC99_all_numeric/b12.bench,952,3,False,0,7,15,0,61,0.003171
4574,data/bench/ITC99_all_numeric/b12.bench,952,4,False,0,7,15,0,61,0.003216
4575,data/bench/ITC99_all_numeric/b12.bench,955,3,False,0,3,7,0,37,0.001693
4576,data/bench/ITC99_all_numeric/b12.bench,955,4,False,0,3,7,0,37,0.001584
4577,data/bench/ITC99_all_numeric/b12.bench,956,3,False,0,3,7,0,23,0.001565
4578,data/bench/ITC99_all_numeric/b12.bench,957,4,False,0,3,7,0,30,0.00158
4579,data/bench/ITC99_all_numeric/b12.bench,959,4,False,0,7,15,0,75,0.003215
4580,data/bench/ITC99_all_numeric/b12.bench,960,4,False,0,7,15,0,90,0.003243
4581,data/bench/ITC99_all_numeric/b12.bench,964,4,False,0,3,7,0,16,0.001559
4582,data/bench/ITC99_all_numeric/b12.bench,966,4,False,0,3,7,0,37,0.001566
4583,data/bench/ITC99_all_numeric/b12.bench,967,3,True,1,0,4,0,2,0.000783
4584,data/bench/ITC99_all_numeric/b12.bench,970,3,False,0,7,15,0,22,0.003121
4585,data/bench/ITC99_all_numeric/b12.bench,972,3,True,1,0,2,0,1,0.000487
4586,data/bench/ITC99_all_numeric/b12.bench,973,3,False,0,3,7,0,5,0.001526
4587,data/bench/ITC99_all_numeric/b12.bench,973,4,False,0,7,15,0,18,0.00316
4588,data/bench/ITC99_all_numeric/b12.bench,975,4,False,0,15,31,0,106,0.006463
4589,data/bench/ITC99_all_numeric/b12.bench,978,3,False,0,7,15,0,86,0.003268
4590,data/bench/ITC99_all_numeric/b12.bench,980,3,False,0,7,15,0,71,0.003229
4591,data/bench/ITC99_all_numeric/b12.bench,982,3,False,0,3,7,0,23,0.001612
4592,data/bench/ITC99_all_numeric/b12.bench,985,3,False,0,3,7,0,16,0.001583
4593,data/bench/ITC99_all_numeric/b12.bench,987,4,False,0,3,7,0,23,0.001589
4594,data/bench/ITC99_all_numeric/b12.bench,990,3,True,1,0,2,0,1,0.000494
4595,data/bench/ITC99_all_numeric/b12.bench,992,3,True,1,0,2,0,1,0.000486
4596,data/bench/ITC99_all_numeric/b12.bench,994,3,False,0,3,7,0,44,0.001595
4597,data/bench/ITC99_all_numeric/b12.bench,994,4,False,0,3,7,0,44,0.001587
4598,data/bench/ITC99_all_numeric/b12.bench,1001,4,False,0,3,7,0,23,0.001566
4599,data/bench/ITC99_all_numeric/b12.bench,1002,4,False,0,29,59,0,210,0.01205
4600,data/bench/ITC99_all_numeric/b12.bench,1003,4,True,1,0,4,0,9,0.000894
4601,data/bench/ITC99_all_numeric/b12.bench,1010,4,False,0,14,29,0,46,0.005901
4602,data/bench/ITC99_all_numeric/b12.bench,1014,4,True,1,0,4,0,4,0.000791
4603,data/bench/ITC99_all_numeric/b12.bench,1017,4,True,1,0,3,0,3,0.000606
4604,data/bench/ITC99_all_numeric/b12.bench,1018,4,False,0,63,127,0,949,0.026659
4605,data/bench/ITC99_all_numeric/b12.bench,1020,4,False,0,63,127,0,1203,0.027013
4606,data/bench/ITC99_all_numeric/b12.bench,1022,4,False,0,63,127,0,695,0.026409
4607,data/bench/ITC99_all_numeric/b12.bench,1023,3,False,0,63,127,0,695,0.026245
4608,data/bench/ITC99_all_numeric/b12.bench,1024,4,False,0,63,127,0,822,0.026526
4609,data/bench/ITC99_all_numeric/b12.bench,1025,3,False,0,63,127,0,695,0.026308
4610,data/bench/ITC99_all_numeric/b12.bench,1026,3,False,0,63,127,0,1076,0.026801
4611,data/bench/ITC99_all_numeric/b12.bench,1028,3,False,0,63,127,0,1711,0.02767
4612,data/bench/ITC99_all_numeric/b12.bench,1028,4,False,0,63,127,0,1711,0.027558
4613,data/bench/ITC99_all_numeric/b12.bench,1029,4,False,0,63,127,0,695,0.02627
4614,data/bench/ITC99_all_numeric/b12.bench,1030,3,False,0,63,127,0,1457,0.02731
4615,data/bench/ITC99_all_numeric/b12.bench,1032,3,False,0,63,127,0,695,0.026219
4616,data/bench/ITC99_all_numeric/b12.bench,1034,3,False,0,63,127,0,1330,0.027705
4617,data/bench/ITC99_all_numeric/b12.bench,1037,3,True,1,0,3,0,1,0.000644
4618,data/bench/ITC99_all_numeric/b12.bench,1038,4,True,1,0,4,0,2,0.00078
4619,data/bench/ITC99_all_numeric/b12.bench,1039,3,True,1,0,4,0,5,0.000776
4620,data/bench/ITC99_all_numeric/b12.bench,1040,3,False,0,5,11,0,19,0.002297
4621,data/bench/ITC99_all_numeric/b12.bench,1045,3,False,0,11,23,0,84,0.004719
4622,data/bench/ITC99_all_numeric/b12.bench,1045,4,False,0,11,23,0,84,0.004784
4623,data/bench/ITC99_all_numeric/b12.bench,1047,3,True,1,0,2,0,2,0.000482
4624,data/bench/ITC99_all_numeric/b12.bench,1047,4,True,1,0,4,0,8,0.000781
4625,data/bench/ITC99_all_numeric/b12.bench,1048,3,True,1,0,2,0,1,0.000632
4626,data/bench/ITC99_all_numeric/b12.bench,1049,4,True,1,0,3,0,3,0.000664
4627,data/bench/ITC99_all_numeric/b12.bench,1052,4,False,0,11,23,0,83,0.004711
4628,data/bench/ITC99_all_numeric/b12.bench,1058,4,True,1,0,3,0,3,0.000639
4629,data/bench/ITC99_all_numeric/b12.bench,1059,3,False,0,1,3,0,2,0.00073
4630,data/bench/ITC99_all_numeric/b12.bench,1060,4,False,0,23,47,0,260,0.009726
4631,data/bench/ITC99_all_numeric/b12.bench,1061,3,False,0,23,47,0,213,0.009681
4632,data/bench/ITC99_all_numeric/b12.bench,1062,3,False,0,11,23,0,84,0.00477
4633,data/bench/ITC99_all_numeric/b12.bench,1065,3,True,1,0,2,0,1,0.0005
4634,data/bench/ITC99_all_numeric/b12.bench,1068,4,False,0,11,23,0,83,0.004728
4635,data/bench/ITC99_all_numeric/b12.bench,1069,4,False,0,5,11,0,30,0.002323
4636,data/bench/ITC99_all_numeric/b13.bench,1,4,True,1,0,4,0,1,0.000525
4637,data/bench/ITC99_all_numeric/b13.bench,2,3,True,1,0,4,0,5,0.000442
4638,data/bench/ITC99_all_numeric/b13.bench,3,3,True,1,0,4,0,5,0.000433
4639,data/bench/ITC99_all_numeric/b13.bench,3,4,True,1,0,4,0,5,0.000432
4640,data/bench/ITC99_all_numeric/b13.bench,4,3,True,1,0,4,0,5,0.000431
4641,data/bench/ITC99_all_numeric/b13.bench,5,3,True,1,0,4,0,5,0.000427
4642,data/bench/ITC99_all_numeric/b13.bench,5,4,True,1,0,4,0,5,0.000429
4643,data/bench/ITC99_all_numeric/b13.bench,6,4,True,1,0,4,0,5,0.000427
4644,data/bench/ITC99_all_numeric/b13.bench,7,3,True,1,0,4,0,5,0.000432
4645,data/bench/ITC99_all_numeric/b13.bench,8,3,True,1,0,4,0,5,0.00043
4646,data/bench/ITC99_all_numeric/b13.bench,8,4,True,1,0,4,0,5,0.000434
4647,data/bench/ITC99_all_numeric/b13.bench,9,3,True,1,0,4,0,5,0.000431
4648,data/bench/ITC99_all_numeric/b13.bench,9,4,True,1,0,4,0,5,0.000434
4649,data/bench/ITC99_all_numeric/b13.bench,10,3,True,1,0,4,0,0,0.000416
4650,data/bench/ITC99_all_numeric/b13.bench,10,4,True,1,0,4,0,0,0.000499
4651,data/bench/ITC99_all_numeric/b13.bench,11,3,False,3,0,10001,0,0,1.068239
4652,data/bench/ITC99_all_numeric/b13.bench,11,4,False,3,0,10001,0,0,1.041635
4653,data/bench/ITC99_all_numeric/b13.bench,12,3,False,3,0,10001,0,0,1.042098
4654,data/bench/ITC99_all_numeric/b13.bench,12,4,False,3,0,10001,0,0,1.044308
4655,data/bench/ITC99_all_numeric/b13.bench,13,3,False,3,0,10001,0,0,1.061808
4656,data/bench/ITC99_all_numeric/b13.bench,13,4,False,3,0,10001,0,0,1.043935
4657,data/bench/ITC99_all_numeric/b13.bench,14,3,False,3,0,10001,0,0,1.043743
4658,data/bench/ITC99_all_numeric/b13.bench,14,4,False,3,0,10001,0,0,1.04452
4659,data/bench/ITC99_all_numeric/b13.bench,15,3,False,3,0,10001,0,0,1.06122
4660,data/bench/ITC99_all_numeric/b13.bench,15,4,False,3,0,10001,0,0,1.040634
4661,data/bench/ITC99_all_numeric/b13.bench,16,3,True,1,0,4,0,2,0.000479
4662,data/bench/ITC99_all_numeric/b13.bench,16,4,True,1,0,4,0,2,0.000436
4663,data/bench/ITC99_all_numeric/b13.bench,17,3,True,1,0,4,0,0,0.000415
4664,data/bench/ITC99_all_numeric/b13.bench,17,4,True,1,0,4,0,0,0.000419
4665,data/bench/ITC99_all_numeric/b13.bench,18,3,True,1,0,4,0,0,0.000417
4666,data/bench/ITC99_all_numeric/b13.bench,18,4,True,1,0,4,0,0,0.000417
4667,data/bench/ITC99_all_numeric/b13.bench,19,3,True,1,0,3,0,0,0.00032
4668,data/bench/ITC99_all_numeric/b13.bench,19,4,True,1,0,3,0,0,0.000315
4669,data/bench/ITC99_all_numeric/b13.bench,20,3,True,1,0,3,0,0,0.000319
4670,data/bench/ITC99_all_numeric/b13.bench,21,3,True,1,0,3,0,1,0.000326
4671,data/bench/ITC99_all_numeric/b13.bench,22,3,True,1,0,3,0,1,0.000318
4672,data/bench/ITC99_all_numeric/b13.bench,22,4,True,1,0,3,0,1,0.000318
4673,data/bench/ITC99_all_numeric/b13.bench,23,3,True,1,0,3,0,1,0.000326
4674,data/bench/ITC99_all_numeric/b13.bench,23,4,True,1,0,3,0,1,0.000324
4675,data/bench/ITC99_all_numeric/b13.bench,24,3,True,1,0,3,0,1,0.000473
4676,data/bench/ITC99_all_numeric/b13.bench,24,4,True,1,0,3,0,1,0.000339
4677,data/bench/ITC99_all_numeric/b13.bench,25,3,True,1,0,3,0,1,0.000332
4678,data/bench/ITC99_all_numeric/b13.bench,25,4,True,1,0,3,0,1,0.000323
4679,data/bench/ITC99_all_numeric/b13.bench,26,3,True,1,0,3,0,1,0.000325
4680,data/bench/ITC99_all_numeric/b13.bench,26,4,True,1,0,3,0,1,0.000328
4681,data/bench/ITC99_all_numeric/b13.bench,27,3,True,1,0,3,0,1,0.000326
4682,data/bench/ITC99_all_numeric/b13.bench,27,4,True,1,0,3,0,1,0.000326
4683,data/bench/ITC99_all_numeric/b13.bench,28,3,True,1,0,3,0,1,0.000324
4684,data/bench/ITC99_all_numeric/b13.bench,28,4,True,1,0,3,0,1,0.000317
4685,data/bench/ITC99_all_numeric/b13.bench,29,3,True,1,0,4,0,1,0.000473
4686,data/bench/ITC99_all_numeric/b13.bench,29,4,True,1,0,4,0,1,0.000424
4687,data/bench/ITC99_all_numeric/b13.bench,30,3,True,1,0,2,0,0,0.000208
4688,data/bench/ITC99_all_numeric/b13.bench,30,4,True,1,0,2,0,0,0.000214
4689,data/bench/ITC99_all_numeric/b13.bench,31,3,True,1,0,4,0,0,0.000438
4690,data/bench/ITC99_all_numeric/b13.bench,31,4,True,1,0,4,0,0,0.00044
4691,data/bench/ITC99_all_numeric/b13.bench,32,3,True,1,0,3,0,1,0.00033
4692,data/bench/ITC99_all_numeric/b13.bench,32,4,True,1,0,3,0,1,0.000329
4693,data/bench/ITC99_all_numeric/b13.bench,33,3,True,1,0,3,0,1,0.000324
4694,data/bench/ITC99_all_numeric/b13.bench,33,4,True,1,0,3,0,1,0.000316
4695,data/bench/ITC99_all_numeric/b13.bench,34,3,True,1,0,3,0,1,0.000318
4696,data/bench/ITC99_all_numeric/b13.bench,34,4,True,1,0,3,0,1,0.000318
4697,data/bench/ITC99_all_numeric/b13.bench,35,3,True,1,0,3,0,1,0.000317
4698,data/bench/ITC99_all_numeric/b13.bench,35,4,True,1,0,3,0,1,0.000316
4699,data/bench/ITC99_all_numeric/b13.bench,36,3,True,1,0,3,0,1,0.00032
4700,data/bench/ITC99_all_numeric/b13.bench,36,4,True,1,0,3,0,1,0.000389
4701,data/bench/ITC99_all_numeric/b13.bench,37,3,True,1,0,3,0,1,0.000343
4702,data/bench/ITC99_all_numeric/b13.bench,38,3,True,1,0,3,0,1,0.000326
4703,data/bench/ITC99_all_numeric/b13.bench,38,4,True,1,0,3,0,1,0.000323
4704,data/bench/ITC99_all_numeric/b13.bench,39,3,True,1,0,3,0,1,0.00032
4705,data/bench/ITC99_all_numeric/b13.bench,39,4,True,1,0,3,0,1,0.00032
4706,data/bench/ITC99_all_numeric/b13.bench,40,3,True,1,0,3,0,1,0.000331
4707,data/bench/ITC99_all_numeric/b13.bench,40,4,True,1,0,3,0,1,0.000331
4708,data/bench/ITC99_all_numeric/b13.bench,41,4,True,1,0,3,0,0,0.000339
4709,data/bench/ITC99_all_numeric/b13.bench,42,3,True,1,0,3,0,1,0.000331
4710,data/bench/ITC99_all_numeric/b13.bench,43,3,True,1,0,4,0,0,0.000436
4711,data/bench/ITC99_all_numeric/b13.bench,43,4,True,1,0,4,0,0,0.000432
4712,data/bench/ITC99_all_numeric/b13.bench,44,4,True,1,0,4,0,2,0.000427
4713,data/bench/ITC99_all_numeric/b13.bench,45,3,True,1,0,3,0,0,0.000326
4714,data/bench/ITC99_all_numeric/b13.bench,46,3,True,1,0,3,0,1,0.000322
4715,data/bench/ITC99_all_numeric/b13.bench,46,4,True,1,0,3,0,1,0.000322
4716,data/bench/ITC99_all_numeric/b13.bench,47,3,True,1,0,4,0,0,0.000427
4717,data/bench/ITC99_all_numeric/b13.bench,47,4,True,1,0,4,0,0,0.000428
4718,data/bench/ITC99_all_numeric/b13.bench,48,4,False,3,0,10001,0,0,1.086135
4719,data/bench/ITC99_all_numeric/b13.bench,49,3,True,1,0,3,0,1,0.000365
4720,data/bench/ITC99_all_numeric/b13.bench,49,4,True,1,0,3,0,1,0.00034
4721,data/bench/ITC99_all_numeric/b13.bench,50,3,True,1,0,4,0,0,0.000432
4722,data/bench/ITC99_all_numeric/b13.bench,50,4,True,1,0,4,0,0,0.000429
4723,data/bench/ITC99_all_numeric/b13.bench,51,3,True,1,0,5,0,1,0.000537
4724,data/bench/ITC99_all_numeric/b13.bench,51,4,True,1,0,5,0,1,0.000532
4725,data/bench/ITC99_all_numeric/b13.bench,52,4,True,1,0,3,0,1,0.000394
4726,data/bench/ITC99_all_numeric/b13.bench,53,3,True,1,0,3,0,1,0.000335
4727,data/bench/ITC99_all_numeric/b13.bench,53,4,True,1,0,3,0,1,0.000325
4728,data/bench/ITC99_all_numeric/b13.bench,54,3,False,3,0,10001,0,0,1.045202
4729,data/bench/ITC99_all_numeric/b13.bench,54,4,False,3,0,10001,0,0,1.064189
4730,data/bench/ITC99_all_numeric/b13.bench,55,3,True,1,0,4,0,1,0.000486
4731,data/bench/ITC99_all_numeric/b13.bench,55,4,True,1,0,4,0,1,0.000433
4732,data/bench/ITC99_all_numeric/b13.bench,56,4,True,1,0,4,0,2,0.000428
4733,data/bench/ITC99_all_numeric/b13.bench,57,3,True,1,0,4,0,0,0.000422
4734,data/bench/ITC99_all_numeric/b13.bench,57,4,True,1,0,4,0,0,0.000419
4735,data/bench/ITC99_all_numeric/b13.bench,58,3,True,1,0,4,0,0,0.000426
4736,data/bench/ITC99_all_numeric/b13.bench,58,4,True,1,0,4,0,0,0.000426
4737,data/bench/ITC99_all_numeric/b13.bench,59,3,True,1,0,4,0,0,0.00042
4738,data/bench/ITC99_all_numeric/b13.bench,59,4,True,1,0,4,0,0,0.00042
4739,data/bench/ITC99_all_numeric/b13.bench,60,3,True,1,0,3,0,0,0.000311
4740,data/bench/ITC99_all_numeric/b13.bench,60,4,True,1,0,3,0,0,0.000328
4741,data/bench/ITC99_all_numeric/b13.bench,61,3,True,1,0,3,0,1,0.000317
4742,data/bench/ITC99_all_numeric/b13.bench,61,4,True,1,0,3,0,1,0.000314
4743,data/bench/ITC99_all_numeric/b13.bench,62,4,True,1,0,4,0,0,0.000413
4744,data/bench/ITC99_all_numeric/b13.bench,63,3,True,1,0,2,0,0,0.000203
4745,data/bench/ITC99_all_numeric/b13.bench,64,3,False,0,11,23,0,88,0.003493
4746,data/bench/ITC99_all_numeric/b13.bench,64,4,False,0,11,23,0,88,0.003513
4747,data/bench/ITC99_all_numeric/b13.bench,65,3,False,0,23,47,0,272,0.007256
4748,data/bench/ITC99_all_numeric/b13.bench,65,4,False,0,23,47,0,272,0.007267
4749,data/bench/ITC99_all_numeric/b13.bench,66,3,False,0,11,23,0,88,0.003477
4750,data/bench/ITC99_all_numeric/b13.bench,66,4,False,0,11,23,0,88,0.003664
4751,data/bench/ITC99_all_numeric/b13.bench,67,3,False,0,11,23,0,88,0.003643
4752,data/bench/ITC99_all_numeric/b13.bench,67,4,False,0,11,23,0,88,0.003566
4753,data/bench/ITC99_all_numeric/b13.bench,68,4,False,0,71,143,0,677,0.02236
4754,data/bench/ITC99_all_numeric/b13.bench,69,3,False,0,35,71,0,408,0.011255
4755,data/bench/ITC99_all_numeric/b13.bench,69,4,False,0,35,71,0,408,0.011146
4756,data/bench/ITC99_all_numeric/b13.bench,70,3,False,0,29,59,0,337,0.009255
4757,data/bench/ITC99_all_numeric/b13.bench,71,4,False,0,11,23,0,88,0.003557
4758,data/bench/ITC99_all_numeric/b13.bench,72,3,False,0,4,9,0,15,0.001428
4759,data/bench/ITC99_all_numeric/b13.bench,72,4,False,0,4,9,0,15,0.001408
4760,data/bench/ITC99_all_numeric/b13.bench,73,3,False,0,8,17,0,29,0.00261
4761,data/bench/ITC99_all_numeric/b13.bench,73,4,False,0,8,17,0,29,0.002548
4762,data/bench/ITC99_all_numeric/b13.bench,74,3,False,0,8,17,0,33,0.002608
4763,data/bench/ITC99_all_numeric/b13.bench,74,4,False,0,8,17,0,33,0.002537
4764,data/bench/ITC99_all_numeric/b13.bench,75,3,False,0,8,17,0,33,0.002504
4765,data/bench/ITC99_all_numeric/b13.bench,75,4,False,0,8,17,0,33,0.002506
4766,data/bench/ITC99_all_numeric/b13.bench,76,3,False,0,8,17,0,33,0.002534
4767,data/bench/ITC99_all_numeric/b13.bench,76,4,False,0,8,17,0,33,0.002552
4768,data/bench/ITC99_all_numeric/b13.bench,77,3,False,0,8,17,0,33,0.002529
4769,data/bench/ITC99_all_numeric/b13.bench,77,4,False,0,8,17,0,33,0.002488
4770,data/bench/ITC99_all_numeric/b13.bench,78,3,False,0,8,17,0,33,0.00253
4771,data/bench/ITC99_all_numeric/b13.bench,79,3,False,0,8,17,0,33,0.002608
4772,data/bench/ITC99_all_numeric/b13.bench,79,4,False,0,8,17,0,33,0.002566
4773,data/bench/ITC99_all_numeric/b13.bench,80,3,False,0,8,17,0,33,0.002591
4774,data/bench/ITC99_all_numeric/b13.bench,80,4,False,0,8,17,0,33,0.003345
4775,data/bench/ITC99_all_numeric/b13.bench,81,3,False,0,8,17,0,33,0.002807
4776,data/bench/ITC99_all_numeric/b13.bench,81,4,False,0,8,17,0,33,0.002553
4777,data/bench/ITC99_all_numeric/b13.bench,82,3,False,0,2559,5119,0,44204,0.814241
4778,data/bench/ITC99_all_numeric/b13.bench,82,4,False,0,2559,5119,0,44204,0.802309
4779,data/bench/ITC99_all_numeric/b13.bench,83,3,False,0,2559,5119,0,44204,0.796063
4780,data/bench/ITC99_all_numeric/b13.bench,83,4,False,0,2559,5119,0,44204,0.816991
4781,data/bench/ITC99_all_numeric/b13.bench,84,3,False,0,2559,5119,0,44204,0.79533
4782,data/bench/ITC99_all_numeric/b13.bench,84,4,False,0,2559,5119,0,44204,0.792313
4783,data/bench/ITC99_all_numeric/b13.bench,85,3,False,0,1279,2559,0,16984,0.391851
4784,data/bench/ITC99_all_numeric/b13.bench,86,3,False,0,639,1279,0,9764,0.198502
4785,data/bench/ITC99_all_numeric/b13.bench,86,4,False,0,639,1279,0,9764,0.198334
4786,data/bench/ITC99_all_numeric/b13.bench,87,3,False,0,639,1279,0,9764,0.198912
4787,data/bench/ITC99_all_numeric/b13.bench,87,4,False,0,639,1279,0,9764,0.199029
4788,data/bench/ITC99_all_numeric/b13.bench,88,3,False,0,639,1279,0,9764,0.198986
4789,data/bench/ITC99_all_numeric/b13.bench,89,3,False,0,639,1279,0,9748,0.200896
4790,data/bench/ITC99_all_numeric/b13.bench,89,4,False,0,639,1279,0,9748,0.200731
4791,data/bench/ITC99_all_numeric/b13.bench,90,3,False,0,639,1279,0,9748,0.199576
4792,data/bench/ITC99_all_numeric/b13.bench,90,4,False,0,639,1279,0,9748,0.200226
4793,data/bench/ITC99_all_numeric/b13.bench,91,4,False,0,639,1279,0,9684,0.200136
4794,data/bench/ITC99_all_numeric/b13.bench,92,3,False,0,639,1279,0,9556,0.199469
4795,data/bench/ITC99_all_numeric/b13.bench,92,4,False,0,639,1279,0,9556,0.198454
4796,data/bench/ITC99_all_numeric/b13.bench,93,3,False,0,767,1535,0,11348,0.236494
4797,data/bench/ITC99_all_numeric/b13.bench,93,4,False,0,767,1535,0,11348,0.236598
4798,data/bench/ITC99_all_numeric/b13.bench,94,3,False,0,767,1535,0,11348,0.23647
4799,data/bench/ITC99_all_numeric/b13.bench,94,4,False,0,767,1535,0,11348,0.236572
4800,data/bench/ITC99_all_numeric/b13.bench,95,3,False,0,767,1535,0,11348,0.24291
4801,data/bench/ITC99_all_numeric/b13.bench,95,4,False,0,767,1535,0,11348,0.238139
4802,data/bench/ITC99_all_numeric/b13.bench,96,3,False,0,8,17,0,31,0.002502
4803,data/bench/ITC99_all_numeric/b13.bench,98,3,False,0,11,23,0,35,0.003383
4804,data/bench/ITC99_all_numeric/b13.bench,98,4,False,0,11,23,0,35,0.003325
4805,data/bench/ITC99_all_numeric/b13.bench,99,3,False,0,10,21,0,37,0.003088
4806,data/bench/ITC99_all_numeric/b13.bench,99,4,False,0,10,21,0,37,0.00308
4807,data/bench/ITC99_all_numeric/b13.bench,100,3,True,1,0,2,0,1,0.00021
4808,data/bench/ITC99_all_numeric/b13.bench,100,4,True,1,0,4,0,3,0.000416
4809,data/bench/ITC99_all_numeric/b13.bench,101,3,False,0,15,31,0,100,0.004586
4810,data/bench/ITC99_all_numeric/b13.bench,101,4,False,0,15,31,0,100,0.004645
4811,data/bench/ITC99_all_numeric/b13.bench,102,3,False,0,7,15,0,32,0.002223
4812,data/bench/ITC99_all_numeric/b13.bench,102,4,False,0,7,15,0,32,0.002193
4813,data/bench/ITC99_all_numeric/b13.bench,103,3,False,0,6,13,0,21,0.001892
4814,data/bench/ITC99_all_numeric/b13.bench,103,4,False,0,6,13,0,21,0.001897
4815,data/bench/ITC99_all_numeric/b13.bench,104,3,False,0,15,31,0,100,0.004662
4816,data/bench/ITC99_all_numeric/b13.bench,105,3,False,0,8,17,0,27,0.002477
4817,data/bench/ITC99_all_numeric/b13.bench,105,4,False,0,8,17,0,27,0.002475
4818,data/bench/ITC99_all_numeric/b13.bench,106,3,False,0,7,15,0,26,0.00219
4819,data/bench/ITC99_all_numeric/b13.bench,106,4,False,0,7,15,0,26,0.002268
4820,data/bench/ITC99_all_numeric/b13.bench,107,3,False,0,31,63,0,325,0.0097
4821,data/bench/ITC99_all_numeric/b13.bench,107,4,False,0,31,63,0,325,0.009566
4822,data/bench/ITC99_all_numeric/b13.bench,108,3,False,0,63,127,0,616,0.019279
4823,data/bench/ITC99_all_numeric/b13.bench,108,4,False,0,63,127,0,616,0.019363
4824,data/bench/ITC99_all_numeric/b13.bench,109,3,False,0,8,17,0,38,0.002512
4825,data/bench/ITC99_all_numeric/b13.bench,109,4,False,0,8,17,0,38,0.002562
4826,data/bench/ITC99_all_numeric/b13.bench,110,3,False,0,5,11,0,17,0.00162
4827,data/bench/ITC99_all_numeric/b13.bench,111,3,False,0,10,21,0,53,0.003142
4828,data/bench/ITC99_all_numeric/b13.bench,111,4,False,0,10,21,0,53,0.003076
4829,data/bench/ITC99_all_numeric/b13.bench,112,3,False,0,11,23,0,37,0.00336
4830,data/bench/ITC99_all_numeric/b13.bench,112,4,False,0,11,23,0,37,0.003369
4831,data/bench/ITC99_all_numeric/b13.bench,113,3,False,0,5,11,0,20,0.00168
4832,data/bench/ITC99_all_numeric/b13.bench,114,3,False,0,7,15,0,34,0.002212
4833,data/bench/ITC99_all_numeric/b13.bench,114,4,False,0,7,15,0,34,0.002202
4834,data/bench/ITC99_all_numeric/b13.bench,115,3,False,3,5002,10024,0,86529,1.529936
4835,data/bench/ITC99_all_numeric/b13.bench,115,4,False,3,5001,10023,0,86526,1.533753
4836,data/bench/ITC99_all_numeric/b13.bench,116,4,False,0,31,63,0,310,0.009668
4837,data/bench/ITC99_all_numeric/b13.bench,117,3,False,0,9,19,0,33,0.002838
4838,data/bench/ITC99_all_numeric/b13.bench,117,4,False,0,9,19,0,33,0.002842
4839,data/bench/ITC99_all_numeric/b13.bench,118,4,True,1,0,2,0,1,0.000214
4840,data/bench/ITC99_all_numeric/b13.bench,119,3,True,1,0,3,0,1,0.00033
4841,data/bench/ITC99_all_numeric/b13.bench,119,4,True,1,0,5,0,3,0.000527
4842,data/bench/ITC99_all_numeric/b13.bench,120,3,False,0,39,79,0,211,0.011845
4843,data/bench/ITC99_all_numeric/b13.bench,120,4,False,0,39,79,0,211,0.011795
4844,data/bench/ITC99_all_numeric/b13.bench,121,3,False,0,639,1279,0,7211,0.194946
4845,data/bench/ITC99_all_numeric/b13.bench,121,4,False,0,639,1279,0,7211,0.194726
4846,data/bench/ITC99_all_numeric/b13.bench,122,3,False,0,319,639,0,2966,0.097474
4847,data/bench/ITC99_all_numeric/b13.bench,122,4,False,0,319,639,0,2966,0.097482
4848,data/bench/ITC99_all_numeric/b13.bench,123,3,False,0,23,47,0,180,0.00705
4849,data/bench/ITC99_all_numeric/b13.bench,123,4,False,0,23,47,0,180,0.007012
4850,data/bench/ITC99_all_numeric/b13.bench,124,3,False,0,5,11,0,32,0.001704
4851,data/bench/ITC99_all_numeric/b13.bench,124,4,False,0,5,11,0,32,0.001631
4852,data/bench/ITC99_all_numeric/b13.bench,125,3,True,1,0,2,0,1,0.000218
4853,data/bench/ITC99_all_numeric/b13.bench,125,4,True,1,0,4,0,5,0.000423
4854,data/bench/ITC99_all_numeric/b13.bench,126,3,False,0,6,13,0,6,0.001851
4855,data/bench/ITC99_all_numeric/b13.bench,126,4,False,0,8,17,0,3,0.002429
4856,data/bench/ITC99_all_numeric/b13.bench,127,3,False,0,3,7,0,9,0.001061
4857,data/bench/ITC99_all_numeric/b13.bench,127,4,False,0,3,7,0,9,0.001029
4858,data/bench/ITC99_all_numeric/b13.bench,128,3,True,1,0,2,0,1,0.00021
4859,data/bench/ITC99_all_numeric/b13.bench,128,4,True,1,0,2,0,1,0.000208
4860,data/bench/ITC99_all_numeric/b13.bench,129,3,True,1,0,4,0,2,0.000427
4861,data/bench/ITC99_all_numeric/b13.bench,129,4,True,1,0,3,0,1,0.000314
4862,data/bench/ITC99_all_numeric/b13.bench,130,3,False,0,155,311,0,1214,0.046818
4863,data/bench/ITC99_all_numeric/b13.bench,130,4,False,0,155,311,0,1214,0.0467
4864,data/bench/ITC99_all_numeric/b13.bench,131,3,False,0,31,63,0,247,0.009582
4865,data/bench/ITC99_all_numeric/b13.bench,132,3,False,0,639,1279,0,7212,0.195972
4866,data/bench/ITC99_all_numeric/b13.bench,132,4,False,0,639,1279,0,7212,0.195402
4867,data/bench/ITC99_all_numeric/b13.bench,133,3,False,0,3,7,0,7,0.001048
4868,data/bench/ITC99_all_numeric/b13.bench,133,4,False,0,4,9,0,7,0.001376
4869,data/bench/ITC99_all_numeric/b13.bench,134,3,True,1,0,4,0,1,0.00044
4870,data/bench/ITC99_all_numeric/b13.bench,134,4,True,1,0,4,0,1,0.000462
4871,data/bench/ITC99_all_numeric/b13.bench,135,3,False,0,1279,2559,0,19542,0.39914
4872,data/bench/ITC99_all_numeric/b13.bench,135,4,False,0,1279,2559,0,19542,0.396892
4873,data/bench/ITC99_all_numeric/b13.bench,136,3,False,0,7,15,0,19,0.002266
4874,data/bench/ITC99_all_numeric/b13.bench,136,4,False,0,7,15,0,19,0.002224
4875,data/bench/ITC99_all_numeric/b13.bench,137,4,True,1,0,4,0,5,0.000508
4876,data/bench/ITC99_all_numeric/b13.bench,138,4,True,1,0,4,0,3,0.000443
4877,data/bench/ITC99_all_numeric/b13.bench,139,3,True,1,0,2,0,1,0.000216
4878,data/bench/ITC99_all_numeric/b13.bench,139,4,True,1,0,3,0,2,0.000323
4879,data/bench/ITC99_all_numeric/b13.bench,140,3,True,1,0,2,0,1,0.000214
4880,data/bench/ITC99_all_numeric/b13.bench,140,4,True,1,0,4,0,5,0.000465
4881,data/bench/ITC99_all_numeric/b13.bench,141,4,True,1,0,4,0,4,0.000429
4882,data/bench/ITC99_all_numeric/b13.bench,142,3,False,0,31,63,0,261,0.009688
4883,data/bench/ITC99_all_numeric/b13.bench,142,4,False,0,31,63,0,261,0.009848
4884,data/bench/ITC99_all_numeric/b13.bench,143,3,False,0,15,31,0,131,0.005142
4885,data/bench/ITC99_all_numeric/b13.bench,143,4,False,0,15,31,0,131,0.00478
4886,data/bench/ITC99_all_numeric/b13.bench,144,3,True,1,0,2,0,1,0.000221
4887,data/bench/ITC99_all_numeric/b13.bench,144,4,True,1,0,3,0,3,0.000322
4888,data/bench/ITC99_all_numeric/b13.bench,145,3,True,1,0,2,0,1,0.000216
4889,data/bench/ITC99_all_numeric/b13.bench,145,4,True,1,0,3,0,3,0.000323
4890,data/bench/ITC99_all_numeric/b13.bench,146,3,True,1,0,2,0,1,0.000216
4891,data/bench/ITC99_all_numeric/b13.bench,146,4,True,1,0,3,0,3,0.000325
4892,data/bench/ITC99_all_numeric/b13.bench,147,3,True,1,0,2,0,1,0.000223
4893,data/bench/ITC99_all_numeric/b13.bench,147,4,True,1,0,4,0,3,0.00042
4894,data/bench/ITC99_all_numeric/b13.bench,148,3,False,0,15,31,0,100,0.004696
4895,data/bench/ITC99_all_numeric/b13.bench,148,4,False,0,15,31,0,100,0.004734
4896,data/bench/ITC99_all_numeric/b13.bench,149,3,False,0,15,31,0,69,0.004649
4897,data/bench/ITC99_all_numeric/b13.bench,149,4,False,0,15,31,0,69,0.004715
4898,data/bench/ITC99_all_numeric/b13.bench,150,4,True,1,0,3,0,3,0.000323
4899,data/bench/ITC99_all_numeric/b13.bench,151,4,True,1,0,3,0,3,0.000321
4900,data/bench/ITC99_all_numeric/b13.bench,152,3,True,1,0,3,0,1,0.000397
4901,data/bench/ITC99_all_numeric/b13.bench,152,4,True,1,0,6,0,6,0.000659
4902,data/bench/ITC99_all_numeric/b13.bench,153,3,False,0,11,23,0,65,0.003476
4903,data/bench/ITC99_all_numeric/b13.bench,153,4,False,0,11,23,0,65,0.003454
4904,data/bench/ITC99_all_numeric/b13.bench,154,3,True,1,0,2,0,1,0.000223
4905,data/bench/ITC99_all_numeric/b13.bench,155,4,True,1,0,4,0,3,0.000418
4906,data/bench/ITC99_all_numeric/b13.bench,156,3,True,1,0,2,0,1,0.000211
4907,data/bench/ITC99_all_numeric/b13.bench,156,4,True,1,0,3,0,3,0.000317
4908,data/bench/ITC99_all_numeric/b13.bench,157,3,True,1,0,2,0,1,0.00021
4909,data/bench/ITC99_all_numeric/b13.bench,157,4,True,1,0,4,0,3,0.000417
4910,data/bench/ITC99_all_numeric/b13.bench,158,3,True,1,0,2,0,1,0.00022
4911,data/bench/ITC99_all_numeric/b13.bench,158,4,True,1,0,3,0,3,0.000325
4912,data/bench/ITC99_all_numeric/b13.bench,159,3,True,1,0,2,0,1,0.000215
4913,data/bench/ITC99_all_numeric/b13.bench,159,4,True,1,0,4,0,3,0.000428
4914,data/bench/ITC99_all_numeric/b13.bench,160,3,True,1,0,2,0,1,0.000212
4915,data/bench/ITC99_all_numeric/b13.bench,160,4,True,1,0,3,0,3,0.000323
4916,data/bench/ITC99_all_numeric/b13.bench,162,3,True,1,0,2,0,1,0.000213
4917,data/bench/ITC99_all_numeric/b13.bench,162,4,True,1,0,3,0,3,0.000328
4918,data/bench/ITC99_all_numeric/b13.bench,163,3,False,0,767,1535,0,9814,0.235954
4919,data/bench/ITC99_all_numeric/b13.bench,164,3,True,1,0,2,0,1,0.00024
4920,data/bench/ITC99_all_numeric/b13.bench,164,4,True,1,0,3,0,3,0.000336
4921,data/bench/ITC99_all_numeric/b13.bench,165,3,False,0,639,1279,0,8490,0.196432
4922,data/bench/ITC99_all_numeric/b13.bench,166,3,True,1,0,2,0,1,0.000241
4923,data/bench/ITC99_all_numeric/b13.bench,166,4,True,1,0,3,0,3,0.000331
4924,data/bench/ITC99_all_numeric/b13.bench,167,3,False,0,639,1279,0,8490,0.196434
4925,data/bench/ITC99_all_numeric/b13.bench,168,3,True,1,0,2,0,1,0.000289
4926,data/bench/ITC99_all_numeric/b13.bench,168,4,True,1,0,3,0,3,0.000345
4927,data/bench/ITC99_all_numeric/b13.bench,169,3,False,0,639,1279,0,8490,0.203744
4928,data/bench/ITC99_all_numeric/b13.bench,169,4,False,0,639,1279,0,8490,0.199648
4929,data/bench/ITC99_all_numeric/b13.bench,170,3,True,1,0,2,0,1,0.000242
4930,data/bench/ITC99_all_numeric/b13.bench,171,3,False,0,639,1279,0,8490,0.197227
4931,data/bench/ITC99_all_numeric/b13.bench,171,4,False,0,639,1279,0,8490,0.196624
4932,data/bench/ITC99_all_numeric/b13.bench,172,3,True,1,0,2,0,1,0.00024
4933,data/bench/ITC99_all_numeric/b13.bench,172,4,True,1,0,3,0,3,0.000334
4934,data/bench/ITC99_all_numeric/b13.bench,173,3,False,0,639,1279,0,8490,0.196748
4935,data/bench/ITC99_all_numeric/b13.bench,173,4,False,0,639,1279,0,8490,0.197157
4936,data/bench/ITC99_all_numeric/b13.bench,174,3,True,1,0,2,0,1,0.000228
4937,data/bench/ITC99_all_numeric/b13.bench,174,4,True,1,0,3,0,3,0.000329
4938,data/bench/ITC99_all_numeric/b13.bench,175,3,False,0,639,1279,0,8490,0.197084
4939,data/bench/ITC99_all_numeric/b13.bench,175,4,False,0,639,1279,0,8490,0.197175
4940,data/bench/ITC99_all_numeric/b13.bench,176,3,True,1,0,2,0,1,0.000258
4941,data/bench/ITC99_all_numeric/b13.bench,176,4,True,1,0,3,0,3,0.000337
4942,data/bench/ITC99_all_numeric/b13.bench,177,3,False,0,639,1279,0,8490,0.197767
4943,data/bench/ITC99_all_numeric/b13.bench,177,4,False,0,639,1279,0,8490,0.196269
4944,data/bench/ITC99_all_numeric/b13.bench,178,4,True,1,0,3,0,3,0.000353
4945,data/bench/ITC99_all_numeric/b13.bench,179,3,False,0,639,1279,0,8490,0.197514
4946,data/bench/ITC99_all_numeric/b13.bench,179,4,False,0,639,1279,0,8490,0.197701
4947,data/bench/ITC99_all_numeric/b13.bench,180,3,True,1,0,2,0,1,0.000241
4948,data/bench/ITC99_all_numeric/b13.bench,180,4,True,1,0,3,0,3,0.000336
4949,data/bench/ITC99_all_numeric/b13.bench,181,3,False,0,639,1279,0,8490,0.196582
4950,data/bench/ITC99_all_numeric/b13.bench,181,4,False,0,639,1279,0,8490,0.199625
4951,data/bench/ITC99_all_numeric/b13.bench,182,4,False,0,2559,5119,0,39085,0.793869
4952,data/bench/ITC99_all_numeric/b13.bench,183,3,False,0,3839,7679,0,50961,1.170846
4953,data/bench/ITC99_all_numeric/b13.bench,183,4,False,0,3839,7679,0,50961,1.173627
4954,data/bench/ITC99_all_numeric/b13.bench,184,3,False,0,3,7,0,16,0.00107
4955,data/bench/ITC99_all_numeric/b13.bench,185,3,False,0,2559,5119,0,39085,0.7896
4956,data/bench/ITC99_all_numeric/b13.bench,185,4,False,0,2559,5119,0,39085,0.78675
4957,data/bench/ITC99_all_numeric/b13.bench,186,3,True,1,0,3,0,1,0.000357
4958,data/bench/ITC99_all_numeric/b13.bench,187,3,True,1,0,2,0,1,0.000221
4959,data/bench/ITC99_all_numeric/b13.bench,187,4,True,1,0,3,0,3,0.000328
4960,data/bench/ITC99_all_numeric/b13.bench,189,3,False,0,23,47,0,225,0.007138
4961,data/bench/ITC99_all_numeric/b13.bench,189,4,False,0,23,47,0,225,0.007181
4962,data/bench/ITC99_all_numeric/b13.bench,190,3,False,0,11,23,0,65,0.003478
4963,data/bench/ITC99_all_numeric/b13.bench,191,3,False,0,29,59,0,278,0.008944
4964,data/bench/ITC99_all_numeric/b13.bench,191,4,False,0,29,59,0,278,0.008938
4965,data/bench/ITC99_all_numeric/b13.bench,192,3,False,0,23,47,0,221,0.007137
4966,data/bench/ITC99_all_numeric/b13.bench,192,4,False,0,23,47,0,221,0.007112
4967,data/bench/ITC99_all_numeric/b13.bench,193,3,False,0,23,47,0,223,0.007134
4968,data/bench/ITC99_all_numeric/b13.bench,193,4,False,0,23,47,0,223,0.007115
4969,data/bench/ITC99_all_numeric/b13.bench,194,3,False,0,35,71,0,337,0.01073
4970,data/bench/ITC99_all_numeric/b13.bench,194,4,False,0,35,71,0,337,0.010792
4971,data/bench/ITC99_all_numeric/b13.bench,195,3,False,0,11,23,0,65,0.003434
4972,data/bench/ITC99_all_numeric/b13.bench,195,4,False,0,11,23,0,65,0.003418
4973,data/bench/ITC99_all_numeric/b13.bench,196,4,False,0,11,23,0,65,0.003415
4974,data/bench/ITC99_all_numeric/b13.bench,197,4,False,0,29,59,0,394,0.009047
4975,data/bench/ITC99_all_numeric/b13.bench,198,3,False,0,23,47,0,225,0.007277
4976,data/bench/ITC99_all_numeric/b13.bench,199,3,False,0,11,23,0,65,0.003488
4977,data/bench/ITC99_all_numeric/b13.bench,199,4,False,0,11,23,0,65,0.003487
4978,data/bench/ITC99_all_numeric/b13.bench,200,3,False,0,11,23,0,65,0.003516
4979,data/bench/ITC99_all_numeric/b13.bench,200,4,False,0,11,23,0,65,0.00352
4980,data/bench/ITC99_all_numeric/b13.bench,201,3,False,0,47,95,0,455,0.014765
4981,data/bench/ITC99_all_numeric/b13.bench,202,3,False,0,35,71,0,267,0.011155
4982,data/bench/ITC99_all_numeric/b13.bench,202,4,False,0,35,71,0,267,0.010992
4983,data/bench/ITC99_all_numeric/b13.bench,203,3,False,0,1,3,0,2,0.000435
4984,data/bench/ITC99_all_numeric/b13.bench,204,3,True,1,0,3,0,1,0.000331
4985,data/bench/ITC99_all_numeric/b13.bench,204,4,True,1,0,3,0,1,0.000331
4986,data/bench/ITC99_all_numeric/b13.bench,205,3,False,0,319,639,0,2327,0.098492
4987,data/bench/ITC99_all_numeric/b13.bench,205,4,False,0,319,639,0,2327,0.098804
4988,data/bench/ITC99_all_numeric/b13.bench,206,3,False,0,639,1279,0,5933,0.194167
4989,data/bench/ITC99_all_numeric/b13.bench,206,4,False,0,639,1279,0,5933,0.195226
4990,data/bench/ITC99_all_numeric/b13.bench,207,3,True,1,0,3,0,2,0.00037
4991,data/bench/ITC99_all_numeric/b13.bench,207,4,True,1,0,3,0,2,0.00034
4992,data/bench/ITC99_all_numeric/b13.bench,208,3,False,0,1279,2559,0,16983,0.391935
4993,data/bench/ITC99_all_numeric/b13.bench,209,3,True,1,0,3,0,2,0.000361
4994,data/bench/ITC99_all_numeric/b13.bench,210,4,True,1,0,3,0,1,0.000331
4995,data/bench/ITC99_all_numeric/b13.bench,211,4,True,1,0,5,0,3,0.000534
4996,data/bench/ITC99_all_numeric/b13.bench,212,3,True,1,0,3,0,1,0.000338
4997,data/bench/ITC99_all_numeric/b13.bench,212,4,True,1,0,3,0,1,0.000342
4998,data/bench/ITC99_all_numeric/b13.bench,213,3,True,1,0,4,0,1,0.000432
4999,data/bench/ITC99_all_numeric/b13.bench,214,4,True,1,0,4,0,2,0.000425
5000,data/bench/ITC99_all_numeric/b13.bench,215,3,True,1,0,4,0,2,0.000504
5001,data/bench/ITC99_all_numeric/b13.bench,216,3,True,1,0,4,0,1,0.000444
5002,data/bench/ITC99_all_numeric/b13.bench,217,3,True,1,0,4,0,5,0.000438
5003,data/bench/ITC99_all_numeric/b13.bench,217,4,True,1,0,4,0,5,0.00044
5004,data/bench/ITC99_all_numeric/b13.bench,218,3,True,1,0,4,0,1,0.000442
5005,data/bench/ITC99_all_numeric/b13.bench,218,4,True,1,0,4,0,1,0.000444
5006,data/bench/ITC99_all_numeric/b13.bench,219,3,True,1,0,3,0,1,0.000321
5007,data/bench/ITC99_all_numeric/b13.bench,219,4,True,1,0,3,0,1,0.000322
5008,data/bench/ITC99_all_numeric/b13.bench,220,3,True,1,0,3,0,1,0.000321
5009,data/bench/ITC99_all_numeric/b13.bench,221,3,True,1,0,5,0,2,0.000523
5010,data/bench/ITC99_all_numeric/b13.bench,221,4,True,1,0,5,0,2,0.000538
5011,data/bench/ITC99_all_numeric/b13.bench,222,3,True,1,0,5,0,2,0.000546
5012,data/bench/ITC99_all_numeric/b13.bench,222,4,True,1,0,5,0,2,0.000539
5013,data/bench/ITC99_all_numeric/b13.bench,223,3,True,1,0,4,0,2,0.000431
5014,data/bench/ITC99_all_numeric/b13.bench,223,4,True,1,0,4,0,2,0.000436
5015,data/bench/ITC99_all_numeric/b13.bench,224,3,True,1,0,3,0,1,0.00032
5016,data/bench/ITC99_all_numeric/b13.bench,224,4,True,1,0,3,0,1,0.000319
5017,data/bench/ITC99_all_numeric/b13.bench,225,3,False,0,1,3,0,2,0.000428
5018,data/bench/ITC99_all_numeric/b13.bench,225,4,False,0,1,3,0,2,0.000428
5019,data/bench/ITC99_all_numeric/b13.bench,226,3,False,0,5,11,0,21,0.001623
5020,data/bench/ITC99_all_numeric/b13.bench,226,4,False,0,5,11,0,21,0.001639
5021,data/bench/ITC99_all_numeric/b13.bench,227,3,True,1,0,4,0,6,0.000439
5022,data/bench/ITC99_all_numeric/b13.bench,227,4,True,1,0,3,0,3,0.000325
5023,data/bench/ITC99_all_numeric/b13.bench,228,3,False,0,5,11,0,10,0.001629
5024,data/bench/ITC99_all_numeric/b13.bench,228,4,False,0,5,11,0,10,0.001661
5025,data/bench/ITC99_all_numeric/b13.bench,229,4,True,1,0,6,0,2,0.000719
5026,data/bench/ITC99_all_numeric/b13.bench,230,4,True,1,0,3,0,3,0.000339
5027,data/bench/ITC99_all_numeric/b13.bench,231,4,True,1,0,4,0,9,0.000449
5028,data/bench/ITC99_all_numeric/b13.bench,232,3,True,1,0,2,0,2,0.000227
5029,data/bench/ITC99_all_numeric/b13.bench,232,4,True,1,0,4,0,8,0.000446
5030,data/bench/ITC99_all_numeric/b13.bench,233,3,True,1,0,2,0,1,0.000224
5031,data/bench/ITC99_all_numeric/b13.bench,234,3,True,1,0,2,0,1,0.000229
5032,data/bench/ITC99_all_numeric/b13.bench,234,4,True,1,0,3,0,3,0.000326
5033,data/bench/ITC99_all_numeric/b13.bench,235,3,True,1,0,2,0,1,0.000217
5034,data/bench/ITC99_all_numeric/b13.bench,235,4,True,1,0,3,0,3,0.00033
5035,data/bench/ITC99_all_numeric/b13.bench,236,3,True,1,0,2,0,1,0.000261
5036,data/bench/ITC99_all_numeric/b13.bench,236,4,True,1,0,4,0,8,0.000435
5037,data/bench/ITC99_all_numeric/b13.bench,237,3,True,1,0,2,0,1,0.00022
5038,data/bench/ITC99_all_numeric/b13.bench,237,4,True,1,0,3,0,3,0.000329
5039,data/bench/ITC99_all_numeric/b13.bench,238,3,True,1,0,2,0,1,0.000219
5040,data/bench/ITC99_all_numeric/b13.bench,238,4,True,1,0,4,0,8,0.000444
5041,data/bench/ITC99_all_numeric/b13.bench,239,4,True,1,0,3,0,3,0.000327
5042,data/bench/ITC99_all_numeric/b13.bench,240,3,True,1,0,2,0,1,0.000221
5043,data/bench/ITC99_all_numeric/b13.bench,240,4,True,1,0,4,0,8,0.000433
5044,data/bench/ITC99_all_numeric/b13.bench,241,3,True,1,0,2,0,1,0.000222
5045,data/bench/ITC99_all_numeric/b13.bench,242,3,True,1,0,2,0,1,0.000221
5046,data/bench/ITC99_all_numeric/b13.bench,242,4,True,1,0,4,0,8,0.000446
5047,data/bench/ITC99_all_numeric/b13.bench,243,3,True,1,0,2,0,1,0.000219
5048,data/bench/ITC99_all_numeric/b13.bench,243,4,True,1,0,3,0,3,0.000327
5049,data/bench/ITC99_all_numeric/b13.bench,244,3,True,1,0,2,0,1,0.000222
5050,data/bench/ITC99_all_numeric/b13.bench,244,4,True,1,0,4,0,8,0.000561
5051,data/bench/ITC99_all_numeric/b13.bench,245,3,True,1,0,2,0,1,0.000232
5052,data/bench/ITC99_all_numeric/b13.bench,245,4,True,1,0,3,0,3,0.000342
5053,data/bench/ITC99_all_numeric/b13.bench,246,3,True,1,0,2,0,1,0.000228
5054,data/bench/ITC99_all_numeric/b13.bench,247,4,True,1,0,3,0,3,0.000329
5055,data/bench/ITC99_all_numeric/b13.bench,248,3,True,1,0,2,0,1,0.000218
5056,data/bench/ITC99_all_numeric/b13.bench,248,4,True,1,0,4,0,8,0.000441
5057,data/bench/ITC99_all_numeric/b13.bench,249,4,True,1,0,3,0,3,0.000327
5058,data/bench/ITC99_all_numeric/b13.bench,250,3,True,1,0,2,0,1,0.00022
5059,data/bench/ITC99_all_numeric/b13.bench,250,4,True,1,0,4,0,8,0.000446
5060,data/bench/ITC99_all_numeric/b13.bench,251,3,True,1,0,2,0,1,0.000224
5061,data/bench/ITC99_all_numeric/b13.bench,251,4,True,1,0,3,0,3,0.00033
5062,data/bench/ITC99_all_numeric/b13.bench,252,3,False,0,3839,7679,0,66307,1.186386
5063,data/bench/ITC99_all_numeric/b13.bench,252,4,False,0,3839,7679,0,66307,1.185007
5064,data/bench/ITC99_all_numeric/b13.bench,253,3,False,0,2559,5119,0,39085,0.789934
5065,data/bench/ITC99_all_numeric/b13.bench,253,4,False,0,2559,5119,0,39085,0.788175
5066,data/bench/ITC99_all_numeric/b13.bench,254,3,False,0,639,1279,0,8491,0.197109
5067,data/bench/ITC99_all_numeric/b13.bench,254,4,False,0,639,1279,0,8491,0.19573
5068,data/bench/ITC99_all_numeric/b13.bench,255,3,False,0,1279,2559,0,14425,0.389398
5069,data/bench/ITC99_all_numeric/b13.bench,255,4,False,0,1279,2559,0,14425,0.391864
5070,data/bench/ITC99_all_numeric/b13.bench,256,3,True,1,0,2,0,1,0.000247
5071,data/bench/ITC99_all_numeric/b13.bench,256,4,True,1,0,3,0,3,0.000336
5072,data/bench/ITC99_all_numeric/b13.bench,257,3,True,1,0,2,0,1,0.000224
5073,data/bench/ITC99_all_numeric/b13.bench,258,3,True,1,0,2,0,1,0.000222
5074,data/bench/ITC99_all_numeric/b13.bench,258,4,True,1,0,4,0,7,0.000446
5075,data/bench/ITC99_all_numeric/b13.bench,259,3,True,1,0,2,0,1,0.000297
5076,data/bench/ITC99_all_numeric/b13.bench,260,3,True,1,0,3,0,1,0.000353
5077,data/bench/ITC99_all_numeric/b13.bench,260,4,True,1,0,4,0,3,0.000443
5078,data/bench/ITC99_all_numeric/b13.bench,261,4,False,0,7,15,0,34,0.002253
5079,data/bench/ITC99_all_numeric/b13.bench,262,3,False,0,23,47,0,272,0.007242
5080,data/bench/ITC99_all_numeric/b13.bench,262,4,False,0,23,47,0,272,0.009798
5081,data/bench/ITC99_all_numeric/b13.bench,263,3,False,0,5,11,0,7,0.001613
5082,data/bench/ITC99_all_numeric/b13.bench,263,4,False,0,8,17,0,6,0.00248
5083,data/bench/ITC99_all_numeric/b13.bench,264,3,False,0,3,7,0,11,0.001032
5084,data/bench/ITC99_all_numeric/b13.bench,264,4,False,0,3,7,0,11,0.001015
5085,data/bench/ITC99_all_numeric/b13.bench,265,3,True,1,0,3,0,1,0.000331
5086,data/bench/ITC99_all_numeric/b13.bench,265,4,True,1,0,3,0,1,0.000333
5087,data/bench/ITC99_all_numeric/b13.bench,267,3,True,1,0,5,0,4,0.000538
5088,data/bench/ITC99_all_numeric/b13.bench,267,4,True,1,0,4,0,2,0.000435
5089,data/bench/ITC99_all_numeric/b13.bench,268,3,True,1,0,3,0,1,0.000324
5090,data/bench/ITC99_all_numeric/b13.bench,268,4,True,1,0,5,0,7,0.000589
5091,data/bench/ITC99_all_numeric/b13.bench,270,3,True,1,0,3,0,1,0.00032
5092,data/bench/ITC99_all_numeric/b13.bench,270,4,True,1,0,4,0,2,0.000422
5093,data/bench/ITC99_all_numeric/b13.bench,271,3,True,1,0,3,0,1,0.000323
5094,data/bench/ITC99_all_numeric/b13.bench,271,4,True,1,0,5,0,5,0.000528
5095,data/bench/ITC99_all_numeric/b13.bench,272,3,False,0,15,31,0,99,0.004636
5096,data/bench/ITC99_all_numeric/b13.bench,272,4,False,0,15,31,0,99,0.004706
5097,data/bench/ITC99_all_numeric/b13.bench,273,3,True,1,0,3,0,1,0.000328
5098,data/bench/ITC99_all_numeric/b13.bench,274,4,False,0,17,35,0,133,0.005244
5099,data/bench/ITC99_all_numeric/b13.bench,275,3,False,0,11,23,0,87,0.003377
5100,data/bench/ITC99_all_numeric/b13.bench,276,3,True,1,0,3,0,1,0.000403
5101,data/bench/ITC99_all_numeric/b13.bench,276,4,True,1,0,4,0,2,0.000439
5102,data/bench/ITC99_all_numeric/b13.bench,277,3,True,1,0,3,0,1,0.00033
5103,data/bench/ITC99_all_numeric/b13.bench,277,4,True,1,0,4,0,2,0.000434
5104,data/bench/ITC99_all_numeric/b13.bench,278,4,True,1,0,3,0,2,0.000335
5105,data/bench/ITC99_all_numeric/b13.bench,279,3,True,1,0,3,0,4,0.000336
5106,data/bench/ITC99_all_numeric/b13.bench,279,4,True,1,0,3,0,4,0.000334
5107,data/bench/ITC99_all_numeric/b13.bench,280,3,True,1,0,2,0,1,0.000221
5108,data/bench/ITC99_all_numeric/b13.bench,280,4,True,1,0,3,0,3,0.000332
5109,data/bench/ITC99_all_numeric/b13.bench,281,3,False,0,6,13,0,7,0.001884
5110,data/bench/ITC99_all_numeric/b13.bench,281,4,False,0,5,11,0,8,0.001662
5111,data/bench/ITC99_all_numeric/b13.bench,282,3,False,0,7,15,0,13,0.002192
5112,data/bench/ITC99_all_numeric/b13.bench,283,3,False,0,5,11,0,17,0.001604
5113,data/bench/ITC99_all_numeric/b13.bench,283,4,False,0,9,19,0,33,0.002781
5114,data/bench/ITC99_all_numeric/b13.bench,284,3,False,0,767,1535,0,23556,0.254431
5115,data/bench/ITC99_all_numeric/b13.bench,284,4,False,0,767,1535,0,23556,0.254103
5116,data/bench/ITC99_all_numeric/b13.bench,285,3,False,0,383,767,0,10244,0.125787
5117,data/bench/ITC99_all_numeric/b13.bench,286,4,False,0,191,383,0,4356,0.062096
5118,data/bench/ITC99_all_numeric/b13.bench,287,3,False,0,95,191,0,1796,0.030236
5119,data/bench/ITC99_all_numeric/b13.bench,287,4,False,0,95,191,0,1796,0.030229
5120,data/bench/ITC99_all_numeric/b13.bench,288,3,False,0,47,95,0,708,0.014822
5121,data/bench/ITC99_all_numeric/b13.bench,288,4,False,0,47,95,0,708,0.014844
5122,data/bench/ITC99_all_numeric/b13.bench,289,3,False,0,23,47,0,260,0.007271
5123,data/bench/ITC99_all_numeric/b13.bench,289,4,False,0,23,47,0,260,0.007179
5124,data/bench/ITC99_all_numeric/b13.bench,290,3,False,0,11,23,0,84,0.003604
5125,data/bench/ITC99_all_numeric/b13.bench,290,4,False,0,11,23,0,84,0.00356
5126,data/bench/ITC99_all_numeric/b13.bench,291,3,False,0,5,11,0,22,0.001704
5127,data/bench/ITC99_all_numeric/b13.bench,291,4,False,0,5,11,0,22,0.001637
5128,data/bench/ITC99_all_numeric/b13.bench,292,3,False,0,7,15,0,33,0.002223
5129,data/bench/ITC99_all_numeric/b13.bench,292,4,False,0,7,15,0,33,0.002233
5130,data/bench/ITC99_all_numeric/b13.bench,293,3,False,0,3,7,0,6,0.001119
5131,data/bench/ITC99_all_numeric/b13.bench,293,4,False,0,5,11,0,14,0.001621
5132,data/bench/ITC99_all_numeric/b13.bench,294,4,False,0,5,11,0,19,0.001721
5133,data/bench/ITC99_all_numeric/b13.bench,295,3,False,0,3,7,0,9,0.001049
5134,data/bench/ITC99_all_numeric/b13.bench,295,4,False,0,5,11,0,20,0.001607
5135,data/bench/ITC99_all_numeric/b13.bench,296,4,False,0,3,7,0,6,0.001062
5136,data/bench/ITC99_all_numeric/b13.bench,297,3,False,0,15,31,0,92,0.004715
5137,data/bench/ITC99_all_numeric/b13.bench,297,4,False,0,15,31,0,92,0.004798
5138,data/bench/ITC99_all_numeric/b13.bench,298,3,False,0,7,15,0,33,0.002292
5139,data/bench/ITC99_all_numeric/b13.bench,298,4,False,0,7,15,0,33,0.002308
5140,data/bench/ITC99_all_numeric/b13.bench,299,3,False,0,3,7,0,6,0.001068
5141,data/bench/ITC99_all_numeric/b13.bench,299,4,False,0,5,11,0,14,0.001645
5142,data/bench/ITC99_all_numeric/b13.bench,300,3,False,0,3,7,0,9,0.001056
5143,data/bench/ITC99_all_numeric/b13.bench,301,3,False,0,2,5,0,3,0.000711
5144,data/bench/ITC99_all_numeric/b13.bench,302,3,False,0,77,155,0,451,0.023704
5145,data/bench/ITC99_all_numeric/b13.bench,302,4,False,0,77,155,0,451,0.023906
5146,data/bench/ITC99_all_numeric/b13.bench,303,3,True,1,0,4,0,2,0.00045
5147,data/bench/ITC99_all_numeric/b13.bench,304,3,True,1,0,4,0,4,0.000437
5148,data/bench/ITC99_all_numeric/b13.bench,305,3,True,1,0,5,0,5,0.000541
5149,data/bench/ITC99_all_numeric/b13.bench,305,4,True,1,0,5,0,4,0.000578
5150,data/bench/ITC99_all_numeric/b13.bench,306,3,True,1,0,4,0,4,0.000516
5151,data/bench/ITC99_all_numeric/b13.bench,306,4,True,1,0,5,0,8,0.000552
5152,data/bench/ITC99_all_numeric/b13.bench,307,3,True,1,0,4,0,3,0.000443
5153,data/bench/ITC99_all_numeric/b13.bench,307,4,True,1,0,4,0,4,0.000431
5154,data/bench/ITC99_all_numeric/b13.bench,308,3,True,1,0,4,0,3,0.000432
5155,data/bench/ITC99_all_numeric/b13.bench,308,4,True,1,0,4,0,3,0.00042
5156,data/bench/ITC99_all_numeric/b13.bench,309,3,True,1,0,4,0,5,0.000431
5157,data/bench/ITC99_all_numeric/b13.bench,309,4,True,1,0,4,0,5,0.000474
5158,data/bench/ITC99_all_numeric/b13.bench,310,3,True,1,0,3,0,1,0.000644
5159,data/bench/ITC99_all_numeric/b13.bench,310,4,True,1,0,3,0,1,0.00045
5160,data/bench/ITC99_all_numeric/b13.bench,311,3,True,1,0,3,0,1,0.000349
5161,data/bench/ITC99_all_numeric/b13.bench,311,4,True,1,0,4,0,2,0.000517
5162,data/bench/ITC99_all_numeric/b13.bench,313,3,False,0,5,11,0,19,0.001617
5163,data/bench/ITC99_all_numeric/b13.bench,313,4,False,0,5,11,0,19,0.001625
5164,data/bench/ITC99_all_numeric/b13.bench,314,4,True,1,0,3,0,3,0.000332
5165,data/bench/ITC99_all_numeric/b13.bench,315,3,False,0,1,3,0,2,0.000421
5166,data/bench/ITC99_all_numeric/b13.bench,315,4,False,0,1,3,0,2,0.000411
5167,data/bench/ITC99_all_numeric/b13.bench,316,3,False,0,11,23,0,83,0.003425
5168,data/bench/ITC99_all_numeric/b13.bench,316,4,False,0,11,23,0,83,0.003444
5169,data/bench/ITC99_all_numeric/b13.bench,317,3,False,0,5,11,0,30,0.001625
5170,data/bench/ITC99_all_numeric/b13.bench,317,4,False,0,5,11,0,30,0.001643
5171,data/bench/ITC99_all_numeric/b13.bench,318,4,False,0,1,3,0,2,0.000481
5172,data/bench/ITC99_all_numeric/b13.bench,319,3,False,0,23,47,0,259,0.00777
5173,data/bench/ITC99_all_numeric/b13.bench,319,4,False,0,23,47,0,259,0.007155
5174,data/bench/ITC99_all_numeric/b13.bench,320,3,False,0,11,23,0,106,0.003847
5175,data/bench/ITC99_all_numeric/b13.bench,320,4,False,0,11,23,0,106,0.003667
5176,data/bench/ITC99_all_numeric/b13.bench,321,3,False,0,1,3,0,2,0.000426
5177,data/bench/ITC99_all_numeric/b13.bench,321,4,False,0,1,3,0,2,0.000425
5178,data/bench/ITC99_all_numeric/b13.bench,322,3,False,0,47,95,0,707,0.014888
5179,data/bench/ITC99_all_numeric/b13.bench,322,4,False,0,47,95,0,707,0.014857
5180,data/bench/ITC99_all_numeric/b13.bench,323,3,False,0,23,47,0,306,0.007484
5181,data/bench/ITC99_all_numeric/b13.bench,323,4,False,0,23,47,0,306,0.008585
5182,data/bench/ITC99_all_numeric/b13.bench,324,3,False,0,1,3,0,2,0.000473
5183,data/bench/ITC99_all_numeric/b13.bench,324,4,False,0,1,3,0,2,0.000603
5184,data/bench/ITC99_all_numeric/b13.bench,325,3,False,0,95,191,0,1795,0.030433
5185,data/bench/ITC99_all_numeric/b13.bench,325,4,False,0,95,191,0,1795,0.029995
5186,data/bench/ITC99_all_numeric/b13.bench,326,3,False,0,47,95,0,802,0.015075
5187,data/bench/ITC99_all_numeric/b13.bench,326,4,False,0,47,95,0,802,0.015055
5188,data/bench/ITC99_all_numeric/b13.bench,327,4,False,0,1,3,0,2,0.000431
5189,data/bench/ITC99_all_numeric/b13.bench,328,3,False,0,191,383,0,4355,0.0619
5190,data/bench/ITC99_all_numeric/b13.bench,328,4,False,0,191,383,0,4355,0.061657
5191,data/bench/ITC99_all_numeric/b13.bench,329,3,False,0,95,191,0,1986,0.030391
5192,data/bench/ITC99_all_numeric/b13.bench,329,4,False,0,95,191,0,1986,0.030582
5193,data/bench/ITC99_all_numeric/b13.bench,330,3,False,0,1,3,0,2,0.000425
5194,data/bench/ITC99_all_numeric/b13.bench,330,4,False,0,1,3,0,2,0.000418
5195,data/bench/ITC99_all_numeric/b13.bench,331,3,False,0,767,1535,0,23556,0.253683
5196,data/bench/ITC99_all_numeric/b13.bench,331,4,False,0,767,1535,0,23556,0.253745
5197,data/bench/ITC99_all_numeric/b13.bench,332,4,False,0,767,1535,0,22021,0.252115
5198,data/bench/ITC99_all_numeric/b13.bench,333,3,False,0,383,767,0,10244,0.125474
5199,data/bench/ITC99_all_numeric/b13.bench,333,4,False,0,383,767,0,10244,0.125258
5200,data/bench/ITC99_all_numeric/b13.bench,334,3,False,0,383,767,0,9477,0.124667
5201,data/bench/ITC99_all_numeric/b13.bench,334,4,False,0,383,767,0,9477,0.124724
5202,data/bench/ITC99_all_numeric/b13.bench,335,3,False,0,191,383,0,4356,0.061989
5203,data/bench/ITC99_all_numeric/b13.bench,335,4,False,0,191,383,0,4356,0.061898
5204,data/bench/ITC99_all_numeric/b13.bench,336,3,False,0,191,383,0,3973,0.061406
5205,data/bench/ITC99_all_numeric/b13.bench,336,4,False,0,191,383,0,3973,0.06141
5206,data/bench/ITC99_all_numeric/b13.bench,337,3,False,0,95,191,0,1796,0.030306
5207,data/bench/ITC99_all_numeric/b13.bench,337,4,False,0,95,191,0,1796,0.03024
5208,data/bench/ITC99_all_numeric/b13.bench,338,3,False,0,95,191,0,1605,0.029976
5209,data/bench/ITC99_all_numeric/b13.bench,338,4,False,0,95,191,0,1605,0.029924
5210,data/bench/ITC99_all_numeric/b13.bench,339,3,False,0,47,95,0,708,0.01487
5211,data/bench/ITC99_all_numeric/b13.bench,340,3,False,0,47,95,0,613,0.014628
5212,data/bench/ITC99_all_numeric/b13.bench,340,4,False,0,47,95,0,613,0.014698
5213,data/bench/ITC99_all_numeric/b13.bench,341,3,False,0,23,47,0,260,0.007191
5214,data/bench/ITC99_all_numeric/b13.bench,341,4,False,0,23,47,0,260,0.00724
5215,data/bench/ITC99_all_numeric/b13.bench,343,3,False,0,11,23,0,84,0.003471
5216,data/bench/ITC99_all_numeric/b13.bench,343,4,False,0,11,23,0,84,0.003477
5217,data/bench/ITC99_all_numeric/b13.bench,344,3,False,0,11,23,0,61,0.003397
5218,data/bench/ITC99_all_numeric/b13.bench,344,4,False,0,11,23,0,61,0.003407
5219,data/bench/ITC99_all_numeric/b13.bench,345,4,True,1,0,4,0,8,0.000442
5220,data/bench/ITC99_all_numeric/b13.bench,346,3,True,1,0,2,0,1,0.000226
5221,data/bench/ITC99_all_numeric/b13.bench,346,4,True,1,0,3,0,3,0.000333
5222,data/bench/ITC99_all_numeric/b13.bench,347,3,True,1,0,2,0,1,0.00022
5223,data/bench/ITC99_all_numeric/b13.bench,347,4,True,1,0,3,0,3,0.000328
5224,data/bench/ITC99_all_numeric/b13.bench,348,3,True,1,0,2,0,1,0.000219
5225,data/bench/ITC99_all_numeric/b13.bench,348,4,True,1,0,3,0,3,0.000404
5226,data/bench/ITC99_all_numeric/b13.bench,349,3,False,0,1,3,0,2,0.000435
5227,data/bench/ITC99_all_numeric/b13.bench,349,4,False,0,1,3,0,2,0.000428
5228,data/bench/ITC99_all_numeric/b13.bench,350,3,False,0,383,767,0,10243,0.125926
5229,data/bench/ITC99_all_numeric/b13.bench,351,4,False,0,191,383,0,4738,0.062299
5230,data/bench/ITC99_all_numeric/b13.bench,352,3,False,0,383,767,0,11010,0.126258
5231,data/bench/ITC99_all_numeric/b13.bench,352,4,False,0,383,767,0,11010,0.126058
5232,data/bench/ITC99_all_numeric/b14.bench,3,3,True,1,0,3,0,1,0.005851
5233,data/bench/ITC99_all_numeric/b14.bench,24,4,True,1,0,3,0,1,0.004097
5234,data/bench/ITC99_all_numeric/b14.bench,34,3,True,1,0,4,0,0,0.004786
5235,data/bench/ITC99_all_numeric/b14.bench,47,4,True,1,0,3,0,0,0.004132
5236,data/bench/ITC99_all_numeric/b14.bench,50,4,True,1,0,5,0,0,0.005449
5237,data/bench/ITC99_all_numeric/b14.bench,56,3,True,1,0,6,0,0,0.006047
5238,data/bench/ITC99_all_numeric/b14.bench,63,4,True,1,0,3,0,1,0.004013
5239,data/bench/ITC99_all_numeric/b14.bench,79,3,False,3,0,10001,0,0,6.347843
5240,data/bench/ITC99_all_numeric/b14.bench,139,4,False,3,0,10001,0,0,6.344788
5241,data/bench/ITC99_all_numeric/b14.bench,171,3,False,3,0,10001,0,0,6.323123
5242,data/bench/ITC99_all_numeric/b14.bench,175,3,False,3,0,10001,0,0,6.325233
5243,data/bench/ITC99_all_numeric/b14.bench,185,3,False,3,0,10001,0,0,6.348344
5244,data/bench/ITC99_all_numeric/b14.bench,245,3,False,3,0,10001,0,0,6.31885
5245,data/bench/ITC99_all_numeric/b14.bench,279,3,False,0,3,7,0,29,0.007887
5246,data/bench/ITC99_all_numeric/b14.bench,280,3,False,0,3,7,0,29,0.007389
5247,data/bench/ITC99_all_numeric/b14.bench,325,4,False,3,5002,10030,0,185441,7.171707
5248,data/bench/ITC99_all_numeric/b14.bench,397,3,False,3,5001,10027,0,205432,7.420031
5249,data/bench/ITC99_all_numeric/b14.bench,429,3,False,3,5002,10029,0,225552,7.292629
5250,data/bench/ITC99_all_numeric/b14.bench,440,4,False,3,5001,10026,0,195405,7.373783
5251,data/bench/ITC99_all_numeric/b14.bench,454,4,False,3,5001,10027,0,235507,7.35579
5252,data/bench/ITC99_all_numeric/b14.bench,482,4,False,3,5001,10021,0,165238,7.216388
5253,data/bench/ITC99_all_numeric/b14.bench,507,3,False,3,5001,10021,0,195292,7.287768
5254,data/bench/ITC99_all_numeric/b14.bench,522,3,False,3,5001,10020,0,155217,7.153688
5255,data/bench/ITC99_all_numeric/b14.bench,560,4,False,3,5001,10023,0,125225,7.210244
5256,data/bench/ITC99_all_numeric/b14.bench,574,4,False,3,5001,10026,0,195405,7.338604
5257,data/bench/ITC99_all_numeric/b14.bench,603,4,False,3,5001,10023,0,165313,7.287546
5258,data/bench/ITC99_all_numeric/b14.bench,605,3,False,3,5001,10022,0,145232,7.288752
5259,data/bench/ITC99_all_numeric/b14.bench,615,3,False,3,5001,10022,0,105179,7.226734
5260,data/bench/ITC99_all_numeric/b14.bench,627,4,False,3,5004,10027,0,105230,7.287525
5261,data/bench/ITC99_all_numeric/b14.bench,628,4,False,3,5001,10022,0,115200,7.277537
5262,data/bench/ITC99_all_numeric/b14.bench,638,4,False,3,5001,10022,0,115200,7.255482
5263,data/bench/ITC99_all_numeric/b14.bench,640,4,False,3,5002,10027,0,105230,7.297315
5264,data/bench/ITC99_all_numeric/b14.bench,645,3,False,3,5001,10022,0,105179,7.526684
5265,data/bench/ITC99_all_numeric/b14.bench,650,4,False,3,5004,10027,0,105230,7.423485
5266,data/bench/ITC99_all_numeric/b14.bench,660,3,False,3,5001,10022,0,105179,7.408941
5267,data/bench/ITC99_all_numeric/b14.bench,665,3,False,3,5001,10022,0,105179,7.368758
5268,data/bench/ITC99_all_numeric/b14.bench,674,3,False,3,5001,10022,0,105179,7.384844
5269,data/bench/ITC99_all_numeric/b14.bench,683,3,False,3,5002,10027,0,95205,7.359846
5270,data/bench/ITC99_all_numeric/b14.bench,697,4,False,3,5001,10022,0,115200,7.349846
5271,data/bench/ITC99_all_numeric/b14.bench,699,3,False,3,5001,10022,0,105179,7.346887
5272,data/bench/ITC99_all_numeric/b14.bench,712,3,False,3,5002,10027,0,115256,7.395332
5273,data/bench/ITC99_all_numeric/b14.bench,716,4,False,3,5004,10027,0,105230,7.446572
5274,data/bench/ITC99_all_numeric/b14.bench,718,3,False,3,5001,10022,0,105179,7.340735
5275,data/bench/ITC99_all_numeric/b14.bench,744,4,False,3,5002,10027,0,105230,7.402751
5276,data/bench/ITC99_all_numeric/b14.bench,746,3,False,3,5002,10027,0,115256,7.380097
5277,data/bench/ITC99_all_numeric/b14.bench,776,4,False,3,5001,10017,0,175189,7.537774
5278,data/bench/ITC99_all_numeric/b14.bench,787,3,False,3,5001,10025,0,155305,7.340055
5279,data/bench/ITC99_all_numeric/b14.bench,829,3,False,3,5001,10022,0,145264,7.406466
5280,data/bench/ITC99_all_numeric/b14.bench,842,3,False,3,5001,10017,0,165173,7.547344
5281,data/bench/ITC99_all_numeric/b14.bench,858,4,False,3,5001,10022,0,165255,7.494597
5282,data/bench/ITC99_all_numeric/b14.bench,897,3,False,3,5002,10027,0,155360,7.449539
5283,data/bench/ITC99_all_numeric/b14.bench,926,3,False,3,5001,10024,0,145278,7.38422
5284,data/bench/ITC99_all_numeric/b14.bench,928,4,False,3,5002,10027,0,145334,7.51808
5285,data/bench/ITC99_all_numeric/b14.bench,934,3,False,3,5001,10022,0,145263,7.451042
5286,data/bench/ITC99_all_numeric/b14.bench,967,4,False,3,5002,10027,0,145334,7.491791
5287,data/bench/ITC99_all_numeric/b14.bench,974,3,False,3,5001,10025,0,145281,7.345595
5288,data/bench/ITC99_all_numeric/b14.bench,1053,4,False,3,5003,10026,0,145321,7.460356
5289,data/bench/ITC99_all_numeric/b14.bench,1073,3,False,3,5001,10023,0,175335,7.389674
5290,data/bench/ITC99_all_numeric/b14.bench,1101,4,False,3,5001,10022,0,165255,7.465032
5291,data/bench/ITC99_all_numeric/b14.bench,1104,3,False,3,5001,10017,0,165173,7.514977
5292,data/bench/ITC99_all_numeric/b14.bench,1110,3,False,3,5001,10017,0,165173,7.496856
5293,data/bench/ITC99_all_numeric/b14.bench,1117,3,False,3,5003,10026,0,155346,7.504305
5294,data/bench/ITC99_all_numeric/b14.bench,1123,4,False,3,5001,10022,0,155285,7.432358
5295,data/bench/ITC99_all_numeric/b14.bench,1133,3,False,3,5001,10022,0,145264,7.436744
5296,data/bench/ITC99_all_numeric/b14.bench,1155,4,False,3,5001,10022,0,165255,7.460698
5297,data/bench/ITC99_all_numeric/b14.bench,1164,3,False,3,5001,10017,0,165173,7.529923
5298,data/bench/ITC99_all_numeric/b14.bench,1194,4,False,3,5002,10029,0,195468,7.233563
5299,data/bench/ITC99_all_numeric/b14.bench,1202,4,False,3,5002,10029,0,195468,7.213432
5300,data/bench/ITC99_all_numeric/b14.bench,1203,4,False,3,5001,10023,0,245489,7.505673
5301,data/bench/ITC99_all_numeric/b14.bench,1204,4,False,3,5001,10020,0,185271,7.416259
5302,data/bench/ITC99_all_numeric/b14.bench,1208,4,False,3,5001,10017,0,215253,7.56712
5303,data/bench/ITC99_all_numeric/b14.bench,1212,3,False,3,5001,10026,0,195405,7.375887
5304,data/bench/ITC99_all_numeric/b14.bench,1213,3,False,3,5002,10027,0,265638,7.58481
5305,data/bench/ITC99_all_numeric/b14.bench,1215,4,False,3,5001,10021,0,175255,7.379841
5306,data/bench/ITC99_all_numeric/b14.bench,1224,3,True,1,0,2,0,1,0.003968
5307,data/bench/ITC99_all_numeric/b14.bench,1236,4,False,3,5003,10026,0,225521,7.590899
5308,data/bench/ITC99_all_numeric/b14.bench,1292,3,False,3,5001,10026,0,195405,7.357042
5309,data/bench/ITC99_all_numeric/b14.bench,1293,3,True,1,0,2,0,1,0.003771
5310,data/bench/ITC99_all_numeric/b14.bench,1296,3,False,3,5004,10025,0,185361,7.498839
5311,data/bench/ITC99_all_numeric/b14.bench,1315,4,False,3,5002,10030,0,195469,7.441628
5312,data/bench/ITC99_all_numeric/b14.bench,1326,4,False,0,511,1023,0,13696,0.763468
5313,data/bench/ITC99_all_numeric/b14.bench,1329,3,False,0,2303,4607,0,75545,3.455734
5314,data/bench/ITC99_all_numeric/b14.bench,1361,3,False,3,5001,10023,0,165292,7.475614
5315,data/bench/ITC99_all_numeric/b14.bench,1367,3,False,3,5001,10026,0,195405,7.425529
5316,data/bench/ITC99_all_numeric/b14.bench,1387,3,False,3,5001,10017,0,175189,7.586352
5317,data/bench/ITC99_all_numeric/b14.bench,1400,4,False,3,5002,10029,0,205496,7.24059
5318,data/bench/ITC99_all_numeric/b14.bench,1447,4,False,3,5002,10029,0,215524,7.283204
5319,data/bench/ITC99_all_numeric/b14.bench,1450,3,False,3,5001,10026,0,215455,7.464879
5320,data/bench/ITC99_all_numeric/b14.bench,1453,4,False,3,5002,10029,0,215524,7.253613
5321,data/bench/ITC99_all_numeric/b14.bench,1468,4,False,3,5002,10030,0,215526,7.174086
5322,data/bench/ITC99_all_numeric/b14.bench,1478,3,False,0,7,15,0,62,0.013439
5323,data/bench/ITC99_all_numeric/b14.bench,1501,3,False,0,3,7,0,22,0.007382
5324,data/bench/ITC99_all_numeric/b14.bench,1505,3,False,0,3,7,0,22,0.007262
5325,data/bench/ITC99_all_numeric/b14.bench,1538,4,False,3,5001,10022,0,165255,7.479019
5326,data/bench/ITC99_all_numeric/b14.bench,1539,3,False,3,5001,10026,0,205430,7.397122
5327,data/bench/ITC99_all_numeric/b14.bench,1551,3,False,0,1,3,0,2,0.005067
5328,data/bench/ITC99_all_numeric/b14.bench,1558,4,False,3,5001,10022,0,105180,7.381884
5329,data/bench/ITC99_all_numeric/b14.bench,1586,4,False,3,5001,10022,0,165306,7.401992
5330,data/bench/ITC99_all_numeric/b14.bench,1607,4,False,3,5002,10027,0,175412,7.5096
5331,data/bench/ITC99_all_numeric/b14.bench,1624,3,False,3,5001,10017,0,215253,7.597335
5332,data/bench/ITC99_all_numeric/b14.bench,1660,4,False,3,5001,10022,0,215360,7.572792
5333,data/bench/ITC99_all_numeric/b14.bench,1664,3,False,3,5001,10017,0,215253,7.553504
5334,data/bench/ITC99_all_numeric/b14.bench,1696,4,False,3,5001,10017,0,215253,7.541518
5335,data/bench/ITC99_all_numeric/b14.bench,1707,4,False,3,5001,10022,0,145213,7.446564
5336,data/bench/ITC99_all_numeric/b14.bench,1725,3,False,3,5001,10017,0,145141,7.469733
5337,data/bench/ITC99_all_numeric/b14.bench,1763,3,True,1,0,2,0,1,0.003822
5338,data/bench/ITC99_all_numeric/b14.bench,1780,3,False,0,31,63,0,299,0.048053
5339,data/bench/ITC99_all_numeric/b14.bench,1782,3,False,0,15,31,0,140,0.025093
5340,data/bench/ITC99_all_numeric/b14.bench,1782,4,False,0,15,31,0,140,0.025239
5341,data/bench/ITC99_all_numeric/b14.bench,1794,4,False,3,5001,10016,0,95095,7.426845
5342,data/bench/ITC99_all_numeric/b14.bench,1830,3,False,3,5002,10030,0,185441,7.218582
5343,data/bench/ITC99_all_numeric/b14.bench,1843,3,False,3,5001,10017,0,165170,7.517447
5344,data/bench/ITC99_all_numeric/b14.bench,1849,3,False,3,5001,10026,0,205430,7.406864
5345,data/bench/ITC99_all_numeric/b14.bench,1895,4,False,3,5001,10027,0,195406,7.381931
5346,data/bench/ITC99_all_numeric/b14.bench,1916,3,False,3,5001,10021,0,155232,7.482492
5347,data/bench/ITC99_all_numeric/b14.bench,1943,3,False,3,5001,10026,0,205430,7.374219
5348,data/bench/ITC99_all_numeric/b14.bench,1978,4,False,3,5001,10027,0,195406,7.362993
5349,data/bench/ITC99_all_numeric/b14.bench,1994,3,False,3,5002,10030,0,195469,7.156238
5350,data/bench/ITC99_all_numeric/b14.bench,1994,4,False,3,5001,10027,0,195406,7.330912
5351,data/bench/ITC99_all_numeric/b14.bench,2016,4,False,3,5001,10027,0,195406,7.330739
5352,data/bench/ITC99_all_numeric/b14.bench,2022,3,False,3,5002,10030,0,195469,7.197463
5353,data/bench/ITC99_all_numeric/b14.bench,2064,3,False,3,5001,10021,0,155218,7.357291
5354,data/bench/ITC99_all_numeric/b14.bench,2105,3,False,3,5001,10022,0,125221,7.356189
5355,data/bench/ITC99_all_numeric/b14.bench,2112,3,False,3,5002,10027,0,135308,7.403775
5356,data/bench/ITC99_all_numeric/b14.bench,2118,3,False,3,5002,10027,0,135308,7.451469
5357,data/bench/ITC99_all_numeric/b14.bench,2138,4,False,3,5002,10027,0,125282,7.434236
5358,data/bench/ITC99_all_numeric/b14.bench,2143,3,False,3,5001,10022,0,125221,7.338828
5359,data/bench/ITC99_all_numeric/b14.bench,2149,4,False,3,5002,10027,0,125282,7.400669
5360,data/bench/ITC99_all_numeric/b14.bench,2152,3,False,3,5001,10022,0,125221,7.334672
5361,data/bench/ITC99_all_numeric/b14.bench,2238,4,True,1,0,3,0,3,0.004651
5362,data/bench/ITC99_all_numeric/b14.bench,2242,3,True,1,0,2,0,1,0.003526
5363,data/bench/ITC99_all_numeric/b14.bench,2266,4,False,3,5001,10023,0,155291,7.347516
5364,data/bench/ITC99_all_numeric/b14.bench,2281,4,False,3,5001,10017,0,155154,7.468539
5365,data/bench/ITC99_all_numeric/b14.bench,2298,3,False,3,5001,10022,0,155231,7.469102
5366,data/bench/ITC99_all_numeric/b14.bench,2310,4,False,3,5001,10022,0,155285,7.411151
5367,data/bench/ITC99_all_numeric/b14.bench,2331,3,False,3,5001,10017,0,165173,7.510565
5368,data/bench/ITC99_all_numeric/b14.bench,2332,4,False,3,5001,10022,0,155285,7.430948
5369,data/bench/ITC99_all_numeric/b14.bench,2385,3,False,3,5002,10027,0,165386,7.531358
5370,data/bench/ITC99_all_numeric/b14.bench,2392,3,False,3,5002,10027,0,175412,7.501791
5371,data/bench/ITC99_all_numeric/b14.bench,2410,3,False,3,5001,10017,0,205237,7.610808
5372,data/bench/ITC99_all_numeric/b14.bench,2416,3,False,3,5001,10017,0,205237,7.589593
5373,data/bench/ITC99_all_numeric/b14.bench,2448,3,False,3,5002,10027,0,165378,7.470433
5374,data/bench/ITC99_all_numeric/b14.bench,2476,3,False,3,5001,10022,0,225381,7.561729
5375,data/bench/ITC99_all_numeric/b14.bench,2497,3,False,3,5002,10027,0,155352,7.460801
5376,data/bench/ITC99_all_numeric/b14.bench,2516,4,False,3,5002,10027,0,165386,7.409799
5377,data/bench/ITC99_all_numeric/b14.bench,2576,3,False,3,5001,10022,0,205339,7.480639
5378,data/bench/ITC99_all_numeric/b14.bench,2607,3,False,3,5001,10017,0,165173,7.448267
5379,data/bench/ITC99_all_numeric/b14.bench,2613,4,False,3,5001,10022,0,205339,7.492865
5380,data/bench/ITC99_all_numeric/b14.bench,2633,4,False,3,5001,10022,0,205339,7.462859
5381,data/bench/ITC99_all_numeric/b14.bench,2635,4,False,3,5001,10022,0,215360,7.474119
5382,data/bench/ITC99_all_numeric/b14.bench,2645,3,False,3,5003,10026,0,135266,7.398458
5383,data/bench/ITC99_all_numeric/b14.bench,2648,3,False,3,5001,10017,0,195221,7.493199
5384,data/bench/ITC99_all_numeric/b14.bench,2676,3,False,3,5001,10026,0,205430,7.303354
5385,data/bench/ITC99_all_numeric/b14.bench,2718,3,False,3,5001,10026,0,205430,7.318949
5386,data/bench/ITC99_all_numeric/b14.bench,2725,3,False,3,5001,10026,0,205430,7.322418
5387,data/bench/ITC99_all_numeric/b14.bench,2730,3,False,3,5001,10026,0,205430,7.316286
5388,data/bench/ITC99_all_numeric/b14.bench,2738,4,False,3,5002,10029,0,205496,7.155678
5389,data/bench/ITC99_all_numeric/b14.bench,2740,3,False,3,5001,10026,0,205430,7.314394
5390,data/bench/ITC99_all_numeric/b14.bench,2769,4,False,3,5002,10029,0,205496,7.15842
5391,data/bench/ITC99_all_numeric/b14.bench,2772,4,False,3,5002,10029,0,205496,7.136837
5392,data/bench/ITC99_all_numeric/b14.bench,2781,3,False,3,5001,10026,0,205430,7.301522
5393,data/bench/ITC99_all_numeric/b14.bench,2808,4,False,3,5002,10029,0,185440,7.10548
5394,data/bench/ITC99_all_numeric/b14.bench,2819,3,False,3,5001,10027,0,225481,7.358832
5395,data/bench/ITC99_all_numeric/b14.bench,2833,3,True,1,0,2,0,1,0.004027
5396,data/bench/ITC99_all_numeric/b14.bench,2836,3,False,0,3199,6399,0,73565,4.747295
5397,data/bench/ITC99_all_numeric/b14.bench,2848,3,False,0,1279,2559,0,39453,1.89902
5398,data/bench/ITC99_all_numeric/b14.bench,2893,3,False,0,47,95,0,896,0.072029
5399,data/bench/ITC99_all_numeric/b14.bench,2911,4,False,3,5002,10029,0,185440,7.154431
5400,data/bench/ITC99_all_numeric/b14.bench,2922,4,False,3,5001,10017,0,175189,7.486788
5401,data/bench/ITC99_all_numeric/b14.bench,2924,3,False,3,5001,10022,0,175276,7.394328
5402,data/bench/ITC99_all_numeric/b14.bench,2929,3,False,3,5001,10022,0,175276,7.385785
5403,data/bench/ITC99_all_numeric/b14.bench,2977,3,True,1,0,2,0,1,0.003799
5404,data/bench/ITC99_all_numeric/b14.bench,3018,3,False,3,5001,10017,0,165173,7.407974
5405,data/bench/ITC99_all_numeric/b14.bench,3024,3,False,3,5001,10017,0,165173,7.428585
5406,data/bench/ITC99_all_numeric/b14.bench,3050,3,False,3,5001,10024,0,135255,7.227697
5407,data/bench/ITC99_all_numeric/b14.bench,3056,4,False,3,5002,10027,0,135300,7.341146
5408,data/bench/ITC99_all_numeric/b14.bench,3063,3,False,3,5002,10027,0,135300,7.354513
5409,data/bench/ITC99_all_numeric/b14.bench,3065,3,False,3,5001,10023,0,165313,7.300069
5410,data/bench/ITC99_all_numeric/b14.bench,3092,4,False,3,5002,10029,0,195468,7.110733
5411,data/bench/ITC99_all_numeric/b14.bench,3104,3,False,3,5001,10026,0,195405,7.231007
5412,data/bench/ITC99_all_numeric/b14.bench,3125,3,False,3,5002,10030,0,185441,7.103054
5413,data/bench/ITC99_all_numeric/b14.bench,3148,3,False,3,5002,10027,0,125282,7.348078
5414,data/bench/ITC99_all_numeric/b14.bench,3152,4,False,3,5003,10026,0,115246,7.317372
5415,data/bench/ITC99_all_numeric/b14.bench,3161,3,False,3,5001,10022,0,155234,7.342788
5416,data/bench/ITC99_all_numeric/b14.bench,3191,3,False,0,191,383,0,2842,0.27909
5417,data/bench/ITC99_all_numeric/b14.bench,3205,4,False,3,5002,10027,0,115248,7.313457
5418,data/bench/ITC99_all_numeric/b14.bench,3224,3,False,3,5001,10022,0,175276,7.378954
5419,data/bench/ITC99_all_numeric/b14.bench,3257,4,False,3,5002,10027,0,175404,7.378153
5420,data/bench/ITC99_all_numeric/b14.bench,3268,4,False,3,5001,10022,0,175327,7.340563
5421,data/bench/ITC99_all_numeric/b14.bench,3294,4,False,3,5001,10017,0,195221,7.466443
5422,data/bench/ITC99_all_numeric/b14.bench,3302,4,False,3,5001,10022,0,165305,7.333021
5423,data/bench/ITC99_all_numeric/b14.bench,3303,4,False,3,5001,10022,0,165305,7.404761
5424,data/bench/ITC99_all_numeric/b14.bench,3305,4,False,3,5001,10017,0,195221,7.523968
5425,data/bench/ITC99_all_numeric/b14.bench,3312,4,False,3,5002,10027,0,155360,7.506976
5426,data/bench/ITC99_all_numeric/b14.bench,3322,4,False,3,5002,10027,0,175404,7.46159
5427,data/bench/ITC99_all_numeric/b14.bench,3327,3,False,3,5001,10017,0,225269,7.563816
5428,data/bench/ITC99_all_numeric/b14.bench,3330,4,False,3,5001,10022,0,225381,7.481141
5429,data/bench/ITC99_all_numeric/b14.bench,3340,3,False,3,5001,10022,0,195318,7.451383
5430,data/bench/ITC99_all_numeric/b14.bench,3340,4,False,3,5001,10017,0,195221,7.507905
5431,data/bench/ITC99_all_numeric/b14.bench,3372,4,False,3,5002,10027,0,205490,7.478648
5432,data/bench/ITC99_all_numeric/b14.bench,3374,4,False,3,5002,10027,0,175404,7.439593
5433,data/bench/ITC99_all_numeric/b14.bench,3410,3,False,3,5002,10027,0,235568,7.58058
5434,data/bench/ITC99_all_numeric/b14.bench,3441,3,False,3,5001,10022,0,125221,7.331631
5435,data/bench/ITC99_all_numeric/b14.bench,3448,4,False,3,5001,10017,0,195221,7.571691
5436,data/bench/ITC99_all_numeric/b14.bench,3459,3,False,3,5002,10027,0,155360,7.48216
5437,data/bench/ITC99_all_numeric/b14.bench,3471,4,False,3,5001,10022,0,155284,7.376923
5438,data/bench/ITC99_all_numeric/b14.bench,3481,3,False,3,5001,10022,0,195318,7.535217
5439,data/bench/ITC99_all_numeric/b14.bench,3543,4,False,3,5001,10017,0,185205,7.505069
5440,data/bench/ITC99_all_numeric/b14.bench,3615,4,False,3,5001,10017,0,185205,7.52441
5441,data/bench/ITC99_all_numeric/b14.bench,3659,3,False,0,1919,3839,0,55358,2.866814
5442,data/bench/ITC99_all_numeric/b14.bench,3676,4,False,0,767,1535,0,23645,1.135847
5443,data/bench/ITC99_all_numeric/b14.bench,3690,4,False,3,5001,10021,0,135207,7.406263
5444,data/bench/ITC99_all_numeric/b14.bench,3699,3,False,3,5001,10021,0,125187,7.413974
5445,data/bench/ITC99_all_numeric/b14.bench,3711,4,False,3,5003,10025,0,125238,7.456803
5446,data/bench/ITC99_all_numeric/b14.bench,3714,4,False,3,5001,10021,0,135207,7.462683
5447,data/bench/ITC99_all_numeric/b14.bench,3722,3,False,0,15,31,0,253,0.026487
5448,data/bench/ITC99_all_numeric/b14.bench,3730,3,False,0,7,15,0,79,0.013874
5449,data/bench/ITC99_all_numeric/b14.bench,3743,3,False,3,5002,10028,0,145329,7.375919
5450,data/bench/ITC99_all_numeric/b14.bench,3749,4,False,3,5001,10022,0,125222,7.360967
5451,data/bench/ITC99_all_numeric/b14.bench,3758,4,False,3,5001,10017,0,215250,7.523054
5452,data/bench/ITC99_all_numeric/b14.bench,3763,4,False,3,5001,10017,0,215253,7.547722
5453,data/bench/ITC99_all_numeric/b14.bench,3808,3,False,3,5001,10022,0,215357,7.558415
5454,data/bench/ITC99_all_numeric/b14.bench,3816,4,False,3,5001,10022,0,225378,7.564338
5455,data/bench/ITC99_all_numeric/b14.bench,3855,4,False,0,11,23,0,72,0.019602
5456,data/bench/ITC99_all_numeric/b14.bench,3872,3,False,3,5002,10027,0,225534,7.51822
5457,data/bench/ITC99_all_numeric/b14.bench,3900,3,False,3,5002,10027,0,145326,7.388338
5458,data/bench/ITC99_all_numeric/b14.bench,3901,4,False,3,5002,10027,0,155352,7.433949
5459,data/bench/ITC99_all_numeric/b14.bench,3917,3,False,3,5001,10017,0,165173,7.535025
5460,data/bench/ITC99_all_numeric/b14.bench,3950,4,False,3,5001,10017,0,155157,7.506202
5461,data/bench/ITC99_all_numeric/b14.bench,3988,3,False,3,5001,10017,0,165173,7.487756
5462,data/bench/ITC99_all_numeric/b14.bench,4007,3,False,3,5001,10022,0,125221,7.319983
5463,data/bench/ITC99_all_numeric/b14.bench,4043,4,False,0,35,71,0,106,0.054364
5464,data/bench/ITC99_all_numeric/b14.bench,4044,3,True,1,0,6,0,5,0.006449
5465,data/bench/ITC99_all_numeric/b14.bench,4044,4,True,1,0,2,0,1,0.003603
5466,data/bench/ITC99_all_numeric/b14.bench,4061,3,False,3,5002,10024,0,55098,7.410754
5467,data/bench/ITC99_all_numeric/b14.bench,4068,3,False,0,2399,4799,0,31171,3.540524
5468,data/bench/ITC99_all_numeric/b14.bench,4084,4,False,0,191,383,0,2459,0.281329
5469,data/bench/ITC99_all_numeric/b14.bench,4135,4,False,0,1,3,0,2,0.005054
5470,data/bench/ITC99_all_numeric/b14.bench,4137,4,False,0,799,1599,0,7191,1.175176
5471,data/bench/ITC99_all_numeric/b14.bench,4149,3,False,0,2399,4799,0,21583,3.542777
5472,data/bench/ITC99_all_numeric/b14.bench,4152,4,False,0,479,959,0,6163,0.706143
5473,data/bench/ITC99_all_numeric/b14.bench,4157,4,False,0,239,479,0,3081,0.351717
5474,data/bench/ITC99_all_numeric/b14.bench,4179,4,True,1,0,2,0,1,0.004135
5475,data/bench/ITC99_all_numeric/b14.bench,4226,4,False,3,5001,10029,0,278954,7.540833
5476,data/bench/ITC99_all_numeric/b14.bench,4230,3,False,0,23,47,0,180,0.037365
5477,data/bench/ITC99_all_numeric/b14.bench,4252,3,False,3,5002,10027,0,218821,7.522466
5478,data/bench/ITC99_all_numeric/b14.bench,4255,4,False,3,5002,10026,0,188745,7.518437
5479,data/bench/ITC99_all_numeric/b14.bench,4266,3,False,0,971,1943,0,19116,1.447352
5480,data/bench/ITC99_all_numeric/b14.bench,4320,3,False,3,5001,10022,0,165305,7.389273
5481,data/bench/ITC99_all_numeric/b14.bench,4342,4,False,3,5002,10027,0,165386,7.471417
5482,data/bench/ITC99_all_numeric/b14.bench,4383,4,False,3,5002,10026,0,165371,7.476128
5483,data/bench/ITC99_all_numeric/b14.bench,4385,4,False,3,5002,10026,0,165371,7.479545
5484,data/bench/ITC99_all_numeric/b14.bench,4391,4,False,3,5002,10027,0,175412,7.487545
5485,data/bench/ITC99_all_numeric/b14.bench,4428,4,False,3,5002,10027,0,165386,7.473371
5486,data/bench/ITC99_all_numeric/b14.bench,4438,3,False,3,5001,10022,0,175326,7.397869
5487,data/bench/ITC99_all_numeric/b14.bench,4497,4,False,0,1,3,0,2,0.005155
5488,data/bench/ITC99_all_numeric/b14.bench,4519,3,False,0,1,3,0,2,0.004754
5489,data/bench/ITC99_all_numeric/b14.bench,4554,4,False,0,3839,7679,0,118399,5.787069
5490,data/bench/ITC99_all_numeric/b14.bench,4559,3,False,0,1279,2559,0,34335,1.911256
5491,data/bench/ITC99_all_numeric/b14.bench,4566,4,False,3,5003,10026,0,95196,7.394001
5492,data/bench/ITC99_all_numeric/b14.bench,4589,3,False,0,127,255,0,1636,0.189449
5493,data/bench/ITC99_all_numeric/b14.bench,4610,4,False,0,23,47,0,258,0.037626
5494,data/bench/ITC99_all_numeric/b14.bench,4635,4,False,3,5001,10020,0,85116,7.413472
5495,data/bench/ITC99_all_numeric/b14.bench,4657,3,False,0,1919,3839,0,40004,2.869195
5496,data/bench/ITC99_all_numeric/b14.bench,4661,4,False,0,1279,2559,0,31776,1.91133
5497,data/bench/ITC99_all_numeric/b14.bench,4665,4,False,0,639,1279,0,10771,0.966642
5498,data/bench/ITC99_all_numeric/b14.bench,4682,3,False,0,127,255,0,2211,0.191804
5499,data/bench/ITC99_all_numeric/b14.bench,4683,4,False,0,127,255,0,2721,0.192073
5500,data/bench/ITC99_all_numeric/b14.bench,4728,3,False,0,63,127,0,852,0.096646
5501,data/bench/ITC99_all_numeric/b14.bench,4772,3,False,3,5001,10022,0,165255,7.495857
5502,data/bench/ITC99_all_numeric/b14.bench,4779,4,False,3,5001,10022,0,165255,7.469915
5503,data/bench/ITC99_all_numeric/b14.bench,4782,3,False,3,5001,10022,0,195318,7.530792
5504,data/bench/ITC99_all_numeric/b14.bench,4788,3,False,3,5001,10017,0,185205,7.603238
5505,data/bench/ITC99_all_numeric/b14.bench,4808,3,False,3,5001,10017,0,185205,7.585832
5506,data/bench/ITC99_all_numeric/b14.bench,4825,4,False,3,5001,10017,0,175189,7.506178
5507,data/bench/ITC99_all_numeric/b14.bench,4838,3,False,3,5001,10017,0,165173,7.504729
5508,data/bench/ITC99_all_numeric/b14.bench,4838,4,False,3,5001,10022,0,165255,7.446897
5509,data/bench/ITC99_all_numeric/b14.bench,4840,4,False,3,5001,10017,0,175189,7.506464
5510,data/bench/ITC99_all_numeric/b14.bench,4843,4,False,3,5001,10022,0,185297,7.463693
5511,data/bench/ITC99_all_numeric/b14.bench,4856,4,False,3,5001,10017,0,175189,7.509991
5512,data/bench/ITC99_all_numeric/b14.bench,4873,4,False,3,5001,10022,0,165255,7.445196
5513,data/bench/ITC99_all_numeric/b14.bench,4876,4,False,3,5001,10017,0,195221,7.549941
5514,data/bench/ITC99_all_numeric/b14.bench,4902,3,False,3,5001,10017,0,205237,7.538717
5515,data/bench/ITC99_all_numeric/b14.bench,4923,3,False,3,5002,10027,0,125282,7.409641
5516,data/bench/ITC99_all_numeric/b14.bench,4924,4,False,3,5001,10022,0,135242,7.319329
5517,data/bench/ITC99_all_numeric/b14.bench,4938,4,False,3,5001,10022,0,145263,7.28557
5518,data/bench/ITC99_all_numeric/b14.bench,4951,4,False,3,5001,10017,0,185205,7.478537
5519,data/bench/ITC99_all_numeric/b14.bench,4961,3,False,3,5001,10022,0,185297,7.480934
5520,data/bench/ITC99_all_numeric/b14.bench,4978,3,False,3,5001,10017,0,165173,7.503616
5521,data/bench/ITC99_all_numeric/b14.bench,4984,3,False,3,5001,10022,0,125221,7.380498
5522,data/bench/ITC99_all_numeric/b14.bench,4994,4,False,3,5001,10022,0,165255,7.516828
5523,data/bench/ITC99_all_numeric/b14.bench,5083,3,False,3,5001,10017,0,185205,7.603826
5524,data/bench/ITC99_all_numeric/b14.bench,5124,3,False,3,5001,10017,0,165173,7.55932
5525,data/bench/ITC99_all_numeric/b14.bench,5137,3,False,3,5001,10017,0,165173,7.546926
5526,data/bench/ITC99_all_numeric/b14.bench,5146,4,False,3,5001,10022,0,175276,7.482935
5527,data/bench/ITC99_all_numeric/b14.bench,5153,3,False,3,5001,10022,0,165255,7.48864
5528,data/bench/ITC99_all_numeric/b14.bench,5154,4,False,3,5001,10022,0,175276,7.460141
5529,data/bench/ITC99_all_numeric/b14.bench,5169,4,False,3,5001,10022,0,165255,7.543165
5530,data/bench/ITC99_all_numeric/b14.bench,5185,3,False,3,5001,10017,0,175189,7.61828
5531,data/bench/ITC99_all_numeric/b14.bench,5193,3,False,3,5001,10022,0,135242,7.41361
5532,data/bench/ITC99_all_numeric/b14.bench,5194,3,False,3,5001,10022,0,125221,7.376834
5533,data/bench/ITC99_all_numeric/b14.bench,5215,4,False,3,5001,10022,0,175276,7.510271
5534,data/bench/ITC99_all_numeric/b14.bench,5234,4,False,3,5001,10022,0,115201,7.418082
5535,data/bench/ITC99_all_numeric/b14.bench,5246,4,False,3,5001,10022,0,165255,7.533833
5536,data/bench/ITC99_all_numeric/b14.bench,5279,3,False,3,5002,10027,0,155361,7.520358
5537,data/bench/ITC99_all_numeric/b14.bench,5304,3,False,3,5001,10022,0,175276,7.54083
5538,data/bench/ITC99_all_numeric/b14.bench,5322,4,False,3,5001,10017,0,175189,7.577907
5539,data/bench/ITC99_all_numeric/b14.bench,5334,4,False,3,5001,10022,0,175276,7.579034
5540,data/bench/ITC99_all_numeric/b14.bench,5348,3,False,3,5001,10017,0,175189,7.567303
5541,data/bench/ITC99_all_numeric/b14.bench,5349,4,False,3,5002,10027,0,135308,7.459237
5542,data/bench/ITC99_all_numeric/b14.bench,5372,4,False,3,5001,10017,0,175189,7.529084
5543,data/bench/ITC99_all_numeric/b14.bench,5376,3,False,3,5001,10017,0,165173,7.508277
5544,data/bench/ITC99_all_numeric/b14.bench,5389,4,False,3,5001,10017,0,175189,7.460442
5545,data/bench/ITC99_all_numeric/b14.bench,5395,4,False,3,5002,10027,0,125282,7.395936
5546,data/bench/ITC99_all_numeric/b14.bench,5436,3,False,0,1,3,0,2,0.005084
5547,data/bench/ITC99_all_numeric/b14.bench,5460,3,False,0,1,3,0,2,0.004642
5548,data/bench/ITC99_all_numeric/b14.bench,5496,3,False,0,23,47,0,351,0.036964
5549,data/bench/ITC99_all_numeric/b14.bench,5497,4,False,0,23,47,0,351,0.037095
5550,data/bench/ITC99_all_numeric/b14.bench,5512,4,False,0,1279,2559,0,34335,1.91708
5551,data/bench/ITC99_all_numeric/b14.bench,5520,4,False,3,5003,10026,0,95196,7.405559
5552,data/bench/ITC99_all_numeric/b14.bench,5521,4,False,3,5003,10026,0,85171,7.389266
5553,data/bench/ITC99_all_numeric/b14.bench,5522,4,False,3,5001,10023,0,125224,7.33498
5554,data/bench/ITC99_all_numeric/b14.bench,5583,3,False,0,1535,3071,0,38083,2.243101
5555,data/bench/ITC99_all_numeric/b14.bench,5593,3,False,0,63,127,0,1105,0.095929
5556,data/bench/ITC99_all_numeric/b14.bench,5602,3,False,0,767,1535,0,15971,1.118294
5557,data/bench/ITC99_all_numeric/b14.bench,5627,3,False,0,767,1535,0,19040,1.120302
5558,data/bench/ITC99_all_numeric/b14.bench,5647,4,False,0,23,47,0,257,0.037337
5559,data/bench/ITC99_all_numeric/b14.bench,5671,4,False,0,1919,3839,0,40004,2.79933
5560,data/bench/ITC99_all_numeric/b14.bench,5686,3,False,3,5001,10022,0,135242,7.306778
5561,data/bench/ITC99_all_numeric/b14.bench,5701,4,False,3,5001,10022,0,175276,7.33265
5562,data/bench/ITC99_all_numeric/b14.bench,5760,4,False,3,5001,10022,0,165255,7.348756
5563,data/bench/ITC99_all_numeric/b14.bench,5788,3,False,3,5001,10017,0,165173,7.337158
5564,data/bench/ITC99_all_numeric/b14.bench,5811,3,False,3,5001,10022,0,125221,7.273086
5565,data/bench/ITC99_all_numeric/b14.bench,5812,4,False,3,5002,10027,0,145334,7.353619
5566,data/bench/ITC99_all_numeric/b14.bench,5854,4,False,3,5002,10027,0,145334,7.34117
5567,data/bench/ITC99_all_numeric/b14.bench,5876,3,False,3,5001,10017,0,225269,7.466732
5568,data/bench/ITC99_all_numeric/b14.bench,5883,3,False,3,5001,10022,0,195318,7.388161
5569,data/bench/ITC99_all_numeric/b14.bench,5886,3,False,3,5001,10017,0,165173,7.343239
5570,data/bench/ITC99_all_numeric/b14.bench,5887,3,False,3,5001,10022,0,135242,7.265496
5571,data/bench/ITC99_all_numeric/b14.bench,5924,4,False,3,5001,10017,0,175189,7.342282
5572,data/bench/ITC99_all_numeric/b14.bench,5929,3,False,3,5001,10022,0,185297,7.339388
5573,data/bench/ITC99_all_numeric/b14.bench,5930,4,False,3,5001,10017,0,175189,7.367529
5574,data/bench/ITC99_all_numeric/b14.bench,5932,4,False,3,5001,10022,0,175276,7.310533
5575,data/bench/ITC99_all_numeric/b14.bench,5964,3,False,3,5001,10017,0,165173,7.364434
5576,data/bench/ITC99_all_numeric/b14.bench,5976,3,False,3,5002,10027,0,135308,7.325893
5577,data/bench/ITC99_all_numeric/b14.bench,5986,3,False,3,5001,10022,0,125221,7.29748
5578,data/bench/ITC99_all_numeric/b14.bench,5990,3,False,3,5001,10017,0,165173,7.364704
5579,data/bench/ITC99_all_numeric/b14.bench,5992,4,False,3,5001,10017,0,185205,7.425727
5580,data/bench/ITC99_all_numeric/b14.bench,5997,3,False,3,5001,10022,0,125221,7.297808
5581,data/bench/ITC99_all_numeric/b14.bench,6012,4,False,3,5001,10017,0,185205,7.423033
5582,data/bench/ITC99_all_numeric/b14.bench,6015,4,False,3,5001,10017,0,195221,7.434101
5583,data/bench/ITC99_all_numeric/b14.bench,6016,3,False,3,5001,10017,0,175189,7.382877
5584,data/bench/ITC99_all_numeric/b14.bench,6025,4,False,3,5001,10022,0,185297,7.376194
5585,data/bench/ITC99_all_numeric/b14.bench,6027,3,False,3,5001,10017,0,165173,7.374695
5586,data/bench/ITC99_all_numeric/b14.bench,6032,3,False,3,5001,10022,0,205339,7.385546
5587,data/bench/ITC99_all_numeric/b14.bench,6033,3,False,3,5001,10017,0,185205,7.39858
5588,data/bench/ITC99_all_numeric/b14.bench,6036,4,False,3,5002,10027,0,125282,7.344928
5589,data/bench/ITC99_all_numeric/b14.bench,6038,3,False,3,5001,10022,0,135242,7.30665
5590,data/bench/ITC99_all_numeric/b14.bench,6132,4,False,3,5001,10022,0,165255,7.334134
5591,data/bench/ITC99_all_numeric/b14.bench,6136,3,False,3,5001,10017,0,165173,7.360846
5592,data/bench/ITC99_all_numeric/b14.bench,6137,3,False,3,5001,10022,0,125221,7.268552
5593,data/bench/ITC99_all_numeric/b14.bench,6190,3,False,3,5001,10017,0,165173,7.359263
5594,data/bench/ITC99_all_numeric/b14.bench,6201,4,False,3,5001,10017,0,185205,7.397379
5595,data/bench/ITC99_all_numeric/b14.bench,6230,3,False,3,5002,10027,0,115257,7.291664
5596,data/bench/ITC99_all_numeric/b14.bench,6232,3,False,3,5001,10022,0,125221,7.262526
5597,data/bench/ITC99_all_numeric/b14.bench,6257,4,False,3,5001,10022,0,165255,7.32543
5598,data/bench/ITC99_all_numeric/b14.bench,6258,3,False,3,5002,10027,0,115257,7.308871
5599,data/bench/ITC99_all_numeric/b14.bench,6265,4,False,3,5001,10022,0,165255,7.28718
5600,data/bench/ITC99_all_numeric/b14.bench,6268,3,False,3,5001,10017,0,165173,7.351342
5601,data/bench/ITC99_all_numeric/b14.bench,6309,3,False,3,5001,10022,0,185297,7.329682
5602,data/bench/ITC99_all_numeric/b14.bench,6310,4,False,3,5001,10017,0,165173,7.346731
5603,data/bench/ITC99_all_numeric/b14.bench,6320,4,False,3,5001,10022,0,185297,7.321645
5604,data/bench/ITC99_all_numeric/b14.bench,6337,3,False,3,5001,10022,0,165255,7.290308
5605,data/bench/ITC99_all_numeric/b14.bench,6367,3,False,3,5001,10017,0,175189,7.40202
5606,data/bench/ITC99_all_numeric/b14.bench,6370,3,False,3,5001,10017,0,185205,7.391125
5607,data/bench/ITC99_all_numeric/b14.bench,6370,4,False,3,5001,10022,0,185297,7.380629
5608,data/bench/ITC99_all_numeric/b14.bench,6384,4,False,3,5001,10022,0,165255,7.338046
5609,data/bench/ITC99_all_numeric/b14.bench,6390,4,False,3,5001,10022,0,165255,7.358896
5610,data/bench/ITC99_all_numeric/b14.bench,6422,3,False,3,5001,10017,0,175189,7.418616
5611,data/bench/ITC99_all_numeric/b14.bench,6427,4,False,3,5002,10027,0,155360,7.427193
5612,data/bench/ITC99_all_numeric/b14.bench,6453,3,False,3,5001,10017,0,165173,7.414573
5613,data/bench/ITC99_all_numeric/b14.bench,6485,3,False,3,5001,10022,0,125221,7.359174
5614,data/bench/ITC99_all_numeric/b14.bench,6485,4,False,3,5002,10027,0,125282,7.400657
5615,data/bench/ITC99_all_numeric/b14.bench,6491,4,False,3,5001,10022,0,165255,7.371951
5616,data/bench/ITC99_all_numeric/b14.bench,6522,4,False,3,5001,10022,0,145263,7.318881
5617,data/bench/ITC99_all_numeric/b14.bench,6525,3,False,3,5001,10022,0,175276,7.354312
5618,data/bench/ITC99_all_numeric/b14.bench,6526,3,False,3,5001,10022,0,125221,7.279339
5619,data/bench/ITC99_all_numeric/b14.bench,6538,3,False,3,5002,10027,0,135308,7.353103
5620,data/bench/ITC99_all_numeric/b14.bench,6574,3,False,3,5001,10017,0,185205,7.377462
5621,data/bench/ITC99_all_numeric/b14.bench,6646,3,False,3,5001,10022,0,175276,7.326509
5622,data/bench/ITC99_all_numeric/b14.bench,6652,3,False,3,5001,10017,0,175189,7.357368
5623,data/bench/ITC99_all_numeric/b14.bench,6664,3,False,3,5001,10017,0,165173,7.348214
5624,data/bench/ITC99_all_numeric/b14.bench,6665,3,False,3,5002,10027,0,135308,7.373543
5625,data/bench/ITC99_all_numeric/b14.bench,6668,4,False,3,5001,10022,0,135242,7.27563
5626,data/bench/ITC99_all_numeric/b14.bench,6691,3,False,3,5001,10022,0,125221,7.275699
5627,data/bench/ITC99_all_numeric/b14.bench,6692,4,False,3,5001,10022,0,165255,7.324731
5628,data/bench/ITC99_all_numeric/b14.bench,6713,3,False,3,5001,10017,0,175189,7.378591
5629,data/bench/ITC99_all_numeric/b14.bench,6744,3,False,3,5001,10022,0,135242,7.201951
5630,data/bench/ITC99_all_numeric/b14.bench,6762,4,False,3,5001,10017,0,185205,7.371372
5631,data/bench/ITC99_all_numeric/b14.bench,6770,4,False,3,5001,10017,0,175189,7.303538
5632,data/bench/ITC99_all_numeric/b14.bench,6773,4,False,3,5002,10027,0,145334,7.34304
5633,data/bench/ITC99_all_numeric/b14.bench,6775,4,False,3,5001,10017,0,195221,7.392649
5634,data/bench/ITC99_all_numeric/b14.bench,6776,4,False,3,5001,10022,0,135242,7.281863
5635,data/bench/ITC99_all_numeric/b14.bench,6787,4,False,3,5001,10017,0,175189,7.354698
5636,data/bench/ITC99_all_numeric/b14.bench,6830,3,False,3,5001,10022,0,205339,7.334761
5637,data/bench/ITC99_all_numeric/b14.bench,6837,3,False,3,5001,10017,0,165173,7.331394
5638,data/bench/ITC99_all_numeric/b14.bench,6849,3,False,3,5001,10022,0,175276,7.308345
5639,data/bench/ITC99_all_numeric/b14.bench,6851,4,False,3,5001,10022,0,185297,7.326731
5640,data/bench/ITC99_all_numeric/b14.bench,6874,3,False,3,5003,10026,0,205471,7.407939
5641,data/bench/ITC99_all_numeric/b14.bench,6902,3,False,3,5001,10023,0,195379,7.331212
5642,data/bench/ITC99_all_numeric/b14.bench,6963,4,False,3,5003,10026,0,165371,7.43228
5643,data/bench/ITC99_all_numeric/b14.bench,6979,3,False,3,5002,10026,0,145321,7.400307
5644,data/bench/ITC99_all_numeric/b14.bench,7002,3,False,3,5001,10022,0,165306,7.268324
5645,data/bench/ITC99_all_numeric/b14.bench,7014,4,False,3,5001,10022,0,145264,7.259368
5646,data/bench/ITC99_all_numeric/b14.bench,7031,3,False,3,5002,10026,0,145321,7.291407
5647,data/bench/ITC99_all_numeric/b14.bench,7037,3,False,3,5002,10026,0,145321,7.283555
5648,data/bench/ITC99_all_numeric/b14.bench,7049,3,False,3,5003,10026,0,235546,7.426693
5649,data/bench/ITC99_all_numeric/b14.bench,7058,3,False,3,5001,10022,0,225381,7.366499
5650,data/bench/ITC99_all_numeric/b14.bench,7071,3,False,3,5002,10027,0,225534,7.434756
5651,data/bench/ITC99_all_numeric/b14.bench,7087,4,False,3,5004,10025,0,175342,7.331875
5652,data/bench/ITC99_all_numeric/b14.bench,7113,3,False,3,5001,10023,0,215423,7.368811
5653,data/bench/ITC99_all_numeric/b14.bench,7137,3,False,3,5001,10017,0,195221,7.433415
5654,data/bench/ITC99_all_numeric/b14.bench,7143,3,False,3,5001,10017,0,195221,7.411759
5655,data/bench/ITC99_all_numeric/b14.bench,7146,3,False,3,5001,10022,0,185348,7.319786
5656,data/bench/ITC99_all_numeric/b14.bench,7150,3,False,3,5001,10022,0,195369,7.365356
5657,data/bench/ITC99_all_numeric/b14.bench,7153,3,False,3,5001,10023,0,205401,7.331822
5658,data/bench/ITC99_all_numeric/b14.bench,7168,3,False,3,5001,10022,0,165306,7.218825
5659,data/bench/ITC99_all_numeric/b14.bench,7216,3,False,3,5001,10017,0,225269,7.385183
5660,data/bench/ITC99_all_numeric/b14.bench,7230,3,False,3,5001,10017,0,225269,7.413008
5661,data/bench/ITC99_all_numeric/b14.bench,7231,4,False,3,5003,10026,0,215496,7.395007
5662,data/bench/ITC99_all_numeric/b14.bench,7239,3,False,3,5001,10022,0,205390,7.348391
5663,data/bench/ITC99_all_numeric/b14.bench,7242,4,False,3,5001,10022,0,195369,7.382442
5664,data/bench/ITC99_all_numeric/b14.bench,7245,3,False,3,5001,10022,0,195369,7.337323
5665,data/bench/ITC99_all_numeric/b14.bench,7251,4,False,3,5003,10026,0,195446,7.390524
5666,data/bench/ITC99_all_numeric/b14.bench,7259,3,False,3,5001,10022,0,185348,7.315907
5667,data/bench/ITC99_all_numeric/b14.bench,7271,4,False,0,3199,6399,0,105547,4.66689
5668,data/bench/ITC99_all_numeric/b14.bench,7273,4,False,0,3199,6399,0,124744,4.700746
5669,data/bench/ITC99_all_numeric/b14.bench,7279,3,False,3,5001,10022,0,185348,7.299433
5670,data/bench/ITC99_all_numeric/b14.bench,7314,3,False,3,5002,10027,0,205482,7.383503
5671,data/bench/ITC99_all_numeric/b14.bench,7318,4,False,3,5002,10027,0,215508,7.392463
5672,data/bench/ITC99_all_numeric/b14.bench,7340,4,False,3,5001,10022,0,205339,7.352008
5673,data/bench/ITC99_all_numeric/b14.bench,7342,4,False,3,5001,10022,0,205339,7.315584
5674,data/bench/ITC99_all_numeric/b14.bench,7356,3,False,3,5001,10023,0,215423,7.367783
5675,data/bench/ITC99_all_numeric/b14.bench,7365,4,False,3,5001,10022,0,225381,7.438642
5676,data/bench/ITC99_all_numeric/b14.bench,7375,4,False,3,5003,10026,0,225521,7.464599
5677,data/bench/ITC99_all_numeric/b14.bench,7381,3,False,3,5003,10026,0,195446,7.412928
5678,data/bench/ITC99_all_numeric/b14.bench,7428,3,False,3,5001,10022,0,185348,7.380012
5679,data/bench/ITC99_all_numeric/b14.bench,7432,3,False,3,5003,10026,0,195446,7.419979
5680,data/bench/ITC99_all_numeric/b14.bench,7449,4,False,3,5001,10022,0,175276,7.38402
5681,data/bench/ITC99_all_numeric/b14.bench,7454,4,False,3,5002,10027,0,125282,7.33352
5682,data/bench/ITC99_all_numeric/b14.bench,7475,4,False,3,5001,10022,0,165255,7.368367
5683,data/bench/ITC99_all_numeric/b14.bench,7490,4,False,3,5001,10022,0,165255,7.366297
5684,data/bench/ITC99_all_numeric/b14.bench,7513,3,False,3,5001,10022,0,125221,7.304425
5685,data/bench/ITC99_all_numeric/b14.bench,7518,4,False,3,5001,10022,0,115201,7.261219
5686,data/bench/ITC99_all_numeric/b14.bench,7530,4,False,3,5001,10022,0,165255,7.34806
5687,data/bench/ITC99_all_numeric/b14.bench,7544,4,False,3,5002,10027,0,125282,7.35612
5688,data/bench/ITC99_all_numeric/b14.bench,7548,3,False,3,5001,10022,0,125221,7.295175
5689,data/bench/ITC99_all_numeric/b14.bench,7552,3,False,3,5001,10017,0,165173,7.430975
5690,data/bench/ITC99_all_numeric/b14.bench,7587,3,False,3,5001,10022,0,125221,7.318387
5691,data/bench/ITC99_all_numeric/b14.bench,7592,4,False,3,5001,10017,0,185205,7.457069
5692,data/bench/ITC99_all_numeric/b14.bench,7598,4,False,3,5001,10017,0,175189,7.44136
5693,data/bench/ITC99_all_numeric/b14.bench,7599,3,False,3,5001,10017,0,185205,7.448459
5694,data/bench/ITC99_all_numeric/b14.bench,7618,3,False,3,5001,10017,0,185205,7.470738
5695,data/bench/ITC99_all_numeric/b14.bench,7650,4,False,3,5001,10017,0,195221,7.46196
5696,data/bench/ITC99_all_numeric/b14.bench,7665,3,False,3,5001,10017,0,165173,7.380229
5697,data/bench/ITC99_all_numeric/b14.bench,7687,4,False,3,5001,10017,0,175189,7.396094
5698,data/bench/ITC99_all_numeric/b14.bench,7690,4,False,3,5001,10022,0,165255,7.356925
5699,data/bench/ITC99_all_numeric/b14.bench,7706,3,False,3,5001,10017,0,175189,7.417531
5700,data/bench/ITC99_all_numeric/b14.bench,7728,3,False,3,5001,10022,0,125221,7.279981
5701,data/bench/ITC99_all_numeric/b14.bench,7731,4,False,3,5002,10027,0,125282,7.346879
5702,data/bench/ITC99_all_numeric/b14.bench,7735,4,False,3,5001,10022,0,145263,7.374213
5703,data/bench/ITC99_all_numeric/b14.bench,7744,4,False,3,5001,10022,0,165255,7.332675
5704,data/bench/ITC99_all_numeric/b14.bench,7757,4,False,3,5001,10022,0,165255,7.36283
5705,data/bench/ITC99_all_numeric/b14.bench,7867,4,False,3,5001,10022,0,185297,7.37042
5706,data/bench/ITC99_all_numeric/b14.bench,7927,4,False,3,5001,10022,0,165255,7.331094
5707,data/bench/ITC99_all_numeric/b14.bench,7932,4,False,3,5001,10022,0,165255,7.417705
5708,data/bench/ITC99_all_numeric/b14.bench,7971,4,False,3,5002,10027,0,155360,7.518317
5709,data/bench/ITC99_all_numeric/b14.bench,7976,3,False,3,5001,10022,0,185297,7.434572
5710,data/bench/ITC99_all_numeric/b14.bench,7979,3,False,3,5001,10022,0,185297,7.388227
5711,data/bench/ITC99_all_numeric/b14.bench,8000,4,False,3,5001,10022,0,115201,7.30855
5712,data/bench/ITC99_all_numeric/b14.bench,8029,3,False,3,5001,10022,0,125221,7.300956
5713,data/bench/ITC99_all_numeric/b14.bench,8076,3,False,3,5001,10022,0,175276,7.376633
5714,data/bench/ITC99_all_numeric/b14.bench,8094,3,False,3,5001,10017,0,185205,7.439971
5715,data/bench/ITC99_all_numeric/b14.bench,8100,4,False,3,5001,10022,0,205339,7.431836
5716,data/bench/ITC99_all_numeric/b14.bench,8101,4,False,3,5002,10027,0,145334,7.38317
5717,data/bench/ITC99_all_numeric/b14.bench,8102,4,False,3,5001,10022,0,235402,7.490227
5718,data/bench/ITC99_all_numeric/b14.bench,8108,3,False,3,5001,10022,0,145263,7.353019
5719,data/bench/ITC99_all_numeric/b14.bench,8120,4,False,3,5001,10022,0,185297,7.37578
5720,data/bench/ITC99_all_numeric/b14.bench,8213,4,False,3,5001,10022,0,175276,7.361767
5721,data/bench/ITC99_all_numeric/b14.bench,8223,3,False,3,5001,10017,0,175189,7.447046
5722,data/bench/ITC99_all_numeric/b14.bench,8241,3,False,3,5002,10027,0,145334,7.408887
5723,data/bench/ITC99_all_numeric/b14.bench,8265,4,False,3,5001,10022,0,175276,7.41108
5724,data/bench/ITC99_all_numeric/b14.bench,8282,4,False,3,5001,10022,0,215360,7.482101
5725,data/bench/ITC99_all_numeric/b14.bench,8301,4,False,3,5002,10027,0,135308,7.496744
5726,data/bench/ITC99_all_numeric/b14.bench,8325,4,False,3,5002,10027,0,125282,7.366085
5727,data/bench/ITC99_all_numeric/b14.bench,8328,4,False,3,5002,10027,0,125282,7.369739
5728,data/bench/ITC99_all_numeric/b14.bench,8329,3,False,3,5001,10022,0,175276,7.402444
5729,data/bench/ITC99_all_numeric/b14.bench,8349,3,False,3,5001,10022,0,195318,7.477321
5730,data/bench/ITC99_all_numeric/b14.bench,8349,4,False,3,5001,10017,0,195221,7.514826
5731,data/bench/ITC99_all_numeric/b14.bench,8353,3,False,3,5001,10022,0,145263,7.366856
5732,data/bench/ITC99_all_numeric/b14.bench,8389,3,False,3,5001,10022,0,175276,7.391136
5733,data/bench/ITC99_all_numeric/b14.bench,8401,3,False,3,5001,10017,0,165173,7.449036
5734,data/bench/ITC99_all_numeric/b14.bench,8441,3,False,3,5001,10017,0,165173,7.438913
5735,data/bench/ITC99_all_numeric/b14.bench,8457,3,False,3,5001,10022,0,145263,7.377515
5736,data/bench/ITC99_all_numeric/b14.bench,8476,3,False,3,5001,10022,0,145263,7.391425
5737,data/bench/ITC99_all_numeric/b14.bench,8545,3,False,3,5001,10022,0,205339,7.467802
5738,data/bench/ITC99_all_numeric/b14.bench,8552,3,False,3,5001,10022,0,155284,7.377463
5739,data/bench/ITC99_all_numeric/b14.bench,8562,4,False,3,5001,10017,0,195221,7.480937
5740,data/bench/ITC99_all_numeric/b14.bench,8583,3,False,3,5001,10022,0,175276,7.43771
5741,data/bench/ITC99_all_numeric/b14.bench,8612,4,False,3,5001,10017,0,175189,7.54427
5742,data/bench/ITC99_all_numeric/b14.bench,8656,3,False,3,5001,10017,0,185205,7.501826
5743,data/bench/ITC99_all_numeric/b14.bench,8684,4,False,3,5002,10027,0,125282,7.406513
5744,data/bench/ITC99_all_numeric/b14.bench,8732,3,False,3,5001,10017,0,165173,7.481597
5745,data/bench/ITC99_all_numeric/b14.bench,8733,4,False,3,5001,10022,0,165255,7.405395
5746,data/bench/ITC99_all_numeric/b14.bench,8755,4,False,3,5001,10022,0,165255,7.392069
5747,data/bench/ITC99_all_numeric/b14.bench,8768,3,False,3,5001,10022,0,165305,7.445852
5748,data/bench/ITC99_all_numeric/b14.bench,8779,4,False,3,5001,10017,0,215253,7.56829
5749,data/bench/ITC99_all_numeric/b14.bench,8780,4,False,3,5001,10017,0,185205,7.513977
5750,data/bench/ITC99_all_numeric/b14.bench,8791,4,False,3,5001,10022,0,185297,7.444653
5751,data/bench/ITC99_all_numeric/b14.bench,8799,3,False,3,5001,10017,0,185205,7.452023
5752,data/bench/ITC99_all_numeric/b14.bench,8830,3,False,3,5001,10017,0,195221,7.501435
5753,data/bench/ITC99_all_numeric/b14.bench,8853,4,False,3,5001,10022,0,165255,7.370379
5754,data/bench/ITC99_all_numeric/b14.bench,8883,3,False,3,5001,10017,0,175189,7.430515
5755,data/bench/ITC99_all_numeric/b14.bench,8883,4,False,3,5001,10022,0,175276,7.379464
5756,data/bench/ITC99_all_numeric/b14.bench,8892,4,False,3,5002,10027,0,125282,7.375246
5757,data/bench/ITC99_all_numeric/b14.bench,8935,3,False,3,5001,10022,0,195318,7.444234
5758,data/bench/ITC99_all_numeric/b14.bench,8959,3,False,3,5001,10022,0,185297,7.425209
5759,data/bench/ITC99_all_numeric/b14.bench,8975,4,False,3,5001,10022,0,165305,7.458475
5760,data/bench/ITC99_all_numeric/b14.bench,8980,3,False,3,5002,10027,0,115257,7.372782
5761,data/bench/ITC99_all_numeric/b14.bench,8984,3,False,3,5001,10022,0,165255,7.373047
5762,data/bench/ITC99_all_numeric/b14.bench,9021,3,False,3,5001,10022,0,165255,7.368154
5763,data/bench/ITC99_all_numeric/b14.bench,9023,4,False,3,5001,10022,0,155284,7.352866
5764,data/bench/ITC99_all_numeric/b14.bench,9031,3,False,3,5001,10022,0,165255,7.366331
5765,data/bench/ITC99_all_numeric/b14.bench,9043,4,False,3,5001,10022,0,175276,7.371539
5766,data/bench/ITC99_all_numeric/b14.bench,9058,3,False,3,5001,10022,0,125221,7.309612
5767,data/bench/ITC99_all_numeric/b14.bench,9065,4,False,3,5001,10022,0,165255,7.33346
5768,data/bench/ITC99_all_numeric/b14.bench,9072,4,False,3,5001,10017,0,175189,7.409077
5769,data/bench/ITC99_all_numeric/b14.bench,9089,4,False,3,5001,10022,0,165255,7.352395
5770,data/bench/ITC99_all_numeric/b14.bench,9101,3,False,3,5001,10022,0,175276,7.403243
5771,data/bench/ITC99_all_numeric/b14.bench,9117,3,False,3,5002,10027,0,135308,7.391529
5772,data/bench/ITC99_all_numeric/b14.bench,9123,3,False,3,5002,10027,0,135308,7.4137
5773,data/bench/ITC99_all_numeric/b14.bench,9165,4,False,3,5001,10022,0,115201,7.296101
5774,data/bench/ITC99_all_numeric/b14.bench,9195,3,False,3,5001,10017,0,195221,7.464233
5775,data/bench/ITC99_all_numeric/b14.bench,9219,3,False,3,5001,10022,0,125221,7.396693
5776,data/bench/ITC99_all_numeric/b14.bench,9245,4,False,3,5001,10022,0,185297,7.405048
5777,data/bench/ITC99_all_numeric/b14.bench,9259,4,False,3,5001,10017,0,175189,7.417598
5778,data/bench/ITC99_all_numeric/b14.bench,9276,3,False,3,5002,10027,0,145334,7.36993
5779,data/bench/ITC99_all_numeric/b14.bench,9278,4,False,3,5001,10017,0,185205,7.397347
5780,data/bench/ITC99_all_numeric/b14.bench,9300,4,False,3,5001,10022,0,145263,7.318669
5781,data/bench/ITC99_all_numeric/b14.bench,9324,4,False,3,5002,10027,0,125282,7.347651
5782,data/bench/ITC99_all_numeric/b14.bench,9332,4,False,3,5001,10022,0,175276,7.399442
5783,data/bench/ITC99_all_numeric/b14.bench,9368,3,False,3,5001,10017,0,195221,7.504279
5784,data/bench/ITC99_all_numeric/b14.bench,9405,4,False,3,5001,10022,0,165255,7.424397
5785,data/bench/ITC99_all_numeric/b14.bench,9416,4,False,3,5001,10017,0,175189,7.46129
5786,data/bench/ITC99_all_numeric/b14.bench,9417,4,False,3,5001,10022,0,165255,7.408225
5787,data/bench/ITC99_all_numeric/b14.bench,9466,3,False,3,5001,10022,0,165255,7.346076
5788,data/bench/ITC99_all_numeric/b14.bench,9470,4,False,3,5002,10027,0,155360,7.372362
5789,data/bench/ITC99_all_numeric/b14.bench,9492,3,False,3,5001,10022,0,175276,7.366457
5790,data/bench/ITC99_all_numeric/b14.bench,9570,4,False,3,5001,10017,0,175189,7.44072
5791,data/bench/ITC99_all_numeric/b14.bench,9576,4,False,3,5001,10017,0,175189,7.415032
5792,data/bench/ITC99_all_numeric/b14.bench,9580,4,False,3,5001,10017,0,175189,7.44082
5793,data/bench/ITC99_all_numeric/b14.bench,9611,4,False,3,5001,10022,0,125221,7.293482
5794,data/bench/ITC99_all_numeric/b14.bench,9633,4,False,3,5001,10017,0,165173,7.378658
5795,data/bench/ITC99_all_numeric/b14.bench,9658,3,False,3,5001,10022,0,185297,7.419917
5796,data/bench/ITC99_all_numeric/b14.bench,9658,4,False,3,5001,10017,0,185205,7.458781
5797,data/bench/ITC99_all_numeric/b14.bench,9667,4,False,3,5001,10022,0,115201,7.303336
5798,data/bench/ITC99_all_numeric/b14.bench,9702,4,False,3,5001,10022,0,165255,7.409594
5799,data/bench/ITC99_all_numeric/b14.bench,9725,3,False,3,5001,10017,0,165173,7.437773
5800,data/bench/ITC99_all_numeric/b14.bench,9727,3,False,3,5001,10022,0,125221,7.336646
5801,data/bench/ITC99_all_numeric/b14.bench,9727,4,False,3,5002,10027,0,125282,7.366182
5802,data/bench/ITC99_all_numeric/b14.bench,9729,4,False,3,5002,10027,0,125282,7.434122
5803,data/bench/ITC99_all_numeric/b14.bench,9749,3,False,3,5001,10022,0,215360,7.457684
5804,data/bench/ITC99_all_numeric/b14.bench,9753,3,False,3,5001,10017,0,185205,7.463396
5805,data/bench/ITC99_all_numeric/b14.bench,9759,3,False,3,5001,10017,0,185205,7.424423
5806,data/bench/ITC99_all_numeric/b14.bench,9766,3,False,3,5001,10022,0,185297,7.430189
5807,data/bench/ITC99_all_numeric/b14.bench,9770,4,False,3,5001,10017,0,185205,7.377693
5808,data/bench/ITC99_all_numeric/b14.bench,9773,4,False,3,5001,10017,0,215253,7.466972
5809,data/bench/ITC99_all_numeric/b14.bench,9784,3,False,3,5001,10017,0,165173,7.514379
5810,data/bench/ITC99_all_numeric/b14.bench,9787,4,False,3,5001,10022,0,165255,7.463091
5811,data/bench/ITC99_all_numeric/b14.bench,9816,4,False,3,5001,10017,0,175189,7.43918
5812,data/bench/ITC99_all_numeric/b14.bench,9836,3,False,3,5001,10022,0,125221,7.342657
5813,data/bench/ITC99_all_numeric/b14.bench,9841,4,False,3,5002,10027,0,125282,7.345457
5814,data/bench/ITC99_all_numeric/b14.bench,9843,4,False,3,5002,10027,0,135308,7.405278
5815,data/bench/ITC99_all_numeric/b14.bench,9867,4,False,3,5001,10022,0,165255,7.351259
5816,data/bench/ITC99_all_numeric/b14.bench,9901,4,False,3,5001,10022,0,135242,7.327608
5817,data/bench/ITC99_all_numeric/b14.bench,9916,4,False,3,5001,10022,0,125221,7.294638
5818,data/bench/ITC99_all_numeric/b14.bench,9933,3,False,3,5001,10022,0,125221,7.304992
5819,data/bench/ITC99_all_numeric/b14.bench,9939,3,False,3,5001,10022,0,175276,7.3825
5820,data/bench/ITC99_all_numeric/b14.bench,9948,4,False,3,5001,10022,0,185297,7.350282
5821,data/bench/ITC99_all_numeric/b14.bench,9974,4,False,3,5001,10022,0,175276,7.41156
5822,data/bench/ITC99_all_numeric/b14.bench,9996,3,False,3,5001,10022,0,125221,7.34175
5823,data/bench/ITC99_all_numeric/b14.bench,9999,3,False,3,5001,10022,0,125221,7.322154
5824,data/bench/ITC99_all_numeric/b14.bench,9999,4,False,3,5002,10027,0,125282,7.361378
5825,data/bench/ITC99_all_numeric/b14.bench,10028,3,False,3,5001,10022,0,175276,7.361618
5826,data/bench/ITC99_all_numeric/b14.bench,10029,3,False,3,5001,10022,0,175276,7.40624
5827,data/bench/ITC99_all_numeric/b14.bench,10042,4,False,3,5001,10017,0,175189,7.517033
5828,data/bench/ITC99_all_numeric/b15_1.bench,6,3,False,2,0,5776,0,0,10.00192
5829,data/bench/ITC99_all_numeric/b15_1.bench,8,3,False,2,0,5796,0,0,10.001773
5830,data/bench/ITC99_all_numeric/b15_1.bench,52,4,False,2,0,5825,0,0,10.00145
5831,data/bench/ITC99_all_numeric/b15_1.bench,70,4,False,2,0,5823,0,0,10.000699
5832,data/bench/ITC99_all_numeric/b15_1.bench,82,4,True,1,0,9,0,4,0.018053
5833,data/bench/ITC99_all_numeric/b15_1.bench,86,4,True,1,0,9,0,4,0.01787
5834,data/bench/ITC99_all_numeric/b15_1.bench,121,4,False,2,0,5818,0,0,10.000887
5835,data/bench/ITC99_all_numeric/b15_1.bench,147,4,False,2,0,5833,0,0,10.001595
5836,data/bench/ITC99_all_numeric/b15_1.bench,151,3,False,2,0,5851,0,0,10.000864
5837,data/bench/ITC99_all_numeric/b15_1.bench,186,4,False,2,0,5834,0,0,10.001261
5838,data/bench/ITC99_all_numeric/b15_1.bench,207,3,False,2,0,5844,0,0,10.001622
5839,data/bench/ITC99_all_numeric/b15_1.bench,245,3,True,1,0,2,0,0,0.006259
5840,data/bench/ITC99_all_numeric/b15_1.bench,247,4,True,1,0,2,0,0,0.006309
5841,data/bench/ITC99_all_numeric/b15_1.bench,250,4,True,1,0,3,0,1,0.007827
5842,data/bench/ITC99_all_numeric/b15_1.bench,257,3,True,1,0,3,0,0,0.007773
5843,data/bench/ITC99_all_numeric/b15_1.bench,323,4,False,2,0,5829,0,0,10.000701
5844,data/bench/ITC99_all_numeric/b15_1.bench,334,3,False,2,0,5824,0,0,10.002068
5845,data/bench/ITC99_all_numeric/b15_1.bench,417,4,True,1,0,2,0,0,0.006451
5846,data/bench/ITC99_all_numeric/b15_1.bench,424,4,True,1,0,3,0,0,0.007753
5847,data/bench/ITC99_all_numeric/b15_1.bench,434,3,True,1,0,3,0,0,0.007721
5848,data/bench/ITC99_all_numeric/b15_1.bench,474,3,False,2,0,5833,0,0,10.001469
5849,data/bench/ITC99_all_numeric/b15_1.bench,505,3,False,0,15,31,0,186,0.072124
5850,data/bench/ITC99_all_numeric/b15_1.bench,566,4,False,0,23,47,0,444,0.109293
5851,data/bench/ITC99_all_numeric/b15_1.bench,596,3,False,0,7,15,0,118,0.035855
5852,data/bench/ITC99_all_numeric/b15_1.bench,636,3,False,0,7,15,0,118,0.035729
5853,data/bench/ITC99_all_numeric/b15_1.bench,643,3,False,0,7,15,0,118,0.035937
5854,data/bench/ITC99_all_numeric/b15_1.bench,670,3,False,0,17,35,0,274,0.080948
5855,data/bench/ITC99_all_numeric/b15_1.bench,744,4,False,0,23,47,0,341,0.108503
5856,data/bench/ITC99_all_numeric/b15_1.bench,762,4,False,0,11,23,0,154,0.05418
5857,data/bench/ITC99_all_numeric/b15_1.bench,766,3,False,0,11,23,0,154,0.054053
5858,data/bench/ITC99_all_numeric/b15_1.bench,783,3,False,0,11,23,0,154,0.053946
5859,data/bench/ITC99_all_numeric/b15_1.bench,799,4,False,0,11,23,0,154,0.053887
5860,data/bench/ITC99_all_numeric/b15_1.bench,814,3,False,0,11,23,0,176,0.054235
5861,data/bench/ITC99_all_numeric/b15_1.bench,825,4,False,0,11,23,0,176,0.054134
5862,data/bench/ITC99_all_numeric/b15_1.bench,836,4,False,0,11,23,0,176,0.054101
5863,data/bench/ITC99_all_numeric/b15_1.bench,892,4,False,0,71,143,0,1559,0.324733
5864,data/bench/ITC99_all_numeric/b15_1.bench,906,3,False,0,71,143,0,1416,0.32445
5865,data/bench/ITC99_all_numeric/b15_1.bench,919,4,False,0,35,71,0,704,0.162894
5866,data/bench/ITC99_all_numeric/b15_1.bench,931,3,False,0,11,23,0,108,0.054812
5867,data/bench/ITC99_all_numeric/b15_1.bench,976,4,False,0,5,11,0,41,0.028054
5868,data/bench/ITC99_all_numeric/b15_1.bench,1020,3,False,0,31,63,0,329,0.145154
5869,data/bench/ITC99_all_numeric/b15_1.bench,1029,4,False,0,47,95,0,811,0.215405
5870,data/bench/ITC99_all_numeric/b15_1.bench,1036,3,False,0,5,11,0,54,0.027589
5871,data/bench/ITC99_all_numeric/b15_1.bench,1043,3,False,0,47,95,0,907,0.215463
5872,data/bench/ITC99_all_numeric/b15_1.bench,1063,3,False,0,5,11,0,54,0.026977
5873,data/bench/ITC99_all_numeric/b15_1.bench,1095,3,False,0,11,23,0,105,0.053678
5874,data/bench/ITC99_all_numeric/b15_1.bench,1140,3,False,0,5,11,0,33,0.026801
5875,data/bench/ITC99_all_numeric/b15_1.bench,1192,3,False,0,3,7,0,35,0.019326
5876,data/bench/ITC99_all_numeric/b15_1.bench,1197,3,False,0,3,7,0,52,0.018295
5877,data/bench/ITC99_all_numeric/b15_1.bench,1201,3,False,0,3,7,0,49,0.017993
5878,data/bench/ITC99_all_numeric/b15_1.bench,1212,3,False,0,3,7,0,42,0.018078
5879,data/bench/ITC99_all_numeric/b15_1.bench,1218,4,False,0,23,47,0,405,0.108155
5880,data/bench/ITC99_all_numeric/b15_1.bench,1221,4,False,0,23,47,0,546,0.108326
5881,data/bench/ITC99_all_numeric/b15_1.bench,1230,4,False,0,23,47,0,499,0.109025
5882,data/bench/ITC99_all_numeric/b15_1.bench,1282,4,False,0,3,7,0,16,0.018663
5883,data/bench/ITC99_all_numeric/b15_1.bench,1387,3,False,0,7,15,0,62,0.036112
5884,data/bench/ITC99_all_numeric/b15_1.bench,1439,4,False,0,15,31,0,210,0.07176
5885,data/bench/ITC99_all_numeric/b15_1.bench,1502,4,False,0,5,11,0,67,0.027231
5886,data/bench/ITC99_all_numeric/b15_1.bench,1527,3,False,0,35,71,0,635,0.162482
5887,data/bench/ITC99_all_numeric/b15_1.bench,1538,3,False,0,35,71,0,635,0.162806
5888,data/bench/ITC99_all_numeric/b15_1.bench,1546,3,False,0,17,35,0,248,0.081856
5889,data/bench/ITC99_all_numeric/b15_1.bench,1551,3,False,0,17,35,0,248,0.081593
5890,data/bench/ITC99_all_numeric/b15_1.bench,1623,4,False,0,5,11,0,67,0.027563
5891,data/bench/ITC99_all_numeric/b15_1.bench,1631,3,False,0,35,71,0,635,0.162344
5892,data/bench/ITC99_all_numeric/b15_1.bench,1668,3,False,2,2219,4462,0,101357,10.000314
5893,data/bench/ITC99_all_numeric/b15_1.bench,1674,4,False,2,2197,4421,0,91651,10.001664
5894,data/bench/ITC99_all_numeric/b15_1.bench,1711,3,False,0,71,143,0,971,0.32199
5895,data/bench/ITC99_all_numeric/b15_1.bench,1721,3,False,0,7,15,0,96,0.035868
5896,data/bench/ITC99_all_numeric/b15_1.bench,1733,3,False,0,7,15,0,96,0.035447
5897,data/bench/ITC99_all_numeric/b15_1.bench,1785,3,False,0,11,23,0,153,0.053558
5898,data/bench/ITC99_all_numeric/b15_1.bench,1786,3,False,0,11,23,0,153,0.053634
5899,data/bench/ITC99_all_numeric/b15_1.bench,1821,4,False,0,7,15,0,96,0.035606
5900,data/bench/ITC99_all_numeric/b15_1.bench,1860,4,False,0,11,23,0,153,0.055568
5901,data/bench/ITC99_all_numeric/b15_1.bench,1901,3,False,0,11,23,0,133,0.054538
5902,data/bench/ITC99_all_numeric/b15_1.bench,1937,3,False,0,11,23,0,131,0.054164
5903,data/bench/ITC99_all_numeric/b15_1.bench,1942,4,False,0,11,23,0,131,0.054153
5904,data/bench/ITC99_all_numeric/b15_1.bench,1950,3,False,0,11,23,0,87,0.054638
5905,data/bench/ITC99_all_numeric/b15_1.bench,1985,3,False,0,11,23,0,131,0.054244
5906,data/bench/ITC99_all_numeric/b15_1.bench,2040,3,False,0,47,95,0,1097,0.215299
5907,data/bench/ITC99_all_numeric/b15_1.bench,2085,4,False,0,9,19,0,120,0.045598
5908,data/bench/ITC99_all_numeric/b15_1.bench,2112,4,False,0,19,39,0,242,0.09047
5909,data/bench/ITC99_all_numeric/b15_1.bench,2138,4,False,0,47,95,0,1002,0.216796
5910,data/bench/ITC99_all_numeric/b15_1.bench,2148,3,False,0,11,23,0,167,0.054709
5911,data/bench/ITC99_all_numeric/b15_1.bench,2151,3,False,0,23,47,0,358,0.108938
5912,data/bench/ITC99_all_numeric/b15_1.bench,2153,3,False,0,23,47,0,358,0.108903
5913,data/bench/ITC99_all_numeric/b15_1.bench,2194,4,False,0,11,23,0,167,0.054254
5914,data/bench/ITC99_all_numeric/b15_1.bench,2195,4,False,0,23,47,0,311,0.107699
5915,data/bench/ITC99_all_numeric/b15_1.bench,2207,4,False,0,23,47,0,291,0.107948
5916,data/bench/ITC99_all_numeric/b15_1.bench,2208,3,False,0,23,47,0,311,0.107536
5917,data/bench/ITC99_all_numeric/b15_1.bench,2229,3,False,0,11,23,0,151,0.05365
5918,data/bench/ITC99_all_numeric/b15_1.bench,2245,3,False,0,11,23,0,151,0.053647
5919,data/bench/ITC99_all_numeric/b15_1.bench,2247,4,False,0,11,23,0,151,0.053538
5920,data/bench/ITC99_all_numeric/b15_1.bench,2252,3,False,0,17,35,0,239,0.080725
5921,data/bench/ITC99_all_numeric/b15_1.bench,2257,4,False,0,11,23,0,151,0.05382
5922,data/bench/ITC99_all_numeric/b15_1.bench,2272,4,False,0,17,35,0,233,0.081173
5923,data/bench/ITC99_all_numeric/b15_1.bench,2280,3,False,0,17,35,0,233,0.080889
5924,data/bench/ITC99_all_numeric/b15_1.bench,2288,4,False,0,63,127,0,792,0.285861
5925,data/bench/ITC99_all_numeric/b15_1.bench,2296,3,False,0,11,23,0,151,0.05516
5926,data/bench/ITC99_all_numeric/b15_1.bench,2319,4,False,0,11,23,0,151,0.054152
5927,data/bench/ITC99_all_numeric/b15_1.bench,2343,3,False,0,63,127,0,792,0.288341
5928,data/bench/ITC99_all_numeric/b15_1.bench,2417,4,False,0,11,23,0,151,0.054244
5929,data/bench/ITC99_all_numeric/b15_1.bench,2427,4,False,0,63,127,0,792,0.285616
5930,data/bench/ITC99_all_numeric/b15_1.bench,2442,4,False,0,63,127,0,792,0.287812
5931,data/bench/ITC99_all_numeric/b15_1.bench,2468,4,False,0,11,23,0,151,0.05435
5932,data/bench/ITC99_all_numeric/b15_1.bench,2475,3,False,0,63,127,0,792,0.288791
5933,data/bench/ITC99_all_numeric/b15_1.bench,2476,3,False,0,191,383,0,2769,0.859896
5934,data/bench/ITC99_all_numeric/b15_1.bench,2506,3,False,0,17,35,0,239,0.082067
5935,data/bench/ITC99_all_numeric/b15_1.bench,2506,4,False,0,17,35,0,239,0.081718
5936,data/bench/ITC99_all_numeric/b15_1.bench,2512,3,False,0,17,35,0,239,0.081474
5937,data/bench/ITC99_all_numeric/b15_1.bench,2515,3,False,0,17,35,0,239,0.08138
5938,data/bench/ITC99_all_numeric/b15_1.bench,2524,4,False,0,17,35,0,239,0.08139
5939,data/bench/ITC99_all_numeric/b15_1.bench,2542,3,False,0,23,47,0,397,0.108411
5940,data/bench/ITC99_all_numeric/b15_1.bench,2606,3,False,0,7,15,0,33,0.036209
5941,data/bench/ITC99_all_numeric/b15_1.bench,2617,4,False,0,15,31,0,157,0.072211
5942,data/bench/ITC99_all_numeric/b15_1.bench,2639,4,False,0,7,15,0,33,0.036034
5943,data/bench/ITC99_all_numeric/b15_1.bench,2645,3,False,0,7,15,0,33,0.034017
5944,data/bench/ITC99_all_numeric/b15_1.bench,2681,4,False,0,15,31,0,222,0.07079
5945,data/bench/ITC99_all_numeric/b15_1.bench,2705,4,False,0,15,31,0,253,0.07206
5946,data/bench/ITC99_all_numeric/b15_1.bench,2732,3,False,0,23,47,0,687,0.107518
5947,data/bench/ITC99_all_numeric/b15_1.bench,2811,3,False,0,2,5,0,3,0.013854
5948,data/bench/ITC99_all_numeric/b15_1.bench,2812,4,False,0,3,7,0,9,0.017853
5949,data/bench/ITC99_all_numeric/b15_1.bench,2829,3,False,0,11,23,0,84,0.053747
5950,data/bench/ITC99_all_numeric/b15_1.bench,2835,3,False,0,3,7,0,16,0.019062
5951,data/bench/ITC99_all_numeric/b15_1.bench,2840,4,False,0,3,7,0,61,0.018052
5952,data/bench/ITC99_all_numeric/b15_1.bench,2854,3,True,1,0,3,0,5,0.007369
5953,data/bench/ITC99_all_numeric/b15_1.bench,2857,4,False,0,3,7,0,49,0.017905
5954,data/bench/ITC99_all_numeric/b15_1.bench,2871,3,False,0,3,7,0,42,0.0194
5955,data/bench/ITC99_all_numeric/b15_1.bench,2882,4,False,0,3,7,0,55,0.018234
5956,data/bench/ITC99_all_numeric/b15_1.bench,2906,4,False,0,3,7,0,16,0.018043
5957,data/bench/ITC99_all_numeric/b15_1.bench,2928,4,False,0,3,7,0,30,0.018062
5958,data/bench/ITC99_all_numeric/b15_1.bench,2929,3,False,0,3,7,0,23,0.018039
5959,data/bench/ITC99_all_numeric/b15_1.bench,2948,3,False,0,23,47,0,546,0.108241
5960,data/bench/ITC99_all_numeric/b15_1.bench,3081,3,False,0,5,11,0,54,0.027423
5961,data/bench/ITC99_all_numeric/b15_1.bench,3122,3,False,0,7,15,0,47,0.036125
5962,data/bench/ITC99_all_numeric/b15_1.bench,3137,3,False,0,23,47,0,219,0.108125
5963,data/bench/ITC99_all_numeric/b15_1.bench,3147,4,False,0,23,47,0,217,0.106993
5964,data/bench/ITC99_all_numeric/b15_1.bench,3160,4,False,0,7,15,0,61,0.036203
5965,data/bench/ITC99_all_numeric/b15_1.bench,3170,4,False,0,7,15,0,47,0.035759
5966,data/bench/ITC99_all_numeric/b15_1.bench,3191,4,False,0,7,15,0,47,0.03565
5967,data/bench/ITC99_all_numeric/b15_1.bench,3206,4,False,0,7,15,0,47,0.035741
5968,data/bench/ITC99_all_numeric/b15_1.bench,3226,4,False,0,23,47,0,217,0.107731
5969,data/bench/ITC99_all_numeric/b15_1.bench,3257,4,False,0,23,47,0,640,0.109057
5970,data/bench/ITC99_all_numeric/b15_1.bench,3272,4,False,0,3,7,0,35,0.018466
5971,data/bench/ITC99_all_numeric/b15_1.bench,3281,3,False,0,11,23,0,128,0.054299
5972,data/bench/ITC99_all_numeric/b15_1.bench,3281,4,False,0,11,23,0,128,0.054545
5973,data/bench/ITC99_all_numeric/b15_1.bench,3302,4,False,0,31,63,0,455,0.14493
5974,data/bench/ITC99_all_numeric/b15_1.bench,3319,4,False,0,11,23,0,128,0.054451
5975,data/bench/ITC99_all_numeric/b15_1.bench,3362,4,False,0,31,63,0,455,0.14611
5976,data/bench/ITC99_all_numeric/b15_1.bench,3368,4,False,0,11,23,0,151,0.054718
5977,data/bench/ITC99_all_numeric/b15_1.bench,3370,3,False,0,31,63,0,455,0.144923
5978,data/bench/ITC99_all_numeric/b15_1.bench,3377,4,True,1,0,3,0,4,0.008153
5979,data/bench/ITC99_all_numeric/b15_1.bench,3382,4,False,0,11,23,0,151,0.054305
5980,data/bench/ITC99_all_numeric/b15_1.bench,3386,3,False,0,11,23,0,151,0.053814
5981,data/bench/ITC99_all_numeric/b15_1.bench,3413,3,False,0,11,23,0,128,0.053956
5982,data/bench/ITC99_all_numeric/b15_1.bench,3414,3,False,0,31,63,0,455,0.143957
5983,data/bench/ITC99_all_numeric/b15_1.bench,3428,3,False,0,11,23,0,151,0.05395
5984,data/bench/ITC99_all_numeric/b15_1.bench,3436,4,False,0,11,23,0,151,0.053966
5985,data/bench/ITC99_all_numeric/b15_1.bench,3452,4,False,0,31,63,0,455,0.14353
5986,data/bench/ITC99_all_numeric/b15_1.bench,3464,3,False,0,31,63,0,455,0.144233
5987,data/bench/ITC99_all_numeric/b15_1.bench,3465,3,False,0,11,23,0,128,0.053927
5988,data/bench/ITC99_all_numeric/b15_1.bench,3476,3,False,0,31,63,0,455,0.144318
5989,data/bench/ITC99_all_numeric/b15_1.bench,3482,3,False,0,31,63,0,455,0.143924
5990,data/bench/ITC99_all_numeric/b15_1.bench,3548,3,False,0,11,23,0,151,0.054148
5991,data/bench/ITC99_all_numeric/b15_1.bench,3564,3,False,0,11,23,0,151,0.054105
5992,data/bench/ITC99_all_numeric/b15_1.bench,3572,4,False,0,11,23,0,151,0.053813
5993,data/bench/ITC99_all_numeric/b15_1.bench,3575,3,False,0,11,23,0,128,0.053708
5994,data/bench/ITC99_all_numeric/b15_1.bench,3637,3,False,0,11,23,0,128,0.053788
5995,data/bench/ITC99_all_numeric/b15_1.bench,3644,3,False,0,63,127,0,792,0.284684
5996,data/bench/ITC99_all_numeric/b15_1.bench,3674,3,False,0,11,23,0,151,0.053874
5997,data/bench/ITC99_all_numeric/b15_1.bench,3742,3,False,0,63,127,0,792,0.285377
5998,data/bench/ITC99_all_numeric/b15_1.bench,3760,3,False,0,11,23,0,128,0.05438
5999,data/bench/ITC99_all_numeric/b15_1.bench,3804,3,False,0,63,127,0,792,0.287389
6000,data/bench/ITC99_all_numeric/b15_1.bench,3813,3,False,0,31,63,0,455,0.144529
6001,data/bench/ITC99_all_numeric/b15_1.bench,3816,4,False,0,95,191,0,1002,0.42771
6002,data/bench/ITC99_all_numeric/b15_1.bench,3829,3,False,0,11,23,0,128,0.053318
6003,data/bench/ITC99_all_numeric/b15_1.bench,3910,3,False,0,31,63,0,780,0.145114
6004,data/bench/ITC99_all_numeric/b15_1.bench,3914,4,False,0,5,11,0,46,0.027099
6005,data/bench/ITC99_all_numeric/b15_1.bench,3926,3,False,0,47,95,0,1189,0.215278
6006,data/bench/ITC99_all_numeric/b15_1.bench,3949,4,False,0,15,31,0,315,0.072123
6007,data/bench/ITC99_all_numeric/b15_1.bench,3952,4,False,0,3,7,0,32,0.017975
6008,data/bench/ITC99_all_numeric/b15_1.bench,3970,3,False,0,3,7,0,18,0.017803
6009,data/bench/ITC99_all_numeric/b15_1.bench,3984,4,False,0,5,11,0,55,0.026504
6010,data/bench/ITC99_all_numeric/b15_1.bench,4006,4,False,0,5,11,0,33,0.026716
6011,data/bench/ITC99_all_numeric/b15_1.bench,4014,3,False,0,5,11,0,33,0.026542
6012,data/bench/ITC99_all_numeric/b15_1.bench,4061,4,False,0,23,47,0,227,0.106959
6013,data/bench/ITC99_all_numeric/b15_1.bench,4062,4,False,0,23,47,0,227,0.107356
6014,data/bench/ITC99_all_numeric/b15_1.bench,4086,4,False,0,23,47,0,227,0.107183
6015,data/bench/ITC99_all_numeric/b15_1.bench,4102,4,False,0,23,47,0,227,0.107123
6016,data/bench/ITC99_all_numeric/b15_1.bench,4104,3,False,0,23,47,0,227,0.107177
6017,data/bench/ITC99_all_numeric/b15_1.bench,4125,4,False,0,71,143,0,971,0.318454
6018,data/bench/ITC99_all_numeric/b15_1.bench,4195,3,False,0,215,431,0,4641,0.946202
6019,data/bench/ITC99_all_numeric/b15_1.bench,4236,4,False,0,431,863,0,9283,1.893197
6020,data/bench/ITC99_all_numeric/b15_1.bench,4288,4,False,0,127,255,0,3303,0.570878
6021,data/bench/ITC99_all_numeric/b15_1.bench,4301,4,False,0,1943,3887,0,53458,8.438761
6022,data/bench/ITC99_all_numeric/b15_1.bench,4330,4,False,0,1943,3887,0,49571,8.44366
6023,data/bench/ITC99_all_numeric/b15_1.bench,4340,3,False,2,2297,4612,0,72592,10.000595
6024,data/bench/ITC99_all_numeric/b15_1.bench,4350,3,False,2,2301,4619,0,68083,10.000998
6025,data/bench/ITC99_all_numeric/b15_1.bench,4354,3,False,2,2297,4612,0,67983,10.002187
6026,data/bench/ITC99_all_numeric/b15_1.bench,4372,3,False,2,2281,4583,0,81283,10.000568
6027,data/bench/ITC99_all_numeric/b15_1.bench,4389,4,False,2,2271,4564,0,67280,10.001633
6028,data/bench/ITC99_all_numeric/b15_1.bench,4401,3,False,2,2277,4575,0,81131,10.000817
6029,data/bench/ITC99_all_numeric/b15_1.bench,4445,3,False,2,2292,4603,0,86213,10.001328
6030,data/bench/ITC99_all_numeric/b15_1.bench,4447,4,False,2,2290,4604,0,86254,10.000506
6031,data/bench/ITC99_all_numeric/b15_1.bench,4448,4,False,2,2293,4608,0,86330,10.001015
6032,data/bench/ITC99_all_numeric/b15_1.bench,4502,4,False,2,2292,4608,0,94946,10.000735
6033,data/bench/ITC99_all_numeric/b15_1.bench,4507,4,False,2,2287,4592,0,95191,10.001051
6034,data/bench/ITC99_all_numeric/b15_1.bench,4519,4,False,2,2293,4609,0,95547,10.001295
6035,data/bench/ITC99_all_numeric/b15_1.bench,4529,4,False,2,2300,4615,0,95672,10.007735
6036,data/bench/ITC99_all_numeric/b15_1.bench,4531,3,False,2,2331,4684,0,97057,10.003162
6037,data/bench/ITC99_all_numeric/b15_1.bench,4549,3,False,2,2324,4672,0,101480,10.001006
6038,data/bench/ITC99_all_numeric/b15_1.bench,4590,4,False,2,2269,4555,0,95018,10.006174
6039,data/bench/ITC99_all_numeric/b15_1.bench,4594,3,False,2,2349,4726,0,116771,10.000341
6040,data/bench/ITC99_all_numeric/b15_1.bench,4619,4,False,0,23,47,0,291,0.108655
6041,data/bench/ITC99_all_numeric/b15_1.bench,4625,4,False,2,2306,4640,0,114704,10.000338
6042,data/bench/ITC99_all_numeric/b15_1.bench,4627,3,False,2,2352,4733,0,116945,10.001088
6043,data/bench/ITC99_all_numeric/b15_1.bench,4665,4,False,2,2314,4651,0,123668,10.000998
6044,data/bench/ITC99_all_numeric/b15_1.bench,4689,4,False,2,2335,4699,0,134317,10.002465
6045,data/bench/ITC99_all_numeric/b15_1.bench,4707,3,False,2,2376,4784,0,137243,10.000934
6046,data/bench/ITC99_all_numeric/b15_1.bench,4712,4,False,2,2311,4646,0,128762,10.001281
6047,data/bench/ITC99_all_numeric/b15_1.bench,4728,3,False,0,23,47,0,291,0.108335
6048,data/bench/ITC99_all_numeric/b15_1.bench,4746,3,False,2,2375,4782,0,141942,10.002134
6049,data/bench/ITC99_all_numeric/b15_1.bench,4804,4,False,2,2346,4717,0,154232,10.000075
6050,data/bench/ITC99_all_numeric/b15_1.bench,4808,3,False,0,23,47,0,247,0.109781
6051,data/bench/ITC99_all_numeric/b15_1.bench,4830,4,False,0,9,19,0,120,0.045528
6052,data/bench/ITC99_all_numeric/b15_1.bench,4844,4,False,0,17,35,0,197,0.10012
6053,data/bench/ITC99_all_numeric/b15_1.bench,4855,3,False,0,47,95,0,1097,0.215979
6054,data/bench/ITC99_all_numeric/b15_1.bench,4862,4,False,0,47,95,0,1001,0.215401
6055,data/bench/ITC99_all_numeric/b15_1.bench,4865,3,False,0,17,35,0,197,0.081261
6056,data/bench/ITC99_all_numeric/b15_1.bench,4872,4,False,0,9,19,0,120,0.045484
6057,data/bench/ITC99_all_numeric/b15_1.bench,4927,3,False,0,47,95,0,1002,0.215531
6058,data/bench/ITC99_all_numeric/b15_1.bench,4964,4,False,0,9,19,0,120,0.045485
6059,data/bench/ITC99_all_numeric/b15_1.bench,4987,4,False,0,11,23,0,133,0.054343
6060,data/bench/ITC99_all_numeric/b15_1.bench,5004,3,False,0,11,23,0,127,0.054689
6061,data/bench/ITC99_all_numeric/b15_1.bench,5006,3,False,0,11,23,0,127,0.054594
6062,data/bench/ITC99_all_numeric/b15_1.bench,5035,3,False,0,11,23,0,87,0.054643
6063,data/bench/ITC99_all_numeric/b15_1.bench,5038,3,False,0,1943,3887,0,49571,8.760785
6064,data/bench/ITC99_all_numeric/b15_1.bench,5046,3,False,0,11,23,0,87,0.054643
6065,data/bench/ITC99_all_numeric/b15_1.bench,5069,3,False,0,7,15,0,180,0.036471
6066,data/bench/ITC99_all_numeric/b15_1.bench,5117,3,False,0,11,23,0,154,0.054416
6067,data/bench/ITC99_all_numeric/b15_1.bench,5201,4,False,0,11,23,0,131,0.054328
6068,data/bench/ITC99_all_numeric/b15_1.bench,5221,4,False,0,17,35,0,279,0.081352
6069,data/bench/ITC99_all_numeric/b15_1.bench,5230,3,False,0,17,35,0,248,0.080832
6070,data/bench/ITC99_all_numeric/b15_1.bench,5236,4,False,0,35,71,0,564,0.164704
6071,data/bench/ITC99_all_numeric/b15_1.bench,5243,4,False,0,35,71,0,564,0.162333
6072,data/bench/ITC99_all_numeric/b15_1.bench,5257,4,False,0,11,23,0,154,0.054632
6073,data/bench/ITC99_all_numeric/b15_1.bench,5378,4,False,0,7,15,0,51,0.036145
6074,data/bench/ITC99_all_numeric/b15_1.bench,5403,4,False,0,7,15,0,55,0.035665
6075,data/bench/ITC99_all_numeric/b15_1.bench,5420,4,False,0,15,31,0,179,0.073475
6076,data/bench/ITC99_all_numeric/b15_1.bench,5451,3,False,0,15,31,0,177,0.073412
6077,data/bench/ITC99_all_numeric/b15_1.bench,5461,4,False,0,7,15,0,47,0.03623
6078,data/bench/ITC99_all_numeric/b15_1.bench,5467,3,False,0,15,31,0,177,0.073167
6079,data/bench/ITC99_all_numeric/b15_1.bench,5503,4,False,0,15,31,0,151,0.072506
6080,data/bench/ITC99_all_numeric/b15_1.bench,5510,4,False,0,7,15,0,47,0.03619
6081,data/bench/ITC99_all_numeric/b15_1.bench,5546,3,False,0,7,15,0,47,0.035766
6082,data/bench/ITC99_all_numeric/b15_1.bench,5560,4,False,0,19,39,0,229,0.09017
6083,data/bench/ITC99_all_numeric/b15_1.bench,5585,4,False,0,7,15,0,55,0.035831
6084,data/bench/ITC99_all_numeric/b15_1.bench,5610,3,False,0,11,23,0,145,0.053055
6085,data/bench/ITC99_all_numeric/b15_1.bench,5666,4,False,0,15,31,0,191,0.068238
6086,data/bench/ITC99_all_numeric/b15_1.bench,5675,4,False,0,7,15,0,51,0.033817
6087,data/bench/ITC99_all_numeric/b15_1.bench,5678,3,False,0,15,31,0,191,0.072326
6088,data/bench/ITC99_all_numeric/b15_1.bench,5688,3,False,0,15,31,0,161,0.071555
6089,data/bench/ITC99_all_numeric/b15_1.bench,5724,4,False,0,7,15,0,61,0.035638
6090,data/bench/ITC99_all_numeric/b15_1.bench,5773,4,False,0,7,15,0,61,0.040538
6091,data/bench/ITC99_all_numeric/b15_1.bench,5850,3,False,0,23,47,0,593,0.109068
6092,data/bench/ITC99_all_numeric/b15_1.bench,5856,3,False,0,15,31,0,406,0.072607
6093,data/bench/ITC99_all_numeric/b15_1.bench,5871,4,False,0,3,7,0,23,0.018083
6094,data/bench/ITC99_all_numeric/b15_1.bench,5946,4,False,0,3,7,0,20,0.017909
6095,data/bench/ITC99_all_numeric/b15_1.bench,5953,3,False,0,3,7,0,56,0.017913
6096,data/bench/ITC99_all_numeric/b15_1.bench,5968,4,False,0,3,7,0,30,0.017953
6097,data/bench/ITC99_all_numeric/b15_1.bench,6006,3,False,0,3,7,0,74,0.018162
6098,data/bench/ITC99_all_numeric/b15_1.bench,6008,4,False,0,3,7,0,27,0.018017
6099,data/bench/ITC99_all_numeric/b15_1.bench,6010,4,False,0,5,11,0,41,0.027017
6100,data/bench/ITC99_all_numeric/b15_1.bench,6015,3,False,0,3,7,0,49,0.019546
6101,data/bench/ITC99_all_numeric/b15_1.bench,6020,4,False,0,8,17,0,51,0.040575
6102,data/bench/ITC99_all_numeric/b15_1.bench,6037,3,False,0,3,7,0,52,0.017909
6103,data/bench/ITC99_all_numeric/b15_1.bench,6089,3,True,1,0,3,0,1,0.007847
6104,data/bench/ITC99_all_numeric/b15_1.bench,6113,3,False,0,3,7,0,7,0.017881
6105,data/bench/ITC99_all_numeric/b15_1.bench,6212,4,False,0,5,11,0,22,0.026546
6106,data/bench/ITC99_all_numeric/b15_1.bench,6240,3,False,0,15,31,0,116,0.071311
6107,data/bench/ITC99_all_numeric/b15_1.bench,6246,3,False,0,15,31,0,436,0.072886
6108,data/bench/ITC99_all_numeric/b15_1.bench,6332,4,False,0,15,31,0,377,0.072879
6109,data/bench/ITC99_all_numeric/b15_1.bench,6334,4,False,0,143,287,0,3376,0.640562
6110,data/bench/ITC99_all_numeric/b15_1.bench,6336,4,False,0,15,31,0,406,0.073485
6111,data/bench/ITC99_all_numeric/b15_1.bench,6391,4,False,0,863,1727,0,20084,3.788609
6112,data/bench/ITC99_all_numeric/b15_1.bench,6402,3,False,0,1295,2591,0,30452,5.672936
6113,data/bench/ITC99_all_numeric/b15_1.bench,6449,3,False,0,1943,3887,0,45684,8.539721
6114,data/bench/ITC99_all_numeric/b15_1.bench,6455,4,False,0,1943,3887,0,45684,8.480952
6115,data/bench/ITC99_all_numeric/b15_1.bench,6458,3,False,2,2305,4627,0,63014,10.001688
6116,data/bench/ITC99_all_numeric/b15_1.bench,6484,4,False,2,2312,4640,0,63755,10.000125
6117,data/bench/ITC99_all_numeric/b15_1.bench,6485,4,False,2,2296,4607,0,63301,10.001718
6118,data/bench/ITC99_all_numeric/b15_1.bench,6604,4,False,2,2329,4683,0,92355,10.001583
6119,data/bench/ITC99_all_numeric/b15_1.bench,6605,4,False,2,2312,4644,0,91594,10.002605
6120,data/bench/ITC99_all_numeric/b15_1.bench,6628,4,False,2,2324,4669,0,92076,10.000834
6121,data/bench/ITC99_all_numeric/b15_1.bench,6652,3,False,2,2290,4604,0,100025,10.001094
6122,data/bench/ITC99_all_numeric/b15_1.bench,6663,4,False,2,2360,4741,0,102945,10.00046
6123,data/bench/ITC99_all_numeric/b15_1.bench,6664,3,False,2,2293,4610,0,100158,10.000036
6124,data/bench/ITC99_all_numeric/b15_1.bench,6666,3,False,2,2267,4556,0,99712,10.00108
6125,data/bench/ITC99_all_numeric/b15_1.bench,6673,4,False,2,2363,4753,0,112691,10.000152
6126,data/bench/ITC99_all_numeric/b15_1.bench,6696,3,False,2,2303,4633,0,109898,10.000081
6127,data/bench/ITC99_all_numeric/b15_1.bench,6710,3,False,2,2303,4627,0,109753,10.002391
6128,data/bench/ITC99_all_numeric/b15_1.bench,6716,3,False,0,15,31,0,406,0.072641
6129,data/bench/ITC99_all_numeric/b15_1.bench,6732,3,False,2,2322,4668,0,120039,10.00118
6130,data/bench/ITC99_all_numeric/b15_1.bench,6733,3,False,2,2311,4646,0,119471,10.000992
6131,data/bench/ITC99_all_numeric/b15_1.bench,6764,3,False,2,2328,4686,0,129849,10.001408
6132,data/bench/ITC99_all_numeric/b15_1.bench,6803,3,False,2,2346,4716,0,140085,10.001531
6133,data/bench/ITC99_all_numeric/b15_1.bench,6808,3,False,2,2314,4655,0,138265,10.000422
6134,data/bench/ITC99_all_numeric/b15_1.bench,6817,4,False,2,2363,4761,0,141299,10.001522
6135,data/bench/ITC99_all_numeric/b15_1.bench,6848,4,True,1,0,3,0,1,0.008084
6136,data/bench/ITC99_all_numeric/b15_1.bench,6912,3,False,2,2191,4399,0,95574,10.001113
6137,data/bench/ITC99_all_numeric/b15_1.bench,6917,4,False,2,2213,4453,0,105167,10.001802
6138,data/bench/ITC99_all_numeric/b15_1.bench,6930,3,False,2,2208,4447,0,123222,10.001518
6139,data/bench/ITC99_all_numeric/b15_1.bench,6961,3,False,0,7,15,0,135,0.036114
6140,data/bench/ITC99_all_numeric/b15_1.bench,7055,4,False,0,23,47,0,180,0.107481
6141,data/bench/ITC99_all_numeric/b15_1.bench,7085,4,False,0,647,1295,0,19111,2.910423
6142,data/bench/ITC99_all_numeric/b15_1.bench,7093,3,False,0,1943,3887,0,65119,8.756506
6143,data/bench/ITC99_all_numeric/b15_1.bench,7112,4,False,2,2193,4401,0,78019,10.004135
6144,data/bench/ITC99_all_numeric/b15_1.bench,7174,4,True,1,0,4,0,2,0.009765
6145,data/bench/ITC99_all_numeric/b15_1.bench,7179,4,False,0,7,15,0,18,0.035686
6146,data/bench/ITC99_all_numeric/b15_1.bench,7215,3,False,0,3,7,0,23,0.018024
6147,data/bench/ITC99_all_numeric/b15_1.bench,7221,3,False,0,3,7,0,9,0.017928
6148,data/bench/ITC99_all_numeric/b15_1.bench,7228,4,False,0,3,7,0,16,0.017851
6149,data/bench/ITC99_all_numeric/b15_1.bench,7236,4,False,0,5,11,0,17,0.026718
6150,data/bench/ITC99_all_numeric/b15_1.bench,7354,4,False,0,3,7,0,23,0.019251
6151,data/bench/ITC99_all_numeric/b15_1.bench,7357,3,False,0,3,7,0,9,0.017945
6152,data/bench/ITC99_all_numeric/b15_1.bench,7390,4,False,0,7,15,0,96,0.034827
6153,data/bench/ITC99_all_numeric/b15_1.bench,7421,4,False,0,15,31,0,284,0.071925
6154,data/bench/ITC99_all_numeric/b15_1.bench,7458,3,False,0,1,3,0,2,0.009271
6155,data/bench/ITC99_all_numeric/b15_1.bench,7462,4,False,0,63,127,0,1396,0.287894
6156,data/bench/ITC99_all_numeric/b15_1.bench,7469,3,False,0,1,3,0,2,0.009655
6157,data/bench/ITC99_all_numeric/b15_1.bench,7469,4,False,0,1,3,0,2,0.009135
6158,data/bench/ITC99_all_numeric/b15_1.bench,7475,3,False,0,1,3,0,2,0.008967
6159,data/bench/ITC99_all_numeric/b15_1.bench,7476,4,False,2,2260,4541,0,81216,10.00055
6160,data/bench/ITC99_all_numeric/b15_1.bench,7492,4,True,1,0,2,0,1,0.006496
6161,data/bench/ITC99_all_numeric/b15_1.bench,7544,4,False,0,127,255,0,3048,0.578821
6162,data/bench/ITC99_all_numeric/b15_1.bench,7548,4,False,0,63,127,0,1516,0.290233
6163,data/bench/ITC99_all_numeric/b15_1.bench,7560,3,False,0,15,31,0,373,0.073534
6164,data/bench/ITC99_all_numeric/b15_1.bench,7580,3,False,0,15,31,0,403,0.073348
6165,data/bench/ITC99_all_numeric/b15_1.bench,7584,3,False,0,31,63,0,631,0.147071
6166,data/bench/ITC99_all_numeric/b15_1.bench,7615,4,False,0,127,255,0,3047,0.573651
6167,data/bench/ITC99_all_numeric/b15_1.bench,7617,4,False,0,31,63,0,694,0.146261
6168,data/bench/ITC99_all_numeric/b15_1.bench,7651,4,False,0,15,31,0,283,0.073672
6169,data/bench/ITC99_all_numeric/b15_1.bench,7685,3,False,0,323,647,0,5023,1.466628
6170,data/bench/ITC99_all_numeric/b15_1.bench,7693,4,False,0,1,3,0,2,0.009517
6171,data/bench/ITC99_all_numeric/b15_1.bench,7694,4,False,0,1,3,0,2,0.009091
6172,data/bench/ITC99_all_numeric/b15_1.bench,7702,3,False,2,2211,4439,0,56574,10.001596
6173,data/bench/ITC99_all_numeric/b15_1.bench,7740,4,False,0,15,31,0,116,0.072578
6174,data/bench/ITC99_all_numeric/b15_1.bench,7745,4,True,1,0,3,0,3,0.008043
6175,data/bench/ITC99_all_numeric/b15_1.bench,7752,4,False,2,2198,4427,0,122555,10.000075
6176,data/bench/ITC99_all_numeric/b15_1.bench,7762,3,False,2,2211,4447,0,92105,10.000781
6177,data/bench/ITC99_all_numeric/b15_1.bench,7767,4,False,2,2200,4424,0,87242,10.000907
6178,data/bench/ITC99_all_numeric/b15_1.bench,7837,3,False,0,11,23,0,66,0.054534
6179,data/bench/ITC99_all_numeric/b15_1.bench,7853,4,False,0,323,647,0,5670,1.469431
6180,data/bench/ITC99_all_numeric/b15_1.bench,7945,3,False,0,1295,2591,0,30452,5.821363
6181,data/bench/ITC99_all_numeric/b15_1.bench,7949,4,False,0,431,863,0,8420,1.943937
6182,data/bench/ITC99_all_numeric/b15_1.bench,7953,3,False,0,71,143,0,827,0.324964
6183,data/bench/ITC99_all_numeric/b15_1.bench,7977,4,False,2,2184,4394,0,99858,10.001718
6184,data/bench/ITC99_all_numeric/b15_1.bench,8017,3,False,0,15,31,0,314,0.0733
6185,data/bench/ITC99_all_numeric/b15_1.bench,8028,4,False,0,1,3,0,2,0.009362
6186,data/bench/ITC99_all_numeric/b15_1.bench,8060,4,False,0,8,17,0,13,0.040365
6187,data/bench/ITC99_all_numeric/b15_1.bench,8096,3,False,0,15,31,0,344,0.072664
6188,data/bench/ITC99_all_numeric/b15_1.bench,8109,4,False,0,15,31,0,314,0.073001
6189,data/bench/ITC99_all_numeric/b15_1.bench,8132,3,False,0,15,31,0,345,0.073056
6190,data/bench/ITC99_all_numeric/b15_1.bench,8141,4,False,0,15,31,0,314,0.072701
6191,data/bench/ITC99_all_numeric/b15_1.bench,8142,3,False,0,15,31,0,283,0.072575
6192,data/bench/ITC99_all_numeric/b15_1.bench,8153,3,False,0,15,31,0,404,0.072519
6193,data/bench/ITC99_all_numeric/b15_1.bench,8200,3,False,0,15,31,0,344,0.072087
6194,data/bench/ITC99_all_numeric/b15_1.bench,8203,3,False,0,15,31,0,254,0.071586
6195,data/bench/ITC99_all_numeric/b15_1.bench,8206,4,False,0,15,31,0,344,0.072773
6196,data/bench/ITC99_all_numeric/b15_1.bench,8232,3,False,0,15,31,0,284,0.07417
6197,data/bench/ITC99_all_numeric/b15_1.bench,8251,4,False,0,15,31,0,344,0.073013
6198,data/bench/ITC99_all_numeric/b15_1.bench,8317,4,False,0,63,127,0,1515,0.292539
6199,data/bench/ITC99_all_numeric/b15_1.bench,8323,4,False,0,31,63,0,696,0.145625
6200,data/bench/ITC99_all_numeric/b15_1.bench,8340,3,False,0,143,287,0,3167,0.645216
6201,data/bench/ITC99_all_numeric/b15_1.bench,8363,4,False,0,191,383,0,6426,0.863215
6202,data/bench/ITC99_all_numeric/b15_1.bench,8411,3,False,0,15,31,0,284,0.073232
6203,data/bench/ITC99_all_numeric/b15_1.bench,8425,3,False,0,15,31,0,344,0.07302
6204,data/bench/ITC99_all_numeric/b15_1.bench,8485,3,True,1,0,3,0,2,0.00799
6205,data/bench/ITC99_all_numeric/b15_1.bench,8491,3,False,2,2207,4442,0,92022,10.001248
6206,data/bench/ITC99_all_numeric/b15_1.bench,8510,3,False,0,47,95,0,548,0.216573
6207,data/bench/ITC99_all_numeric/b15_1.bench,8514,3,False,0,15,31,0,116,0.07051
6208,data/bench/ITC99_all_numeric/b15_1.bench,8530,4,False,2,2200,4428,0,113778,10.000986
6209,data/bench/ITC99_all_numeric/b15_1.bench,8533,3,False,2,2181,4389,0,104112,10.001226
6210,data/bench/ITC99_all_numeric/b15_1.bench,8534,3,False,2,2191,4401,0,104392,10.000422
6211,data/bench/ITC99_all_numeric/b15_1.bench,8595,4,False,0,1943,3887,0,49570,8.708446
6212,data/bench/ITC99_all_numeric/b15_1.bench,8603,3,False,0,1,3,0,2,0.009288
6213,data/bench/ITC99_all_numeric/b15_1.bench,8615,3,False,0,35,71,0,342,0.161841
6214,data/bench/ITC99_all_numeric/b15_1.bench,8626,4,True,1,0,2,0,1,0.006326
6215,data/bench/ITC99_all_numeric/b15_1.bench,8710,3,True,1,0,2,0,1,0.006091
6216,data/bench/ITC99_all_numeric/b15_1.bench,8735,3,False,0,1,3,0,2,0.008933
6217,data/bench/ITC99_all_numeric/b15_1.bench,8765,3,False,0,1,3,0,2,0.008976
6218,data/bench/ITC99_all_numeric/b15_1.bench,8770,3,False,0,8,17,0,31,0.040208
6219,data/bench/ITC99_all_numeric/b15_1.bench,8792,4,False,0,242,485,0,4212,1.087963
6220,data/bench/ITC99_all_numeric/b15_1.bench,8795,3,False,0,2186,4373,0,51031,9.748684
6221,data/bench/ITC99_all_numeric/b15_1.bench,8801,4,True,1,0,2,0,1,0.0064
6222,data/bench/ITC99_all_numeric/b15_1.bench,8834,4,False,0,53,107,0,505,0.240329
6223,data/bench/ITC99_all_numeric/b15_1.bench,8845,3,True,1,0,2,0,1,0.006332
6224,data/bench/ITC99_all_numeric/b15_1.bench,8857,4,False,2,2239,4499,0,106243,10.001331
6225,data/bench/ITC99_all_numeric/b15_1.bench,8879,3,False,2,2230,4479,0,56697,10.000263
6226,data/bench/ITC99_all_numeric/b15_1.bench,8938,4,True,1,0,2,0,1,0.006363
6227,data/bench/ITC99_all_numeric/b15_1.bench,8943,4,True,1,0,2,0,1,0.00604
6228,data/bench/ITC99_all_numeric/b15_1.bench,8987,3,True,1,0,3,0,2,0.00769
6229,data/bench/ITC99_all_numeric/b15_1.bench,8996,3,False,0,23,47,0,180,0.106968
6230,data/bench/ITC99_all_numeric/b15_1.bench,9003,3,False,2,2226,4475,0,132921,10.002934
6231,data/bench/ITC99_all_numeric/b15_1.bench,9037,4,False,2,2232,4482,0,61592,10.000335
6232,data/bench/ITC99_all_numeric/b15_1.bench,9059,3,False,2,2208,4440,0,87605,10.002224
6233,data/bench/ITC99_all_numeric/b15_1.bench,9071,3,False,2,2223,4477,0,119500,10.001484
6234,data/bench/ITC99_all_numeric/b15_1.bench,9080,3,False,0,215,431,0,3778,0.969177
6235,data/bench/ITC99_all_numeric/b15_1.bench,9081,4,True,1,0,3,0,1,0.008113
6236,data/bench/ITC99_all_numeric/b15_1.bench,9087,3,False,0,1,3,0,2,0.009029
6237,data/bench/ITC99_all_numeric/b15_1.bench,9119,3,True,1,0,3,0,2,0.00771
6238,data/bench/ITC99_all_numeric/b15_1.bench,9205,3,False,0,647,1295,0,12636,2.898165
6239,data/bench/ITC99_all_numeric/b15_1.bench,9238,4,False,2,2232,4485,0,66126,10.000191
6240,data/bench/ITC99_all_numeric/b15_1.bench,9248,4,False,0,1,3,0,2,0.009596
6241,data/bench/ITC99_all_numeric/b15_1.bench,9302,3,False,0,1,3,0,2,0.009193
6242,data/bench/ITC99_all_numeric/b15_1.bench,9373,4,False,0,7,15,0,27,0.035393
6243,data/bench/ITC99_all_numeric/b15_1.bench,9407,3,True,1,0,3,0,1,0.0078
6244,data/bench/ITC99_all_numeric/b15_1.bench,9414,4,False,0,35,71,0,271,0.159145
6245,data/bench/ITC99_all_numeric/b15_1.bench,9435,4,False,2,2301,4614,0,54182,10.001687
6246,data/bench/ITC99_all_numeric/b15_1.bench,9463,3,False,0,1,3,0,2,0.009397
6247,data/bench/ITC99_all_numeric/b15_1.bench,9474,3,False,0,71,143,0,685,0.320017
6248,data/bench/ITC99_all_numeric/b15_1.bench,9482,3,True,1,0,2,0,1,0.006858
6249,data/bench/ITC99_all_numeric/b15_1.bench,9493,3,False,2,2364,4760,0,127043,10.000584
6250,data/bench/ITC99_all_numeric/b15_1.bench,9511,3,False,2,2290,4606,0,81688,10.000734
6251,data/bench/ITC99_all_numeric/b15_1.bench,9526,4,False,0,647,1295,0,11341,2.845414
6252,data/bench/ITC99_all_numeric/b15_1.bench,9590,4,False,0,1,3,0,2,0.009326
6253,data/bench/ITC99_all_numeric/b15_1.bench,9620,3,False,0,1,3,0,2,0.009002
6254,data/bench/ITC99_all_numeric/b15_1.bench,9629,4,False,0,1,3,0,2,0.008913
6255,data/bench/ITC99_all_numeric/b15_1.bench,9636,4,False,0,71,143,0,828,0.317937
6256,data/bench/ITC99_all_numeric/b15_1.bench,9662,4,False,2,2300,4624,0,105058,10.000625
6257,data/bench/ITC99_all_numeric/b15_1.bench,9666,3,False,2,2337,4700,0,97369,10.000775
6258,data/bench/ITC99_all_numeric/b15_1.bench,9674,3,False,2,2286,4593,0,76841,10.001589
6259,data/bench/ITC99_all_numeric/b15_1.bench,9685,3,False,0,1295,2591,0,30452,5.635606
6260,data/bench/ITC99_all_numeric/b15_1.bench,9688,3,False,0,647,1295,0,12636,2.821866
6261,data/bench/ITC99_all_numeric/b15_1.bench,9711,4,False,0,23,47,0,226,0.106548
6262,data/bench/ITC99_all_numeric/b15_1.bench,9715,3,False,2,2360,4750,0,126802,10.000076
6263,data/bench/ITC99_all_numeric/b15_1.bench,9736,3,False,0,35,71,0,271,0.159329
6264,data/bench/ITC99_all_numeric/b15_1.bench,9747,3,False,0,323,647,0,5023,1.416954
6265,data/bench/ITC99_all_numeric/b15_1.bench,9817,3,False,2,2322,4667,0,120014,10.003122
6266,data/bench/ITC99_all_numeric/b15_1.bench,9819,3,False,2,2367,4763,0,117649,10.001644
6267,data/bench/ITC99_all_numeric/b15_1.bench,9825,3,False,2,2293,4609,0,100135,10.002517
6268,data/bench/ITC99_all_numeric/b15_1.bench,9844,3,False,0,1943,3887,0,41797,8.41357
6269,data/bench/ITC99_all_numeric/b15_1.bench,9892,4,False,0,7,15,0,27,0.035588
6270,data/bench/ITC99_all_numeric/b15_1.bench,9988,4,False,2,2300,4621,0,104409,10.000447
6271,data/bench/ITC99_all_numeric/b15_1.bench,10022,4,False,0,1,3,0,2,0.009332
6272,data/bench/ITC99_all_numeric/b15_1.bench,10042,4,False,2,2323,4671,0,124199,10.001189
6273,data/bench/ITC99_all_numeric/b15_1.bench,10053,3,True,1,0,3,0,1,0.008159
6274,data/bench/ITC99_all_numeric/b15_1.bench,10090,3,False,2,2292,4609,0,71962,10.001537
6275,data/bench/ITC99_all_numeric/b15_1.bench,10117,3,False,2,2374,4772,0,117260,10.001327
6276,data/bench/ITC99_all_numeric/b15_1.bench,10161,4,True,1,0,3,0,3,0.008102
6277,data/bench/ITC99_all_numeric/b15_1.bench,10176,3,False,0,1295,2591,0,27541,5.613695
6278,data/bench/ITC99_all_numeric/b15_1.bench,10181,4,False,0,431,863,0,8316,1.897524
6279,data/bench/ITC99_all_numeric/b15_1.bench,10197,3,False,2,2317,4653,0,63370,10.001309
6280,data/bench/ITC99_all_numeric/b15_1.bench,10217,3,True,1,0,3,0,1,0.008173
6281,data/bench/ITC99_all_numeric/b15_1.bench,10222,4,False,0,1,3,0,2,0.008989
6282,data/bench/ITC99_all_numeric/b15_1.bench,10238,3,False,0,323,647,0,5023,1.411331
6283,data/bench/ITC99_all_numeric/b15_1.bench,10247,4,False,2,2312,4638,0,54465,10.000988
6284,data/bench/ITC99_all_numeric/b15_1.bench,10261,4,False,0,1,3,0,2,0.009311
6285,data/bench/ITC99_all_numeric/b15_1.bench,10294,4,False,0,47,95,0,548,0.22319
6286,data/bench/ITC99_all_numeric/b15_1.bench,10305,4,False,2,2346,4716,0,135370,10.002795
6287,data/bench/ITC99_all_numeric/b15_1.bench,10315,4,False,2,2322,4668,0,115372,10.000363
6288,data/bench/ITC99_all_numeric/b15_1.bench,10338,3,False,2,2282,4583,0,58387,10.001166
6289,data/bench/ITC99_all_numeric/b15_1.bench,10359,4,False,2,2344,4714,0,102357,10.001111
6290,data/bench/ITC99_all_numeric/b15_1.bench,10377,4,False,2,2303,4629,0,77481,10.00073
6291,data/bench/ITC99_all_numeric/b15_1.bench,10385,4,True,1,0,5,0,7,0.011831
6292,data/bench/ITC99_all_numeric/b15_1.bench,10397,4,False,0,107,215,0,1243,0.473866
6293,data/bench/ITC99_all_numeric/b15_1.bench,10403,4,False,0,1,3,0,2,0.00978
6294,data/bench/ITC99_all_numeric/b15_1.bench,10420,3,True,1,0,3,0,2,0.008412
6295,data/bench/ITC99_all_numeric/b15_1.bench,10434,4,False,2,2340,4703,0,92730,10.000132
6296,data/bench/ITC99_all_numeric/b15_1.bench,10444,4,False,2,2367,4760,0,112815,10.00242
6297,data/bench/ITC99_all_numeric/b15_1.bench,10475,3,False,2,2338,4700,0,130238,10.004158
6298,data/bench/ITC99_all_numeric/b15_1.bench,10479,3,False,2,2317,4665,0,119964,10.000181
6299,data/bench/ITC99_all_numeric/b15_1.bench,10492,3,False,2,2300,4615,0,91057,10.005942
6300,data/bench/ITC99_all_numeric/b15_1.bench,10504,4,False,2,2303,4623,0,58905,10.001185
6301,data/bench/ITC99_all_numeric/b15_1.bench,10520,4,False,2,2376,4785,0,142002,10.00137
6302,data/bench/ITC99_all_numeric/b15_1.bench,10531,3,False,0,647,1295,0,12635,2.831636
6303,data/bench/ITC99_all_numeric/b15_1.bench,10597,4,False,0,1,3,0,2,0.010452
6304,data/bench/ITC99_all_numeric/b15_1.bench,10600,3,False,2,2293,4608,0,90919,10.00034
6305,data/bench/ITC99_all_numeric/b15_1.bench,10629,4,False,0,23,47,0,180,0.106845
6306,data/bench/ITC99_all_numeric/b15_1.bench,10678,3,False,0,647,1295,0,11341,2.818455
6307,data/bench/ITC99_all_numeric/b15_1.bench,10679,3,False,0,647,1295,0,12636,2.817144
6308,data/bench/ITC99_all_numeric/b15_1.bench,10688,4,True,1,0,4,0,2,0.010159
6309,data/bench/ITC99_all_numeric/b15_1.bench,10696,4,False,0,1943,3887,0,45683,8.394312
6310,data/bench/ITC99_all_numeric/b15_1.bench,10728,4,False,0,1,3,0,2,0.009541
6311,data/bench/ITC99_all_numeric/b15_1.bench,10729,3,False,0,1,3,0,2,0.009106
6312,data/bench/ITC99_all_numeric/b15_1.bench,10770,3,False,0,1,3,0,2,0.008848
6313,data/bench/ITC99_all_numeric/b15_1.bench,10822,4,False,2,2305,4634,0,82150,10.000375
6314,data/bench/ITC99_all_numeric/b15_1.bench,10853,3,False,2,2287,4592,0,90600,10.001661
6315,data/bench/ITC99_all_numeric/b15_1.bench,10853,4,False,2,2321,4667,0,92036,10.000912
6316,data/bench/ITC99_all_numeric/b15_1.bench,10857,3,False,0,1943,3887,0,45683,8.455709
6317,data/bench/ITC99_all_numeric/b15_1.bench,10908,3,True,1,0,3,0,2,0.008139
6318,data/bench/ITC99_all_numeric/b15_1.bench,10910,3,False,0,1,3,0,2,0.009044
6319,data/bench/ITC99_all_numeric/b15_1.bench,10938,4,True,1,0,2,0,1,0.006104
6320,data/bench/ITC99_all_numeric/b15_1.bench,11018,3,False,0,1943,3887,0,45683,8.432243
6321,data/bench/ITC99_all_numeric/b15_1.bench,11045,3,True,1,0,5,0,7,0.011582
6322,data/bench/ITC99_all_numeric/b15_1.bench,11054,3,False,0,1,3,0,2,0.009025
6323,data/bench/ITC99_all_numeric/b15_1.bench,11075,4,False,2,2303,4628,0,58982,10.00042
6324,data/bench/ITC99_all_numeric/b15_1.bench,11086,3,False,0,1,3,0,2,0.009381
6325,data/bench/ITC99_all_numeric/b15_1.bench,11128,4,False,2,2338,4705,0,125674,10.000912
6326,data/bench/ITC99_all_numeric/b15_1.bench,11161,3,False,2,2308,4632,0,59011,10.001443
6327,data/bench/ITC99_all_numeric/b15_1.bench,11174,4,False,2,2380,4792,0,142211,10.000598
6328,data/bench/ITC99_all_numeric/b15_1.bench,11195,4,False,2,2290,4604,0,95443,10.000829
6329,data/bench/ITC99_all_numeric/b15_1.bench,11213,3,False,0,1,3,0,2,0.009551
6330,data/bench/ITC99_all_numeric/b15_1.bench,11223,3,False,0,1,3,0,2,0.009281
6331,data/bench/ITC99_all_numeric/b15_1.bench,11233,3,False,2,2311,4636,0,54449,10.003328
6332,data/bench/ITC99_all_numeric/b15_1.bench,11236,4,False,0,1,3,0,2,0.00928
6333,data/bench/ITC99_all_numeric/b15_1.bench,11266,3,False,2,2363,4753,0,107942,10.001198
6334,data/bench/ITC99_all_numeric/b15_1.bench,11322,4,False,2,2301,4623,0,72751,10.000044
6335,data/bench/ITC99_all_numeric/b15_1.bench,11331,3,False,0,1295,2591,0,27861,5.605325
6336,data/bench/ITC99_all_numeric/b15_1.bench,11360,4,False,2,2303,4629,0,105194,10.000174
6337,data/bench/ITC99_all_numeric/b15_1.bench,11389,4,False,0,1,3,0,2,0.009524
6338,data/bench/ITC99_all_numeric/b15_1.bench,11394,4,False,0,1,3,0,2,0.009224
6339,data/bench/ITC99_all_numeric/b15_1.bench,11430,4,False,2,2352,4735,0,112220,10.000773
6340,data/bench/ITC99_all_numeric/b15_1.bench,11470,3,False,2,2276,4575,0,108518,10.001405
6341,data/bench/ITC99_all_numeric/b15_1.bench,11507,3,False,2,2363,4758,0,136480,10.001628
6342,data/bench/ITC99_all_numeric/b15_1.bench,11523,4,True,1,0,3,0,3,0.008501
6343,data/bench/ITC99_all_numeric/b15_1.bench,11527,4,False,2,2293,4608,0,95525,10.001855
6344,data/bench/ITC99_all_numeric/b15_1.bench,11541,4,False,0,11,23,0,43,0.053337
6345,data/bench/ITC99_all_numeric/b15_1.bench,11542,4,True,1,0,2,0,1,0.006283
6346,data/bench/ITC99_all_numeric/b15_1.bench,11550,4,True,1,0,2,0,1,0.006119
6347,data/bench/ITC99_all_numeric/b15_1.bench,11556,4,False,0,323,647,0,5023,1.412328
6348,data/bench/ITC99_all_numeric/b15_1.bench,11561,3,False,0,971,1943,0,18955,4.216396
6349,data/bench/ITC99_all_numeric/b15_1.bench,11561,4,False,0,971,1943,0,18955,4.218308
6350,data/bench/ITC99_all_numeric/b15_1.bench,11566,3,True,1,0,3,0,2,0.009125
6351,data/bench/ITC99_all_numeric/b15_1.bench,11569,3,False,0,1,3,0,2,0.009302
6352,data/bench/ITC99_all_numeric/b15_1.bench,11581,3,True,1,0,3,0,2,0.007908
6353,data/bench/ITC99_all_numeric/b15_1.bench,11596,3,False,2,2306,4637,0,109992,10.000969
6354,data/bench/ITC99_all_numeric/b15_1.bench,11615,4,False,0,23,47,0,180,0.106991
6355,data/bench/ITC99_all_numeric/b15_1.bench,11641,4,False,2,2300,4616,0,95672,10.004753
6356,data/bench/ITC99_all_numeric/b15_1.bench,11682,4,False,0,1943,3887,0,45683,8.424287
6357,data/bench/ITC99_all_numeric/b15_1.bench,11697,3,False,0,1943,3887,0,49570,8.427631
6358,data/bench/ITC99_all_numeric/b15_1.bench,11709,4,True,1,0,3,0,3,0.008204
6359,data/bench/ITC99_all_numeric/b15_1.bench,11723,4,True,1,0,2,0,1,0.006196
6360,data/bench/ITC99_all_numeric/b15_1.bench,11724,4,False,0,107,215,0,1458,0.473258
6361,data/bench/ITC99_all_numeric/b15_1.bench,11733,3,False,0,971,1943,0,20898,4.222289
6362,data/bench/ITC99_all_numeric/b15_1.bench,11756,4,False,0,1,3,0,2,0.009346
6363,data/bench/ITC99_all_numeric/b15_1.bench,11757,4,False,2,2361,4749,0,103102,10.00007
6364,data/bench/ITC99_all_numeric/b15_1.bench,11759,4,False,2,2293,4608,0,95526,10.001621
6365,data/bench/ITC99_all_numeric/b15_1.bench,11791,3,True,1,0,2,0,1,0.006505
6366,data/bench/ITC99_all_numeric/b15_1.bench,11812,3,True,1,0,2,0,1,0.006189
6367,data/bench/ITC99_all_numeric/b15_1.bench,11845,3,False,2,2300,4614,0,81829,10.003489
6368,data/bench/ITC99_all_numeric/b15_1.bench,11855,3,True,1,0,4,0,5,0.009961
6369,data/bench/ITC99_all_numeric/b15_1.bench,11858,3,False,2,2351,4727,0,107364,10.002437
6370,data/bench/ITC99_all_numeric/b15_1.bench,11875,3,True,1,0,5,0,7,0.011739
6371,data/bench/ITC99_all_numeric/b15_1.bench,11899,4,False,0,971,1943,0,20898,4.226954
6372,data/bench/ITC99_all_numeric/b15_1.bench,11935,4,False,2,2375,4782,0,132379,10.001523
6373,data/bench/ITC99_all_numeric/b15_1.bench,12030,4,False,0,647,1295,0,13930,2.825031
6374,data/bench/ITC99_all_numeric/b15_1.bench,12088,3,False,2,2216,4449,0,83351,10.000846
6375,data/bench/ITC99_all_numeric/b15_1.bench,12092,4,False,2,2202,4424,0,100539,10.003109
6376,data/bench/ITC99_all_numeric/b15_1.bench,12110,4,False,0,47,95,0,643,0.216811
6377,data/bench/ITC99_all_numeric/b15_1.bench,12112,4,False,0,15,31,0,147,0.072553
6378,data/bench/ITC99_all_numeric/b15_1.bench,12124,3,False,2,2229,4475,0,101653,10.002235
6379,data/bench/ITC99_all_numeric/b15_1.bench,12147,3,False,2,2213,4446,0,96633,10.003034
6380,data/bench/ITC99_all_numeric/b15_1.bench,12161,4,True,1,0,3,0,3,0.008314
6381,data/bench/ITC99_all_numeric/b15_1.bench,12247,4,False,0,15,31,0,405,0.072373
6382,data/bench/ITC99_all_numeric/b15_1.bench,12252,4,False,0,7,15,0,141,0.035922
6383,data/bench/ITC99_all_numeric/b15_1.bench,12259,3,False,0,1,3,0,2,0.008998
6384,data/bench/ITC99_all_numeric/b15_1.bench,12263,3,False,0,7,15,0,126,0.035722
6385,data/bench/ITC99_all_numeric/b15_1.bench,12267,3,False,0,7,15,0,156,0.036023
6386,data/bench/ITC99_all_numeric/b15_1.bench,12269,3,False,0,7,15,0,156,0.035801
6387,data/bench/ITC99_all_numeric/b15_1.bench,12320,3,True,1,0,3,0,2,0.007904
6388,data/bench/ITC99_all_numeric/b15_1.bench,12376,4,False,0,15,31,0,374,0.072004
6389,data/bench/ITC99_all_numeric/b15_1.bench,12382,4,False,0,15,31,0,374,0.072197
6390,data/bench/ITC99_all_numeric/b15_1.bench,12387,4,False,0,31,63,0,813,0.144833
6391,data/bench/ITC99_all_numeric/b15_1.bench,12401,3,False,0,15,31,0,283,0.072227
6392,data/bench/ITC99_all_numeric/b15_1.bench,12403,3,False,0,31,63,0,511,0.143122
6393,data/bench/ITC99_all_numeric/b15_1.bench,12410,3,False,0,15,31,0,375,0.072229
6394,data/bench/ITC99_all_numeric/b15_1.bench,12411,3,False,0,15,31,0,406,0.07207
6395,data/bench/ITC99_all_numeric/b15_1.bench,12415,3,False,0,31,63,0,877,0.14461
6396,data/bench/ITC99_all_numeric/b15_1.bench,12426,4,False,2,2273,4569,0,81624,10.000261
6397,data/bench/ITC99_all_numeric/b15_1.bench,12447,3,False,0,15,31,0,314,0.071806
6398,data/bench/ITC99_all_numeric/b15_1.bench,12457,3,False,0,7,15,0,111,0.03578
6399,data/bench/ITC99_all_numeric/b15_1.bench,12487,4,True,1,0,3,0,1,0.007938
6400,data/bench/ITC99_all_numeric/b15_1.bench,12497,3,False,0,3,7,0,18,0.019309
6401,data/bench/ITC99_all_numeric/b15_1.bench,12504,4,False,0,3,7,0,23,0.018318
6402,data/bench/ITC99_all_numeric/b15_1.bench,12510,4,True,1,0,3,0,3,0.008045
6403,data/bench/ITC99_all_numeric/b15_1.bench,12537,4,True,1,0,3,0,3,0.007912
6404,data/bench/ITC99_all_numeric/b15_1.bench,12555,3,True,1,0,3,0,1,0.008339
6405,data/bench/ITC99_all_numeric/b15_1.bench,12587,4,True,1,0,3,0,3,0.008131
6406,data/bench/ITC99_all_numeric/b15_1.bench,12614,3,True,1,0,2,0,1,0.006316
6407,data/bench/ITC99_all_numeric/b15_1.bench,12654,3,False,0,15,31,0,128,0.073121
6408,data/bench/ITC99_all_numeric/b15_1.bench,12665,4,False,0,3,7,0,18,0.018997
6409,data/bench/ITC99_all_numeric/b15_1.bench,12738,3,False,0,47,95,0,1451,0.219785
6410,data/bench/ITC99_all_numeric/b15_1.bench,12809,3,False,0,255,511,0,3477,1.162133
6411,data/bench/ITC99_all_numeric/b15_1.bench,12826,3,False,0,1,3,0,2,0.011109
6412,data/bench/ITC99_all_numeric/b15_1.bench,12830,3,False,2,2205,4438,0,92097,10.000836
6413,data/bench/ITC99_all_numeric/b15_1.bench,12875,4,False,0,127,255,0,1482,0.581612
6414,data/bench/ITC99_all_numeric/b15_1.bench,12896,3,False,0,7,15,0,120,0.036224
6415,data/bench/ITC99_all_numeric/b15_1.bench,12941,3,True,1,0,3,0,1,0.00849
6416,data/bench/ITC99_all_numeric/b15_1.bench,12950,3,True,1,0,2,0,1,0.006347
6417,data/bench/ITC99_all_numeric/b15_1.bench,12951,4,False,0,95,191,0,1154,0.430573
6418,data/bench/ITC99_all_numeric/b15_1.bench,12966,3,True,1,0,2,0,1,0.006582
6419,data/bench/ITC99_all_numeric/b15_1.bench,12970,3,False,0,3,7,0,11,0.017946
6420,data/bench/ITC99_all_numeric/b15_1.bench,12984,4,False,0,31,63,0,383,0.145112
6421,data/bench/ITC99_all_numeric/b15_1.bench,13000,4,False,0,7,15,0,120,0.0367
6422,data/bench/ITC99_all_numeric/b15_1.bench,13005,4,False,0,7,15,0,135,0.036077
6423,data/bench/ITC99_all_numeric/b15_1.bench,13028,3,False,0,7,15,0,135,0.035953
6424,data/bench/ITC99_all_numeric/b17.bench,176,3,True,1,0,3,0,1,0.02466
6425,data/bench/ITC99_all_numeric/b17.bench,191,3,False,2,0,2810,0,0,10.000948
6426,data/bench/ITC99_all_numeric/b17.bench,409,4,False,2,0,2816,0,0,10.003614
6427,data/bench/ITC99_all_numeric/b17.bench,410,3,False,2,0,2815,0,0,10.00075
6428,data/bench/ITC99_all_numeric/b17.bench,477,3,True,1,0,3,0,1,0.022031
6429,data/bench/ITC99_all_numeric/b17.bench,520,4,False,2,0,2810,0,0,10.002565
6430,data/bench/ITC99_all_numeric/b17.bench,624,4,True,1,0,3,0,0,0.020287
6431,data/bench/ITC99_all_numeric/b17.bench,686,3,True,1,0,3,0,0,0.020301
6432,data/bench/ITC99_all_numeric/b17.bench,848,4,False,2,0,2809,0,0,10.002218
6433,data/bench/ITC99_all_numeric/b17.bench,1078,4,True,1,0,6,0,4,0.031714
6434,data/bench/ITC99_all_numeric/b17.bench,1146,3,False,2,0,2813,0,0,10.001442
6435,data/bench/ITC99_all_numeric/b17.bench,1160,3,True,1,0,6,0,2,0.032761
6436,data/bench/ITC99_all_numeric/b17.bench,1250,3,True,1,0,3,0,1,0.020763
6437,data/bench/ITC99_all_numeric/b17.bench,1337,3,False,2,0,2811,0,0,10.003595
6438,data/bench/ITC99_all_numeric/b17.bench,1407,3,True,1,0,3,0,0,0.021656
6439,data/bench/ITC99_all_numeric/b17.bench,1445,4,True,1,0,3,0,0,0.019432
6440,data/bench/ITC99_all_numeric/b17.bench,1462,3,False,0,7,15,0,76,0.076344
6441,data/bench/ITC99_all_numeric/b17.bench,1481,4,False,0,7,15,0,76,0.076341
6442,data/bench/ITC99_all_numeric/b17.bench,1489,3,False,2,1107,2228,0,13868,10.018189
6443,data/bench/ITC99_all_numeric/b17.bench,1562,3,False,0,15,31,0,186,0.149559
6444,data/bench/ITC99_all_numeric/b17.bench,1606,4,False,0,9,19,0,73,0.095214
6445,data/bench/ITC99_all_numeric/b17.bench,1623,4,False,0,255,511,0,6058,2.299108
6446,data/bench/ITC99_all_numeric/b17.bench,1756,3,False,0,11,23,0,154,0.113818
6447,data/bench/ITC99_all_numeric/b17.bench,1759,3,False,0,191,383,0,2710,1.724469
6448,data/bench/ITC99_all_numeric/b17.bench,1855,3,False,0,11,23,0,154,0.11411
6449,data/bench/ITC99_all_numeric/b17.bench,1860,4,False,0,11,23,0,154,0.113534
6450,data/bench/ITC99_all_numeric/b17.bench,1946,3,False,0,11,23,0,110,0.115804
6451,data/bench/ITC99_all_numeric/b17.bench,1996,3,False,0,11,23,0,108,0.11519
6452,data/bench/ITC99_all_numeric/b17.bench,2068,4,False,0,9,19,0,73,0.097349
6453,data/bench/ITC99_all_numeric/b17.bench,2081,4,False,0,639,1279,0,29484,5.75148
6454,data/bench/ITC99_all_numeric/b17.bench,2109,4,False,0,1023,2047,0,51736,9.244807
6455,data/bench/ITC99_all_numeric/b17.bench,2183,4,False,0,767,1535,0,35688,6.929577
6456,data/bench/ITC99_all_numeric/b17.bench,2215,4,False,0,11,23,0,213,0.11453
6457,data/bench/ITC99_all_numeric/b17.bench,2309,4,False,0,63,127,0,994,0.579251
6458,data/bench/ITC99_all_numeric/b17.bench,2366,3,False,0,11,23,0,110,0.111945
6459,data/bench/ITC99_all_numeric/b17.bench,2369,3,False,0,11,23,0,110,0.10887
6460,data/bench/ITC99_all_numeric/b17.bench,2396,3,False,0,11,23,0,110,0.110709
6461,data/bench/ITC99_all_numeric/b17.bench,2468,4,False,0,15,31,0,186,0.145689
6462,data/bench/ITC99_all_numeric/b17.bench,2495,4,False,0,9,19,0,73,0.09393
6463,data/bench/ITC99_all_numeric/b17.bench,2550,3,False,0,11,23,0,152,0.111625
6464,data/bench/ITC99_all_numeric/b17.bench,2580,3,False,0,11,23,0,152,0.112614
6465,data/bench/ITC99_all_numeric/b17.bench,2587,4,False,0,11,23,0,152,0.113166
6466,data/bench/ITC99_all_numeric/b17.bench,2598,3,False,0,11,23,0,152,0.11287
6467,data/bench/ITC99_all_numeric/b17.bench,2654,4,False,0,11,23,0,154,0.112292
6468,data/bench/ITC99_all_numeric/b17.bench,2805,4,False,2,1115,2244,0,33801,10.000876
6469,data/bench/ITC99_all_numeric/b17.bench,2887,3,False,0,7,15,0,48,0.076211
6470,data/bench/ITC99_all_numeric/b17.bench,2954,4,False,2,1107,2237,0,11689,10.000052
6471,data/bench/ITC99_all_numeric/b17.bench,2957,4,False,2,1107,2232,0,11661,10.000284
6472,data/bench/ITC99_all_numeric/b17.bench,3012,4,False,2,1105,2222,0,13837,10.00433
6473,data/bench/ITC99_all_numeric/b17.bench,3044,3,False,0,239,479,0,2137,2.169861
6474,data/bench/ITC99_all_numeric/b17.bench,3071,4,False,0,239,479,0,1659,2.167713
6475,data/bench/ITC99_all_numeric/b17.bench,3141,3,False,0,119,239,0,1012,1.086746
6476,data/bench/ITC99_all_numeric/b17.bench,3172,3,False,0,119,239,0,773,1.089673
6477,data/bench/ITC99_all_numeric/b17.bench,3178,3,False,0,119,239,0,773,1.09874
6478,data/bench/ITC99_all_numeric/b17.bench,3239,3,False,0,119,239,0,1011,1.100465
6479,data/bench/ITC99_all_numeric/b17.bench,3283,3,False,0,7,15,0,47,0.074919
6480,data/bench/ITC99_all_numeric/b17.bench,3449,3,False,0,5,11,0,58,0.05891
6481,data/bench/ITC99_all_numeric/b17.bench,3546,3,False,0,23,47,0,358,0.219154
6482,data/bench/ITC99_all_numeric/b17.bench,3606,3,False,0,3,7,0,45,0.041851
6483,data/bench/ITC99_all_numeric/b17.bench,3622,4,False,0,3,7,0,35,0.041026
6484,data/bench/ITC99_all_numeric/b17.bench,3666,4,False,0,3,7,0,12,0.040847
6485,data/bench/ITC99_all_numeric/b17.bench,3673,4,False,0,7,15,0,74,0.076884
6486,data/bench/ITC99_all_numeric/b17.bench,3700,3,False,0,7,15,0,60,0.077432
6487,data/bench/ITC99_all_numeric/b17.bench,3745,4,False,0,3,7,0,34,0.04175
6488,data/bench/ITC99_all_numeric/b17.bench,3763,4,False,0,23,47,0,375,0.222757
6489,data/bench/ITC99_all_numeric/b17.bench,3774,3,False,0,7,15,0,62,0.078292
6490,data/bench/ITC99_all_numeric/b17.bench,3793,4,False,0,7,15,0,77,0.077932
6491,data/bench/ITC99_all_numeric/b17.bench,4062,3,False,2,1092,2219,0,67867,10.000755
6492,data/bench/ITC99_all_numeric/b17.bench,4139,4,False,0,11,23,0,131,0.113692
6493,data/bench/ITC99_all_numeric/b17.bench,4173,3,False,0,11,23,0,110,0.113506
6494,data/bench/ITC99_all_numeric/b17.bench,4236,4,False,0,11,23,0,110,0.113241
6495,data/bench/ITC99_all_numeric/b17.bench,4268,3,False,0,11,23,0,156,0.113177
6496,data/bench/ITC99_all_numeric/b17.bench,4339,4,False,0,11,23,0,127,0.113045
6497,data/bench/ITC99_all_numeric/b17.bench,4352,3,False,0,11,23,0,131,0.11305
6498,data/bench/ITC99_all_numeric/b17.bench,4378,3,False,0,11,23,0,87,0.113717
6499,data/bench/ITC99_all_numeric/b17.bench,4586,4,False,0,39,79,0,486,0.364743
6500,data/bench/ITC99_all_numeric/b17.bench,4735,3,False,0,11,23,0,151,0.113772
6501,data/bench/ITC99_all_numeric/b17.bench,4829,4,False,0,23,47,0,399,0.218282
6502,data/bench/ITC99_all_numeric/b17.bench,4850,4,False,0,7,15,0,189,0.077966
6503,data/bench/ITC99_all_numeric/b17.bench,4886,4,False,0,35,71,0,421,0.328887
6504,data/bench/ITC99_all_numeric/b17.bench,4901,4,False,0,17,35,0,221,0.168446
6505,data/bench/ITC99_all_numeric/b17.bench,4989,4,False,0,11,23,0,151,0.114626
6506,data/bench/ITC99_all_numeric/b17.bench,5139,3,False,0,7,15,0,33,0.077758
6507,data/bench/ITC99_all_numeric/b17.bench,5166,4,False,0,15,31,0,253,0.150284
6508,data/bench/ITC99_all_numeric/b17.bench,5198,4,False,0,3,7,0,9,0.041614
6509,data/bench/ITC99_all_numeric/b17.bench,5242,4,False,0,23,47,0,264,0.220303
6510,data/bench/ITC99_all_numeric/b17.bench,5302,4,False,0,3,7,0,61,0.041836
6511,data/bench/ITC99_all_numeric/b17.bench,5314,4,False,0,8,17,0,34,0.085208
6512,data/bench/ITC99_all_numeric/b17.bench,5353,4,False,0,11,23,0,53,0.111133
6513,data/bench/ITC99_all_numeric/b17.bench,5415,3,True,1,0,2,0,1,0.015107
6514,data/bench/ITC99_all_numeric/b17.bench,5462,3,False,0,511,1023,0,12282,4.557188
6515,data/bench/ITC99_all_numeric/b17.bench,5656,3,False,0,17,35,0,97,0.162939
6516,data/bench/ITC99_all_numeric/b17.bench,5683,4,False,0,23,47,0,217,0.219958
6517,data/bench/ITC99_all_numeric/b17.bench,5712,3,False,0,23,47,0,640,0.223235
6518,data/bench/ITC99_all_numeric/b17.bench,5722,3,False,0,11,23,0,43,0.113374
6519,data/bench/ITC99_all_numeric/b17.bench,5747,3,False,0,31,63,0,455,0.291985
6520,data/bench/ITC99_all_numeric/b17.bench,5845,4,False,0,31,63,0,455,0.293202
6521,data/bench/ITC99_all_numeric/b17.bench,5852,4,False,0,11,23,0,128,0.113029
6522,data/bench/ITC99_all_numeric/b17.bench,5874,4,False,0,11,23,0,128,0.113892
6523,data/bench/ITC99_all_numeric/b17.bench,5907,4,False,0,11,23,0,151,0.113678
6524,data/bench/ITC99_all_numeric/b17.bench,5926,4,False,0,11,23,0,128,0.113481
6525,data/bench/ITC99_all_numeric/b17.bench,6062,3,False,0,11,23,0,128,0.112147
6526,data/bench/ITC99_all_numeric/b17.bench,6174,4,False,0,11,23,0,151,0.113234
6527,data/bench/ITC99_all_numeric/b17.bench,6216,3,False,0,11,23,0,151,0.113509
6528,data/bench/ITC99_all_numeric/b17.bench,6316,3,False,0,23,47,0,405,0.222174
6529,data/bench/ITC99_all_numeric/b17.bench,6337,4,False,0,23,47,0,405,0.222216
6530,data/bench/ITC99_all_numeric/b17.bench,6396,3,False,0,47,95,0,1282,0.438134
6531,data/bench/ITC99_all_numeric/b17.bench,6399,4,False,0,47,95,0,1187,0.437908
6532,data/bench/ITC99_all_numeric/b17.bench,6425,4,False,0,3,7,0,18,0.041309
6533,data/bench/ITC99_all_numeric/b17.bench,6514,3,False,0,47,95,0,898,0.433484
6534,data/bench/ITC99_all_numeric/b17.bench,6611,4,False,0,383,767,0,11011,3.43603
6535,data/bench/ITC99_all_numeric/b17.bench,6647,3,False,0,767,1535,0,25091,6.904995
6536,data/bench/ITC99_all_numeric/b17.bench,6720,4,False,2,1100,2221,0,53943,10.002797
6537,data/bench/ITC99_all_numeric/b17.bench,6749,4,False,2,1105,2227,0,54091,10.008927
6538,data/bench/ITC99_all_numeric/b17.bench,6940,3,False,2,1094,2218,0,84707,10.003172
6539,data/bench/ITC99_all_numeric/b17.bench,6973,3,False,2,1092,2214,0,90759,10.000706
6540,data/bench/ITC99_all_numeric/b17.bench,7018,3,False,2,1116,2260,0,102006,10.000016
6541,data/bench/ITC99_all_numeric/b17.bench,7019,4,False,2,1111,2253,0,99435,10.002453
6542,data/bench/ITC99_all_numeric/b17.bench,7027,3,False,2,1119,2271,0,104735,10.000671
6543,data/bench/ITC99_all_numeric/b17.bench,7030,3,False,2,1118,2267,0,100061,10.001926
6544,data/bench/ITC99_all_numeric/b17.bench,7078,4,False,0,15,31,0,407,0.148826
6545,data/bench/ITC99_all_numeric/b17.bench,7121,3,False,2,1111,2255,0,112909,10.001478
6546,data/bench/ITC99_all_numeric/b17.bench,7131,4,False,2,1113,2262,0,117735,10.001036
6547,data/bench/ITC99_all_numeric/b17.bench,7158,4,False,2,1124,2276,0,70001,10.001244
6548,data/bench/ITC99_all_numeric/b17.bench,7180,4,False,2,1116,2269,0,124446,10.00153
6549,data/bench/ITC99_all_numeric/b17.bench,7219,3,False,0,15,31,0,437,0.148122
6550,data/bench/ITC99_all_numeric/b17.bench,7243,3,False,2,1113,2264,0,135781,10.00085
6551,data/bench/ITC99_all_numeric/b17.bench,7363,4,False,0,17,35,0,197,0.16639
6552,data/bench/ITC99_all_numeric/b17.bench,7401,4,False,0,11,23,0,127,0.113263
6553,data/bench/ITC99_all_numeric/b17.bench,7407,3,False,0,11,23,0,127,0.112623
6554,data/bench/ITC99_all_numeric/b17.bench,7432,3,False,0,11,23,0,87,0.112063
6555,data/bench/ITC99_all_numeric/b17.bench,7439,3,False,0,11,23,0,87,0.113163
6556,data/bench/ITC99_all_numeric/b17.bench,7548,3,False,0,23,47,0,375,0.222243
6557,data/bench/ITC99_all_numeric/b17.bench,7554,4,False,0,23,47,0,375,0.221151
6558,data/bench/ITC99_all_numeric/b17.bench,7588,4,False,0,23,47,0,265,0.223391
6559,data/bench/ITC99_all_numeric/b17.bench,7668,3,False,0,47,95,0,758,0.435338
6560,data/bench/ITC99_all_numeric/b17.bench,7748,3,False,0,15,31,0,209,0.148277
6561,data/bench/ITC99_all_numeric/b17.bench,7805,3,False,0,7,15,0,55,0.076685
6562,data/bench/ITC99_all_numeric/b17.bench,7851,3,False,0,7,15,0,47,0.076644
6563,data/bench/ITC99_all_numeric/b17.bench,7908,4,False,0,15,31,0,151,0.148036
6564,data/bench/ITC99_all_numeric/b17.bench,7940,4,False,0,15,31,0,151,0.150616
6565,data/bench/ITC99_all_numeric/b17.bench,7959,4,False,0,15,31,0,161,0.152764
6566,data/bench/ITC99_all_numeric/b17.bench,8053,4,False,0,15,31,0,191,0.150673
6567,data/bench/ITC99_all_numeric/b17.bench,8091,3,False,0,7,15,0,61,0.078043
6568,data/bench/ITC99_all_numeric/b17.bench,8116,3,False,0,7,15,0,61,0.077089
6569,data/bench/ITC99_all_numeric/b17.bench,8193,4,False,0,7,15,0,83,0.076993
6570,data/bench/ITC99_all_numeric/b17.bench,8202,3,False,0,7,15,0,71,0.077446
6571,data/bench/ITC99_all_numeric/b17.bench,8246,4,False,0,3,7,0,49,0.04078
6572,data/bench/ITC99_all_numeric/b17.bench,8286,4,False,0,215,431,0,5822,1.940649
6573,data/bench/ITC99_all_numeric/b17.bench,8315,4,False,0,5,11,0,41,0.059229
6574,data/bench/ITC99_all_numeric/b17.bench,8391,4,False,0,3,7,0,87,0.040702
6575,data/bench/ITC99_all_numeric/b17.bench,8411,4,False,0,3,7,0,48,0.042625
6576,data/bench/ITC99_all_numeric/b17.bench,8558,4,False,0,3,7,0,11,0.040475
6577,data/bench/ITC99_all_numeric/b17.bench,8584,3,False,0,5,11,0,44,0.058923
6578,data/bench/ITC99_all_numeric/b17.bench,8594,4,False,0,7,15,0,31,0.077217
6579,data/bench/ITC99_all_numeric/b17.bench,8704,3,False,0,383,767,0,10244,3.415043
6580,data/bench/ITC99_all_numeric/b17.bench,8723,4,False,0,15,31,0,437,0.148923
6581,data/bench/ITC99_all_numeric/b17.bench,8778,4,False,0,647,1295,0,12636,5.771153
6582,data/bench/ITC99_all_numeric/b17.bench,8799,4,False,2,1117,2253,0,43515,10.004762
6583,data/bench/ITC99_all_numeric/b17.bench,8852,4,False,2,1107,2234,0,56472,10.000731
6584,data/bench/ITC99_all_numeric/b17.bench,8884,3,False,2,1102,2227,0,65141,10.001806
6585,data/bench/ITC99_all_numeric/b17.bench,8890,4,False,2,1101,2223,0,60607,10.003436
6586,data/bench/ITC99_all_numeric/b17.bench,9001,4,False,2,1124,2276,0,89164,10.00371
6587,data/bench/ITC99_all_numeric/b17.bench,9012,3,False,2,1123,2276,0,89164,10.001614
6588,data/bench/ITC99_all_numeric/b17.bench,9083,3,False,2,1123,2275,0,102639,10.003521
6589,data/bench/ITC99_all_numeric/b17.bench,9125,4,False,2,1116,2264,0,115576,10.006223
6590,data/bench/ITC99_all_numeric/b17.bench,9156,4,False,2,1113,2261,0,115423,10.000618
6591,data/bench/ITC99_all_numeric/b17.bench,9308,4,False,2,1101,2232,0,100684,10.003787
6592,data/bench/ITC99_all_numeric/b17.bench,9355,4,False,0,7,15,0,165,0.077787
6593,data/bench/ITC99_all_numeric/b17.bench,9474,4,False,2,1093,2205,0,30353,10.001549
6594,data/bench/ITC99_all_numeric/b17.bench,9510,3,False,2,1089,2207,0,47893,10.003254
6595,data/bench/ITC99_all_numeric/b17.bench,9534,3,False,2,1091,2215,0,61213,10.005327
6596,data/bench/ITC99_all_numeric/b17.bench,9594,3,False,2,1084,2193,0,71783,10.001564
6597,data/bench/ITC99_all_numeric/b17.bench,9645,3,True,1,0,2,0,1,0.017377
6598,data/bench/ITC99_all_numeric/b17.bench,9648,3,False,2,1092,2214,0,87825,10.000621
6599,data/bench/ITC99_all_numeric/b17.bench,9741,3,True,1,0,2,0,1,0.017678
6600,data/bench/ITC99_all_numeric/b17.bench,9787,3,False,0,7,15,0,45,0.079271
6601,data/bench/ITC99_all_numeric/b17.bench,9809,4,False,0,11,23,0,98,0.114395
6602,data/bench/ITC99_all_numeric/b17.bench,10010,3,False,0,127,255,0,4931,1.195517
6603,data/bench/ITC99_all_numeric/b17.bench,10117,4,False,0,5,11,0,29,0.059217
6604,data/bench/ITC99_all_numeric/b17.bench,10136,3,False,0,5,11,0,26,0.059094
6605,data/bench/ITC99_all_numeric/b17.bench,10197,4,False,0,11,23,0,142,0.115083
6606,data/bench/ITC99_all_numeric/b17.bench,10199,4,False,0,7,15,0,90,0.08127
6607,data/bench/ITC99_all_numeric/b17.bench,10294,4,False,0,127,255,0,1873,1.15833
6608,data/bench/ITC99_all_numeric/b17.bench,10296,3,False,0,63,127,0,1186,0.579586
6609,data/bench/ITC99_all_numeric/b17.bench,10312,4,False,0,127,255,0,1873,1.16064
6610,data/bench/ITC99_all_numeric/b17.bench,10321,3,False,0,127,255,0,1873,1.159474
6611,data/bench/ITC99_all_numeric/b17.bench,10327,3,False,0,63,127,0,1186,0.581519
6612,data/bench/ITC99_all_numeric/b17.bench,10344,4,False,0,63,127,0,1059,0.584003
6613,data/bench/ITC99_all_numeric/b17.bench,10478,3,True,1,0,2,0,2,0.016482
6614,data/bench/ITC99_all_numeric/b17.bench,10518,4,False,0,127,255,0,2633,1.159824
6615,data/bench/ITC99_all_numeric/b17.bench,10656,3,False,0,127,255,0,3384,1.168025
6616,data/bench/ITC99_all_numeric/b17.bench,10894,4,False,0,5,11,0,78,0.064874
6617,data/bench/ITC99_all_numeric/b17.bench,10929,3,False,0,5,11,0,78,0.059533
6618,data/bench/ITC99_all_numeric/b17.bench,11109,3,False,0,5,11,0,76,0.058788
6619,data/bench/ITC99_all_numeric/b17.bench,11110,3,False,0,11,23,0,87,0.113091
6620,data/bench/ITC99_all_numeric/b17.bench,11132,4,False,0,11,23,0,87,0.112922
6621,data/bench/ITC99_all_numeric/b17.bench,11133,4,False,0,5,11,0,76,0.058939
6622,data/bench/ITC99_all_numeric/b17.bench,11142,4,False,0,5,11,0,65,0.058288
6623,data/bench/ITC99_all_numeric/b17.bench,11195,4,False,0,63,127,0,867,0.579095
6624,data/bench/ITC99_all_numeric/b17.bench,11265,3,False,0,63,127,0,865,0.590613
6625,data/bench/ITC99_all_numeric/b17.bench,11302,4,False,0,127,255,0,2125,1.154735
6626,data/bench/ITC99_all_numeric/b17.bench,11342,4,False,0,63,127,0,1316,0.581524
6627,data/bench/ITC99_all_numeric/b17.bench,11351,4,False,0,119,239,0,1251,1.089353
6628,data/bench/ITC99_all_numeric/b17.bench,11382,3,False,0,63,127,0,1315,0.580018
6629,data/bench/ITC99_all_numeric/b17.bench,11386,3,False,0,63,127,0,1315,0.583448
6630,data/bench/ITC99_all_numeric/b17.bench,11400,4,False,0,63,127,0,1315,0.585136
6631,data/bench/ITC99_all_numeric/b17.bench,11428,4,False,0,63,127,0,1315,0.57857
6632,data/bench/ITC99_all_numeric/b17.bench,11458,4,False,0,11,23,0,190,0.113629
6633,data/bench/ITC99_all_numeric/b17.bench,11479,3,False,0,23,47,0,358,0.221336
6634,data/bench/ITC99_all_numeric/b17.bench,11599,3,False,0,1023,2047,0,45609,9.148466
6635,data/bench/ITC99_all_numeric/b17.bench,11639,4,False,0,17,35,0,207,0.167254
6636,data/bench/ITC99_all_numeric/b17.bench,11727,4,False,0,511,1023,0,16646,4.555102
6637,data/bench/ITC99_all_numeric/b17.bench,11774,4,False,0,7,15,0,91,0.07699
6638,data/bench/ITC99_all_numeric/b17.bench,11857,4,False,0,1023,2047,0,49689,9.147725
6639,data/bench/ITC99_all_numeric/b17.bench,11997,4,False,0,15,31,0,155,0.148547
6640,data/bench/ITC99_all_numeric/b17.bench,12000,4,False,0,15,31,0,155,0.147277
6641,data/bench/ITC99_all_numeric/b17.bench,12088,3,True,1,0,2,0,1,0.016579
6642,data/bench/ITC99_all_numeric/b17.bench,12149,4,False,0,31,63,0,466,0.289414
6643,data/bench/ITC99_all_numeric/b17.bench,12193,4,True,1,0,3,0,1,0.021531
6644,data/bench/ITC99_all_numeric/b17.bench,12203,3,True,1,0,3,0,1,0.019881
6645,data/bench/ITC99_all_numeric/b17.bench,12211,4,False,0,127,255,0,3603,1.143472
6646,data/bench/ITC99_all_numeric/b17.bench,12436,4,False,0,63,127,0,1061,0.574944
6647,data/bench/ITC99_all_numeric/b17.bench,12514,3,False,2,1089,2220,0,135504,10.002941
6648,data/bench/ITC99_all_numeric/b17.bench,12651,4,False,2,1093,2219,0,120149,10.002111
6649,data/bench/ITC99_all_numeric/b17.bench,12698,3,True,1,0,2,0,1,0.017079
6650,data/bench/ITC99_all_numeric/b17.bench,12883,3,False,0,511,1023,0,15623,4.568432
6651,data/bench/ITC99_all_numeric/b17.bench,12976,3,False,0,511,1023,0,15623,4.548567
6652,data/bench/ITC99_all_numeric/b17.bench,13013,3,False,0,127,255,0,5186,1.150596
6653,data/bench/ITC99_all_numeric/b17.bench,13026,4,False,0,127,255,0,3911,1.151484
6654,data/bench/ITC99_all_numeric/b17.bench,13085,4,False,0,127,255,0,4676,1.147848
6655,data/bench/ITC99_all_numeric/b17.bench,13154,4,False,0,127,255,0,4676,1.147426
6656,data/bench/ITC99_all_numeric/b17.bench,13298,3,False,0,31,63,0,764,0.290127
6657,data/bench/ITC99_all_numeric/b17.bench,13342,4,False,0,23,47,0,311,0.219652
6658,data/bench/ITC99_all_numeric/b17.bench,13427,3,False,0,23,47,0,291,0.220468
6659,data/bench/ITC99_all_numeric/b17.bench,13512,4,False,0,13,27,0,142,0.130681
6660,data/bench/ITC99_all_numeric/b17.bench,13569,3,False,0,17,35,0,197,0.166373
6661,data/bench/ITC99_all_numeric/b17.bench,13618,4,False,0,63,127,0,1188,0.574649
6662,data/bench/ITC99_all_numeric/b17.bench,13694,4,False,0,23,47,0,243,0.22025
6663,data/bench/ITC99_all_numeric/b17.bench,13732,4,False,0,23,47,0,334,0.221463
6664,data/bench/ITC99_all_numeric/b17.bench,13743,4,False,0,11,23,0,154,0.112947
6665,data/bench/ITC99_all_numeric/b17.bench,13748,4,False,0,47,95,0,758,0.434245
6666,data/bench/ITC99_all_numeric/b17.bench,13752,3,False,0,11,23,0,154,0.113701
6667,data/bench/ITC99_all_numeric/b17.bench,13769,3,False,0,47,95,0,758,0.435143
6668,data/bench/ITC99_all_numeric/b17.bench,13818,3,False,0,5,11,0,67,0.059004
6669,data/bench/ITC99_all_numeric/b17.bench,13847,3,False,0,11,23,0,131,0.112258
6670,data/bench/ITC99_all_numeric/b17.bench,13862,4,False,0,5,11,0,67,0.059108
6671,data/bench/ITC99_all_numeric/b17.bench,13941,3,False,0,23,47,0,265,0.219789
6672,data/bench/ITC99_all_numeric/b17.bench,14005,4,False,0,15,31,0,163,0.148096
6673,data/bench/ITC99_all_numeric/b17.bench,14052,3,False,0,15,31,0,135,0.148877
6674,data/bench/ITC99_all_numeric/b17.bench,14179,3,False,0,7,15,0,73,0.077824
6675,data/bench/ITC99_all_numeric/b17.bench,14209,4,False,0,7,15,0,61,0.08132
6676,data/bench/ITC99_all_numeric/b17.bench,14354,3,False,0,255,511,0,11870,2.290436
6677,data/bench/ITC99_all_numeric/b17.bench,14369,4,False,0,15,31,0,186,0.149292
6678,data/bench/ITC99_all_numeric/b17.bench,14398,3,False,0,255,511,0,9829,2.30365
6679,data/bench/ITC99_all_numeric/b17.bench,14402,3,False,0,15,31,0,185,0.150416
6680,data/bench/ITC99_all_numeric/b17.bench,14413,3,False,0,15,31,0,183,0.148177
6681,data/bench/ITC99_all_numeric/b17.bench,14414,3,False,0,15,31,0,214,0.148781
6682,data/bench/ITC99_all_numeric/b17.bench,14451,4,False,0,15,31,0,183,0.14763
6683,data/bench/ITC99_all_numeric/b17.bench,14628,4,False,0,127,255,0,2125,1.147347
6684,data/bench/ITC99_all_numeric/b17.bench,14762,4,False,0,31,63,0,655,0.291697
6685,data/bench/ITC99_all_numeric/b17.bench,14820,3,False,0,575,1151,0,17602,5.159204
6686,data/bench/ITC99_all_numeric/b17.bench,14843,3,False,0,5,11,0,50,0.059643
6687,data/bench/ITC99_all_numeric/b17.bench,14846,3,False,0,127,255,0,4368,1.144801
6688,data/bench/ITC99_all_numeric/b17.bench,14931,3,False,0,8,17,0,51,0.085714
6689,data/bench/ITC99_all_numeric/b17.bench,14956,4,False,0,7,15,0,76,0.077218
6690,data/bench/ITC99_all_numeric/b17.bench,14978,4,False,0,511,1023,0,20758,4.56767
6691,data/bench/ITC99_all_numeric/b17.bench,15093,3,False,2,1089,2216,0,137474,10.002954
6692,data/bench/ITC99_all_numeric/b17.bench,15110,4,False,2,1086,2204,0,134579,10.002132
6693,data/bench/ITC99_all_numeric/b17.bench,15169,4,False,0,63,127,0,1944,0.580503
6694,data/bench/ITC99_all_numeric/b17.bench,15258,3,False,0,31,63,0,866,0.293647
6695,data/bench/ITC99_all_numeric/b17.bench,15325,3,False,2,1101,2223,0,23231,10.003565
6696,data/bench/ITC99_all_numeric/b17.bench,15345,3,False,2,1096,2213,0,65075,10.003098
6697,data/bench/ITC99_all_numeric/b17.bench,15367,4,False,0,127,255,0,4933,1.148231
6698,data/bench/ITC99_all_numeric/b17.bench,15370,3,False,0,127,255,0,4933,1.149112
6699,data/bench/ITC99_all_numeric/b17.bench,15408,3,False,0,63,127,0,1569,0.572876
6700,data/bench/ITC99_all_numeric/b17.bench,15460,3,False,2,1086,2197,0,108132,10.003001
6701,data/bench/ITC99_all_numeric/b17.bench,15474,4,False,0,5,11,0,42,0.05913
6702,data/bench/ITC99_all_numeric/b17.bench,15490,3,False,0,15,31,0,245,0.147864
6703,data/bench/ITC99_all_numeric/b17.bench,15550,4,True,1,0,3,0,2,0.020575
6704,data/bench/ITC99_all_numeric/b17.bench,15608,4,False,0,7,15,0,38,0.076
6705,data/bench/ITC99_all_numeric/b17.bench,15635,3,False,0,7,15,0,52,0.076823
6706,data/bench/ITC99_all_numeric/b17.bench,15656,3,True,1,0,2,0,1,0.016913
6707,data/bench/ITC99_all_numeric/b17.bench,15831,4,False,0,23,47,0,250,0.21968
6708,data/bench/ITC99_all_numeric/b17.bench,15873,4,False,2,1102,2234,0,87111,10.003059
6709,data/bench/ITC99_all_numeric/b17.bench,15886,3,False,2,1100,2221,0,77830,10.003465
6710,data/bench/ITC99_all_numeric/b17.bench,15950,4,False,0,383,767,0,10797,3.430482
6711,data/bench/ITC99_all_numeric/b17.bench,15975,4,False,0,5,11,0,58,0.059304
6712,data/bench/ITC99_all_numeric/b17.bench,15994,3,False,0,63,127,0,652,0.576511
6713,data/bench/ITC99_all_numeric/b17.bench,16010,4,False,0,119,239,0,1251,1.087377
6714,data/bench/ITC99_all_numeric/b17.bench,16099,4,False,0,7,15,0,21,0.077675
6715,data/bench/ITC99_all_numeric/b17.bench,16124,3,False,0,38,77,0,747,0.357774
6716,data/bench/ITC99_all_numeric/b17.bench,16155,4,False,0,71,143,0,1960,0.649917
6717,data/bench/ITC99_all_numeric/b17.bench,16265,4,False,0,3,7,0,16,0.04106
6718,data/bench/ITC99_all_numeric/b17.bench,16357,3,False,0,255,511,0,4139,2.29663
6719,data/bench/ITC99_all_numeric/b17.bench,16359,4,False,2,1092,2207,0,53565,10.000789
6720,data/bench/ITC99_all_numeric/b17.bench,16471,4,False,0,255,511,0,4650,2.282069
6721,data/bench/ITC99_all_numeric/b17.bench,16540,3,False,0,127,255,0,2322,1.152294
6722,data/bench/ITC99_all_numeric/b17.bench,16547,3,False,0,127,255,0,2067,1.146857
6723,data/bench/ITC99_all_numeric/b17.bench,16615,4,False,0,127,255,0,2322,1.147
6724,data/bench/ITC99_all_numeric/b17.bench,16769,4,False,0,15,31,0,292,0.148918
6725,data/bench/ITC99_all_numeric/b17.bench,16789,3,False,0,63,127,0,779,0.576022
6726,data/bench/ITC99_all_numeric/b17.bench,16793,4,False,0,63,127,0,779,0.582639
6727,data/bench/ITC99_all_numeric/b17.bench,16851,4,False,2,1107,2234,0,40313,10.00072
6728,data/bench/ITC99_all_numeric/b17.bench,16911,4,False,2,1115,2243,0,40477,10.011472
6729,data/bench/ITC99_all_numeric/b17.bench,16981,4,False,2,1123,2259,0,36280,10.005696
6730,data/bench/ITC99_all_numeric/b17.bench,17082,3,False,0,383,767,0,8518,3.405382
6731,data/bench/ITC99_all_numeric/b17.bench,17123,4,False,2,1119,2256,0,36253,10.000889
6732,data/bench/ITC99_all_numeric/b17.bench,17288,4,False,0,383,767,0,7743,3.40377
6733,data/bench/ITC99_all_numeric/b17.bench,17327,3,False,0,383,767,0,9277,3.414365
6734,data/bench/ITC99_all_numeric/b17.bench,17355,3,False,2,1092,2222,0,124419,10.001183
6735,data/bench/ITC99_all_numeric/b17.bench,17390,3,False,2,1100,2226,0,93821,10.002529
6736,data/bench/ITC99_all_numeric/b17.bench,17500,4,False,0,719,1439,0,15326,6.469055
6737,data/bench/ITC99_all_numeric/b17.bench,17523,4,False,0,5,11,0,69,0.059334
6738,data/bench/ITC99_all_numeric/b17.bench,17559,4,False,0,5,11,0,69,0.058531
6739,data/bench/ITC99_all_numeric/b17.bench,17588,3,False,0,5,11,0,80,0.058534
6740,data/bench/ITC99_all_numeric/b17.bench,17589,3,False,2,1107,2230,0,44195,10.002626
6741,data/bench/ITC99_all_numeric/b17.bench,17643,4,False,0,15,31,0,301,0.148623
6742,data/bench/ITC99_all_numeric/b17.bench,17695,4,False,0,575,1151,0,27078,5.128571
6743,data/bench/ITC99_all_numeric/b17.bench,17697,3,False,0,17,35,0,201,0.161541
6744,data/bench/ITC99_all_numeric/b17.bench,17756,4,False,0,11,23,0,129,0.110427
6745,data/bench/ITC99_all_numeric/b17.bench,18045,4,False,0,7,15,0,33,0.075876
6746,data/bench/ITC99_all_numeric/b17.bench,18130,3,False,0,7,15,0,81,0.077168
6747,data/bench/ITC99_all_numeric/b17.bench,18174,3,False,0,63,127,0,1287,0.580915
6748,data/bench/ITC99_all_numeric/b17.bench,18223,3,False,0,63,127,0,398,0.579142
6749,data/bench/ITC99_all_numeric/b17.bench,18250,4,False,0,287,575,0,7383,2.588334
6750,data/bench/ITC99_all_numeric/b17.bench,18259,3,True,1,0,4,0,5,0.025549
6751,data/bench/ITC99_all_numeric/b17.bench,18296,3,True,1,0,2,0,1,0.016359
6752,data/bench/ITC99_all_numeric/b17.bench,18311,3,False,0,7,15,0,74,0.076182
6753,data/bench/ITC99_all_numeric/b17.bench,18379,4,True,1,0,5,0,7,0.027055
6754,data/bench/ITC99_all_numeric/b17.bench,18396,4,False,0,127,255,0,2579,1.149466
6755,data/bench/ITC99_all_numeric/b17.bench,18440,3,True,1,0,3,0,1,0.021161
6756,data/bench/ITC99_all_numeric/b17.bench,18462,4,False,0,3,7,0,4,0.040631
6757,data/bench/ITC99_all_numeric/b17.bench,18506,3,False,0,127,255,0,2249,1.173799
6758,data/bench/ITC99_all_numeric/b17.bench,18605,3,True,1,0,2,0,1,0.017504
6759,data/bench/ITC99_all_numeric/b17.bench,18607,4,False,0,23,47,0,105,0.220711
6760,data/bench/ITC99_all_numeric/b17.bench,18633,3,True,1,0,2,0,1,0.017869
6761,data/bench/ITC99_all_numeric/b17.bench,18669,4,False,0,17,35,0,85,0.168446
6762,data/bench/ITC99_all_numeric/b17.bench,18737,3,False,0,71,143,0,2103,0.651766
6763,data/bench/ITC99_all_numeric/b17.bench,18837,4,False,0,575,1151,0,25927,5.166127
6764,data/bench/ITC99_all_numeric/b17.bench,18892,4,False,0,71,143,0,2818,0.651289
6765,data/bench/ITC99_all_numeric/b17.bench,18905,4,False,0,143,287,0,4792,1.295633
6766,data/bench/ITC99_all_numeric/b17.bench,19108,4,False,0,143,287,0,5653,1.298897
6767,data/bench/ITC99_all_numeric/b17.bench,19123,3,False,0,143,287,0,5653,1.303742
6768,data/bench/ITC99_all_numeric/b17.bench,19140,3,False,0,191,383,0,3490,1.718427
6769,data/bench/ITC99_all_numeric/b17.bench,19242,3,False,0,11,23,0,142,0.114938
6770,data/bench/ITC99_all_numeric/b17.bench,19306,3,False,2,1087,2192,0,54331,10.000264
6771,data/bench/ITC99_all_numeric/b17.bench,19476,3,False,0,255,511,0,6177,2.293827
6772,data/bench/ITC99_all_numeric/b17.bench,19603,4,False,0,7,15,0,51,0.076967
6773,data/bench/ITC99_all_numeric/b17.bench,19756,4,False,0,255,511,0,4139,2.279799
6774,data/bench/ITC99_all_numeric/b17.bench,19811,3,False,0,23,47,0,261,0.219912
6775,data/bench/ITC99_all_numeric/b17.bench,19880,3,False,0,7,15,0,47,0.077852
6776,data/bench/ITC99_all_numeric/b17.bench,19890,3,False,0,7,15,0,47,0.076708
6777,data/bench/ITC99_all_numeric/b17.bench,19955,3,False,0,7,15,0,47,0.076926
6778,data/bench/ITC99_all_numeric/b17.bench,19973,4,False,0,7,15,0,73,0.076453
6779,data/bench/ITC99_all_numeric/b17.bench,20072,4,False,0,7,15,0,73,0.07649
6780,data/bench/ITC99_all_numeric/b17.bench,20134,3,False,0,7,15,0,73,0.074804
6781,data/bench/ITC99_all_numeric/b17.bench,20179,4,False,0,11,23,0,125,0.111381
6782,data/bench/ITC99_all_numeric/b17.bench,20218,3,False,0,11,23,0,148,0.111656
6783,data/bench/ITC99_all_numeric/b17.bench,20346,3,True,1,0,2,0,1,0.018091
6784,data/bench/ITC99_all_numeric/b17.bench,20489,4,False,0,4,9,0,13,0.049454
6785,data/bench/ITC99_all_numeric/b17.bench,20645,4,False,0,639,1279,0,24376,5.736015
6786,data/bench/ITC99_all_numeric/b17.bench,20650,3,False,0,5,11,0,53,0.059293
6787,data/bench/ITC99_all_numeric/b17.bench,20661,4,False,0,38,77,0,516,0.354626
6788,data/bench/ITC99_all_numeric/b17.bench,20790,4,False,2,1092,2208,0,57639,10.003116
6789,data/bench/ITC99_all_numeric/b17.bench,20862,3,False,0,91,183,0,3019,0.827482
6790,data/bench/ITC99_all_numeric/b17.bench,20865,4,False,0,11,23,0,84,0.112471
6791,data/bench/ITC99_all_numeric/b17.bench,20873,3,False,0,191,383,0,4356,1.733556
6792,data/bench/ITC99_all_numeric/b17.bench,20912,3,False,0,255,511,0,7713,2.294535
6793,data/bench/ITC99_all_numeric/b17.bench,20963,3,False,0,383,767,0,8510,3.427065
6794,data/bench/ITC99_all_numeric/b17.bench,21026,4,False,0,3,7,0,11,0.041049
6795,data/bench/ITC99_all_numeric/b17.bench,21194,4,True,1,0,2,0,1,0.01664
6796,data/bench/ITC99_all_numeric/b17.bench,21208,4,True,1,0,24,0,35,0.094852
6797,data/bench/ITC99_all_numeric/b17.bench,21253,3,False,2,1113,2240,0,28512,10.001211
6798,data/bench/ITC99_all_numeric/b17.bench,21279,4,False,0,1,3,0,2,0.023552
6799,data/bench/ITC99_all_numeric/b17.bench,21314,4,False,2,1113,2242,0,50862,10.005398
6800,data/bench/ITC99_all_numeric/b17.bench,21338,3,False,2,1113,2245,0,30828,10.000353
6801,data/bench/ITC99_all_numeric/b17.bench,21338,4,False,2,1110,2237,0,30711,10.00111
6802,data/bench/ITC99_all_numeric/b17.bench,21372,3,False,2,1124,2272,0,51494,10.003948
6803,data/bench/ITC99_all_numeric/b17.bench,21382,4,False,0,1,3,0,2,0.023394
6804,data/bench/ITC99_all_numeric/b17.bench,21394,3,False,0,11,23,0,66,0.111898
6805,data/bench/ITC99_all_numeric/b17.bench,21435,3,False,0,1,3,0,2,0.023307
6806,data/bench/ITC99_all_numeric/b17.bench,21658,3,True,1,0,2,0,1,0.01672
6807,data/bench/ITC99_all_numeric/b17.bench,21664,3,False,2,1096,2211,0,32525,10.0047
6808,data/bench/ITC99_all_numeric/b17.bench,21687,4,False,2,1092,2214,0,56723,10.001531
6809,data/bench/ITC99_all_numeric/b17.bench,21741,3,False,0,7,15,0,120,0.078729
6810,data/bench/ITC99_all_numeric/b17.bench,21752,4,False,0,15,31,0,346,0.147418
6811,data/bench/ITC99_all_numeric/b17.bench,22010,4,False,0,95,191,0,1796,0.86522
6812,data/bench/ITC99_all_numeric/b17.bench,22182,3,False,2,1089,2213,0,113055,10.001641
6813,data/bench/ITC99_all_numeric/b17.bench,22216,4,False,0,3,7,0,25,0.041812
6814,data/bench/ITC99_all_numeric/b17.bench,22348,3,False,2,1087,2192,0,57573,10.008573
6815,data/bench/ITC99_all_numeric/b17.bench,22482,4,False,0,1,3,0,2,0.024062
6816,data/bench/ITC99_all_numeric/b17.bench,22491,4,False,0,1,3,0,2,0.022
6817,data/bench/ITC99_all_numeric/b17.bench,22508,4,False,0,191,383,0,3973,1.74367
6818,data/bench/ITC99_all_numeric/b17.bench,22627,3,False,0,7,15,0,141,0.078901
6819,data/bench/ITC99_all_numeric/b17.bench,22628,3,False,0,7,15,0,156,0.078291
6820,data/bench/ITC99_all_numeric/b17.bench,22694,3,False,2,1105,2231,0,39832,10.001636
6821,data/bench/ITC99_all_numeric/b17.bench,22755,4,False,0,15,31,0,375,0.148691
6822,data/bench/ITC99_all_numeric/b17.bench,22768,3,False,0,15,31,0,253,0.148482
6823,data/bench/ITC99_all_numeric/b17.bench,22795,3,False,0,15,31,0,374,0.149565
6824,data/bench/ITC99_all_numeric/b17.bench,22798,3,False,0,15,31,0,374,0.150334
6825,data/bench/ITC99_all_numeric/b17.bench,22822,4,False,0,5,11,0,30,0.062907
6826,data/bench/ITC99_all_numeric/b17.bench,22867,3,False,2,1088,2200,0,70918,10.003972
6827,data/bench/ITC99_all_numeric/b17.bench,22884,4,False,2,1094,2222,0,100241,10.001617
6828,data/bench/ITC99_all_numeric/b17.bench,22920,4,False,2,1087,2207,0,114797,10.000627
6829,data/bench/ITC99_all_numeric/b17.bench,22973,3,False,0,11,23,0,106,0.112632
6830,data/bench/ITC99_all_numeric/b17.bench,22977,3,False,0,1,3,0,2,0.023091
6831,data/bench/ITC99_all_numeric/b17.bench,22981,3,False,0,1,3,0,2,0.022645
6832,data/bench/ITC99_all_numeric/b17.bench,23028,3,False,0,1,3,0,2,0.022352
6833,data/bench/ITC99_all_numeric/b17.bench,23165,3,False,2,1123,2267,0,79824,10.001132
6834,data/bench/ITC99_all_numeric/b17.bench,23182,4,False,0,1,3,0,2,0.023418
6835,data/bench/ITC99_all_numeric/b17.bench,23237,3,False,2,1123,2273,0,82269,10.00293
6836,data/bench/ITC99_all_numeric/b17.bench,23268,3,True,1,0,3,0,1,0.02334
6837,data/bench/ITC99_all_numeric/b17.bench,23311,3,False,0,1,3,0,2,0.023171
6838,data/bench/ITC99_all_numeric/b17.bench,23325,3,False,2,1116,2256,0,81686,10.007224
6839,data/bench/ITC99_all_numeric/b17.bench,23395,4,True,1,0,3,0,3,0.022654
6840,data/bench/ITC99_all_numeric/b17.bench,23635,4,False,0,11,23,0,106,0.1148
6841,data/bench/ITC99_all_numeric/b17.bench,23649,3,False,0,767,1535,0,23555,6.820367
6842,data/bench/ITC99_all_numeric/b17.bench,23661,3,False,2,1105,2230,0,51935,10.001672
6843,data/bench/ITC99_all_numeric/b17.bench,23694,4,False,2,1123,2272,0,102509,10.007492
6844,data/bench/ITC99_all_numeric/b17.bench,23815,3,True,1,0,3,0,1,0.02134
6845,data/bench/ITC99_all_numeric/b17.bench,23880,3,False,0,127,255,0,2047,1.140309
6846,data/bench/ITC99_all_numeric/b17.bench,23886,3,False,0,3,7,0,6,0.041663
6847,data/bench/ITC99_all_numeric/b17.bench,24056,3,False,0,15,31,0,345,0.149372
6848,data/bench/ITC99_all_numeric/b17.bench,24101,3,False,0,15,31,0,373,0.150551
6849,data/bench/ITC99_all_numeric/b17.bench,24146,4,False,0,15,31,0,345,0.149742
6850,data/bench/ITC99_all_numeric/b17.bench,24150,4,False,0,15,31,0,376,0.150613
6851,data/bench/ITC99_all_numeric/b17.bench,24166,4,False,0,15,31,0,313,0.147725
6852,data/bench/ITC99_all_numeric/b17.bench,24209,4,False,0,15,31,0,376,0.14928
6853,data/bench/ITC99_all_numeric/b17.bench,24260,3,False,0,15,31,0,313,0.148878
6854,data/bench/ITC99_all_numeric/b17.bench,24266,3,False,0,15,31,0,313,0.148606
6855,data/bench/ITC99_all_numeric/b17.bench,24278,4,False,0,15,31,0,403,0.150242
6856,data/bench/ITC99_all_numeric/b17.bench,24289,3,False,0,15,31,0,344,0.149809
6857,data/bench/ITC99_all_numeric/b17.bench,24334,4,False,0,15,31,0,344,0.149816
6858,data/bench/ITC99_all_numeric/b17.bench,24373,4,True,1,0,3,0,3,0.0214
6859,data/bench/ITC99_all_numeric/b17.bench,24440,4,False,0,383,767,0,11010,3.412604
6860,data/bench/ITC99_all_numeric/b17.bench,24493,3,False,2,1113,2259,0,115316,10.003072
6861,data/bench/ITC99_all_numeric/b17.bench,24613,3,False,0,1,3,0,2,0.023973
6862,data/bench/ITC99_all_numeric/b17.bench,24637,3,False,0,1,3,0,2,0.022708
6863,data/bench/ITC99_all_numeric/b17.bench,24673,3,False,2,1116,2266,0,101832,10.002875
6864,data/bench/ITC99_all_numeric/b17.bench,24693,4,False,2,1102,2225,0,60274,10.000265
6865,data/bench/ITC99_all_numeric/b17.bench,24722,4,False,2,1094,2209,0,30387,10.003871
6866,data/bench/ITC99_all_numeric/b17.bench,24760,4,True,1,0,2,0,1,0.018494
6867,data/bench/ITC99_all_numeric/b17.bench,24765,3,False,2,1093,2202,0,28111,10.001112
6868,data/bench/ITC99_all_numeric/b17.bench,24794,3,False,0,31,63,0,242,0.29181
6869,data/bench/ITC99_all_numeric/b17.bench,24815,4,False,2,1093,2211,0,32610,10.00191
6870,data/bench/ITC99_all_numeric/b17.bench,24908,3,False,2,1123,2271,0,100238,10.010097
6871,data/bench/ITC99_all_numeric/b17.bench,24914,3,False,2,1113,2259,0,108644,10.002892
6872,data/bench/ITC99_all_numeric/b17.bench,24989,4,False,0,5,11,0,19,0.058619
6873,data/bench/ITC99_all_numeric/b17.bench,25004,3,False,0,191,383,0,4355,1.715491
6874,data/bench/ITC99_all_numeric/b17.bench,25006,3,False,0,1,3,0,2,0.023535
6875,data/bench/ITC99_all_numeric/b17.bench,25014,4,False,0,767,1535,0,25090,6.818212
6876,data/bench/ITC99_all_numeric/b17.bench,25016,4,False,2,1123,2259,0,43632,10.007078
6877,data/bench/ITC99_all_numeric/b17.bench,25068,3,False,2,1106,2246,0,116892,10.004054
6878,data/bench/ITC99_all_numeric/b17.bench,25096,4,False,2,1123,2276,0,118419,10.01171
6879,data/bench/ITC99_all_numeric/b17.bench,25157,4,False,0,1,3,0,2,0.023514
6880,data/bench/ITC99_all_numeric/b17.bench,25190,4,False,2,1116,2259,0,76918,10.000842
6881,data/bench/ITC99_all_numeric/b17.bench,25247,3,False,2,1116,2267,0,106362,10.00177
6882,data/bench/ITC99_all_numeric/b17.bench,25269,3,False,2,1107,2236,0,60576,10.000608
6883,data/bench/ITC99_all_numeric/b17.bench,25297,3,False,0,5,11,0,30,0.058969
6884,data/bench/ITC99_all_numeric/b17.bench,25339,4,False,2,1102,2226,0,67336,10.003154
6885,data/bench/ITC99_all_numeric/b17.bench,25404,4,False,2,1113,2258,0,108545,10.000381
6886,data/bench/ITC99_all_numeric/b17.bench,25412,3,False,2,1123,2273,0,91275,10.002791
6887,data/bench/ITC99_all_numeric/b17.bench,25537,4,False,0,95,191,0,1605,0.859435
6888,data/bench/ITC99_all_numeric/b17.bench,25630,3,False,2,1118,2254,0,45786,10.002331
6889,data/bench/ITC99_all_numeric/b17.bench,25641,3,False,2,1100,2224,0,65051,10.003169
6890,data/bench/ITC99_all_numeric/b17.bench,25655,3,False,0,1,3,0,2,0.023574
6891,data/bench/ITC99_all_numeric/b17.bench,25672,4,False,2,1123,2274,0,109368,10.003395
6892,data/bench/ITC99_all_numeric/b17.bench,25706,3,False,2,1113,2263,0,117735,10.000642
6893,data/bench/ITC99_all_numeric/b17.bench,25992,3,False,0,63,127,0,1390,0.575733
6894,data/bench/ITC99_all_numeric/b17.bench,26034,3,False,0,1,3,0,2,0.023567
6895,data/bench/ITC99_all_numeric/b17.bench,26058,4,False,0,31,63,0,697,0.286502
6896,data/bench/ITC99_all_numeric/b17.bench,26147,4,False,0,15,31,0,253,0.148504
6897,data/bench/ITC99_all_numeric/b17.bench,26169,4,False,0,1,3,0,2,0.023044
6898,data/bench/ITC99_all_numeric/b17.bench,26185,3,False,0,31,63,0,877,0.292673
6899,data/bench/ITC99_all_numeric/b17.bench,26233,4,True,1,0,3,0,1,0.021193
6900,data/bench/ITC99_all_numeric/b17.bench,26268,4,True,1,0,3,0,3,0.022291
6901,data/bench/ITC99_all_numeric/b17.bench,26308,3,False,0,3,7,0,16,0.040506
6902,data/bench/ITC99_all_numeric/b17.bench,26318,3,True,1,0,2,0,1,0.016664
6903,data/bench/ITC99_all_numeric/b17.bench,26320,4,True,1,0,3,0,3,0.019843
6904,data/bench/ITC99_all_numeric/b17.bench,26355,3,False,0,7,15,0,96,0.075933
6905,data/bench/ITC99_all_numeric/b17.bench,26404,4,True,1,0,3,0,3,0.021208
6906,data/bench/ITC99_all_numeric/b17.bench,26453,4,False,0,11,23,0,106,0.120133
6907,data/bench/ITC99_all_numeric/b17.bench,26499,4,False,0,1,3,0,2,0.023404
6908,data/bench/ITC99_all_numeric/b17.bench,26659,3,False,0,1,3,0,2,0.022615
6909,data/bench/ITC99_all_numeric/b17.bench,26839,3,False,0,127,255,0,3639,1.148611
6910,data/bench/ITC99_all_numeric/b17.bench,26854,3,False,0,127,255,0,3639,1.148917
6911,data/bench/ITC99_all_numeric/b17.bench,26855,3,False,0,127,255,0,3639,1.148404
6912,data/bench/ITC99_all_numeric/b17.bench,27063,3,False,0,127,255,0,3403,1.15097
6913,data/bench/ITC99_all_numeric/b17.bench,27176,3,False,0,127,255,0,3403,1.164724
6914,data/bench/ITC99_all_numeric/b17.bench,27217,4,False,0,127,255,0,3658,1.146866
6915,data/bench/ITC99_all_numeric/b17.bench,27307,3,False,0,127,255,0,3913,1.145146
6916,data/bench/ITC99_all_numeric/b17.bench,27310,4,False,0,63,127,0,1569,0.577443
6917,data/bench/ITC99_all_numeric/b17.bench,27353,4,False,0,127,255,0,2893,1.14906
6918,data/bench/ITC99_all_numeric/b17.bench,27601,4,False,0,127,255,0,2126,1.142316
6919,data/bench/ITC99_all_numeric/b17.bench,27604,4,False,0,127,255,0,2381,1.148117
6920,data/bench/ITC99_all_numeric/b17.bench,27612,3,False,0,63,127,0,1188,0.577268
6921,data/bench/ITC99_all_numeric/b17.bench,27622,3,False,0,63,127,0,1061,0.576804
6922,data/bench/ITC99_all_numeric/b17.bench,27675,3,False,0,63,127,0,1315,0.578118
6923,data/bench/ITC99_all_numeric/b17.bench,27682,3,False,0,63,127,0,1061,0.576127
6924,data/bench/ITC99_all_numeric/b17.bench,27710,3,False,0,63,127,0,1188,0.577499
6925,data/bench/ITC99_all_numeric/b17.bench,27848,4,False,0,383,767,0,9477,3.540731
6926,data/bench/ITC99_all_numeric/b17.bench,27860,3,False,2,1083,2204,0,127691,10.000806
6927,data/bench/ITC99_all_numeric/b17.bench,27869,4,False,2,1082,2198,0,112182,10.000648
6928,data/bench/ITC99_all_numeric/b17.bench,27915,3,True,1,0,5,0,7,0.028355
6929,data/bench/ITC99_all_numeric/b17.bench,28042,4,False,2,1089,2198,0,51528,10.000835
6930,data/bench/ITC99_all_numeric/b17.bench,28121,4,False,0,31,63,0,529,0.285624
6931,data/bench/ITC99_all_numeric/b17.bench,28164,3,False,0,63,127,0,1820,0.582969
6932,data/bench/ITC99_all_numeric/b17.bench,28258,3,False,0,63,127,0,1190,0.581971
6933,data/bench/ITC99_all_numeric/b17.bench,28294,3,False,0,127,255,0,2638,1.150396
6934,data/bench/ITC99_all_numeric/b17.bench,28346,4,False,0,127,255,0,2383,1.155203
6935,data/bench/ITC99_all_numeric/b17.bench,28374,3,False,0,127,255,0,2638,1.152237
6936,data/bench/ITC99_all_numeric/b17.bench,28380,3,False,0,127,255,0,2638,1.153533
6937,data/bench/ITC99_all_numeric/b17.bench,28387,4,False,0,127,255,0,2383,1.158275
6938,data/bench/ITC99_all_numeric/b17.bench,28472,4,False,0,31,63,0,466,0.291357
6939,data/bench/ITC99_all_numeric/b17.bench,28486,4,False,0,31,63,0,592,0.283158
6940,data/bench/ITC99_all_numeric/b17.bench,28493,4,False,0,383,767,0,6911,3.465303
6941,data/bench/ITC99_all_numeric/b17.bench,28540,4,False,0,3,7,0,8,0.042464
6942,data/bench/ITC99_all_numeric/b17.bench,28547,3,False,2,1101,2216,0,36517,10.001511
6943,data/bench/ITC99_all_numeric/b17.bench,28567,4,False,2,1089,2213,0,119823,10.001725
6944,data/bench/ITC99_all_numeric/b17.bench,28609,4,False,0,1023,2047,0,62462,9.272018
6945,data/bench/ITC99_all_numeric/b17.bench,28613,4,False,2,1086,2205,0,110675,10.000854
6946,data/bench/ITC99_all_numeric/b17.bench,28634,3,False,0,1023,2047,0,68603,9.283438
6947,data/bench/ITC99_all_numeric/b17.bench,28637,3,False,2,1090,2211,0,102242,10.00446
6948,data/bench/ITC99_all_numeric/b17.bench,28667,4,False,0,1023,2047,0,35851,9.247507
6949,data/bench/ITC99_all_numeric/b17.bench,28711,4,False,0,15,31,0,307,0.149949
6950,data/bench/ITC99_all_numeric/b17.bench,28751,4,False,0,15,31,0,307,0.15326
6951,data/bench/ITC99_all_numeric/b17.bench,28841,4,False,0,31,63,0,615,0.303989
6952,data/bench/ITC99_all_numeric/b17.bench,28918,3,False,0,31,63,0,739,0.302537
6953,data/bench/ITC99_all_numeric/b17.bench,28934,3,False,0,31,63,0,803,0.300195
6954,data/bench/ITC99_all_numeric/b17.bench,28948,3,False,0,31,63,0,678,0.301407
6955,data/bench/ITC99_all_numeric/b17.bench,28983,3,False,0,31,63,0,677,0.30144
6956,data/bench/ITC99_all_numeric/b17.bench,29021,3,False,0,31,63,0,678,0.300945
6957,data/bench/ITC99_all_numeric/b17.bench,29023,3,False,0,31,63,0,740,0.301524
6958,data/bench/ITC99_all_numeric/b17.bench,29134,3,False,0,31,63,0,740,0.301248
6959,data/bench/ITC99_all_numeric/b17.bench,29157,3,False,0,31,63,0,740,0.296641
6960,data/bench/ITC99_all_numeric/b17.bench,29222,3,False,0,3,7,0,11,0.042272
6961,data/bench/ITC99_all_numeric/b17.bench,29277,3,False,0,1,3,0,2,0.023017
6962,data/bench/ITC99_all_numeric/b17.bench,29386,3,False,2,1078,2173,0,43752,10.006808
6963,data/bench/ITC99_all_numeric/b17.bench,29399,3,False,0,11,23,0,55,0.1142
6964,data/bench/ITC99_all_numeric/b17.bench,29403,3,False,0,63,127,0,1188,0.583949
6965,data/bench/ITC99_all_numeric/b17.bench,29430,4,False,0,63,127,0,1061,0.581937
6966,data/bench/ITC99_all_numeric/b17.bench,29436,3,False,0,63,127,0,1061,0.583593
6967,data/bench/ITC99_all_numeric/b17.bench,29438,3,False,0,63,127,0,1061,0.577951
6968,data/bench/ITC99_all_numeric/b17.bench,29471,3,False,0,63,127,0,1061,0.577903
6969,data/bench/ITC99_all_numeric/b17.bench,29490,3,False,0,63,127,0,1061,0.582802
6970,data/bench/ITC99_all_numeric/b17.bench,29563,4,False,0,959,1919,0,10493,8.656583
6971,data/bench/ITC99_all_numeric/b17.bench,29583,4,False,0,1,3,0,2,0.023852
6972,data/bench/ITC99_all_numeric/b17.bench,29617,3,False,0,63,127,0,1311,0.57864
6973,data/bench/ITC99_all_numeric/b17.bench,29690,3,False,0,63,127,0,1563,0.581346
6974,data/bench/ITC99_all_numeric/b17.bench,29695,4,False,0,63,127,0,1438,0.609581
6975,data/bench/ITC99_all_numeric/b17.bench,29696,3,False,0,63,127,0,1563,0.582018
6976,data/bench/ITC99_all_numeric/b17.bench,29713,3,False,0,63,127,0,1690,0.583454
6977,data/bench/ITC99_all_numeric/b17.bench,29716,3,False,0,63,127,0,1564,0.581629
6978,data/bench/ITC99_all_numeric/b17.bench,29758,3,False,0,63,127,0,1438,0.581231
6979,data/bench/ITC99_all_numeric/b17.bench,29794,4,True,1,0,2,0,1,0.017982
6980,data/bench/ITC99_all_numeric/b17.bench,29954,3,False,0,7,15,0,70,0.076869
6981,data/bench/ITC99_all_numeric/b17.bench,30006,3,False,0,127,255,0,3342,1.157122
6982,data/bench/ITC99_all_numeric/b17.bench,30107,4,False,0,15,31,0,386,0.149172
6983,data/bench/ITC99_all_numeric/b17.bench,30116,4,False,0,143,287,0,2496,1.299351
6984,data/bench/ITC99_all_numeric/b17.bench,30120,4,False,0,143,287,0,2496,1.29929
6985,data/bench/ITC99_all_numeric/b17.bench,30537,3,False,0,127,255,0,2067,1.152926
6986,data/bench/ITC99_all_numeric/b17.bench,30637,3,False,0,15,31,0,314,0.14953
6987,data/bench/ITC99_all_numeric/b17.bench,30724,4,False,0,127,255,0,2068,1.152953
6988,data/bench/ITC99_all_numeric/b17.bench,30735,3,False,0,127,255,0,2323,1.157081
6989,data/bench/ITC99_all_numeric/b17.bench,30829,3,False,0,255,511,0,5669,2.288231
6990,data/bench/ITC99_all_numeric/b17.bench,30934,3,False,0,255,511,0,6180,2.298269
6991,data/bench/ITC99_all_numeric/b17.bench,30942,3,False,0,511,1023,0,14409,4.586166
6992,data/bench/ITC99_all_numeric/b17.bench,30945,4,False,0,511,1023,0,15432,4.604757
6993,data/bench/ITC99_all_numeric/b17.bench,30979,4,False,0,255,511,0,11801,2.300355
6994,data/bench/ITC99_all_numeric/b17.bench,31012,3,False,0,91,183,0,2470,0.82958
6995,data/bench/ITC99_all_numeric/b17.bench,31033,3,False,0,511,1023,0,12363,4.586594
6996,data/bench/ITC99_all_numeric/b17.bench,31069,4,False,0,767,1535,0,21620,6.890214
6997,data/bench/ITC99_all_numeric/b17.bench,31097,4,False,0,311,623,0,7248,2.794264
6998,data/bench/ITC99_all_numeric/b17.bench,31130,4,False,0,255,511,0,6691,2.312983
6999,data/bench/ITC99_all_numeric/b17.bench,31140,3,False,0,255,511,0,9757,2.306145
7000,data/bench/ITC99_all_numeric/b17.bench,31156,3,False,0,127,255,0,2577,1.158987
7001,data/bench/ITC99_all_numeric/b17.bench,31227,4,False,0,511,1023,0,10321,4.540015
7002,data/bench/ITC99_all_numeric/b17.bench,31264,3,False,0,255,511,0,4651,2.282777
7003,data/bench/ITC99_all_numeric/b17.bench,31275,4,False,0,255,511,0,5669,2.290209
7004,data/bench/ITC99_all_numeric/b17.bench,31304,4,False,0,255,511,0,6691,2.277889
7005,data/bench/ITC99_all_numeric/b17.bench,31330,4,False,0,255,511,0,7202,2.323718
7006,data/bench/ITC99_all_numeric/b17.bench,31376,3,False,0,255,511,0,5158,2.289234
7007,data/bench/ITC99_all_numeric/b17.bench,31490,3,False,0,127,255,0,2577,1.148799
7008,data/bench/ITC99_all_numeric/b17.bench,31506,3,False,0,127,255,0,3342,1.1457
7009,data/bench/ITC99_all_numeric/b17.bench,31562,4,False,0,127,255,0,3852,1.150581
7010,data/bench/ITC99_all_numeric/b17.bench,31598,3,False,0,127,255,0,4362,1.150922
7011,data/bench/ITC99_all_numeric/b17.bench,31716,3,False,0,127,255,0,3087,1.150961
7012,data/bench/ITC99_all_numeric/b17.bench,31768,4,False,0,1,3,0,2,0.023669
7013,data/bench/ITC99_all_numeric/b17.bench,31855,3,False,0,23,47,0,260,0.219926
7014,data/bench/ITC99_all_numeric/b17.bench,31879,3,False,2,1102,2231,0,91805,10.00189
7015,data/bench/ITC99_all_numeric/b17.bench,32081,3,False,0,47,95,0,1127,0.435456
7016,data/bench/ITC99_all_numeric/b17.bench,32114,4,True,1,0,3,0,3,0.021714
7017,data/bench/ITC99_all_numeric/b17.bench,32148,4,True,1,0,2,0,1,0.017153
7018,data/bench/ITC99_all_numeric/b17.bench,32181,4,False,0,23,47,0,194,0.21891
7019,data/bench/ITC99_all_numeric/b17.bench,32228,4,False,0,7,15,0,126,0.077744
7020,data/bench/ITC99_all_numeric/b18.bench,134,4,False,2,0,692,0,0,10.002337
7021,data/bench/ITC99_all_numeric/b18.bench,197,4,True,1,0,3,0,1,0.102392
7022,data/bench/ITC99_all_numeric/b18.bench,245,3,False,2,0,703,0,0,10.006559
7023,data/bench/ITC99_all_numeric/b18.bench,273,4,False,2,0,702,0,0,10.012212
7024,data/bench/ITC99_all_numeric/b18.bench,680,3,False,2,0,693,0,0,10.013319
7025,data/bench/ITC99_all_numeric/b18.bench,701,4,True,1,0,3,0,0,0.107673
7026,data/bench/ITC99_all_numeric/b18.bench,835,4,False,2,0,688,0,0,10.003709
7027,data/bench/ITC99_all_numeric/b18.bench,887,3,True,1,0,3,0,0,0.109203
7028,data/bench/ITC99_all_numeric/b18.bench,1118,4,True,1,0,30,0,34,0.495716
7029,data/bench/ITC99_all_numeric/b18.bench,1426,3,False,2,0,694,0,0,10.005835
7030,data/bench/ITC99_all_numeric/b18.bench,1514,4,False,2,0,694,0,0,10.010921
7031,data/bench/ITC99_all_numeric/b18.bench,1546,3,False,2,0,694,0,0,10.007375
7032,data/bench/ITC99_all_numeric/b18.bench,1665,3,False,2,0,694,0,0,10.00511
7033,data/bench/ITC99_all_numeric/b18.bench,1934,4,True,1,0,3,0,1,0.112978
7034,data/bench/ITC99_all_numeric/b18.bench,2577,4,False,2,0,690,0,0,10.008074
7035,data/bench/ITC99_all_numeric/b18.bench,2789,3,False,2,0,690,0,0,10.000198
7036,data/bench/ITC99_all_numeric/b18.bench,3054,3,False,2,0,686,0,0,10.00466
7037,data/bench/ITC99_all_numeric/b18.bench,3070,3,False,2,0,688,0,0,10.012652
7038,data/bench/ITC99_all_numeric/b18.bench,3261,3,False,2,0,688,0,0,10.007159
7039,data/bench/ITC99_all_numeric/b18.bench,3578,3,False,2,264,552,0,6857,10.012655
7040,data/bench/ITC99_all_numeric/b18.bench,3598,3,False,2,268,554,0,7986,10.025064
7041,data/bench/ITC99_all_numeric/b18.bench,4096,3,False,0,35,71,0,488,1.343148
7042,data/bench/ITC99_all_numeric/b18.bench,4275,4,False,0,19,39,0,281,0.760613
7043,data/bench/ITC99_all_numeric/b18.bench,4393,4,False,0,11,23,0,110,0.471175
7044,data/bench/ITC99_all_numeric/b18.bench,4477,4,False,0,15,31,0,186,0.613037
7045,data/bench/ITC99_all_numeric/b18.bench,4524,4,False,2,270,554,0,6529,10.012257
7046,data/bench/ITC99_all_numeric/b18.bench,4740,4,False,0,11,23,0,154,0.476106
7047,data/bench/ITC99_all_numeric/b18.bench,4883,3,False,0,95,191,0,1900,3.529089
7048,data/bench/ITC99_all_numeric/b18.bench,5147,4,False,0,39,79,0,564,1.497594
7049,data/bench/ITC99_all_numeric/b18.bench,5381,4,False,0,15,31,0,186,0.64581
7050,data/bench/ITC99_all_numeric/b18.bench,5585,4,False,0,23,47,0,358,0.927048
7051,data/bench/ITC99_all_numeric/b18.bench,5892,4,False,0,35,71,0,488,1.347599
7052,data/bench/ITC99_all_numeric/b18.bench,6644,4,False,0,11,23,0,110,0.479908
7053,data/bench/ITC99_all_numeric/b18.bench,6658,3,False,0,95,191,0,2091,3.669029
7054,data/bench/ITC99_all_numeric/b18.bench,6767,4,False,2,268,545,0,3377,10.003359
7055,data/bench/ITC99_all_numeric/b18.bench,7169,4,False,0,239,479,0,1659,8.809278
7056,data/bench/ITC99_all_numeric/b18.bench,7184,4,False,0,239,479,0,2137,8.795272
7057,data/bench/ITC99_all_numeric/b18.bench,7203,3,False,0,239,479,0,1659,8.906099
7058,data/bench/ITC99_all_numeric/b18.bench,7504,3,False,2,256,550,0,43765,10.002356
7059,data/bench/ITC99_all_numeric/b18.bench,7935,4,False,0,7,15,0,47,0.339524
7060,data/bench/ITC99_all_numeric/b18.bench,8064,3,False,2,265,551,0,5219,10.009704
7061,data/bench/ITC99_all_numeric/b18.bench,8107,4,False,2,270,549,0,4919,10.004743
7062,data/bench/ITC99_all_numeric/b18.bench,8292,3,False,2,262,548,0,5735,10.018722
7063,data/bench/ITC99_all_numeric/b18.bench,8589,4,False,0,83,167,0,2038,3.108195
7064,data/bench/ITC99_all_numeric/b18.bench,8644,4,False,2,265,546,0,7339,10.028245
7065,data/bench/ITC99_all_numeric/b18.bench,9003,3,False,2,258,549,0,8779,10.020347
7066,data/bench/ITC99_all_numeric/b18.bench,9088,4,False,0,111,223,0,1602,4.111611
7067,data/bench/ITC99_all_numeric/b18.bench,9462,4,False,2,268,561,0,7531,10.013865
7068,data/bench/ITC99_all_numeric/b18.bench,10300,3,False,2,271,553,0,6487,10.010645
7069,data/bench/ITC99_all_numeric/b18.bench,10309,3,False,0,95,191,0,1864,3.51723
7070,data/bench/ITC99_all_numeric/b18.bench,10605,4,False,0,223,447,0,4098,8.039849
7071,data/bench/ITC99_all_numeric/b18.bench,10647,3,False,0,51,103,0,329,1.902137
7072,data/bench/ITC99_all_numeric/b18.bench,10873,3,False,2,268,555,0,13915,10.004144
7073,data/bench/ITC99_all_numeric/b18.bench,11066,4,False,0,223,447,0,5439,8.129386
7074,data/bench/ITC99_all_numeric/b18.bench,11461,4,False,0,223,447,0,7227,8.099356
7075,data/bench/ITC99_all_numeric/b18.bench,11608,3,False,0,239,479,0,3915,8.698462
7076,data/bench/ITC99_all_numeric/b18.bench,11623,3,False,2,263,553,0,17847,10.008696
7077,data/bench/ITC99_all_numeric/b18.bench,11720,4,False,2,264,558,0,8876,10.002632
7078,data/bench/ITC99_all_numeric/b18.bench,11849,4,False,0,247,495,0,6027,8.967502
7079,data/bench/ITC99_all_numeric/b18.bench,12088,3,False,2,264,553,0,8243,10.016993
7080,data/bench/ITC99_all_numeric/b18.bench,12108,4,False,2,265,556,0,7481,10.008551
7081,data/bench/ITC99_all_numeric/b18.bench,12125,3,True,1,0,2,0,1,0.089048
7082,data/bench/ITC99_all_numeric/b18.bench,12178,4,False,2,271,560,0,7802,10.002444
7083,data/bench/ITC99_all_numeric/b18.bench,12319,4,False,2,264,558,0,7773,10.003591
7084,data/bench/ITC99_all_numeric/b18.bench,12557,3,False,0,247,495,0,8007,8.919586
7085,data/bench/ITC99_all_numeric/b18.bench,13069,3,False,0,247,495,0,5037,8.863366
7086,data/bench/ITC99_all_numeric/b18.bench,13097,4,False,0,247,495,0,5532,8.927207
7087,data/bench/ITC99_all_numeric/b18.bench,13296,3,False,0,247,495,0,8008,8.996787
7088,data/bench/ITC99_all_numeric/b18.bench,13360,3,False,2,264,557,0,8305,10.012366
7089,data/bench/ITC99_all_numeric/b18.bench,13449,3,False,0,247,495,0,7512,8.88073
7090,data/bench/ITC99_all_numeric/b18.bench,13665,3,False,2,266,554,0,8274,10.010569
7091,data/bench/ITC99_all_numeric/b18.bench,13700,3,False,2,265,553,0,8260,10.010452
7092,data/bench/ITC99_all_numeric/b18.bench,13857,3,False,2,271,558,0,7216,10.024598
7093,data/bench/ITC99_all_numeric/b18.bench,13897,4,False,2,264,555,0,8274,10.002877
7094,data/bench/ITC99_all_numeric/b18.bench,13932,3,False,2,271,560,0,12256,10.011222
7095,data/bench/ITC99_all_numeric/b18.bench,14184,4,False,0,247,495,0,4543,8.915999
7096,data/bench/ITC99_all_numeric/b18.bench,14355,4,False,0,247,495,0,7017,8.970879
7097,data/bench/ITC99_all_numeric/b18.bench,14399,3,False,2,268,560,0,10021,10.01996
7098,data/bench/ITC99_all_numeric/b18.bench,14465,4,False,2,268,560,0,11698,10.013347
7099,data/bench/ITC99_all_numeric/b18.bench,14729,4,False,2,272,555,0,10205,10.007623
7100,data/bench/ITC99_all_numeric/b18.bench,14826,4,False,2,269,564,0,8999,10.006159
7101,data/bench/ITC99_all_numeric/b18.bench,15216,4,True,1,0,2,0,1,0.091528
7102,data/bench/ITC99_all_numeric/b18.bench,15230,3,False,0,17,35,0,132,0.688419
7103,data/bench/ITC99_all_numeric/b18.bench,15384,4,False,2,274,562,0,5925,10.009785
7104,data/bench/ITC99_all_numeric/b18.bench,15433,3,True,1,0,4,0,8,0.119098
7105,data/bench/ITC99_all_numeric/b18.bench,15728,3,True,1,0,2,0,2,0.089261
7106,data/bench/ITC99_all_numeric/b18.bench,16067,3,True,1,0,4,0,8,0.120334
7107,data/bench/ITC99_all_numeric/b18.bench,16232,3,False,0,3,7,0,11,0.186881
7108,data/bench/ITC99_all_numeric/b18.bench,16408,3,False,0,47,95,0,859,1.761362
7109,data/bench/ITC99_all_numeric/b18.bench,16421,3,False,2,269,555,0,12928,10.0082
7110,data/bench/ITC99_all_numeric/b18.bench,16457,4,False,0,3,7,0,9,0.187226
7111,data/bench/ITC99_all_numeric/b18.bench,16459,3,False,2,268,561,0,33026,10.006575
7112,data/bench/ITC99_all_numeric/b18.bench,16581,4,False,2,271,558,0,10805,10.018405
7113,data/bench/ITC99_all_numeric/b18.bench,16609,3,False,2,268,555,0,24298,10.033777
7114,data/bench/ITC99_all_numeric/b18.bench,16658,3,False,0,47,95,0,859,1.758627
7115,data/bench/ITC99_all_numeric/b18.bench,16859,4,False,0,3,7,0,9,0.190925
7116,data/bench/ITC99_all_numeric/b18.bench,16973,4,False,2,268,562,0,31833,10.022114
7117,data/bench/ITC99_all_numeric/b18.bench,17305,4,False,2,269,558,0,21414,10.002077
7118,data/bench/ITC99_all_numeric/b18.bench,17381,4,False,2,269,552,0,10689,10.021322
7119,data/bench/ITC99_all_numeric/b18.bench,17531,3,False,0,247,495,0,5447,9.07002
7120,data/bench/ITC99_all_numeric/b18.bench,17531,4,False,0,247,495,0,5447,8.991231
7121,data/bench/ITC99_all_numeric/b18.bench,18053,3,False,2,260,543,0,20626,10.012322
7122,data/bench/ITC99_all_numeric/b18.bench,18116,4,False,2,269,554,0,14195,10.007095
7123,data/bench/ITC99_all_numeric/b18.bench,18667,4,False,2,270,557,0,7288,10.000252
7124,data/bench/ITC99_all_numeric/b18.bench,18705,3,False,0,86,173,0,1710,3.208774
7125,data/bench/ITC99_all_numeric/b18.bench,18739,4,False,0,247,495,0,4708,8.971286
7126,data/bench/ITC99_all_numeric/b18.bench,18766,3,False,2,268,558,0,26773,10.000666
7127,data/bench/ITC99_all_numeric/b18.bench,19310,4,False,2,269,553,0,11813,10.001996
7128,data/bench/ITC99_all_numeric/b18.bench,19315,3,False,2,268,553,0,17989,10.014508
7129,data/bench/ITC99_all_numeric/b18.bench,19346,3,False,2,268,558,0,32362,10.004649
7130,data/bench/ITC99_all_numeric/b18.bench,19379,3,False,0,138,277,0,3165,5.017172
7131,data/bench/ITC99_all_numeric/b18.bench,19392,4,False,2,266,552,0,13923,10.009725
7132,data/bench/ITC99_all_numeric/b18.bench,19653,4,False,2,265,555,0,45074,10.039975
7133,data/bench/ITC99_all_numeric/b18.bench,20191,4,False,0,80,161,0,1863,3.003144
7134,data/bench/ITC99_all_numeric/b18.bench,20371,4,False,2,268,548,0,8716,10.008378
7135,data/bench/ITC99_all_numeric/b18.bench,20495,3,False,2,272,553,0,13141,10.0105
7136,data/bench/ITC99_all_numeric/b18.bench,20577,4,False,2,273,558,0,10230,10.001228
7137,data/bench/ITC99_all_numeric/b18.bench,21291,3,False,2,267,555,0,18378,10.005554
7138,data/bench/ITC99_all_numeric/b18.bench,21395,4,False,2,265,555,0,36845,10.011337
7139,data/bench/ITC99_all_numeric/b18.bench,21422,3,False,2,266,556,0,28754,10.012552
7140,data/bench/ITC99_all_numeric/b18.bench,21536,4,False,2,266,553,0,21524,10.00752
7141,data/bench/ITC99_all_numeric/b18.bench,21537,4,False,2,266,553,0,19890,10.009026
7142,data/bench/ITC99_all_numeric/b18.bench,21640,4,False,0,3,7,0,9,0.186522
7143,data/bench/ITC99_all_numeric/b18.bench,21776,3,False,2,261,560,0,45609,10.000958
7144,data/bench/ITC99_all_numeric/b18.bench,21840,4,False,2,269,556,0,13719,10.01347
7145,data/bench/ITC99_all_numeric/b18.bench,22302,3,False,2,264,554,0,27442,10.005985
7146,data/bench/ITC99_all_numeric/b18.bench,22331,3,False,0,84,169,0,1356,3.112001
7147,data/bench/ITC99_all_numeric/b18.bench,22370,3,False,2,261,556,0,35697,10.009959
7148,data/bench/ITC99_all_numeric/b18.bench,22417,3,False,2,265,555,0,35906,10.015293
7149,data/bench/ITC99_all_numeric/b18.bench,22586,3,False,2,259,555,0,45303,10.004214
7150,data/bench/ITC99_all_numeric/b18.bench,22887,4,False,2,261,558,0,5161,10.015308
7151,data/bench/ITC99_all_numeric/b18.bench,22950,3,False,2,268,557,0,5688,10.003815
7152,data/bench/ITC99_all_numeric/b18.bench,23130,4,False,2,259,562,0,4598,10.01024
7153,data/bench/ITC99_all_numeric/b18.bench,23275,3,False,2,268,565,0,8037,10.00569
7154,data/bench/ITC99_all_numeric/b18.bench,23429,4,False,2,259,557,0,5671,10.000198
7155,data/bench/ITC99_all_numeric/b18.bench,23591,3,False,2,268,562,0,6279,10.005326
7156,data/bench/ITC99_all_numeric/b18.bench,23801,4,False,2,268,564,0,7990,10.005601
7157,data/bench/ITC99_all_numeric/b18.bench,23866,4,False,2,268,561,0,9067,10.012426
7158,data/bench/ITC99_all_numeric/b18.bench,24074,3,False,2,268,560,0,11312,10.013908
7159,data/bench/ITC99_all_numeric/b18.bench,24262,4,False,2,268,561,0,5146,10.008752
7160,data/bench/ITC99_all_numeric/b18.bench,24389,3,False,2,268,557,0,5665,10.006157
7161,data/bench/ITC99_all_numeric/b18.bench,24630,4,False,2,268,561,0,5146,10.005924
7162,data/bench/ITC99_all_numeric/b18.bench,24793,4,False,2,268,562,0,5184,10.013521
7163,data/bench/ITC99_all_numeric/b18.bench,24988,4,False,2,268,551,0,7269,10.008467
7164,data/bench/ITC99_all_numeric/b18.bench,25064,4,False,2,259,556,0,6255,10.009559
7165,data/bench/ITC99_all_numeric/b18.bench,25273,4,False,0,7,15,0,63,0.330844
7166,data/bench/ITC99_all_numeric/b18.bench,25530,4,False,0,7,15,0,63,0.329427
7167,data/bench/ITC99_all_numeric/b18.bench,25597,3,False,0,7,15,0,78,0.331975
7168,data/bench/ITC99_all_numeric/b18.bench,25681,4,False,0,7,15,0,48,0.326043
7169,data/bench/ITC99_all_numeric/b18.bench,25946,3,False,0,7,15,0,33,0.331973
7170,data/bench/ITC99_all_numeric/b18.bench,25968,3,False,0,7,15,0,33,0.329098
7171,data/bench/ITC99_all_numeric/b18.bench,26041,4,False,0,7,15,0,78,0.329209
7172,data/bench/ITC99_all_numeric/b18.bench,26182,3,False,0,7,15,0,33,0.329032
7173,data/bench/ITC99_all_numeric/b18.bench,26236,3,False,0,7,15,0,33,0.33104
7174,data/bench/ITC99_all_numeric/b18.bench,26247,3,False,0,7,15,0,33,0.329147
7175,data/bench/ITC99_all_numeric/b18.bench,26328,4,False,0,7,15,0,48,0.331554
7176,data/bench/ITC99_all_numeric/b18.bench,26576,3,False,0,7,15,0,33,0.326115
7177,data/bench/ITC99_all_numeric/b18.bench,26783,4,False,0,7,15,0,63,0.336005
7178,data/bench/ITC99_all_numeric/b18.bench,27264,3,False,0,7,15,0,108,0.323781
7179,data/bench/ITC99_all_numeric/b18.bench,27284,3,False,0,7,15,0,78,0.33006
7180,data/bench/ITC99_all_numeric/b18.bench,27702,4,False,0,7,15,0,78,0.329662
7181,data/bench/ITC99_all_numeric/b18.bench,27895,4,False,0,7,15,0,78,0.33898
7182,data/bench/ITC99_all_numeric/b18.bench,28549,3,False,0,7,15,0,108,0.33758
7183,data/bench/ITC99_all_numeric/b18.bench,28613,3,False,0,7,15,0,108,0.331741
7184,data/bench/ITC99_all_numeric/b18.bench,28648,4,False,0,7,15,0,63,0.331875
7185,data/bench/ITC99_all_numeric/b18.bench,28842,3,False,0,7,15,0,63,0.334183
7186,data/bench/ITC99_all_numeric/b18.bench,28880,3,False,0,7,15,0,63,0.338324
7187,data/bench/ITC99_all_numeric/b18.bench,29161,3,False,0,7,15,0,78,0.341297
7188,data/bench/ITC99_all_numeric/b18.bench,29174,3,False,0,7,15,0,78,0.33165
7189,data/bench/ITC99_all_numeric/b18.bench,29689,4,False,0,7,15,0,63,0.330804
7190,data/bench/ITC99_all_numeric/b18.bench,29739,3,False,0,7,15,0,47,0.330037
7191,data/bench/ITC99_all_numeric/b18.bench,29874,4,False,0,7,15,0,93,0.332055
7192,data/bench/ITC99_all_numeric/b18.bench,30241,4,False,0,7,15,0,48,0.331813
7193,data/bench/ITC99_all_numeric/b18.bench,30306,3,False,0,7,15,0,78,0.331554
7194,data/bench/ITC99_all_numeric/b18.bench,30491,3,False,0,7,15,0,93,0.331161
7195,data/bench/ITC99_all_numeric/b18.bench,30526,3,False,0,7,15,0,93,0.324538
7196,data/bench/ITC99_all_numeric/b18.bench,30603,3,False,0,7,15,0,63,0.330679
7197,data/bench/ITC99_all_numeric/b18.bench,30901,3,False,0,7,15,0,48,0.328946
7198,data/bench/ITC99_all_numeric/b18.bench,31027,4,False,0,7,15,0,48,0.333838
7199,data/bench/ITC99_all_numeric/b18.bench,31241,3,False,0,7,15,0,48,0.330604
7200,data/bench/ITC99_all_numeric/b18.bench,31595,4,False,0,7,15,0,93,0.341635
7201,data/bench/ITC99_all_numeric/b18.bench,31901,4,False,0,7,15,0,48,0.341414
7202,data/bench/ITC99_all_numeric/b18.bench,32005,4,False,0,7,15,0,108,0.343755
7203,data/bench/ITC99_all_numeric/b18.bench,32249,4,False,0,7,15,0,63,0.345447
7204,data/bench/ITC99_all_numeric/b18.bench,32277,3,False,0,7,15,0,48,0.329887
7205,data/bench/ITC99_all_numeric/b18.bench,33161,4,False,0,3,7,0,56,0.189461
7206,data/bench/ITC99_all_numeric/b18.bench,33760,4,False,2,266,554,0,8128,10.011551
7207,data/bench/ITC99_all_numeric/b18.bench,34480,4,False,0,11,23,0,151,0.472097
7208,data/bench/ITC99_all_numeric/b18.bench,34651,3,False,0,7,15,0,33,0.331368
7209,data/bench/ITC99_all_numeric/b18.bench,34985,3,False,0,5,11,0,32,0.261186
7210,data/bench/ITC99_all_numeric/b18.bench,35037,3,True,1,0,2,0,1,0.091572
7211,data/bench/ITC99_all_numeric/b18.bench,35147,4,False,0,7,15,0,47,0.333668
7212,data/bench/ITC99_all_numeric/b18.bench,35300,4,False,0,11,23,0,128,0.475187
7213,data/bench/ITC99_all_numeric/b18.bench,35514,3,False,0,11,23,0,128,0.473886
7214,data/bench/ITC99_all_numeric/b18.bench,35622,3,False,0,11,23,0,128,0.474727
7215,data/bench/ITC99_all_numeric/b18.bench,35623,4,False,0,31,63,0,455,1.192001
7216,data/bench/ITC99_all_numeric/b18.bench,35712,3,False,0,31,63,0,455,1.197428
7217,data/bench/ITC99_all_numeric/b18.bench,35822,3,False,0,11,23,0,128,0.477006
7218,data/bench/ITC99_all_numeric/b18.bench,36014,4,False,0,11,23,0,101,0.474517
7219,data/bench/ITC99_all_numeric/b18.bench,36443,4,False,2,266,559,0,21641,10.01404
7220,data/bench/ITC99_all_numeric/b18.bench,36919,3,False,0,11,23,0,127,0.474703
7221,data/bench/ITC99_all_numeric/b18.bench,37184,3,False,0,23,47,0,265,0.907515
7222,data/bench/ITC99_all_numeric/b18.bench,37853,4,False,0,8,17,0,51,0.369006
7223,data/bench/ITC99_all_numeric/b18.bench,38459,4,False,2,268,554,0,9842,10.015848
7224,data/bench/ITC99_all_numeric/b18.bench,38664,3,False,2,263,556,0,26808,10.021778
7225,data/bench/ITC99_all_numeric/b18.bench,38702,4,False,0,15,31,0,406,0.656565
7226,data/bench/ITC99_all_numeric/b18.bench,38786,4,False,0,95,191,0,1796,3.469555
7227,data/bench/ITC99_all_numeric/b18.bench,39501,3,False,0,11,23,0,107,0.471117
7228,data/bench/ITC99_all_numeric/b18.bench,39599,4,False,0,7,15,0,74,0.33098
7229,data/bench/ITC99_all_numeric/b18.bench,39651,4,False,0,7,15,0,65,0.328186
7230,data/bench/ITC99_all_numeric/b18.bench,39983,4,False,0,5,11,0,67,0.259713
7231,data/bench/ITC99_all_numeric/b18.bench,40186,4,False,0,7,15,0,96,0.329674
7232,data/bench/ITC99_all_numeric/b18.bench,40448,3,False,0,47,95,0,1002,1.764338
7233,data/bench/ITC99_all_numeric/b18.bench,40677,3,False,0,13,27,0,213,0.549112
7234,data/bench/ITC99_all_numeric/b18.bench,40798,3,False,0,3,7,0,80,0.190655
7235,data/bench/ITC99_all_numeric/b18.bench,41021,3,False,0,15,31,0,155,0.621987
7236,data/bench/ITC99_all_numeric/b18.bench,41425,3,True,1,0,2,0,2,0.090864
7237,data/bench/ITC99_all_numeric/b18.bench,41516,3,False,0,7,15,0,75,0.337588
7238,data/bench/ITC99_all_numeric/b18.bench,42042,3,False,0,31,63,0,518,1.19976
7239,data/bench/ITC99_all_numeric/b18.bench,42209,4,False,0,17,35,0,85,0.687496
7240,data/bench/ITC99_all_numeric/b18.bench,42228,3,False,0,5,11,0,52,0.257482
7241,data/bench/ITC99_all_numeric/b18.bench,42277,3,False,0,23,47,0,546,0.917181
7242,data/bench/ITC99_all_numeric/b18.bench,42306,4,False,0,5,11,0,46,0.259194
7243,data/bench/ITC99_all_numeric/b18.bench,42603,3,False,2,269,556,0,11235,10.019812
7244,data/bench/ITC99_all_numeric/b18.bench,42617,4,False,2,272,558,0,10177,10.004731
7245,data/bench/ITC99_all_numeric/b18.bench,42755,3,False,2,268,556,0,15579,10.018736
7246,data/bench/ITC99_all_numeric/b18.bench,42775,4,False,2,266,553,0,17121,10.002449
7247,data/bench/ITC99_all_numeric/b18.bench,42805,4,False,2,268,554,0,10395,10.017705
7248,data/bench/ITC99_all_numeric/b18.bench,42884,4,False,2,266,559,0,21083,10.010048
7249,data/bench/ITC99_all_numeric/b18.bench,42939,4,False,2,263,556,0,24175,10.01187
7250,data/bench/ITC99_all_numeric/b18.bench,43141,3,False,2,266,564,0,31552,10.018781
7251,data/bench/ITC99_all_numeric/b18.bench,43313,3,False,0,17,35,0,197,0.687491
7252,data/bench/ITC99_all_numeric/b18.bench,43355,3,False,0,11,23,0,127,0.470715
7253,data/bench/ITC99_all_numeric/b18.bench,43382,4,False,0,7,15,0,92,0.322148
7254,data/bench/ITC99_all_numeric/b18.bench,44075,4,False,0,7,15,0,83,0.32846
7255,data/bench/ITC99_all_numeric/b18.bench,44238,4,True,1,0,3,0,3,0.105766
7256,data/bench/ITC99_all_numeric/b18.bench,44296,4,False,0,3,7,0,62,0.18757
7257,data/bench/ITC99_all_numeric/b18.bench,44317,4,False,0,11,23,0,99,0.471161
7258,data/bench/ITC99_all_numeric/b18.bench,44466,3,False,0,23,47,0,405,0.893705
7259,data/bench/ITC99_all_numeric/b18.bench,44665,3,False,2,272,558,0,7424,10.010532
7260,data/bench/ITC99_all_numeric/b18.bench,45049,3,False,2,266,562,0,27106,10.00701
7261,data/bench/ITC99_all_numeric/b18.bench,45095,4,False,2,263,560,0,28076,10.005562
7262,data/bench/ITC99_all_numeric/b18.bench,45216,4,False,2,267,553,0,12785,10.000592
7263,data/bench/ITC99_all_numeric/b18.bench,45351,3,True,1,0,3,0,1,0.10997
7264,data/bench/ITC99_all_numeric/b18.bench,45475,3,False,2,265,561,0,15239,10.012977
7265,data/bench/ITC99_all_numeric/b18.bench,45484,3,False,2,261,558,0,31150,10.000833
7266,data/bench/ITC99_all_numeric/b18.bench,45644,3,False,2,266,559,0,21872,10.014009
7267,data/bench/ITC99_all_numeric/b18.bench,45665,4,True,1,0,2,0,1,0.090208
7268,data/bench/ITC99_all_numeric/b18.bench,45673,3,False,2,274,565,0,10025,10.012125
7269,data/bench/ITC99_all_numeric/b18.bench,45883,3,False,0,5,11,0,22,0.264002
7270,data/bench/ITC99_all_numeric/b18.bench,46064,4,False,0,3,7,0,30,0.186972
7271,data/bench/ITC99_all_numeric/b18.bench,46301,3,False,0,188,377,0,1687,6.802306
7272,data/bench/ITC99_all_numeric/b18.bench,46313,3,False,0,47,95,0,853,1.75874
7273,data/bench/ITC99_all_numeric/b18.bench,46352,3,False,0,5,11,0,67,0.264484
7274,data/bench/ITC99_all_numeric/b18.bench,46507,3,False,2,273,555,0,5949,10.024486
7275,data/bench/ITC99_all_numeric/b18.bench,46558,3,False,0,5,11,0,76,0.264674
7276,data/bench/ITC99_all_numeric/b18.bench,46626,4,False,0,5,11,0,76,0.269686
7277,data/bench/ITC99_all_numeric/b18.bench,47034,3,False,0,11,23,0,144,0.477749
7278,data/bench/ITC99_all_numeric/b18.bench,47732,3,False,0,15,31,0,157,0.620196
7279,data/bench/ITC99_all_numeric/b18.bench,47754,4,False,0,7,15,0,33,0.341722
7280,data/bench/ITC99_all_numeric/b18.bench,47757,4,False,0,7,15,0,33,0.341694
7281,data/bench/ITC99_all_numeric/b18.bench,47817,3,False,0,4,9,0,6,0.230865
7282,data/bench/ITC99_all_numeric/b18.bench,48013,3,False,2,273,557,0,6655,10.005445
7283,data/bench/ITC99_all_numeric/b18.bench,48035,4,False,0,7,15,0,29,0.33129
7284,data/bench/ITC99_all_numeric/b18.bench,48155,4,False,0,5,11,0,54,0.261662
7285,data/bench/ITC99_all_numeric/b18.bench,48197,3,False,0,7,15,0,47,0.339283
7286,data/bench/ITC99_all_numeric/b18.bench,48246,3,False,0,23,47,0,219,0.986741
7287,data/bench/ITC99_all_numeric/b18.bench,48434,3,False,0,5,11,0,36,0.26059
7288,data/bench/ITC99_all_numeric/b18.bench,48584,3,False,0,47,95,0,803,1.764918
7289,data/bench/ITC99_all_numeric/b18.bench,48717,3,False,2,272,555,0,9587,10.005583
7290,data/bench/ITC99_all_numeric/b18.bench,48802,4,False,2,266,548,0,13760,10.002216
7291,data/bench/ITC99_all_numeric/b18.bench,48847,3,False,2,268,557,0,14525,10.011964
7292,data/bench/ITC99_all_numeric/b18.bench,48892,4,False,2,266,554,0,17675,10.007188
7293,data/bench/ITC99_all_numeric/b18.bench,48917,4,False,2,266,552,0,18160,10.014468
7294,data/bench/ITC99_all_numeric/b18.bench,49012,3,False,2,266,558,0,23191,10.006267
7295,data/bench/ITC99_all_numeric/b18.bench,49399,3,False,0,11,23,0,133,0.480488
7296,data/bench/ITC99_all_numeric/b18.bench,49419,3,False,0,11,23,0,87,0.476903
7297,data/bench/ITC99_all_numeric/b18.bench,49464,3,False,2,263,550,0,20733,10.013259
7298,data/bench/ITC99_all_numeric/b18.bench,49833,4,False,0,15,31,0,209,0.623183
7299,data/bench/ITC99_all_numeric/b18.bench,49854,4,False,0,7,15,0,55,0.331211
7300,data/bench/ITC99_all_numeric/b18.bench,50228,4,False,0,7,15,0,83,0.346699
7301,data/bench/ITC99_all_numeric/b18.bench,51128,3,False,0,15,31,0,406,0.620417
7302,data/bench/ITC99_all_numeric/b18.bench,51137,3,False,2,266,559,0,24821,10.034304
7303,data/bench/ITC99_all_numeric/b18.bench,51347,3,False,2,263,554,0,20336,10.012694
7304,data/bench/ITC99_all_numeric/b18.bench,51436,4,False,2,268,553,0,7555,10.013877
7305,data/bench/ITC99_all_numeric/b18.bench,51474,3,False,0,3,7,0,11,0.190262
7306,data/bench/ITC99_all_numeric/b18.bench,51476,4,False,0,5,11,0,22,0.261955
7307,data/bench/ITC99_all_numeric/b18.bench,51710,4,True,1,0,3,0,2,0.108495
7308,data/bench/ITC99_all_numeric/b18.bench,52320,3,False,0,7,15,0,66,0.329237
7309,data/bench/ITC99_all_numeric/b18.bench,52401,3,False,0,5,11,0,78,0.257999
7310,data/bench/ITC99_all_numeric/b18.bench,52703,3,False,0,11,23,0,110,0.472435
7311,data/bench/ITC99_all_numeric/b18.bench,52952,3,False,0,19,39,0,242,0.776836
7312,data/bench/ITC99_all_numeric/b18.bench,52968,3,False,0,9,19,0,120,0.402975
7313,data/bench/ITC99_all_numeric/b18.bench,53666,3,False,0,2,5,0,3,0.152663
7314,data/bench/ITC99_all_numeric/b18.bench,53836,4,True,1,0,2,0,1,0.091779
7315,data/bench/ITC99_all_numeric/b18.bench,54001,3,False,0,11,23,0,131,0.489722
7316,data/bench/ITC99_all_numeric/b18.bench,54062,4,False,0,23,47,0,151,0.907186
7317,data/bench/ITC99_all_numeric/b18.bench,54068,3,False,0,23,47,0,219,0.907171
7318,data/bench/ITC99_all_numeric/b18.bench,54108,3,False,0,15,31,0,125,0.622158
7319,data/bench/ITC99_all_numeric/b18.bench,54246,3,False,0,11,23,0,128,0.473383
7320,data/bench/ITC99_all_numeric/b18.bench,54252,3,False,0,11,23,0,128,0.468804
7321,data/bench/ITC99_all_numeric/b18.bench,54438,4,False,0,11,23,0,128,0.479356
7322,data/bench/ITC99_all_numeric/b18.bench,54469,4,False,0,11,23,0,151,0.476708
7323,data/bench/ITC99_all_numeric/b18.bench,54617,3,False,0,31,63,0,455,1.196055
7324,data/bench/ITC99_all_numeric/b18.bench,54641,3,False,0,11,23,0,128,0.478293
7325,data/bench/ITC99_all_numeric/b18.bench,54724,4,False,0,11,23,0,151,0.476488
7326,data/bench/ITC99_all_numeric/b18.bench,54759,3,False,0,63,127,0,792,2.38171
7327,data/bench/ITC99_all_numeric/b18.bench,54814,4,False,0,23,47,0,662,0.910243
7328,data/bench/ITC99_all_numeric/b18.bench,55185,4,False,2,272,560,0,12411,10.008618
7329,data/bench/ITC99_all_numeric/b18.bench,55237,4,False,2,266,552,0,14389,10.005346
7330,data/bench/ITC99_all_numeric/b18.bench,55259,3,False,2,266,555,0,17185,10.009773
7331,data/bench/ITC99_all_numeric/b18.bench,55484,4,False,2,266,560,0,25425,10.016712
7332,data/bench/ITC99_all_numeric/b18.bench,55525,3,False,2,261,551,0,26059,10.002191
7333,data/bench/ITC99_all_numeric/b18.bench,55617,4,False,2,263,560,0,29632,10.006629
7334,data/bench/ITC99_all_numeric/b18.bench,55618,4,False,2,266,563,0,29233,10.031584
7335,data/bench/ITC99_all_numeric/b18.bench,55704,3,False,2,261,558,0,31707,10.012325
7336,data/bench/ITC99_all_numeric/b18.bench,55747,3,False,0,23,47,0,247,0.907861
7337,data/bench/ITC99_all_numeric/b18.bench,55823,3,False,0,47,95,0,1001,1.765138
7338,data/bench/ITC99_all_numeric/b18.bench,56551,3,False,0,7,15,0,51,0.331838
7339,data/bench/ITC99_all_numeric/b18.bench,56753,4,False,0,191,383,0,3911,6.977861
7340,data/bench/ITC99_all_numeric/b18.bench,57324,3,False,0,15,31,0,406,0.620024
7341,data/bench/ITC99_all_numeric/b18.bench,57326,3,False,2,268,558,0,15080,10.007887
7342,data/bench/ITC99_all_numeric/b18.bench,57586,4,False,2,263,558,0,27972,10.005623
7343,data/bench/ITC99_all_numeric/b18.bench,58032,4,False,0,3,7,0,61,0.189933
7344,data/bench/ITC99_all_numeric/b18.bench,59683,4,False,0,23,47,0,399,0.90571
7345,data/bench/ITC99_all_numeric/b18.bench,60130,3,False,0,2,5,0,3,0.151213
7346,data/bench/ITC99_all_numeric/b18.bench,60134,4,False,0,15,31,0,71,0.651581
7347,data/bench/ITC99_all_numeric/b18.bench,60378,4,False,0,7,15,0,37,0.331551
7348,data/bench/ITC99_all_numeric/b18.bench,60753,4,False,0,3,7,0,75,0.193416
7349,data/bench/ITC99_all_numeric/b18.bench,61464,3,False,2,272,554,0,7281,10.017939
7350,data/bench/ITC99_all_numeric/b18.bench,61986,4,False,2,263,556,0,27918,10.011711
7351,data/bench/ITC99_all_numeric/b18.bench,62118,4,False,2,263,559,0,18536,10.010244
7352,data/bench/ITC99_all_numeric/b18.bench,62397,4,False,0,47,95,0,758,1.76778
7353,data/bench/ITC99_all_numeric/b18.bench,62439,3,False,0,47,95,0,758,1.778441
7354,data/bench/ITC99_all_numeric/b18.bench,62524,3,False,0,47,95,0,758,1.792554
7355,data/bench/ITC99_all_numeric/b18.bench,62643,4,False,0,7,15,0,51,0.330275
7356,data/bench/ITC99_all_numeric/b18.bench,62761,4,False,0,19,39,0,195,0.77169
7357,data/bench/ITC99_all_numeric/b18.bench,62899,4,False,0,15,31,0,191,0.61876
7358,data/bench/ITC99_all_numeric/b18.bench,63035,3,False,0,7,15,0,71,0.335096
7359,data/bench/ITC99_all_numeric/b18.bench,63313,3,False,0,23,47,0,687,0.901052
7360,data/bench/ITC99_all_numeric/b18.bench,63590,3,False,0,31,63,0,694,1.189856
7361,data/bench/ITC99_all_numeric/b18.bench,63778,3,False,2,266,551,0,15957,10.026623
7362,data/bench/ITC99_all_numeric/b18.bench,63911,3,False,2,266,560,0,22718,10.011051
7363,data/bench/ITC99_all_numeric/b18.bench,64042,3,False,2,263,563,0,29742,10.014214
7364,data/bench/ITC99_all_numeric/b18.bench,64369,4,False,2,262,551,0,11816,10.017011
7365,data/bench/ITC99_all_numeric/b18.bench,64794,4,False,0,5,11,0,54,0.263216
7366,data/bench/ITC99_all_numeric/b18.bench,64951,4,False,2,266,548,0,7631,10.010533
7367,data/bench/ITC99_all_numeric/b18.bench,65208,3,False,0,7,15,0,86,0.33394
7368,data/bench/ITC99_all_numeric/b18.bench,65524,3,False,0,5,11,0,76,0.259474
7369,data/bench/ITC99_all_numeric/b18.bench,65600,3,False,0,5,11,0,76,0.259976
7370,data/bench/ITC99_all_numeric/b18.bench,65765,4,False,0,11,23,0,131,0.474783
7371,data/bench/ITC99_all_numeric/b18.bench,65796,4,False,0,47,95,0,1002,1.771627
7372,data/bench/ITC99_all_numeric/b18.bench,65888,3,False,0,17,35,0,232,0.698955
7373,data/bench/ITC99_all_numeric/b18.bench,65942,3,False,0,9,19,0,120,0.405897
7374,data/bench/ITC99_all_numeric/b18.bench,66470,4,False,0,3,7,0,75,0.188758
7375,data/bench/ITC99_all_numeric/b18.bench,66579,3,False,0,31,63,0,455,1.202974
7376,data/bench/ITC99_all_numeric/b18.bench,66820,4,False,0,15,31,0,156,0.619361
7377,data/bench/ITC99_all_numeric/b18.bench,67039,4,False,0,23,47,0,499,0.906306
7378,data/bench/ITC99_all_numeric/b18.bench,67282,3,False,0,23,47,0,151,0.900749
7379,data/bench/ITC99_all_numeric/b18.bench,67966,4,False,2,267,553,0,12013,10.009097
7380,data/bench/ITC99_all_numeric/b18.bench,68062,3,False,2,264,557,0,24219,10.014881
7381,data/bench/ITC99_all_numeric/b18.bench,68304,3,False,0,15,31,0,375,0.614544
7382,data/bench/ITC99_all_numeric/b18.bench,68310,3,False,0,47,95,0,1001,1.771998
7383,data/bench/ITC99_all_numeric/b18.bench,68483,3,False,2,272,556,0,10143,10.007368
7384,data/bench/ITC99_all_numeric/b18.bench,68640,3,False,0,11,23,0,131,0.477276
7385,data/bench/ITC99_all_numeric/b18.bench,69136,3,False,0,7,15,0,61,0.334937
7386,data/bench/ITC99_all_numeric/b18.bench,69230,3,False,0,7,15,0,71,0.330831
7387,data/bench/ITC99_all_numeric/b18.bench,69244,4,False,0,7,15,0,71,0.331143
7388,data/bench/ITC99_all_numeric/b18.bench,69421,3,False,0,8,17,0,52,0.367565
7389,data/bench/ITC99_all_numeric/b18.bench,69585,4,True,1,0,3,0,1,0.112247
7390,data/bench/ITC99_all_numeric/b18.bench,70139,3,False,2,263,559,0,30147,10.025124
7391,data/bench/ITC99_all_numeric/b18.bench,70259,3,False,2,261,554,0,27764,10.011707
7392,data/bench/ITC99_all_numeric/b18.bench,70271,3,False,0,11,23,0,84,0.471302
7393,data/bench/ITC99_all_numeric/b18.bench,70432,4,False,2,270,559,0,10910,10.042735
7394,data/bench/ITC99_all_numeric/b18.bench,70591,4,False,2,268,556,0,11770,10.010043
7395,data/bench/ITC99_all_numeric/b18.bench,70780,3,False,2,273,559,0,5485,10.004924
7396,data/bench/ITC99_all_numeric/b18.bench,70878,3,False,2,273,561,0,7134,10.016672
7397,data/bench/ITC99_all_numeric/b18.bench,71353,3,False,0,223,447,0,4992,8.075538
7398,data/bench/ITC99_all_numeric/b18.bench,71640,3,False,0,223,447,0,4545,8.046638
7399,data/bench/ITC99_all_numeric/b18.bench,72187,4,False,2,270,563,0,6169,10.005182
7400,data/bench/ITC99_all_numeric/b18.bench,73253,3,False,0,223,447,0,4545,8.022798
7401,data/bench/ITC99_all_numeric/b18.bench,73615,4,False,0,99,199,0,2327,3.688191
7402,data/bench/ITC99_all_numeric/b18.bench,73732,3,False,0,223,447,0,7227,8.044774
7403,data/bench/ITC99_all_numeric/b18.bench,73877,3,False,2,270,559,0,5568,10.008956
7404,data/bench/ITC99_all_numeric/b18.bench,73977,4,False,0,223,447,0,5439,8.084555
7405,data/bench/ITC99_all_numeric/b18.bench,74344,3,False,0,223,447,0,4545,8.152334
7406,data/bench/ITC99_all_numeric/b18.bench,74411,3,False,0,223,447,0,6333,8.158772
7407,data/bench/ITC99_all_numeric/b18.bench,74923,3,False,0,223,447,0,5439,8.106079
7408,data/bench/ITC99_all_numeric/b18.bench,74957,3,False,2,268,552,0,6877,10.004338
7409,data/bench/ITC99_all_numeric/b18.bench,74988,4,False,0,223,447,0,5439,8.087872
7410,data/bench/ITC99_all_numeric/b18.bench,75101,4,False,0,223,447,0,5886,8.150642
7411,data/bench/ITC99_all_numeric/b18.bench,75115,3,False,2,270,557,0,6659,10.010392
7412,data/bench/ITC99_all_numeric/b18.bench,75189,3,False,0,223,447,0,4545,8.142631
7413,data/bench/ITC99_all_numeric/b18.bench,75254,3,False,0,223,447,0,5439,8.061837
7414,data/bench/ITC99_all_numeric/b18.bench,75383,3,False,0,223,447,0,4992,8.06596
7415,data/bench/ITC99_all_numeric/b18.bench,75492,3,False,2,262,553,0,7183,10.002147
7416,data/bench/ITC99_all_numeric/b18.bench,75922,4,False,0,223,447,0,4545,8.057847
7417,data/bench/ITC99_all_numeric/b18.bench,76176,4,False,0,223,447,0,5439,8.135228
7418,data/bench/ITC99_all_numeric/b18.bench,76299,4,False,0,223,447,0,4992,8.095689
7419,data/bench/ITC99_all_numeric/b18.bench,76347,3,False,0,223,447,0,4992,8.246085
7420,data/bench/ITC99_all_numeric/b18.bench,76652,4,False,0,83,167,0,1951,3.092617
7421,data/bench/ITC99_all_numeric/b18.bench,76856,3,False,0,1,3,0,2,0.11802
7422,data/bench/ITC99_all_numeric/b18.bench,77098,3,False,2,264,556,0,7111,10.003167
7423,data/bench/ITC99_all_numeric/b18.bench,77286,3,False,2,272,561,0,4170,10.009517
7424,data/bench/ITC99_all_numeric/b18.bench,77505,4,False,2,264,554,0,8259,10.008724
7425,data/bench/ITC99_all_numeric/b18.bench,77657,4,False,2,265,557,0,8858,10.001826
7426,data/bench/ITC99_all_numeric/b18.bench,77728,3,False,2,267,559,0,8888,10.019893
7427,data/bench/ITC99_all_numeric/b18.bench,77990,4,False,0,63,127,0,1231,2.374503
7428,data/bench/ITC99_all_numeric/b18.bench,78041,3,False,0,63,127,0,852,2.353821
7429,data/bench/ITC99_all_numeric/b18.bench,78357,4,False,2,265,557,0,9414,10.019392
7430,data/bench/ITC99_all_numeric/b18.bench,78431,4,False,0,247,495,0,5037,8.950422
7431,data/bench/ITC99_all_numeric/b18.bench,78676,3,False,2,264,553,0,9346,10.011452
7432,data/bench/ITC99_all_numeric/b18.bench,79328,4,False,2,269,557,0,8332,10.006695
7433,data/bench/ITC99_all_numeric/b18.bench,79412,4,False,0,83,167,0,1617,3.056907
7434,data/bench/ITC99_all_numeric/b18.bench,79516,3,False,2,270,557,0,11386,10.004015
7435,data/bench/ITC99_all_numeric/b18.bench,80153,4,False,0,247,495,0,5532,9.023832
7436,data/bench/ITC99_all_numeric/b18.bench,80367,3,False,2,264,555,0,9383,10.000519
7437,data/bench/ITC99_all_numeric/b18.bench,80561,4,False,2,259,545,0,8666,10.01451
7438,data/bench/ITC99_all_numeric/b18.bench,80567,3,False,0,247,495,0,4543,9.110411
7439,data/bench/ITC99_all_numeric/b18.bench,80627,3,False,2,264,553,0,8795,10.020146
7440,data/bench/ITC99_all_numeric/b18.bench,80654,3,False,0,247,495,0,5037,8.970729
7441,data/bench/ITC99_all_numeric/b18.bench,81003,3,False,0,247,495,0,5037,9.001461
7442,data/bench/ITC99_all_numeric/b18.bench,81098,4,False,2,264,556,0,10509,10.000831
7443,data/bench/ITC99_all_numeric/b18.bench,81232,3,False,2,264,553,0,8794,10.007134
7444,data/bench/ITC99_all_numeric/b18.bench,81317,4,False,0,247,495,0,6027,9.098208
7445,data/bench/ITC99_all_numeric/b18.bench,81427,3,False,2,265,557,0,8858,10.019362
7446,data/bench/ITC99_all_numeric/b18.bench,81803,4,False,2,264,555,0,9382,10.001109
7447,data/bench/ITC99_all_numeric/b18.bench,82727,3,False,0,7,15,0,120,0.327091
7448,data/bench/ITC99_all_numeric/b18.bench,82912,3,False,0,3,7,0,25,0.192146
7449,data/bench/ITC99_all_numeric/b18.bench,83043,3,True,1,0,2,0,1,0.096104
7450,data/bench/ITC99_all_numeric/b18.bench,83102,3,False,0,47,95,0,803,1.817806
7451,data/bench/ITC99_all_numeric/b18.bench,83164,4,False,0,1,3,0,4,0.11685
7452,data/bench/ITC99_all_numeric/b18.bench,83171,4,False,2,266,553,0,14417,10.011108
7453,data/bench/ITC99_all_numeric/b18.bench,84212,4,False,2,261,559,0,31707,10.002338
7454,data/bench/ITC99_all_numeric/b18.bench,84255,3,False,2,266,551,0,10581,10.001422
7455,data/bench/ITC99_all_numeric/b18.bench,84577,4,False,2,264,546,0,11552,10.002176
7456,data/bench/ITC99_all_numeric/b18.bench,84677,4,False,0,1,3,0,2,0.11645
7457,data/bench/ITC99_all_numeric/b18.bench,84805,4,False,0,3,7,0,11,0.186814
7458,data/bench/ITC99_all_numeric/b18.bench,85338,3,False,0,15,31,0,284,0.632306
7459,data/bench/ITC99_all_numeric/b18.bench,85388,3,True,1,0,2,0,1,0.094119
7460,data/bench/ITC99_all_numeric/b18.bench,85468,3,False,2,261,544,0,18907,10.012559
7461,data/bench/ITC99_all_numeric/b18.bench,85674,4,False,2,266,559,0,23633,10.022369
7462,data/bench/ITC99_all_numeric/b18.bench,86021,3,False,2,268,554,0,12807,10.021033
7463,data/bench/ITC99_all_numeric/b18.bench,86038,4,False,0,1,3,0,2,0.118014
7464,data/bench/ITC99_all_numeric/b18.bench,86129,4,False,2,266,549,0,11069,10.003155
7465,data/bench/ITC99_all_numeric/b18.bench,86345,4,False,0,1,3,0,2,0.116899
7466,data/bench/ITC99_all_numeric/b18.bench,86913,3,False,2,268,558,0,15609,10.002307
7467,data/bench/ITC99_all_numeric/b18.bench,86945,3,False,0,3,7,0,25,0.197546
7468,data/bench/ITC99_all_numeric/b18.bench,87069,4,False,0,1,3,0,2,0.123458
7469,data/bench/ITC99_all_numeric/b18.bench,87213,4,False,0,15,31,0,314,0.616154
7470,data/bench/ITC99_all_numeric/b18.bench,87335,3,False,0,2,5,0,4,0.153435
7471,data/bench/ITC99_all_numeric/b18.bench,87501,4,False,0,1,3,0,2,0.117278
7472,data/bench/ITC99_all_numeric/b18.bench,87515,3,False,2,272,555,0,7925,10.026132
7473,data/bench/ITC99_all_numeric/b18.bench,87843,3,False,2,263,561,0,30259,10.00196
7474,data/bench/ITC99_all_numeric/b18.bench,87891,4,False,0,7,15,0,120,0.331329
7475,data/bench/ITC99_all_numeric/b18.bench,87924,4,False,0,7,15,0,120,0.340951
7476,data/bench/ITC99_all_numeric/b18.bench,88009,3,False,0,47,95,0,453,1.8041
7477,data/bench/ITC99_all_numeric/b18.bench,88347,3,False,2,269,557,0,12346,10.005568
7478,data/bench/ITC99_all_numeric/b18.bench,88439,3,False,2,266,565,0,30989,10.024423
7479,data/bench/ITC99_all_numeric/b18.bench,88786,4,False,0,95,191,0,1986,3.4994
7480,data/bench/ITC99_all_numeric/b18.bench,88903,3,False,2,272,557,0,10699,10.028707
7481,data/bench/ITC99_all_numeric/b18.bench,88992,3,False,0,47,95,0,802,1.773085
7482,data/bench/ITC99_all_numeric/b18.bench,89075,4,False,2,266,552,0,15986,10.012135
7483,data/bench/ITC99_all_numeric/b18.bench,89515,3,True,1,0,4,0,5,0.128012
7484,data/bench/ITC99_all_numeric/b18.bench,89690,4,False,0,1,3,0,2,0.117569
7485,data/bench/ITC99_all_numeric/b18.bench,89692,3,False,2,266,549,0,10012,10.002513
7486,data/bench/ITC99_all_numeric/b18.bench,89772,3,False,2,263,559,0,26959,10.002495
7487,data/bench/ITC99_all_numeric/b18.bench,89887,3,False,2,254,535,0,23240,10.006075
7488,data/bench/ITC99_all_numeric/b18.bench,89960,4,False,0,191,383,0,4356,7.197179
7489,data/bench/ITC99_all_numeric/b18.bench,90058,3,False,2,256,540,0,22925,10.015696
7490,data/bench/ITC99_all_numeric/b18.bench,90083,4,False,2,254,534,0,22131,10.03247
7491,data/bench/ITC99_all_numeric/b18.bench,90201,3,False,0,1,3,0,2,0.123356
7492,data/bench/ITC99_all_numeric/b18.bench,90349,3,True,1,0,2,0,1,0.09665
7493,data/bench/ITC99_all_numeric/b18.bench,91434,4,False,0,1,3,0,2,0.126999
7494,data/bench/ITC99_all_numeric/b18.bench,91470,4,False,2,256,544,0,27796,10.023005
7495,data/bench/ITC99_all_numeric/b18.bench,91518,4,True,1,0,3,0,3,0.112019
7496,data/bench/ITC99_all_numeric/b18.bench,91572,3,False,2,261,539,0,11938,10.000093
7497,data/bench/ITC99_all_numeric/b18.bench,91610,4,False,2,254,537,0,25870,10.017447
7498,data/bench/ITC99_all_numeric/b18.bench,91728,3,False,2,261,537,0,13374,10.004479
7499,data/bench/ITC99_all_numeric/b18.bench,91752,4,False,2,256,541,0,21860,10.001196
7500,data/bench/ITC99_all_numeric/b18.bench,91759,3,False,0,1,3,0,2,0.121529
7501,data/bench/ITC99_all_numeric/b18.bench,91930,3,False,2,254,529,0,16335,10.003227
7502,data/bench/ITC99_all_numeric/b18.bench,91989,4,False,2,252,540,0,30117,10.010339
7503,data/bench/ITC99_all_numeric/b18.bench,92181,4,False,2,261,541,0,12500,10.010198
7504,data/bench/ITC99_all_numeric/b18.bench,92384,3,False,2,254,534,0,19587,10.003347
7505,data/bench/ITC99_all_numeric/b18.bench,92385,3,False,2,261,541,0,19348,10.012478
7506,data/bench/ITC99_all_numeric/b18.bench,92527,4,False,0,7,15,0,48,0.344155
7507,data/bench/ITC99_all_numeric/b18.bench,92674,3,False,0,15,31,0,345,0.638128
7508,data/bench/ITC99_all_numeric/b18.bench,92740,4,False,0,15,31,0,283,0.633359
7509,data/bench/ITC99_all_numeric/b18.bench,92773,4,False,0,31,63,0,572,1.239586
7510,data/bench/ITC99_all_numeric/b18.bench,93171,4,False,0,1,3,0,2,0.124721
7511,data/bench/ITC99_all_numeric/b18.bench,93243,4,False,2,261,536,0,11334,10.017548
7512,data/bench/ITC99_all_numeric/b18.bench,93389,4,False,2,252,529,0,18381,10.003677
7513,data/bench/ITC99_all_numeric/b18.bench,93393,3,False,2,261,537,0,7139,10.014774
7514,data/bench/ITC99_all_numeric/b18.bench,93680,3,False,0,7,15,0,150,0.341513
7515,data/bench/ITC99_all_numeric/b18.bench,93753,3,False,0,1,3,0,2,0.119858
7516,data/bench/ITC99_all_numeric/b18.bench,93991,3,False,2,261,543,0,20431,10.026941
7517,data/bench/ITC99_all_numeric/b18.bench,94355,3,False,2,254,533,0,17494,10.008116
7518,data/bench/ITC99_all_numeric/b18.bench,94365,4,False,2,256,539,0,20314,10.011234
7519,data/bench/ITC99_all_numeric/b18.bench,94524,3,False,0,1,3,0,2,0.118959
7520,data/bench/ITC99_all_numeric/b18.bench,95405,4,False,2,261,538,0,16114,10.006996
7521,data/bench/ITC99_all_numeric/b18.bench,95411,3,False,2,254,532,0,17992,10.00013
7522,data/bench/ITC99_all_numeric/b18.bench,95435,4,False,2,256,543,0,26710,10.026687
7523,data/bench/ITC99_all_numeric/b18.bench,96058,3,False,0,7,15,0,141,0.341433
7524,data/bench/ITC99_all_numeric/b18.bench,96202,3,False,0,15,31,0,313,0.638785
7525,data/bench/ITC99_all_numeric/b18.bench,96551,4,False,2,261,536,0,12383,10.002922
7526,data/bench/ITC99_all_numeric/b18.bench,96648,4,False,2,251,533,0,26153,10.025449
7527,data/bench/ITC99_all_numeric/b18.bench,97186,4,False,2,254,532,0,18981,10.014079
7528,data/bench/ITC99_all_numeric/b18.bench,97394,4,True,1,0,3,0,3,0.114575
7529,data/bench/ITC99_all_numeric/b18.bench,97420,4,False,2,261,538,0,10325,10.003558
7530,data/bench/ITC99_all_numeric/b18.bench,97480,3,False,2,254,537,0,23287,10.014995
7531,data/bench/ITC99_all_numeric/b18.bench,97646,3,False,2,261,534,0,8148,10.001525
7532,data/bench/ITC99_all_numeric/b18.bench,97805,3,False,2,261,540,0,17730,10.017521
7533,data/bench/ITC99_all_numeric/b18.bench,98040,3,True,1,0,3,0,1,0.121319
7534,data/bench/ITC99_all_numeric/b18.bench,98291,3,False,2,257,540,0,11033,10.002586
7535,data/bench/ITC99_all_numeric/b18.bench,98298,4,False,0,15,31,0,344,0.636793
7536,data/bench/ITC99_all_numeric/b18.bench,98528,3,False,0,3,7,0,18,0.198442
7537,data/bench/ITC99_all_numeric/b18.bench,98547,4,False,0,1,3,0,2,0.120889
7538,data/bench/ITC99_all_numeric/b18.bench,98841,3,False,2,261,537,0,13969,10.002295
7539,data/bench/ITC99_all_numeric/b18.bench,98864,3,False,0,191,383,0,4355,7.148358
7540,data/bench/ITC99_all_numeric/b18.bench,99098,4,False,0,1,3,0,2,0.122776
7541,data/bench/ITC99_all_numeric/b18.bench,99152,4,False,2,257,534,0,8324,10.006758
7542,data/bench/ITC99_all_numeric/b18.bench,99200,3,True,1,0,3,0,1,0.114731
7543,data/bench/ITC99_all_numeric/b18.bench,99245,4,False,2,259,540,0,9449,10.004202
7544,data/bench/ITC99_all_numeric/b18.bench,99300,3,False,2,260,545,0,12803,10.003603
7545,data/bench/ITC99_all_numeric/b18.bench,99623,4,False,0,1,3,0,2,0.117674
7546,data/bench/ITC99_all_numeric/b18.bench,99685,3,False,0,23,47,0,260,0.923084
7547,data/bench/ITC99_all_numeric/b18.bench,99882,4,False,0,47,95,0,707,1.86399
7548,data/bench/ITC99_all_numeric/b18.bench,99892,4,False,0,191,383,0,4738,7.117387
7549,data/bench/ITC99_all_numeric/b18.bench,100078,4,False,0,3,7,0,18,0.194538
7550,data/bench/ITC99_all_numeric/b18.bench,101203,3,False,2,254,540,0,24992,10.003828
7551,data/bench/ITC99_all_numeric/b18.bench,101326,3,False,2,261,540,0,16679,10.010507
7552,data/bench/ITC99_all_numeric/b18.bench,101464,3,False,0,23,47,0,194,0.976671
7553,data/bench/ITC99_all_numeric/b18.bench,101679,3,False,0,15,31,0,375,0.656753
7554,data/bench/ITC99_all_numeric/b18.bench,101993,4,False,0,15,31,0,313,0.632148
7555,data/bench/ITC99_all_numeric/b18.bench,102038,4,True,1,0,3,0,3,0.116875
7556,data/bench/ITC99_all_numeric/b18.bench,102050,4,False,0,23,47,0,194,0.92105
7557,data/bench/ITC99_all_numeric/b18.bench,102101,4,False,2,263,543,0,10964,10.010712
7558,data/bench/ITC99_all_numeric/b18.bench,102183,4,False,2,262,542,0,12524,10.002202
7559,data/bench/ITC99_all_numeric/b18.bench,102302,3,False,2,254,544,0,29743,10.005398
7560,data/bench/ITC99_all_numeric/b18.bench,102729,3,False,2,261,540,0,16680,10.00844
7561,data/bench/ITC99_all_numeric/b18.bench,102761,3,False,2,266,543,0,7221,10.010496
7562,data/bench/ITC99_all_numeric/b18.bench,102862,3,False,0,1,3,0,2,0.12404
7563,data/bench/ITC99_all_numeric/b18.bench,102920,4,True,1,0,3,0,3,0.112393
7564,data/bench/ITC99_all_numeric/b18.bench,103063,4,False,0,47,95,0,708,1.811818
7565,data/bench/ITC99_all_numeric/b18.bench,103074,4,True,1,0,3,0,3,0.1151
7566,data/bench/ITC99_all_numeric/b18.bench,103304,3,False,0,1,3,0,2,0.119714
7567,data/bench/ITC99_all_numeric/b18.bench,103485,4,False,2,256,539,0,18234,10.005786
7568,data/bench/ITC99_all_numeric/b18.bench,103704,3,False,0,7,15,0,126,0.340606
7569,data/bench/ITC99_all_numeric/b18.bench,103764,3,False,2,263,545,0,9685,10.020956
7570,data/bench/ITC99_all_numeric/b18.bench,104184,4,False,2,266,548,0,7823,10.011746
7571,data/bench/ITC99_all_numeric/b18.bench,104319,3,False,0,1,3,0,2,0.121935
7572,data/bench/ITC99_all_numeric/b18.bench,104594,4,False,0,1,3,0,2,0.121305
7573,data/bench/ITC99_all_numeric/b18.bench,104690,4,False,2,260,537,0,11025,10.051465
7574,data/bench/ITC99_all_numeric/b18.bench,105048,4,False,0,47,95,0,613,1.844255
7575,data/bench/ITC99_all_numeric/b18.bench,106329,4,False,0,95,191,0,1795,3.616457
7576,data/bench/ITC99_all_numeric/b18.bench,106799,4,False,0,7,15,0,111,0.334802
7577,data/bench/ITC99_all_numeric/b18.bench,106841,3,False,0,23,47,0,306,0.924327
7578,data/bench/ITC99_all_numeric/b18.bench,107147,3,False,0,7,15,0,141,0.340696
7579,data/bench/ITC99_all_numeric/b18.bench,107442,4,False,0,15,31,0,283,0.633208
7580,data/bench/ITC99_all_numeric/b18.bench,107793,3,False,2,264,544,0,9289,10.004274
7581,data/bench/ITC99_all_numeric/b18.bench,107969,3,False,0,1,3,0,2,0.12128
7582,data/bench/ITC99_all_numeric/b18.bench,108123,4,False,2,256,545,0,27850,10.007246
7583,data/bench/ITC99_all_numeric/b18.bench,108290,3,False,2,266,548,0,12119,10.001557
7584,data/bench/ITC99_all_numeric/b18.bench,108354,3,False,0,47,95,0,690,1.792652
7585,data/bench/ITC99_all_numeric/b18.bench,108620,4,False,2,266,549,0,8917,10.001095
7586,data/bench/ITC99_all_numeric/b18.bench,108813,3,False,0,95,191,0,1795,3.576208
7587,data/bench/ITC99_all_numeric/b18.bench,108898,4,False,2,261,542,0,19349,10.018784
7588,data/bench/ITC99_all_numeric/b18.bench,109173,4,True,1,0,3,0,3,0.112955
7589,data/bench/ITC99_all_numeric/b18.bench,109668,4,False,0,1,3,0,2,0.130276
7590,data/bench/ITC99_all_numeric/b18.bench,109683,3,False,0,1,3,0,2,0.126986
7591,data/bench/ITC99_all_numeric/b18.bench,109918,3,False,0,191,383,0,4356,7.117639
7592,data/bench/ITC99_all_numeric/b18.bench,110059,4,False,0,11,23,0,61,0.522352
7593,data/bench/ITC99_all_numeric/b18.bench,110497,3,False,0,1,3,0,2,0.134894
7594,data/bench/ITC99_all_numeric/b18.bench,110621,4,False,2,261,544,0,18908,10.005343
7595,data/bench/ITC99_all_numeric/b18.bench,110883,4,False,2,261,551,0,30259,10.028154
7596,data/bench/ITC99_all_numeric/b18.bench,111070,3,False,2,240,503,0,15985,10.000119
7597,data/bench/ITC99_all_numeric/b18.bench,111173,4,False,0,95,191,0,1986,3.610059
7598,data/bench/ITC99_all_numeric/b18.bench,111201,3,False,0,1,3,0,2,0.130445
7599,data/bench/ITC99_all_numeric/b18.bench,111248,3,False,2,254,525,0,9553,10.000396
7600,data/bench/ITC99_all_numeric/b18.bench,111365,3,False,0,1,3,0,2,0.123082
7601,data/bench/ITC99_all_numeric/b18.bench,111427,4,False,2,253,531,0,15114,10.011568
7602,data/bench/ITC99_all_numeric/b18.bench,111513,3,False,0,31,63,0,631,1.235249
7603,data/bench/ITC99_all_numeric/b18.bench,111712,4,False,2,256,526,0,6995,10.012525
7604,data/bench/ITC99_all_numeric/b18.bench,112037,3,False,2,243,508,0,13703,10.003081
7605,data/bench/ITC99_all_numeric/b18.bench,112193,3,False,0,1,3,0,2,0.124133
7606,data/bench/ITC99_all_numeric/b18.bench,112196,3,False,0,1,3,0,2,0.124856
7607,data/bench/ITC99_all_numeric/b18.bench,112439,3,False,2,249,531,0,28595,10.007255
7608,data/bench/ITC99_all_numeric/b18.bench,112667,4,False,0,7,15,0,141,0.351852
7609,data/bench/ITC99_all_numeric/b18.bench,112701,4,False,0,1,3,0,2,0.123953
7610,data/bench/ITC99_all_numeric/b18.bench,113145,4,True,1,0,3,0,3,0.117084
7611,data/bench/ITC99_all_numeric/b18.bench,113190,3,False,2,252,526,0,15746,10.003679
7612,data/bench/ITC99_all_numeric/b18.bench,113195,4,False,2,250,524,0,18201,10.014484
7613,data/bench/ITC99_all_numeric/b18.bench,113482,4,False,0,255,511,0,3477,9.952493
7614,data/bench/ITC99_all_numeric/b18.bench,114268,3,False,2,251,527,0,19325,10.004532
7615,data/bench/ITC99_all_numeric/b18.bench,114553,4,False,0,1,3,0,2,0.121882
7616,data/bench/ITC99_all_numeric/b19.bench,680,4,False,2,0,267,0,0,10.015802
7617,data/bench/ITC99_all_numeric/b19.bench,1794,3,False,2,61,245,0,0,10.05152
7618,data/bench/ITC99_all_numeric/b19.bench,2156,4,False,2,0,272,0,0,10.008859
7619,data/bench/ITC99_all_numeric/b19.bench,2522,3,False,2,0,268,0,0,10.008724
7620,data/bench/ITC99_all_numeric/b19.bench,2678,3,True,1,0,9,0,4,0.479623
7621,data/bench/ITC99_all_numeric/b19.bench,3158,4,False,2,0,271,0,0,10.006473
7622,data/bench/ITC99_all_numeric/b19.bench,3209,3,False,2,0,277,0,0,10.007739
7623,data/bench/ITC99_all_numeric/b19.bench,3325,3,False,2,0,274,0,0,10.031497
7624,data/bench/ITC99_all_numeric/b19.bench,3502,4,False,2,0,276,0,0,10.001903
7625,data/bench/ITC99_all_numeric/b19.bench,3545,3,True,1,0,30,0,38,1.269554
7626,data/bench/ITC99_all_numeric/b19.bench,3565,4,True,1,0,9,0,4,0.469815
7627,data/bench/ITC99_all_numeric/b19.bench,4206,4,True,1,0,3,0,0,0.264277
7628,data/bench/ITC99_all_numeric/b19.bench,4365,3,True,1,0,3,0,0,0.260064
7629,data/bench/ITC99_all_numeric/b19.bench,4418,3,False,2,0,272,0,0,10.025927
7630,data/bench/ITC99_all_numeric/b19.bench,4633,3,True,1,0,3,0,0,0.271754
7631,data/bench/ITC99_all_numeric/b19.bench,5024,3,False,2,0,272,0,0,10.013335
7632,data/bench/ITC99_all_numeric/b19.bench,5096,4,True,1,0,4,0,0,0.300045
7633,data/bench/ITC99_all_numeric/b19.bench,5145,3,False,2,0,277,0,0,10.029017
7634,data/bench/ITC99_all_numeric/b19.bench,5293,3,False,2,0,278,0,0,10.033943
7635,data/bench/ITC99_all_numeric/b19.bench,5688,4,False,2,0,275,0,0,10.022113
7636,data/bench/ITC99_all_numeric/b19.bench,5950,4,False,2,0,277,0,0,10.028537
7637,data/bench/ITC99_all_numeric/b19.bench,6008,3,True,1,0,3,0,0,0.263436
7638,data/bench/ITC99_all_numeric/b19.bench,6456,4,True,1,0,2,0,0,0.209085
7639,data/bench/ITC99_all_numeric/b19.bench,6757,4,False,2,106,222,0,1213,10.014126
7640,data/bench/ITC99_all_numeric/b19.bench,6760,4,False,0,59,119,0,386,5.374858
7641,data/bench/ITC99_all_numeric/b19.bench,6814,3,False,2,106,225,0,1231,10.018196
7642,data/bench/ITC99_all_numeric/b19.bench,6990,3,False,2,111,226,0,2506,10.033029
7643,data/bench/ITC99_all_numeric/b19.bench,7362,3,False,2,108,228,0,1246,10.03454
7644,data/bench/ITC99_all_numeric/b19.bench,7404,4,False,2,88,238,0,1464,10.014343
7645,data/bench/ITC99_all_numeric/b19.bench,7645,3,False,2,99,233,0,2932,10.003354
7646,data/bench/ITC99_all_numeric/b19.bench,8132,3,False,0,13,27,0,240,1.377675
7647,data/bench/ITC99_all_numeric/b19.bench,8133,4,False,0,7,15,0,182,0.818887
7648,data/bench/ITC99_all_numeric/b19.bench,9480,3,False,0,7,15,0,182,0.82535
7649,data/bench/ITC99_all_numeric/b19.bench,10131,4,False,0,11,23,0,110,1.256393
7650,data/bench/ITC99_all_numeric/b19.bench,10269,3,False,0,23,47,0,444,2.210833
7651,data/bench/ITC99_all_numeric/b19.bench,10611,4,False,0,95,191,0,1900,8.80198
7652,data/bench/ITC99_all_numeric/b19.bench,11468,3,False,0,11,23,0,154,1.158099
7653,data/bench/ITC99_all_numeric/b19.bench,11498,3,False,0,95,191,0,2091,8.82061
7654,data/bench/ITC99_all_numeric/b19.bench,11700,3,False,0,35,71,0,492,3.299702
7655,data/bench/ITC99_all_numeric/b19.bench,12236,4,False,0,19,39,0,281,1.856605
7656,data/bench/ITC99_all_numeric/b19.bench,12366,3,False,0,11,23,0,154,1.163135
7657,data/bench/ITC99_all_numeric/b19.bench,12612,4,False,0,7,15,0,170,0.8009
7658,data/bench/ITC99_all_numeric/b19.bench,13226,3,False,0,7,15,0,111,0.811281
7659,data/bench/ITC99_all_numeric/b19.bench,13596,3,False,0,18,37,0,6,1.814769
7660,data/bench/ITC99_all_numeric/b19.bench,13668,4,False,2,92,209,0,958,10.029647
7661,data/bench/ITC99_all_numeric/b19.bench,14337,3,False,2,92,222,0,7608,10.026163
7662,data/bench/ITC99_all_numeric/b19.bench,15327,4,False,2,92,220,0,2949,10.001413
7663,data/bench/ITC99_all_numeric/b19.bench,15405,4,False,2,92,226,0,4152,10.032687
7664,data/bench/ITC99_all_numeric/b19.bench,15666,4,False,2,92,232,0,4257,10.023287
7665,data/bench/ITC99_all_numeric/b19.bench,17011,4,False,0,3,7,0,6,0.51118
7666,data/bench/ITC99_all_numeric/b19.bench,17207,3,False,2,97,220,0,733,10.004711
7667,data/bench/ITC99_all_numeric/b19.bench,17680,3,False,2,103,229,0,2053,10.049481
7668,data/bench/ITC99_all_numeric/b19.bench,17768,4,False,2,105,232,0,2067,10.018935
7669,data/bench/ITC99_all_numeric/b19.bench,17932,3,False,2,111,225,0,2498,10.16584
7670,data/bench/ITC99_all_numeric/b19.bench,18093,3,False,0,83,167,0,2205,7.630769
7671,data/bench/ITC99_all_numeric/b19.bench,18377,3,False,0,95,191,0,2165,8.57557
7672,data/bench/ITC99_all_numeric/b19.bench,19374,4,False,2,111,225,0,3170,10.150904
7673,data/bench/ITC99_all_numeric/b19.bench,20968,4,False,2,111,225,0,2274,10.204292
7674,data/bench/ITC99_all_numeric/b19.bench,21509,4,False,2,102,229,0,1930,10.012759
7675,data/bench/ITC99_all_numeric/b19.bench,21757,4,False,2,111,226,0,2281,10.014468
7676,data/bench/ITC99_all_numeric/b19.bench,21787,4,False,0,99,199,0,3521,9.110469
7677,data/bench/ITC99_all_numeric/b19.bench,21996,3,False,0,87,175,0,2395,7.902577
7678,data/bench/ITC99_all_numeric/b19.bench,22032,3,False,0,3,7,0,22,0.465037
7679,data/bench/ITC99_all_numeric/b19.bench,22516,4,False,2,102,229,0,3290,10.023784
7680,data/bench/ITC99_all_numeric/b19.bench,22735,4,False,2,107,218,0,2305,10.030239
7681,data/bench/ITC99_all_numeric/b19.bench,22835,3,False,2,101,227,0,3619,10.046162
7682,data/bench/ITC99_all_numeric/b19.bench,23302,4,True,1,0,3,0,3,0.246508
7683,data/bench/ITC99_all_numeric/b19.bench,23482,4,False,0,87,175,0,2045,7.764406
7684,data/bench/ITC99_all_numeric/b19.bench,23505,3,False,2,100,226,0,1906,10.003356
7685,data/bench/ITC99_all_numeric/b19.bench,24067,3,False,2,111,225,0,2946,10.088782
7686,data/bench/ITC99_all_numeric/b19.bench,24582,4,False,0,84,169,0,1691,7.465331
7687,data/bench/ITC99_all_numeric/b19.bench,24783,3,False,0,47,95,0,669,4.303037
7688,data/bench/ITC99_all_numeric/b19.bench,25267,3,False,0,12,25,0,29,1.266408
7689,data/bench/ITC99_all_numeric/b19.bench,25360,3,True,1,0,2,0,1,0.210994
7690,data/bench/ITC99_all_numeric/b19.bench,25513,3,False,0,3,7,0,6,0.489013
7691,data/bench/ITC99_all_numeric/b19.bench,25639,3,False,0,3,7,0,6,0.496104
7692,data/bench/ITC99_all_numeric/b19.bench,26327,4,False,2,100,229,0,11375,10.030861
7693,data/bench/ITC99_all_numeric/b19.bench,27067,3,False,2,110,229,0,2942,10.017127
7694,data/bench/ITC99_all_numeric/b19.bench,28269,4,False,2,102,227,0,11216,10.017054
7695,data/bench/ITC99_all_numeric/b19.bench,28881,3,False,2,106,228,0,11845,10.123583
7696,data/bench/ITC99_all_numeric/b19.bench,29229,4,False,2,100,228,0,15896,10.040389
7697,data/bench/ITC99_all_numeric/b19.bench,29696,4,False,2,103,224,0,4521,10.000142
7698,data/bench/ITC99_all_numeric/b19.bench,29897,3,False,0,29,59,0,242,2.82461
7699,data/bench/ITC99_all_numeric/b19.bench,30585,3,False,2,106,227,0,5287,10.020367
7700,data/bench/ITC99_all_numeric/b19.bench,31659,4,False,0,10,21,0,42,1.072426
7701,data/bench/ITC99_all_numeric/b19.bench,31744,3,False,2,106,226,0,3655,10.032804
7702,data/bench/ITC99_all_numeric/b19.bench,32278,4,False,2,97,225,0,4393,10.004395
7703,data/bench/ITC99_all_numeric/b19.bench,32600,4,False,2,92,235,0,1512,10.014887
7704,data/bench/ITC99_all_numeric/b19.bench,32701,3,False,2,92,235,0,1745,10.031345
7705,data/bench/ITC99_all_numeric/b19.bench,32804,3,False,2,92,227,0,2590,10.013018
7706,data/bench/ITC99_all_numeric/b19.bench,33237,3,False,2,102,230,0,4254,10.029272
7707,data/bench/ITC99_all_numeric/b19.bench,33896,4,False,2,101,229,0,1728,10.044652
7708,data/bench/ITC99_all_numeric/b19.bench,34535,4,False,2,96,224,0,1699,10.002136
7709,data/bench/ITC99_all_numeric/b19.bench,34839,4,False,2,92,236,0,3397,10.031713
7710,data/bench/ITC99_all_numeric/b19.bench,35211,3,False,0,7,15,0,33,0.792888
7711,data/bench/ITC99_all_numeric/b19.bench,36345,3,False,0,7,15,0,78,0.799255
7712,data/bench/ITC99_all_numeric/b19.bench,36588,4,False,0,7,15,0,48,0.801851
7713,data/bench/ITC99_all_numeric/b19.bench,37217,3,False,0,7,15,0,78,0.811491
7714,data/bench/ITC99_all_numeric/b19.bench,37827,4,False,0,7,15,0,33,0.810812
7715,data/bench/ITC99_all_numeric/b19.bench,38057,4,False,0,7,15,0,48,0.814116
7716,data/bench/ITC99_all_numeric/b19.bench,38078,3,False,0,7,15,0,63,0.797978
7717,data/bench/ITC99_all_numeric/b19.bench,38461,4,False,0,7,15,0,63,0.805732
7718,data/bench/ITC99_all_numeric/b19.bench,38704,3,False,0,7,15,0,93,0.808424
7719,data/bench/ITC99_all_numeric/b19.bench,39713,4,False,0,7,15,0,48,0.816322
7720,data/bench/ITC99_all_numeric/b19.bench,39941,4,False,0,7,15,0,93,0.814789
7721,data/bench/ITC99_all_numeric/b19.bench,40130,4,False,0,7,15,0,63,0.824905
7722,data/bench/ITC99_all_numeric/b19.bench,40179,4,False,0,7,15,0,93,0.822271
7723,data/bench/ITC99_all_numeric/b19.bench,40634,4,False,0,7,15,0,48,0.82556
7724,data/bench/ITC99_all_numeric/b19.bench,41132,3,False,0,7,15,0,48,0.795695
7725,data/bench/ITC99_all_numeric/b19.bench,41773,4,False,0,7,15,0,63,0.875744
7726,data/bench/ITC99_all_numeric/b19.bench,42068,3,False,0,7,15,0,63,0.822527
7727,data/bench/ITC99_all_numeric/b19.bench,43119,3,False,2,97,225,0,1411,10.00813
7728,data/bench/ITC99_all_numeric/b19.bench,43773,3,False,2,105,228,0,1803,10.181718
7729,data/bench/ITC99_all_numeric/b19.bench,43909,4,False,2,106,222,0,2314,10.049498
7730,data/bench/ITC99_all_numeric/b19.bench,43961,4,False,2,111,225,0,2722,10.27682
7731,data/bench/ITC99_all_numeric/b19.bench,44034,4,False,2,102,228,0,1922,10.020557
7732,data/bench/ITC99_all_numeric/b19.bench,44201,4,False,2,111,225,0,2274,10.013456
7733,data/bench/ITC99_all_numeric/b19.bench,44324,4,False,2,99,228,0,3077,10.007565
7734,data/bench/ITC99_all_numeric/b19.bench,44350,4,False,2,102,230,0,3074,10.025223
7735,data/bench/ITC99_all_numeric/b19.bench,44515,3,False,0,7,15,0,62,0.817721
7736,data/bench/ITC99_all_numeric/b19.bench,45362,3,False,2,105,228,0,3165,10.110927
7737,data/bench/ITC99_all_numeric/b19.bench,45521,4,False,2,105,228,0,3845,10.145484
7738,data/bench/ITC99_all_numeric/b19.bench,45669,4,False,2,111,225,0,3394,10.229659
7739,data/bench/ITC99_all_numeric/b19.bench,46812,4,False,2,111,225,0,3842,10.134603
7740,data/bench/ITC99_all_numeric/b19.bench,46858,3,False,0,83,167,0,3541,7.512459
7741,data/bench/ITC99_all_numeric/b19.bench,46905,3,False,2,102,230,0,9289,10.01929
7742,data/bench/ITC99_all_numeric/b19.bench,47082,4,False,2,102,225,0,6900,10.003593
7743,data/bench/ITC99_all_numeric/b19.bench,47516,3,False,2,104,227,0,3918,10.030007
7744,data/bench/ITC99_all_numeric/b19.bench,47978,4,False,2,102,227,0,4365,10.020273
7745,data/bench/ITC99_all_numeric/b19.bench,48148,3,False,2,102,231,0,4908,10.015994
7746,data/bench/ITC99_all_numeric/b19.bench,48749,4,False,0,7,15,0,47,0.850576
7747,data/bench/ITC99_all_numeric/b19.bench,48890,4,False,2,104,225,0,4556,10.028806
7748,data/bench/ITC99_all_numeric/b19.bench,49565,4,False,2,107,233,0,3344,10.101072
7749,data/bench/ITC99_all_numeric/b19.bench,49841,4,False,0,5,11,0,22,0.645494
7750,data/bench/ITC99_all_numeric/b19.bench,50711,3,False,2,104,226,0,12237,10.065025
7751,data/bench/ITC99_all_numeric/b19.bench,50891,4,False,0,15,31,0,235,1.520705
7752,data/bench/ITC99_all_numeric/b19.bench,51245,3,False,0,15,31,0,235,1.482915
7753,data/bench/ITC99_all_numeric/b19.bench,52109,4,False,2,105,229,0,10867,10.007775
7754,data/bench/ITC99_all_numeric/b19.bench,52584,3,False,0,3,7,0,11,0.467807
7755,data/bench/ITC99_all_numeric/b19.bench,52969,4,False,0,15,31,0,235,1.520548
7756,data/bench/ITC99_all_numeric/b19.bench,53365,4,False,2,104,227,0,11061,10.010335
7757,data/bench/ITC99_all_numeric/b19.bench,54638,4,False,2,104,226,0,11009,10.024473
7758,data/bench/ITC99_all_numeric/b19.bench,54687,3,False,2,105,229,0,8776,10.009056
7759,data/bench/ITC99_all_numeric/b19.bench,54886,4,False,2,102,227,0,14962,10.021651
7760,data/bench/ITC99_all_numeric/b19.bench,55284,4,False,0,3,7,0,9,0.460761
7761,data/bench/ITC99_all_numeric/b19.bench,57357,4,False,0,15,31,0,235,1.513142
7762,data/bench/ITC99_all_numeric/b19.bench,58049,4,False,0,39,79,0,1236,3.688515
7763,data/bench/ITC99_all_numeric/b19.bench,58422,4,False,2,102,230,0,2193,10.020185
7764,data/bench/ITC99_all_numeric/b19.bench,59200,3,False,2,102,230,0,2422,10.017607
7765,data/bench/ITC99_all_numeric/b19.bench,59605,3,False,2,92,229,0,2157,10.023242
7766,data/bench/ITC99_all_numeric/b19.bench,60289,3,False,2,92,234,0,3600,10.011429
7767,data/bench/ITC99_all_numeric/b19.bench,60515,3,False,2,104,232,0,3363,10.002934
7768,data/bench/ITC99_all_numeric/b19.bench,60600,3,False,2,99,227,0,3298,10.034356
7769,data/bench/ITC99_all_numeric/b19.bench,60791,3,False,0,7,15,0,48,0.82354
7770,data/bench/ITC99_all_numeric/b19.bench,61616,3,False,0,7,15,0,123,0.825189
7771,data/bench/ITC99_all_numeric/b19.bench,62418,4,False,0,7,15,0,33,0.813608
7772,data/bench/ITC99_all_numeric/b19.bench,62558,3,False,0,7,15,0,33,0.814662
7773,data/bench/ITC99_all_numeric/b19.bench,63463,3,False,0,7,15,0,78,0.823282
7774,data/bench/ITC99_all_numeric/b19.bench,63637,3,False,0,7,15,0,78,0.813841
7775,data/bench/ITC99_all_numeric/b19.bench,63693,3,False,0,15,31,0,175,1.548349
7776,data/bench/ITC99_all_numeric/b19.bench,63775,4,False,0,7,15,0,63,0.802204
7777,data/bench/ITC99_all_numeric/b19.bench,64310,3,False,0,7,15,0,78,0.806905
7778,data/bench/ITC99_all_numeric/b19.bench,64772,4,False,0,7,15,0,63,0.801133
7779,data/bench/ITC99_all_numeric/b19.bench,65109,3,False,0,7,15,0,78,0.800309
7780,data/bench/ITC99_all_numeric/b19.bench,65386,3,False,0,15,31,0,268,1.531914
7781,data/bench/ITC99_all_numeric/b19.bench,65764,4,False,0,15,31,0,299,1.501227
7782,data/bench/ITC99_all_numeric/b19.bench,66010,3,False,0,15,31,0,237,1.525711
7783,data/bench/ITC99_all_numeric/b19.bench,66802,4,False,0,7,15,0,48,0.822546
7784,data/bench/ITC99_all_numeric/b19.bench,66912,3,False,0,7,15,0,48,0.809232
7785,data/bench/ITC99_all_numeric/b19.bench,67023,4,False,0,7,15,0,63,0.802974
7786,data/bench/ITC99_all_numeric/b19.bench,67221,4,False,0,7,15,0,48,0.80313
7787,data/bench/ITC99_all_numeric/b19.bench,67260,4,False,0,7,15,0,63,0.800481
7788,data/bench/ITC99_all_numeric/b19.bench,67605,4,False,0,15,31,0,237,1.514815
7789,data/bench/ITC99_all_numeric/b19.bench,67783,3,False,0,7,15,0,63,0.80333
7790,data/bench/ITC99_all_numeric/b19.bench,68172,3,False,0,7,15,0,63,0.794585
7791,data/bench/ITC99_all_numeric/b19.bench,68394,3,False,2,92,229,0,5805,10.019263
7792,data/bench/ITC99_all_numeric/b19.bench,69448,3,False,0,11,23,0,87,1.172004
7793,data/bench/ITC99_all_numeric/b19.bench,69587,4,False,0,11,23,0,153,1.164393
7794,data/bench/ITC99_all_numeric/b19.bench,71273,4,False,0,11,23,0,151,1.126447
7795,data/bench/ITC99_all_numeric/b19.bench,71359,4,False,0,11,23,0,151,1.142515
7796,data/bench/ITC99_all_numeric/b19.bench,71574,4,False,0,31,63,0,455,2.850013
7797,data/bench/ITC99_all_numeric/b19.bench,71600,4,False,0,11,23,0,128,1.138806
7798,data/bench/ITC99_all_numeric/b19.bench,71805,4,False,0,3,7,0,25,0.46885
7799,data/bench/ITC99_all_numeric/b19.bench,72371,3,False,0,23,47,0,291,2.232531
7800,data/bench/ITC99_all_numeric/b19.bench,72757,4,False,0,47,95,0,1001,4.320362
7801,data/bench/ITC99_all_numeric/b19.bench,72811,4,False,0,47,95,0,643,4.359858
7802,data/bench/ITC99_all_numeric/b19.bench,72915,3,False,2,105,224,0,1390,10.028231
7803,data/bench/ITC99_all_numeric/b19.bench,73157,4,False,0,7,15,0,55,0.831776
7804,data/bench/ITC99_all_numeric/b19.bench,73783,4,False,0,3,7,0,42,0.450042
7805,data/bench/ITC99_all_numeric/b19.bench,73948,4,False,0,31,63,0,758,2.886087
7806,data/bench/ITC99_all_numeric/b19.bench,73984,4,False,0,5,11,0,22,0.635084
7807,data/bench/ITC99_all_numeric/b19.bench,74539,4,False,2,100,232,0,11630,10.021488
7808,data/bench/ITC99_all_numeric/b19.bench,74720,4,False,0,47,95,0,548,4.36297
7809,data/bench/ITC99_all_numeric/b19.bench,74860,3,False,2,106,224,0,4666,10.065065
7810,data/bench/ITC99_all_numeric/b19.bench,75029,3,False,0,23,47,0,237,2.21856
7811,data/bench/ITC99_all_numeric/b19.bench,75581,4,False,0,7,15,0,62,0.796464
7812,data/bench/ITC99_all_numeric/b19.bench,75635,4,False,0,7,15,0,66,0.815043
7813,data/bench/ITC99_all_numeric/b19.bench,75857,3,False,0,11,23,0,87,1.174587
7814,data/bench/ITC99_all_numeric/b19.bench,76122,3,False,0,11,23,0,131,1.173583
7815,data/bench/ITC99_all_numeric/b19.bench,76790,4,False,0,11,23,0,121,1.168761
7816,data/bench/ITC99_all_numeric/b19.bench,76798,4,False,0,31,63,0,581,2.895978
7817,data/bench/ITC99_all_numeric/b19.bench,77333,3,True,1,0,2,0,1,0.216437
7818,data/bench/ITC99_all_numeric/b19.bench,78002,4,False,2,106,225,0,1602,10.001153
7819,data/bench/ITC99_all_numeric/b19.bench,78105,4,True,1,0,4,0,6,0.285941
7820,data/bench/ITC99_all_numeric/b19.bench,78493,3,False,2,106,226,0,5381,10.015366
7821,data/bench/ITC99_all_numeric/b19.bench,78599,3,False,2,103,227,0,6663,10.013451
7822,data/bench/ITC99_all_numeric/b19.bench,78601,3,False,2,106,228,0,7147,10.042984
7823,data/bench/ITC99_all_numeric/b19.bench,78875,4,False,2,100,227,0,10547,10.0616
7824,data/bench/ITC99_all_numeric/b19.bench,79623,4,False,0,15,31,0,151,1.530597
7825,data/bench/ITC99_all_numeric/b19.bench,80138,4,False,0,3,7,0,80,0.450555
7826,data/bench/ITC99_all_numeric/b19.bench,80798,3,False,2,102,233,0,9185,10.027572
7827,data/bench/ITC99_all_numeric/b19.bench,81031,3,False,0,95,191,0,1796,8.469641
7828,data/bench/ITC99_all_numeric/b19.bench,81196,4,False,0,3,7,0,22,0.459991
7829,data/bench/ITC99_all_numeric/b19.bench,81260,4,False,2,103,224,0,6205,10.033762
7830,data/bench/ITC99_all_numeric/b19.bench,81482,4,False,2,102,225,0,7314,10.048416
7831,data/bench/ITC99_all_numeric/b19.bench,81865,4,False,0,23,47,0,452,2.510703
7832,data/bench/ITC99_all_numeric/b19.bench,82884,3,False,0,11,23,0,144,1.310904
7833,data/bench/ITC99_all_numeric/b19.bench,82899,4,False,0,23,47,0,358,2.340182
7834,data/bench/ITC99_all_numeric/b19.bench,83765,4,False,0,15,31,0,156,1.625992
7835,data/bench/ITC99_all_numeric/b19.bench,83882,4,False,0,3,7,0,60,0.462662
7836,data/bench/ITC99_all_numeric/b19.bench,84212,4,False,0,17,35,0,97,1.831201
7837,data/bench/ITC99_all_numeric/b19.bench,84327,4,False,0,3,7,0,25,0.483882
7838,data/bench/ITC99_all_numeric/b19.bench,85230,3,False,0,17,35,0,183,1.814066
7839,data/bench/ITC99_all_numeric/b19.bench,85818,4,False,0,15,31,0,151,1.630264
7840,data/bench/ITC99_all_numeric/b19.bench,85957,4,False,0,15,31,0,191,1.638201
7841,data/bench/ITC99_all_numeric/b19.bench,86165,4,False,0,7,15,0,83,0.914396
7842,data/bench/ITC99_all_numeric/b19.bench,86547,4,False,0,3,7,0,11,0.455779
7843,data/bench/ITC99_all_numeric/b19.bench,87195,3,False,2,100,232,0,12844,10.031227
7844,data/bench/ITC99_all_numeric/b19.bench,87731,3,True,1,0,30,0,45,1.188287
7845,data/bench/ITC99_all_numeric/b19.bench,88124,3,False,0,3,7,0,28,0.44859
7846,data/bench/ITC99_all_numeric/b19.bench,88257,3,False,0,3,7,0,9,0.451411
7847,data/bench/ITC99_all_numeric/b19.bench,88403,4,False,2,102,217,0,1768,10.034688
7848,data/bench/ITC99_all_numeric/b19.bench,88517,3,False,0,11,23,0,132,1.307039
7849,data/bench/ITC99_all_numeric/b19.bench,88794,3,False,0,11,23,0,131,1.261582
7850,data/bench/ITC99_all_numeric/b19.bench,88874,3,False,0,47,95,0,1002,4.56654
7851,data/bench/ITC99_all_numeric/b19.bench,89300,4,False,0,63,127,0,792,6.327967
7852,data/bench/ITC99_all_numeric/b19.bench,89348,4,False,0,63,127,0,792,5.853294
7853,data/bench/ITC99_all_numeric/b19.bench,92459,3,False,0,7,15,0,61,0.876715
7854,data/bench/ITC99_all_numeric/b19.bench,92721,3,False,0,5,11,0,41,0.632208
7855,data/bench/ITC99_all_numeric/b19.bench,93217,4,False,2,95,206,0,4822,10.000198
7856,data/bench/ITC99_all_numeric/b19.bench,93889,3,False,2,94,212,0,5190,10.077849
7857,data/bench/ITC99_all_numeric/b19.bench,94337,3,False,2,88,213,0,1109,10.014528
7858,data/bench/ITC99_all_numeric/b19.bench,94440,4,False,0,3,7,0,42,0.477171
7859,data/bench/ITC99_all_numeric/b19.bench,94509,4,False,0,3,7,0,16,0.472436
7860,data/bench/ITC99_all_numeric/b19.bench,94575,4,False,0,47,95,0,663,4.623225
7861,data/bench/ITC99_all_numeric/b19.bench,95613,3,False,0,31,63,0,581,3.138471
7862,data/bench/ITC99_all_numeric/b19.bench,96763,3,False,0,31,63,0,455,3.190037
7863,data/bench/ITC99_all_numeric/b19.bench,97537,3,False,2,100,213,0,4851,10.063246
7864,data/bench/ITC99_all_numeric/b19.bench,97638,3,False,2,100,217,0,6787,10.065593
7865,data/bench/ITC99_all_numeric/b19.bench,97719,4,False,2,100,223,0,7995,10.023704
7866,data/bench/ITC99_all_numeric/b19.bench,97894,4,False,0,15,31,0,407,1.546151
7867,data/bench/ITC99_all_numeric/b19.bench,98072,4,False,0,47,95,0,1001,4.422412
7868,data/bench/ITC99_all_numeric/b19.bench,98084,4,False,0,23,47,0,247,2.30616
7869,data/bench/ITC99_all_numeric/b19.bench,98150,3,False,0,47,95,0,1001,4.469984
7870,data/bench/ITC99_all_numeric/b19.bench,98457,3,False,0,11,23,0,131,1.176693
7871,data/bench/ITC99_all_numeric/b19.bench,99795,4,False,2,100,221,0,7883,10.067354
7872,data/bench/ITC99_all_numeric/b19.bench,99855,4,False,2,100,224,0,9212,10.064395
7873,data/bench/ITC99_all_numeric/b19.bench,101384,4,False,0,5,11,0,76,0.635268
7874,data/bench/ITC99_all_numeric/b19.bench,101502,4,False,0,11,23,0,153,1.274873
7875,data/bench/ITC99_all_numeric/b19.bench,101596,3,False,2,89,212,0,1139,10.000156
7876,data/bench/ITC99_all_numeric/b19.bench,102116,4,False,0,31,63,0,455,3.148771
7877,data/bench/ITC99_all_numeric/b19.bench,102634,3,False,0,15,31,0,222,1.648517
7878,data/bench/ITC99_all_numeric/b19.bench,102673,4,True,1,0,3,0,1,0.261272
7879,data/bench/ITC99_all_numeric/b19.bench,102922,4,False,2,97,205,0,2431,10.066059
7880,data/bench/ITC99_all_numeric/b19.bench,103600,4,False,0,23,47,0,311,2.423754
7881,data/bench/ITC99_all_numeric/b19.bench,104619,3,False,0,15,31,0,179,1.662484
7882,data/bench/ITC99_all_numeric/b19.bench,104868,4,False,0,15,31,0,161,1.67017
7883,data/bench/ITC99_all_numeric/b19.bench,105216,3,False,0,3,7,0,60,0.495497
7884,data/bench/ITC99_all_numeric/b19.bench,105299,4,False,0,3,7,0,87,0.488744
7885,data/bench/ITC99_all_numeric/b19.bench,105859,4,False,2,101,225,0,7623,10.00829
7886,data/bench/ITC99_all_numeric/b19.bench,106446,3,False,2,95,221,0,12191,10.021653
7887,data/bench/ITC99_all_numeric/b19.bench,106503,3,True,1,0,2,0,1,0.22301
7888,data/bench/ITC99_all_numeric/b19.bench,106870,4,False,2,100,220,0,2068,10.001932
7889,data/bench/ITC99_all_numeric/b19.bench,107042,3,False,2,102,221,0,1933,10.008759
7890,data/bench/ITC99_all_numeric/b19.bench,107237,3,True,1,0,29,0,55,1.231361
7891,data/bench/ITC99_all_numeric/b19.bench,107587,4,False,2,90,220,0,2397,10.001498
7892,data/bench/ITC99_all_numeric/b19.bench,109434,3,False,0,83,167,0,2205,8.587421
7893,data/bench/ITC99_all_numeric/b19.bench,109918,4,False,2,105,228,0,3164,10.011774
7894,data/bench/ITC99_all_numeric/b19.bench,110047,3,False,2,105,228,0,2937,10.305144
7895,data/bench/ITC99_all_numeric/b19.bench,110370,3,False,2,90,218,0,2159,10.024229
7896,data/bench/ITC99_all_numeric/b19.bench,110497,3,False,2,82,221,0,2457,10.033351
7897,data/bench/ITC99_all_numeric/b19.bench,110582,4,False,2,90,226,0,2463,10.039359
7898,data/bench/ITC99_all_numeric/b19.bench,110667,3,False,2,90,223,0,2651,10.005334
7899,data/bench/ITC99_all_numeric/b19.bench,110925,3,False,2,111,225,0,2722,10.215782
7900,data/bench/ITC99_all_numeric/b19.bench,111087,4,False,2,90,223,0,3095,10.028235
7901,data/bench/ITC99_all_numeric/b19.bench,111324,3,False,2,98,224,0,2459,10.053223
7902,data/bench/ITC99_all_numeric/b19.bench,113848,3,False,2,111,225,0,3170,10.350031
7903,data/bench/ITC99_all_numeric/b19.bench,113956,3,False,2,90,224,0,3333,10.008895
7904,data/bench/ITC99_all_numeric/b19.bench,114040,3,False,2,95,218,0,2829,10.016079
7905,data/bench/ITC99_all_numeric/b19.bench,114067,4,False,2,111,225,0,2274,10.291506
7906,data/bench/ITC99_all_numeric/b19.bench,114103,3,False,2,95,219,0,2843,10.035776
7907,data/bench/ITC99_all_numeric/b19.bench,114292,4,False,2,111,225,0,2722,10.412568
7908,data/bench/ITC99_all_numeric/b19.bench,115165,4,False,0,83,167,0,2539,7.792519
7909,data/bench/ITC99_all_numeric/b19.bench,115204,4,False,2,111,225,0,3170,10.436763
7910,data/bench/ITC99_all_numeric/b19.bench,115304,3,False,0,83,167,0,2706,7.803822
7911,data/bench/ITC99_all_numeric/b19.bench,115391,3,False,2,111,225,0,2722,10.253881
7912,data/bench/ITC99_all_numeric/b19.bench,115869,3,False,2,99,225,0,2469,10.023403
7913,data/bench/ITC99_all_numeric/b19.bench,116484,3,False,2,111,225,0,2274,10.494485
7914,data/bench/ITC99_all_numeric/b19.bench,116946,4,False,2,111,225,0,2498,10.456222
7915,data/bench/ITC99_all_numeric/b19.bench,117197,3,False,2,111,225,0,2274,10.48371
7916,data/bench/ITC99_all_numeric/b19.bench,117688,3,False,0,5,11,0,30,0.68464
7917,data/bench/ITC99_all_numeric/b19.bench,117985,4,False,0,3,7,0,30,0.47574
7918,data/bench/ITC99_all_numeric/b19.bench,118397,4,False,0,11,23,0,132,1.228751
7919,data/bench/ITC99_all_numeric/b19.bench,119199,3,False,0,63,127,0,792,5.859694
7920,data/bench/ITC99_all_numeric/b19.bench,119922,4,False,0,7,15,0,75,0.805186
7921,data/bench/ITC99_all_numeric/b19.bench,120587,4,False,0,23,47,0,546,2.338472
7922,data/bench/ITC99_all_numeric/b19.bench,120738,3,False,0,23,47,0,354,2.276877
7923,data/bench/ITC99_all_numeric/b19.bench,121049,4,False,2,100,221,0,6479,10.027093
7924,data/bench/ITC99_all_numeric/b19.bench,121068,3,False,2,100,217,0,6571,10.054823
7925,data/bench/ITC99_all_numeric/b19.bench,121199,3,False,2,98,220,0,8065,10.018787
7926,data/bench/ITC99_all_numeric/b19.bench,121844,4,False,0,23,47,0,265,2.302907
7927,data/bench/ITC99_all_numeric/b19.bench,122829,3,False,0,3,7,0,11,0.47108
7928,data/bench/ITC99_all_numeric/b19.bench,122904,3,False,0,47,95,0,708,4.412399
7929,data/bench/ITC99_all_numeric/b19.bench,123958,4,False,2,97,218,0,8657,10.005156
7930,data/bench/ITC99_all_numeric/b19.bench,124161,3,False,0,31,63,0,332,3.102359
7931,data/bench/ITC99_all_numeric/b19.bench,124399,4,False,0,3,7,0,27,0.46651
7932,data/bench/ITC99_all_numeric/b19.bench,125674,4,False,0,31,63,0,395,3.037556
7933,data/bench/ITC99_all_numeric/b19.bench,125772,3,False,0,7,15,0,33,0.823613
7934,data/bench/ITC99_all_numeric/b19.bench,125931,4,False,0,15,31,0,71,1.55918
7935,data/bench/ITC99_all_numeric/b19.bench,126447,3,False,0,31,63,0,455,2.991452
7936,data/bench/ITC99_all_numeric/b19.bench,126527,4,False,0,11,23,0,110,1.184486
7937,data/bench/ITC99_all_numeric/b19.bench,126896,4,False,0,3,7,0,84,0.463157
7938,data/bench/ITC99_all_numeric/b19.bench,127072,3,False,0,47,95,0,1282,4.551239
7939,data/bench/ITC99_all_numeric/b19.bench,127665,4,False,2,97,222,0,8947,10.017917
7940,data/bench/ITC99_all_numeric/b19.bench,127910,3,False,2,95,217,0,12403,10.020361
7941,data/bench/ITC99_all_numeric/b19.bench,128425,4,False,0,15,31,0,209,1.563249
7942,data/bench/ITC99_all_numeric/b19.bench,128635,4,False,0,7,15,0,55,0.838405
7943,data/bench/ITC99_all_numeric/b19.bench,129051,4,False,0,11,23,0,75,1.20235
7944,data/bench/ITC99_all_numeric/b19.bench,129095,3,True,1,0,4,0,4,0.298646
7945,data/bench/ITC99_all_numeric/b19.bench,129603,3,False,2,100,220,0,7040,10.022303
7946,data/bench/ITC99_all_numeric/b19.bench,130298,3,False,0,11,23,0,73,1.196178
7947,data/bench/ITC99_all_numeric/b19.bench,130659,3,False,0,3,7,0,49,0.462813
7948,data/bench/ITC99_all_numeric/b19.bench,130860,3,False,0,11,23,0,153,1.204769
7949,data/bench/ITC99_all_numeric/b19.bench,130937,3,False,0,7,15,0,62,0.816681
7950,data/bench/ITC99_all_numeric/b19.bench,131288,4,False,0,5,11,0,76,0.660862
7951,data/bench/ITC99_all_numeric/b19.bench,131498,4,False,0,5,11,0,65,0.675668
7952,data/bench/ITC99_all_numeric/b19.bench,131908,4,False,0,13,27,0,267,1.4376
7953,data/bench/ITC99_all_numeric/b19.bench,132007,4,False,0,3,7,0,55,0.471502
7954,data/bench/ITC99_all_numeric/b19.bench,132530,4,False,0,15,31,0,222,1.570312
7955,data/bench/ITC99_all_numeric/b19.bench,133111,4,False,0,17,35,0,85,1.7545
7956,data/bench/ITC99_all_numeric/b19.bench,133117,3,False,0,23,47,0,499,2.304175
7957,data/bench/ITC99_all_numeric/b19.bench,133185,3,False,0,47,95,0,1563,4.46339
7958,data/bench/ITC99_all_numeric/b19.bench,133724,3,False,2,100,222,0,8307,10.057416
7959,data/bench/ITC99_all_numeric/b19.bench,133938,4,False,2,95,217,0,11805,10.022702
7960,data/bench/ITC99_all_numeric/b19.bench,134174,4,False,2,102,218,0,4339,10.055732
7961,data/bench/ITC99_all_numeric/b19.bench,134871,3,False,0,7,15,0,75,0.833301
7962,data/bench/ITC99_all_numeric/b19.bench,134897,4,False,0,7,15,0,61,0.839783
7963,data/bench/ITC99_all_numeric/b19.bench,136015,3,False,2,95,225,0,12427,10.024458
7964,data/bench/ITC99_all_numeric/b19.bench,136480,3,False,2,100,219,0,5677,10.005901
7965,data/bench/ITC99_all_numeric/b19.bench,136500,3,False,2,102,221,0,4069,10.032772
7966,data/bench/ITC99_all_numeric/b19.bench,137030,4,False,0,7,15,0,105,0.838341
7967,data/bench/ITC99_all_numeric/b19.bench,137060,4,False,0,7,15,0,81,0.819798
7968,data/bench/ITC99_all_numeric/b19.bench,137392,3,False,0,11,23,0,110,1.184561
7969,data/bench/ITC99_all_numeric/b19.bench,137468,4,False,0,7,15,0,96,0.829957
7970,data/bench/ITC99_all_numeric/b19.bench,137583,4,False,0,11,23,0,131,1.197802
7971,data/bench/ITC99_all_numeric/b19.bench,137664,3,False,0,9,19,0,120,1.047052
7972,data/bench/ITC99_all_numeric/b19.bench,138250,4,True,1,0,5,0,7,0.336825
7973,data/bench/ITC99_all_numeric/b19.bench,138443,4,False,0,15,31,0,156,1.541057
7974,data/bench/ITC99_all_numeric/b19.bench,139575,3,False,0,5,11,0,25,0.638137
7975,data/bench/ITC99_all_numeric/b19.bench,140260,4,False,0,23,47,0,311,2.293241
7976,data/bench/ITC99_all_numeric/b19.bench,140435,4,False,0,15,31,0,437,1.583581
7977,data/bench/ITC99_all_numeric/b19.bench,140552,3,False,0,23,47,0,247,2.362745
7978,data/bench/ITC99_all_numeric/b19.bench,140799,3,False,2,101,215,0,1329,10.031599
7979,data/bench/ITC99_all_numeric/b19.bench,141045,3,False,0,7,15,0,55,0.861489
7980,data/bench/ITC99_all_numeric/b19.bench,141199,4,False,0,15,31,0,191,1.618051
7981,data/bench/ITC99_all_numeric/b19.bench,141924,4,False,2,102,215,0,2829,10.032699
7982,data/bench/ITC99_all_numeric/b19.bench,142148,3,False,2,97,216,0,6510,10.018615
7983,data/bench/ITC99_all_numeric/b19.bench,142880,3,False,0,23,47,0,250,2.369477
7984,data/bench/ITC99_all_numeric/b19.bench,143727,4,False,2,107,217,0,1891,10.095227
7985,data/bench/ITC99_all_numeric/b19.bench,144099,3,False,0,9,19,0,120,1.008988
7986,data/bench/ITC99_all_numeric/b19.bench,144320,4,False,0,7,15,0,167,0.858428
7987,data/bench/ITC99_all_numeric/b19.bench,144426,4,False,0,31,63,0,581,3.060013
7988,data/bench/ITC99_all_numeric/b19.bench,144638,3,False,0,23,47,0,397,2.350286
7989,data/bench/ITC99_all_numeric/b19.bench,144780,3,False,0,15,31,0,222,1.570588
7990,data/bench/ITC99_all_numeric/b19.bench,145066,3,False,2,101,212,0,2517,10.021462
7991,data/bench/ITC99_all_numeric/b19.bench,145196,3,False,0,7,15,0,47,0.82642
7992,data/bench/ITC99_all_numeric/b19.bench,145400,4,False,0,3,7,0,67,0.456358
7993,data/bench/ITC99_all_numeric/b19.bench,145927,3,False,0,8,17,0,36,0.915007
7994,data/bench/ITC99_all_numeric/b19.bench,146365,4,False,2,102,222,0,5434,10.002133
7995,data/bench/ITC99_all_numeric/b19.bench,146574,4,False,2,100,222,0,8545,10.05409
7996,data/bench/ITC99_all_numeric/b19.bench,146687,3,False,2,97,221,0,10298,10.0222
7997,data/bench/ITC99_all_numeric/b19.bench,146771,3,False,2,101,221,0,6606,10.018643
7998,data/bench/ITC99_all_numeric/b19.bench,147772,4,False,0,7,15,0,83,0.844836
7999,data/bench/ITC99_all_numeric/b19.bench,148087,4,False,0,95,191,0,3263,8.723023
8000,data/bench/ITC99_all_numeric/b19.bench,148316,4,False,2,101,214,0,2816,10.000238
8001,data/bench/ITC99_all_numeric/b19.bench,149049,3,False,0,7,15,0,110,0.846978
8002,data/bench/ITC99_all_numeric/b19.bench,149582,4,True,1,0,3,0,1,0.258964
8003,data/bench/ITC99_all_numeric/b19.bench,150886,4,False,0,3,7,0,75,0.470688
8004,data/bench/ITC99_all_numeric/b19.bench,150976,3,False,0,3,7,0,50,0.467751
8005,data/bench/ITC99_all_numeric/b19.bench,151313,3,False,0,31,63,0,455,3.036413
8006,data/bench/ITC99_all_numeric/b19.bench,151372,4,False,0,15,31,0,155,1.551602
8007,data/bench/ITC99_all_numeric/b19.bench,151516,4,False,0,5,11,0,20,0.641815
8008,data/bench/ITC99_all_numeric/b19.bench,152111,3,False,0,23,47,0,564,2.231483
8009,data/bench/ITC99_all_numeric/b19.bench,152766,3,False,2,102,223,0,5115,10.00993
8010,data/bench/ITC99_all_numeric/b19.bench,153759,4,False,0,15,31,0,191,1.600084
8011,data/bench/ITC99_all_numeric/b19.bench,153796,4,False,0,7,15,0,55,0.830018
8012,data/bench/ITC99_all_numeric/b19.bench,153822,3,False,0,7,15,0,51,0.841664
8013,data/bench/ITC99_all_numeric/b19.bench,154597,3,False,2,98,220,0,5861,10.001152
8014,data/bench/ITC99_all_numeric/b19.bench,154607,3,False,2,97,224,0,10670,10.015904
8015,data/bench/ITC99_all_numeric/b19.bench,154823,4,False,0,3,7,0,30,0.47537
8016,data/bench/ITC99_all_numeric/b19.bench,154898,3,False,0,47,95,0,1183,4.404541
8017,data/bench/ITC99_all_numeric/b19.bench,155500,3,False,0,63,127,0,851,6.007127
8018,data/bench/ITC99_all_numeric/b19.bench,156524,4,False,0,1,3,0,2,0.29455
8019,data/bench/ITC99_all_numeric/b19.bench,156801,4,False,2,105,228,0,2483,10.143373
8020,data/bench/ITC99_all_numeric/b19.bench,156883,3,False,2,90,224,0,3110,10.008582
8021,data/bench/ITC99_all_numeric/b19.bench,156960,4,False,2,111,225,0,2274,10.411571
8022,data/bench/ITC99_all_numeric/b19.bench,157065,4,False,2,96,222,0,2660,10.033465
8023,data/bench/ITC99_all_numeric/b19.bench,157747,3,False,2,111,225,0,2274,10.378517
8024,data/bench/ITC99_all_numeric/b19.bench,157928,4,False,0,83,167,0,2372,7.750982
8025,data/bench/ITC99_all_numeric/b19.bench,158249,3,False,0,83,167,0,2539,7.800684
8026,data/bench/ITC99_all_numeric/b19.bench,158817,4,False,2,90,225,0,2451,10.024864
8027,data/bench/ITC99_all_numeric/b19.bench,158896,3,False,2,111,225,0,2274,10.323419
8028,data/bench/ITC99_all_numeric/b19.bench,159006,4,False,2,82,223,0,2480,10.021907
8029,data/bench/ITC99_all_numeric/b19.bench,159021,4,False,2,111,225,0,2498,10.176098
8030,data/bench/ITC99_all_numeric/b19.bench,159906,3,False,2,111,225,0,2498,10.082602
8031,data/bench/ITC99_all_numeric/b19.bench,160694,3,False,2,98,224,0,2459,10.034858
8032,data/bench/ITC99_all_numeric/b19.bench,160900,4,False,2,111,225,0,2498,10.009008
8033,data/bench/ITC99_all_numeric/b19.bench,161264,3,False,2,104,227,0,4373,10.006135
8034,data/bench/ITC99_all_numeric/b19.bench,161440,4,False,2,102,224,0,2977,10.033287
8035,data/bench/ITC99_all_numeric/b19.bench,162702,4,False,2,104,227,0,3240,10.011486
8036,data/bench/ITC99_all_numeric/b19.bench,162829,4,False,2,104,226,0,3675,10.010335
8037,data/bench/ITC99_all_numeric/b19.bench,163230,3,False,2,102,224,0,3643,10.004593
8038,data/bench/ITC99_all_numeric/b19.bench,163335,4,False,2,102,228,0,4148,10.021046
8039,data/bench/ITC99_all_numeric/b19.bench,163361,3,False,2,106,226,0,3225,10.000801
8040,data/bench/ITC99_all_numeric/b19.bench,163537,4,False,2,106,225,0,3434,10.002486
8041,data/bench/ITC99_all_numeric/b19.bench,164001,3,False,2,102,231,0,4696,10.017288
8042,data/bench/ITC99_all_numeric/b19.bench,164038,4,False,2,106,233,0,4472,10.029493
8043,data/bench/ITC99_all_numeric/b19.bench,164376,4,False,2,102,226,0,3901,10.0045
8044,data/bench/ITC99_all_numeric/b19.bench,164567,3,False,2,102,228,0,3921,10.015404
8045,data/bench/ITC99_all_numeric/b19.bench,164618,3,False,2,104,227,0,4144,10.013182
8046,data/bench/ITC99_all_numeric/b19.bench,165100,4,False,2,106,224,0,3418,10.036987
8047,data/bench/ITC99_all_numeric/b19.bench,165340,4,False,2,106,225,0,3658,10.011864
8048,data/bench/ITC99_all_numeric/b19.bench,165434,4,False,2,102,225,0,3659,10.01211
8049,data/bench/ITC99_all_numeric/b19.bench,165836,3,False,2,102,225,0,3883,10.023469
8050,data/bench/ITC99_all_numeric/b19.bench,167732,3,False,2,103,230,0,8030,10.021529
8051,data/bench/ITC99_all_numeric/b19.bench,167808,3,False,2,106,226,0,5134,10.000926
8052,data/bench/ITC99_all_numeric/b19.bench,167921,3,False,0,1,3,0,2,0.293528
8053,data/bench/ITC99_all_numeric/b19.bench,168465,3,False,2,106,228,0,6465,10.014336
8054,data/bench/ITC99_all_numeric/b19.bench,169044,4,False,2,100,233,0,12092,10.025903
8055,data/bench/ITC99_all_numeric/b19.bench,170011,3,False,2,106,227,0,4073,10.032117
8056,data/bench/ITC99_all_numeric/b19.bench,170347,4,False,2,102,228,0,7116,10.034158
8057,data/bench/ITC99_all_numeric/b19.bench,170922,3,False,2,108,228,0,3005,10.004296
8058,data/bench/ITC99_all_numeric/b19.bench,171131,3,False,2,100,229,0,11062,10.024647
8059,data/bench/ITC99_all_numeric/b19.bench,171198,3,False,2,106,225,0,4257,10.002847
8060,data/bench/ITC99_all_numeric/b19.bench,171228,3,False,0,7,15,0,141,0.812321
8061,data/bench/ITC99_all_numeric/b19.bench,171320,4,False,2,100,234,0,11968,10.013346
8062,data/bench/ITC99_all_numeric/b19.bench,171990,3,True,1,0,2,0,2,0.226517
8063,data/bench/ITC99_all_numeric/b19.bench,172328,4,False,2,102,225,0,6571,10.004421
8064,data/bench/ITC99_all_numeric/b19.bench,172414,3,False,0,1,3,0,2,0.281165
8065,data/bench/ITC99_all_numeric/b19.bench,172713,3,False,2,103,228,0,4570,10.01035
8066,data/bench/ITC99_all_numeric/b19.bench,172986,4,False,2,106,232,0,8528,10.051079
8067,data/bench/ITC99_all_numeric/b19.bench,173041,4,False,0,23,47,0,213,2.214988
8068,data/bench/ITC99_all_numeric/b19.bench,173047,3,False,0,47,95,0,613,4.328489
8069,data/bench/ITC99_all_numeric/b19.bench,173180,4,False,0,1,3,0,2,0.282729
8070,data/bench/ITC99_all_numeric/b19.bench,174620,3,False,0,7,15,0,96,0.812129
8071,data/bench/ITC99_all_numeric/b19.bench,174786,3,True,1,0,2,0,1,0.230997
8072,data/bench/ITC99_all_numeric/b19.bench,175090,3,False,0,15,31,0,314,1.564133
8073,data/bench/ITC99_all_numeric/b19.bench,175185,3,False,0,15,31,0,284,1.503932
8074,data/bench/ITC99_all_numeric/b19.bench,175576,4,False,0,1,3,0,2,0.286886
8075,data/bench/ITC99_all_numeric/b19.bench,176165,4,False,2,106,224,0,2695,10.009719
8076,data/bench/ITC99_all_numeric/b19.bench,176351,4,False,0,1,3,0,2,0.284706
8077,data/bench/ITC99_all_numeric/b19.bench,176484,3,False,2,106,229,0,4772,10.019509
8078,data/bench/ITC99_all_numeric/b19.bench,176520,4,False,2,100,229,0,9842,10.015948
8079,data/bench/ITC99_all_numeric/b19.bench,176796,4,False,0,11,23,0,106,1.146249
8080,data/bench/ITC99_all_numeric/b19.bench,176871,3,False,2,100,230,0,11923,10.081879
8081,data/bench/ITC99_all_numeric/b19.bench,177498,4,False,0,1,3,0,2,0.28662
8082,data/bench/ITC99_all_numeric/b19.bench,177612,4,False,0,1,3,0,2,0.291153
8083,data/bench/ITC99_all_numeric/b19.bench,178291,3,False,0,95,191,0,1796,8.494038
8084,data/bench/ITC99_all_numeric/b19.bench,179484,3,False,2,102,229,0,8789,10.02303
8085,data/bench/ITC99_all_numeric/b19.bench,179506,3,False,2,100,231,0,11978,10.023432
8086,data/bench/ITC99_all_numeric/b19.bench,180042,4,False,2,106,231,0,7836,10.06148
8087,data/bench/ITC99_all_numeric/b19.bench,180182,4,False,0,11,23,0,106,1.165523
8088,data/bench/ITC99_all_numeric/b19.bench,180244,4,False,2,100,226,0,9928,10.006426
8089,data/bench/ITC99_all_numeric/b19.bench,180855,4,False,0,15,31,0,344,1.524753
8090,data/bench/ITC99_all_numeric/b19.bench,180941,4,False,0,31,63,0,320,2.954332
8091,data/bench/ITC99_all_numeric/b19.bench,181393,3,False,0,23,47,0,259,2.22629
8092,data/bench/ITC99_all_numeric/b19.bench,182194,3,False,0,1,3,0,2,0.282061
8093,data/bench/ITC99_all_numeric/b19.bench,182994,3,False,2,106,225,0,2964,10.032165
8094,data/bench/ITC99_all_numeric/b19.bench,183727,3,True,1,0,2,0,2,0.226282
8095,data/bench/ITC99_all_numeric/b19.bench,184090,4,False,0,1,3,0,2,0.282691
8096,data/bench/ITC99_all_numeric/b19.bench,184136,4,False,2,102,216,0,2844,10.004678
8097,data/bench/ITC99_all_numeric/b19.bench,184175,4,False,2,106,229,0,7377,10.053416
8098,data/bench/ITC99_all_numeric/b19.bench,184712,3,False,0,7,15,0,141,0.792236
8099,data/bench/ITC99_all_numeric/b19.bench,184824,3,False,0,15,31,0,314,1.53434
8100,data/bench/ITC99_all_numeric/b19.bench,184948,4,False,2,108,231,0,5044,10.054885
8101,data/bench/ITC99_all_numeric/b19.bench,184983,4,False,2,100,226,0,10107,10.042129
8102,data/bench/ITC99_all_numeric/b19.bench,185117,3,False,2,106,231,0,8066,10.025238
8103,data/bench/ITC99_all_numeric/b19.bench,185564,4,False,0,1,3,0,2,0.286344
8104,data/bench/ITC99_all_numeric/b19.bench,186267,4,False,0,15,31,0,344,1.530768
8105,data/bench/ITC99_all_numeric/b19.bench,186676,4,False,0,1,3,0,2,0.285024
8106,data/bench/ITC99_all_numeric/b19.bench,187056,4,False,2,102,229,0,9017,10.011371
8107,data/bench/ITC99_all_numeric/b19.bench,188241,4,False,0,15,31,0,344,1.591574
8108,data/bench/ITC99_all_numeric/b19.bench,188992,3,False,0,7,15,0,120,0.845628
8109,data/bench/ITC99_all_numeric/b19.bench,189004,4,False,0,7,15,0,120,0.816488
8110,data/bench/ITC99_all_numeric/b19.bench,189012,3,False,0,7,15,0,120,0.811982
8111,data/bench/ITC99_all_numeric/b19.bench,189030,4,True,1,0,5,0,7,0.336051
8112,data/bench/ITC99_all_numeric/b19.bench,189370,3,False,0,15,31,0,284,1.530684
8113,data/bench/ITC99_all_numeric/b19.bench,190328,4,False,0,15,31,0,284,1.505804
8114,data/bench/ITC99_all_numeric/b19.bench,190427,4,False,2,105,224,0,3480,10.001101
8115,data/bench/ITC99_all_numeric/b19.bench,190631,3,False,2,108,227,0,2990,10.028636
8116,data/bench/ITC99_all_numeric/b19.bench,190697,4,False,2,97,228,0,11587,10.014344
8117,data/bench/ITC99_all_numeric/b19.bench,191796,3,False,0,15,31,0,376,1.509425
8118,data/bench/ITC99_all_numeric/b19.bench,191800,4,False,0,15,31,0,316,1.495669
8119,data/bench/ITC99_all_numeric/b19.bench,192912,4,False,2,106,227,0,3382,10.011116
8120,data/bench/ITC99_all_numeric/b19.bench,193362,4,False,2,106,226,0,5562,10.067487
8121,data/bench/ITC99_all_numeric/b19.bench,194035,3,True,1,0,3,0,1,0.260356
8122,data/bench/ITC99_all_numeric/b19.bench,194280,3,False,2,106,224,0,4888,10.064397
8123,data/bench/ITC99_all_numeric/b19.bench,194292,4,False,2,106,228,0,6692,10.093256
8124,data/bench/ITC99_all_numeric/b19.bench,194903,3,False,2,106,227,0,5359,10.007547
8125,data/bench/ITC99_all_numeric/b19.bench,194997,3,False,2,102,225,0,6794,10.006526
8126,data/bench/ITC99_all_numeric/b19.bench,195210,3,False,2,102,230,0,8831,10.002431
8127,data/bench/ITC99_all_numeric/b19.bench,195266,3,False,2,102,226,0,8108,10.049036
8128,data/bench/ITC99_all_numeric/b19.bench,195449,3,False,0,1,3,0,2,0.286874
8129,data/bench/ITC99_all_numeric/b19.bench,196498,3,False,2,100,216,0,5922,10.071748
8130,data/bench/ITC99_all_numeric/b19.bench,196558,3,False,2,106,223,0,3999,10.044424
8131,data/bench/ITC99_all_numeric/b19.bench,196593,4,False,2,102,220,0,4580,10.03099
8132,data/bench/ITC99_all_numeric/b19.bench,196867,4,False,2,100,224,0,7997,10.025913
8133,data/bench/ITC99_all_numeric/b19.bench,196949,4,False,0,95,191,0,1605,9.492393
8134,data/bench/ITC99_all_numeric/b19.bench,197057,3,False,0,15,31,0,128,1.757328
8135,data/bench/ITC99_all_numeric/b19.bench,197093,3,False,0,15,31,0,314,1.884794
8136,data/bench/ITC99_all_numeric/b19.bench,197560,4,False,0,3,7,0,18,0.527819
8137,data/bench/ITC99_all_numeric/b19.bench,197621,3,False,2,84,181,0,2218,10.037092
8138,data/bench/ITC99_all_numeric/b19.bench,198721,4,True,1,0,3,0,3,0.2598
8139,data/bench/ITC99_all_numeric/b19.bench,199325,3,False,0,15,31,0,343,1.660418
8140,data/bench/ITC99_all_numeric/b19.bench,199351,4,False,0,15,31,0,344,1.720418
8141,data/bench/ITC99_all_numeric/b19.bench,199788,4,False,0,1,3,0,2,0.276038
8142,data/bench/ITC99_all_numeric/b19.bench,199932,3,True,1,0,4,0,5,0.292013
8143,data/bench/ITC99_all_numeric/b19.bench,200440,3,False,2,94,210,0,4196,10.007483
8144,data/bench/ITC99_all_numeric/b19.bench,200452,4,False,0,3,7,0,25,0.47038
8145,data/bench/ITC99_all_numeric/b19.bench,200580,4,False,0,47,95,0,613,4.469051
8146,data/bench/ITC99_all_numeric/b19.bench,200647,3,False,0,3,7,0,23,0.450905
8147,data/bench/ITC99_all_numeric/b19.bench,201433,4,False,2,96,217,0,6154,10.006496
8148,data/bench/ITC99_all_numeric/b19.bench,202093,3,False,2,95,206,0,6194,10.013379
8149,data/bench/ITC99_all_numeric/b19.bench,202537,3,True,1,0,2,0,1,0.21782
8150,data/bench/ITC99_all_numeric/b19.bench,203089,3,True,1,0,2,0,1,0.2152
8151,data/bench/ITC99_all_numeric/b19.bench,203336,3,False,2,100,216,0,5469,10.023528
8152,data/bench/ITC99_all_numeric/b19.bench,203473,3,True,1,0,2,0,1,0.214537
8153,data/bench/ITC99_all_numeric/b19.bench,203621,3,False,2,97,212,0,6200,10.03314
8154,data/bench/ITC99_all_numeric/b19.bench,203958,4,False,0,95,191,0,1572,8.710132
8155,data/bench/ITC99_all_numeric/b19.bench,204516,3,True,1,0,4,0,5,0.310812
8156,data/bench/ITC99_all_numeric/b19.bench,205049,4,True,1,0,3,0,3,0.265823
8157,data/bench/ITC99_all_numeric/b19.bench,205253,4,False,2,100,218,0,6572,10.035849
8158,data/bench/ITC99_all_numeric/b19.bench,206172,4,False,2,102,216,0,3043,10.020241
8159,data/bench/ITC99_all_numeric/b19.bench,206608,4,False,2,102,217,0,3689,10.036955
8160,data/bench/ITC99_all_numeric/b19.bench,206849,4,False,2,97,213,0,5017,10.011583
8161,data/bench/ITC99_all_numeric/b19.bench,206938,3,False,2,95,196,0,2867,10.023669
8162,data/bench/ITC99_all_numeric/b19.bench,207833,3,False,2,97,206,0,3494,10.038018
8163,data/bench/ITC99_all_numeric/b19.bench,207833,4,False,2,95,203,0,3443,10.010566
8164,data/bench/ITC99_all_numeric/b19.bench,207916,4,False,0,11,23,0,83,1.387137
8165,data/bench/ITC99_all_numeric/b19.bench,208201,3,False,0,15,31,0,345,1.587152
8166,data/bench/ITC99_all_numeric/b19.bench,209124,3,True,1,0,4,0,5,0.304092
8167,data/bench/ITC99_all_numeric/b19.bench,210144,3,False,2,88,208,0,10206,10.043101
8168,data/bench/ITC99_all_numeric/b19.bench,210229,4,True,1,0,3,0,1,0.270441
8169,data/bench/ITC99_all_numeric/b19.bench,211953,3,False,2,95,211,0,8479,10.026699
8170,data/bench/ITC99_all_numeric/b19.bench,212015,4,False,0,11,23,0,106,1.137414
8171,data/bench/ITC99_all_numeric/b19.bench,212018,4,True,1,0,4,0,2,0.311846
8172,data/bench/ITC99_all_numeric/b19.bench,212137,3,False,2,97,209,0,4341,10.040312
8173,data/bench/ITC99_all_numeric/b19.bench,212592,3,False,0,15,31,0,375,1.558403
8174,data/bench/ITC99_all_numeric/b19.bench,213265,3,False,0,47,95,0,1427,4.717992
8175,data/bench/ITC99_all_numeric/b19.bench,214772,3,False,2,103,223,0,4423,10.001643
8176,data/bench/ITC99_all_numeric/b19.bench,214873,4,False,2,100,220,0,6854,10.00537
8177,data/bench/ITC99_all_numeric/b19.bench,215481,4,False,0,1,3,0,2,0.305263
8178,data/bench/ITC99_all_numeric/b19.bench,215534,4,False,2,100,210,0,3164,10.08366
8179,data/bench/ITC99_all_numeric/b19.bench,215665,3,False,2,95,211,0,6560,10.001058
8180,data/bench/ITC99_all_numeric/b19.bench,215676,3,False,2,100,225,0,8850,10.000199
8181,data/bench/ITC99_all_numeric/b19.bench,215707,3,True,1,0,2,0,1,0.230088
8182,data/bench/ITC99_all_numeric/b19.bench,215838,3,False,2,94,200,0,2729,10.014338
8183,data/bench/ITC99_all_numeric/b19.bench,216991,4,False,2,82,192,0,3955,10.020855
8184,data/bench/ITC99_all_numeric/b19.bench,217545,3,False,2,97,208,0,4525,10.012634
8185,data/bench/ITC99_all_numeric/b19.bench,217921,3,True,1,0,2,0,2,0.231928
8186,data/bench/ITC99_all_numeric/b19.bench,218180,4,False,0,15,31,0,374,1.609995
8187,data/bench/ITC99_all_numeric/b19.bench,218787,3,True,1,0,2,0,1,0.226421
8188,data/bench/ITC99_all_numeric/b19.bench,219316,4,False,0,7,15,0,111,0.819091
8189,data/bench/ITC99_all_numeric/b19.bench,219931,4,False,2,95,218,0,11423,10.002734
8190,data/bench/ITC99_all_numeric/b19.bench,220573,3,False,0,1,3,0,2,0.284655
8191,data/bench/ITC99_all_numeric/b19.bench,220892,3,False,0,1,3,0,2,0.28256
8192,data/bench/ITC99_all_numeric/b19.bench,222069,3,False,2,95,215,0,11111,10.075258
8193,data/bench/ITC99_all_numeric/b19.bench,222572,4,False,2,86,206,0,5754,10.000611
8194,data/bench/ITC99_all_numeric/b19.bench,222851,3,False,0,3,7,0,25,0.494809
8195,data/bench/ITC99_all_numeric/b19.bench,223134,4,True,1,0,4,0,2,0.30495
8196,data/bench/ITC99_all_numeric/b19.bench,223566,4,False,0,1,3,0,2,0.285544
8197,data/bench/ITC99_all_numeric/b19.bench,223801,3,False,2,95,206,0,6193,10.032126
8198,data/bench/ITC99_all_numeric/b19.bench,224703,3,False,2,95,215,0,9201,10.008242
8199,data/bench/ITC99_all_numeric/b19.bench,225155,3,False,0,31,63,0,691,2.90534
8200,data/bench/ITC99_all_numeric/b19.bench,225655,4,False,2,104,227,0,2187,10.02073
8201,data/bench/ITC99_all_numeric/b19.bench,226094,4,False,2,102,215,0,2583,10.004753
8202,data/bench/ITC99_all_numeric/b19.bench,226406,4,False,0,1,3,0,2,0.28276
8203,data/bench/ITC99_all_numeric/b19.bench,226600,3,False,2,102,231,0,9518,10.014915
8204,data/bench/ITC99_all_numeric/b19.bench,227083,3,False,0,15,31,0,373,1.512827
8205,data/bench/ITC99_all_numeric/b19.bench,227320,3,True,1,0,3,0,1,0.269183
8206,data/bench/ITC99_all_numeric/b19.bench,227449,4,False,0,1,3,0,2,0.285393
8207,data/bench/ITC99_all_numeric/b19.bench,228387,3,False,0,5,11,0,30,0.63573
8208,data/bench/ITC99_all_numeric/b19.bench,228675,4,False,0,3,7,0,32,0.487014
8209,data/bench/ITC99_all_numeric/b19.bench,229020,3,False,2,108,230,0,3918,10.012024
8210,data/bench/ITC99_all_numeric/b19.bench,229297,4,False,0,95,191,0,1986,9.016154
8211,data/bench/ITC99_all_numeric/b19.bench,230907,4,False,2,102,223,0,5486,10.009218
8212,data/bench/ITC99_all_numeric/b20.bench,17,4,False,2,0,6703,0,0,10.000943
8213,data/bench/ITC99_all_numeric/b20.bench,158,3,False,2,0,6687,0,0,10.001425
8214,data/bench/ITC99_all_numeric/b20.bench,239,3,False,2,0,6739,0,0,10.000653
8215,data/bench/ITC99_all_numeric/b20.bench,296,3,True,1,0,3,0,0,0.011232
8216,data/bench/ITC99_all_numeric/b20.bench,305,3,True,1,0,5,0,0,0.013183
8217,data/bench/ITC99_all_numeric/b20.bench,314,4,False,2,0,6715,0,0,10.001306
8218,data/bench/ITC99_all_numeric/b20.bench,327,3,False,2,0,6683,0,0,10.001376
8219,data/bench/ITC99_all_numeric/b20.bench,339,3,False,2,0,6705,0,0,10.001326
8220,data/bench/ITC99_all_numeric/b20.bench,411,4,False,2,0,6693,0,0,10.000548
8221,data/bench/ITC99_all_numeric/b20.bench,489,3,False,2,0,6698,0,0,10.001302
8222,data/bench/ITC99_all_numeric/b20.bench,490,4,False,2,0,6711,0,0,10.001351
8223,data/bench/ITC99_all_numeric/b20.bench,497,3,True,1,0,3,0,0,0.011239
8224,data/bench/ITC99_all_numeric/b20.bench,518,3,True,1,0,3,0,0,0.010616
8225,data/bench/ITC99_all_numeric/b20.bench,536,3,False,2,2804,5627,0,70149,10.000771
8226,data/bench/ITC99_all_numeric/b20.bench,677,3,False,2,2887,5811,0,95844,10.000749
8227,data/bench/ITC99_all_numeric/b20.bench,751,4,False,0,399,799,0,10112,1.393381
8228,data/bench/ITC99_all_numeric/b20.bench,767,3,False,0,399,799,0,11706,1.469228
8229,data/bench/ITC99_all_numeric/b20.bench,847,4,False,2,2829,5687,0,93642,10.001299
8230,data/bench/ITC99_all_numeric/b20.bench,854,3,False,2,2815,5652,0,98703,10.000623
8231,data/bench/ITC99_all_numeric/b20.bench,862,3,False,2,2823,5672,0,99056,10.000827
8232,data/bench/ITC99_all_numeric/b20.bench,880,4,False,2,2834,5702,0,99590,10.001457
8233,data/bench/ITC99_all_numeric/b20.bench,985,3,False,2,2811,5648,0,92990,10.000493
8234,data/bench/ITC99_all_numeric/b20.bench,1023,3,False,2,2819,5663,0,98923,10.00098
8235,data/bench/ITC99_all_numeric/b20.bench,1051,4,False,0,39,79,0,885,0.149678
8236,data/bench/ITC99_all_numeric/b20.bench,1052,3,False,0,19,39,0,129,0.075724
8237,data/bench/ITC99_all_numeric/b20.bench,1114,3,False,0,39,79,0,885,0.147129
8238,data/bench/ITC99_all_numeric/b20.bench,1134,4,False,0,19,39,0,168,0.076775
8239,data/bench/ITC99_all_numeric/b20.bench,1178,4,False,0,39,79,0,885,0.149406
8240,data/bench/ITC99_all_numeric/b20.bench,1194,3,False,0,19,39,0,206,0.077443
8241,data/bench/ITC99_all_numeric/b20.bench,1230,3,False,0,19,39,0,206,0.07673
8242,data/bench/ITC99_all_numeric/b20.bench,1327,3,False,0,19,39,0,167,0.076971
8243,data/bench/ITC99_all_numeric/b20.bench,1406,3,False,0,599,1199,0,11344,2.140291
8244,data/bench/ITC99_all_numeric/b20.bench,1478,3,False,0,87,175,0,995,0.320796
8245,data/bench/ITC99_all_numeric/b20.bench,1486,3,False,0,231,463,0,4831,0.821714
8246,data/bench/ITC99_all_numeric/b20.bench,1494,4,False,2,2737,5502,0,254437,10.000408
8247,data/bench/ITC99_all_numeric/b20.bench,1517,3,False,0,1919,3839,0,30803,6.651322
8248,data/bench/ITC99_all_numeric/b20.bench,1533,4,False,0,2047,4095,0,40918,7.122017
8249,data/bench/ITC99_all_numeric/b20.bench,1559,3,False,0,5,11,0,33,0.026966
8250,data/bench/ITC99_all_numeric/b20.bench,1642,3,False,0,95,191,0,1987,0.361954
8251,data/bench/ITC99_all_numeric/b20.bench,1704,4,False,2,2863,5763,0,66253,10.000918
8252,data/bench/ITC99_all_numeric/b20.bench,1751,3,False,0,11,23,0,151,0.04721
8253,data/bench/ITC99_all_numeric/b20.bench,1831,4,False,2,2882,5786,0,60726,10.000079
8254,data/bench/ITC99_all_numeric/b20.bench,1885,3,False,0,83,167,0,1871,0.302338
8255,data/bench/ITC99_all_numeric/b20.bench,1902,3,False,0,83,167,0,2038,0.299473
8256,data/bench/ITC99_all_numeric/b20.bench,1960,4,False,0,83,167,0,1871,0.300243
8257,data/bench/ITC99_all_numeric/b20.bench,2018,3,False,0,47,95,0,835,0.174434
8258,data/bench/ITC99_all_numeric/b20.bench,2022,3,False,0,83,167,0,2038,0.300307
8259,data/bench/ITC99_all_numeric/b20.bench,2054,4,False,0,83,167,0,3708,0.299681
8260,data/bench/ITC99_all_numeric/b20.bench,2070,4,False,0,199,399,0,5453,0.699347
8261,data/bench/ITC99_all_numeric/b20.bench,2082,3,True,1,0,2,0,1,0.009477
8262,data/bench/ITC99_all_numeric/b20.bench,2102,3,False,2,2900,5819,0,78522,10.000036
8263,data/bench/ITC99_all_numeric/b20.bench,2217,4,False,2,2872,5765,0,72028,10.004758
8264,data/bench/ITC99_all_numeric/b20.bench,2226,4,False,2,2882,5799,0,72454,10.000704
8265,data/bench/ITC99_all_numeric/b20.bench,2265,3,False,2,2882,5791,0,89727,10.00087
8266,data/bench/ITC99_all_numeric/b20.bench,2305,3,False,2,2830,5696,0,76850,10.000359
8267,data/bench/ITC99_all_numeric/b20.bench,2315,3,False,2,2850,5723,0,88673,10.001948
8268,data/bench/ITC99_all_numeric/b20.bench,2323,3,False,2,2727,5481,0,84911,10.000815
8269,data/bench/ITC99_all_numeric/b20.bench,2351,4,False,0,7,15,0,47,0.036622
8270,data/bench/ITC99_all_numeric/b20.bench,2396,3,False,0,7,15,0,47,0.035753
8271,data/bench/ITC99_all_numeric/b20.bench,2438,4,False,0,215,431,0,3311,0.779212
8272,data/bench/ITC99_all_numeric/b20.bench,2568,3,False,0,2047,4095,0,61393,7.264668
8273,data/bench/ITC99_all_numeric/b20.bench,2609,3,False,0,2047,4095,0,77773,7.271822
8274,data/bench/ITC99_all_numeric/b20.bench,2680,4,False,0,111,223,0,2271,0.397626
8275,data/bench/ITC99_all_numeric/b20.bench,2700,3,False,0,11,23,0,59,0.059199
8276,data/bench/ITC99_all_numeric/b20.bench,2763,3,False,0,479,959,0,7530,1.702113
8277,data/bench/ITC99_all_numeric/b20.bench,2775,3,False,0,719,1439,0,12741,2.506223
8278,data/bench/ITC99_all_numeric/b20.bench,2817,4,False,2,2853,5730,0,83049,10.000021
8279,data/bench/ITC99_all_numeric/b20.bench,2861,3,False,2,2830,5699,0,76889,10.000091
8280,data/bench/ITC99_all_numeric/b20.bench,2906,3,False,2,2819,5660,0,82036,10.001332
8281,data/bench/ITC99_all_numeric/b20.bench,2926,3,False,2,2810,5643,0,81789,10.000109
8282,data/bench/ITC99_all_numeric/b20.bench,2927,3,False,2,2820,5671,0,76511,10.000498
8283,data/bench/ITC99_all_numeric/b20.bench,2962,3,False,0,199,399,0,5055,0.712684
8284,data/bench/ITC99_all_numeric/b20.bench,2984,4,False,0,199,399,0,5055,0.70914
8285,data/bench/ITC99_all_numeric/b20.bench,2993,4,False,0,2047,4095,0,45013,7.244302
8286,data/bench/ITC99_all_numeric/b20.bench,3022,4,False,0,2047,4095,0,49108,7.201043
8287,data/bench/ITC99_all_numeric/b20.bench,3052,3,False,0,2047,4095,0,45014,7.156739
8288,data/bench/ITC99_all_numeric/b20.bench,3055,4,False,0,2047,4095,0,49108,7.217088
8289,data/bench/ITC99_all_numeric/b20.bench,3104,4,False,0,431,863,0,9209,1.533561
8290,data/bench/ITC99_all_numeric/b20.bench,3118,3,False,0,431,863,0,9209,1.530381
8291,data/bench/ITC99_all_numeric/b20.bench,3156,3,False,0,2047,4095,0,57299,7.293218
8292,data/bench/ITC99_all_numeric/b20.bench,3161,3,False,0,11,23,0,151,0.047568
8293,data/bench/ITC99_all_numeric/b20.bench,3190,4,False,2,2825,5681,0,65310,10.001217
8294,data/bench/ITC99_all_numeric/b20.bench,3250,3,False,2,2851,5726,0,65821,10.001396
8295,data/bench/ITC99_all_numeric/b20.bench,3308,4,False,0,2047,4095,0,65488,7.258736
8296,data/bench/ITC99_all_numeric/b20.bench,3354,3,False,0,2047,4095,0,61393,7.20319
8297,data/bench/ITC99_all_numeric/b20.bench,3386,4,False,2,2835,5687,0,88127,10.00075
8298,data/bench/ITC99_all_numeric/b20.bench,3403,4,False,0,2047,4095,0,65488,7.155916
8299,data/bench/ITC99_all_numeric/b20.bench,3460,3,False,0,2047,4095,0,61393,7.181626
8300,data/bench/ITC99_all_numeric/b20.bench,3471,3,False,0,231,463,0,4368,0.829312
8301,data/bench/ITC99_all_numeric/b20.bench,3534,3,False,2,2848,5719,0,82894,10.001263
8302,data/bench/ITC99_all_numeric/b20.bench,3649,3,False,2,2832,5683,0,101414,10.000225
8303,data/bench/ITC99_all_numeric/b20.bench,3685,3,True,1,0,2,0,1,0.010101
8304,data/bench/ITC99_all_numeric/b20.bench,3709,4,False,2,2912,5848,0,67224,10.001194
8305,data/bench/ITC99_all_numeric/b20.bench,3712,3,False,2,2897,5816,0,72667,10.001226
8306,data/bench/ITC99_all_numeric/b20.bench,3716,3,False,0,63,127,0,1485,0.229232
8307,data/bench/ITC99_all_numeric/b20.bench,3716,4,False,0,63,127,0,1485,0.230601
8308,data/bench/ITC99_all_numeric/b20.bench,3737,4,False,2,2872,5777,0,89492,10.000309
8309,data/bench/ITC99_all_numeric/b20.bench,3739,3,True,1,0,2,0,1,0.009799
8310,data/bench/ITC99_all_numeric/b20.bench,3814,3,False,0,19,39,0,323,0.075992
8311,data/bench/ITC99_all_numeric/b20.bench,3840,4,False,0,19,39,0,323,0.076985
8312,data/bench/ITC99_all_numeric/b20.bench,3903,3,False,2,2861,5745,0,77525,10.000575
8313,data/bench/ITC99_all_numeric/b20.bench,3934,4,False,0,19,39,0,323,0.077367
8314,data/bench/ITC99_all_numeric/b20.bench,4074,4,False,0,2047,4095,0,45013,7.159221
8315,data/bench/ITC99_all_numeric/b20.bench,4082,4,False,0,2047,4095,0,69583,7.207851
8316,data/bench/ITC99_all_numeric/b20.bench,4087,3,False,0,2047,4095,0,45013,7.198466
8317,data/bench/ITC99_all_numeric/b20.bench,4099,4,False,0,47,95,0,708,0.176308
8318,data/bench/ITC99_all_numeric/b20.bench,4137,4,False,2,2854,5730,0,71594,10.000591
8319,data/bench/ITC99_all_numeric/b20.bench,4169,3,False,0,2047,4095,0,57298,7.147571
8320,data/bench/ITC99_all_numeric/b20.bench,4199,3,False,0,2047,4095,0,73678,7.25419
8321,data/bench/ITC99_all_numeric/b20.bench,4228,3,False,2,2863,5755,0,71915,10.000341
8322,data/bench/ITC99_all_numeric/b20.bench,4237,3,False,2,2871,5760,0,66224,10.001737
8323,data/bench/ITC99_all_numeric/b20.bench,4252,3,False,2,2859,5742,0,77497,10.000141
8324,data/bench/ITC99_all_numeric/b20.bench,4267,4,False,2,2873,5771,0,72109,10.001873
8325,data/bench/ITC99_all_numeric/b20.bench,4280,3,False,0,19,39,0,401,0.079239
8326,data/bench/ITC99_all_numeric/b20.bench,4298,4,False,0,19,39,0,557,0.07722
8327,data/bench/ITC99_all_numeric/b20.bench,4342,4,False,0,2047,4095,0,69583,7.256289
8328,data/bench/ITC99_all_numeric/b20.bench,4347,3,False,0,2047,4095,0,45013,7.122381
8329,data/bench/ITC99_all_numeric/b20.bench,4375,4,False,0,2047,4095,0,57298,7.147123
8330,data/bench/ITC99_all_numeric/b20.bench,4395,3,False,0,19,39,0,479,0.076749
8331,data/bench/ITC99_all_numeric/b20.bench,4403,4,False,2,2841,5698,0,145267,10.00059
8332,data/bench/ITC99_all_numeric/b20.bench,4404,3,False,2,2830,5677,0,139056,10.000459
8333,data/bench/ITC99_all_numeric/b20.bench,4435,4,False,0,115,231,0,2182,0.405725
8334,data/bench/ITC99_all_numeric/b20.bench,4453,4,False,0,115,231,0,2182,0.405935
8335,data/bench/ITC99_all_numeric/b20.bench,4534,3,False,2,2894,5811,0,55186,10.000154
8336,data/bench/ITC99_all_numeric/b20.bench,4560,3,False,0,431,863,0,14387,1.53456
8337,data/bench/ITC99_all_numeric/b20.bench,4562,3,False,2,2785,5590,0,158241,10.000622
8338,data/bench/ITC99_all_numeric/b20.bench,4648,4,False,0,83,167,0,3207,0.29911
8339,data/bench/ITC99_all_numeric/b20.bench,4677,4,False,2,2803,5622,0,119898,10.001366
8340,data/bench/ITC99_all_numeric/b20.bench,4740,4,False,0,19,39,0,323,0.07679
8341,data/bench/ITC99_all_numeric/b20.bench,4823,4,False,2,2795,5611,0,103630,10.001672
8342,data/bench/ITC99_all_numeric/b20.bench,4855,4,False,2,2818,5659,0,70581,10.000846
8343,data/bench/ITC99_all_numeric/b20.bench,4899,3,False,2,2814,5654,0,76174,10.000811
8344,data/bench/ITC99_all_numeric/b20.bench,4910,4,False,2,2818,5653,0,70490,10.001456
8345,data/bench/ITC99_all_numeric/b20.bench,4926,3,False,2,2822,5679,0,93494,10.001074
8346,data/bench/ITC99_all_numeric/b20.bench,4945,3,False,2,2798,5630,0,81441,10.001325
8347,data/bench/ITC99_all_numeric/b20.bench,4951,3,False,2,2768,5572,0,91729,10.000147
8348,data/bench/ITC99_all_numeric/b20.bench,4960,3,False,2,2813,5656,0,81815,10.000851
8349,data/bench/ITC99_all_numeric/b20.bench,4996,4,False,2,2790,5600,0,92216,10.00247
8350,data/bench/ITC99_all_numeric/b20.bench,5021,4,False,2,2747,5516,0,90831,10.000981
8351,data/bench/ITC99_all_numeric/b20.bench,5093,3,False,2,2815,5650,0,76101,10.001798
8352,data/bench/ITC99_all_numeric/b20.bench,5204,4,False,0,19,39,0,285,0.079325
8353,data/bench/ITC99_all_numeric/b20.bench,5208,3,False,0,19,39,0,285,0.077255
8354,data/bench/ITC99_all_numeric/b20.bench,5223,4,False,0,19,39,0,285,0.10671
8355,data/bench/ITC99_all_numeric/b20.bench,5230,4,False,2,2758,5537,0,102258,10.000473
8356,data/bench/ITC99_all_numeric/b20.bench,5251,4,False,2,2758,5535,0,102220,10.000198
8357,data/bench/ITC99_all_numeric/b20.bench,5279,4,False,2,2777,5582,0,97521,10.001334
8358,data/bench/ITC99_all_numeric/b20.bench,5333,4,False,2,2796,5616,0,114951,10.001461
8359,data/bench/ITC99_all_numeric/b20.bench,5396,3,False,2,2777,5579,0,91865,10.000208
8360,data/bench/ITC99_all_numeric/b20.bench,5415,4,False,2,2761,5538,0,91200,10.001563
8361,data/bench/ITC99_all_numeric/b20.bench,5436,3,False,2,2805,5635,0,92790,10.000765
8362,data/bench/ITC99_all_numeric/b20.bench,5438,3,False,2,2795,5620,0,103782,10.001898
8363,data/bench/ITC99_all_numeric/b20.bench,5530,3,False,2,2848,5719,0,99886,10.001378
8364,data/bench/ITC99_all_numeric/b20.bench,5578,3,False,2,2823,5672,0,104743,10.000294
8365,data/bench/ITC99_all_numeric/b20.bench,5592,4,False,2,2848,5718,0,105601,10.001762
8366,data/bench/ITC99_all_numeric/b20.bench,5605,4,False,2,2829,5691,0,105086,10.000216
8367,data/bench/ITC99_all_numeric/b20.bench,5635,4,False,0,3,7,0,22,0.020692
8368,data/bench/ITC99_all_numeric/b20.bench,5637,3,False,0,39,79,0,416,0.146078
8369,data/bench/ITC99_all_numeric/b20.bench,5638,3,False,0,3,7,0,22,0.019848
8370,data/bench/ITC99_all_numeric/b20.bench,5647,3,False,0,3,7,0,22,0.019843
8371,data/bench/ITC99_all_numeric/b20.bench,5680,4,False,0,3,7,0,22,0.019791
8372,data/bench/ITC99_all_numeric/b20.bench,5765,4,False,2,2792,5614,0,131724,10.001736
8373,data/bench/ITC99_all_numeric/b20.bench,5778,4,False,2,2829,5681,0,76532,10.001244
8374,data/bench/ITC99_all_numeric/b20.bench,5785,4,False,2,2790,5608,0,120396,10.000752
8375,data/bench/ITC99_all_numeric/b20.bench,5799,3,False,0,239,479,0,8839,0.86306
8376,data/bench/ITC99_all_numeric/b20.bench,5822,4,False,2,2810,5650,0,121272,10.000982
8377,data/bench/ITC99_all_numeric/b20.bench,5960,3,False,2,2820,5657,0,59239,10.000076
8378,data/bench/ITC99_all_numeric/b20.bench,5973,3,True,1,0,2,0,1,0.009628
8379,data/bench/ITC99_all_numeric/b20.bench,6023,4,False,2,2843,5705,0,99657,10.003395
8380,data/bench/ITC99_all_numeric/b20.bench,6060,3,False,0,239,479,0,4049,0.842393
8381,data/bench/ITC99_all_numeric/b20.bench,6101,4,True,1,0,3,0,3,0.011478
8382,data/bench/ITC99_all_numeric/b20.bench,6151,3,False,2,2843,5715,0,94103,10.000076
8383,data/bench/ITC99_all_numeric/b20.bench,6204,4,False,2,2843,5711,0,99762,10.00138
8384,data/bench/ITC99_all_numeric/b20.bench,6207,4,False,2,2842,5708,0,93977,10.000664
8385,data/bench/ITC99_all_numeric/b20.bench,6232,3,False,2,2837,5697,0,93812,10.001446
8386,data/bench/ITC99_all_numeric/b20.bench,6253,4,False,2,2821,5666,0,87622,10.001356
8387,data/bench/ITC99_all_numeric/b20.bench,6261,4,False,2,2841,5701,0,88162,10.001167
8388,data/bench/ITC99_all_numeric/b20.bench,6263,4,False,2,2829,5682,0,87870,10.0001
8389,data/bench/ITC99_all_numeric/b20.bench,6339,4,False,2,2805,5643,0,92938,10.000343
8390,data/bench/ITC99_all_numeric/b20.bench,6374,4,False,2,2829,5686,0,76594,10.000817
8391,data/bench/ITC99_all_numeric/b20.bench,6386,4,False,2,2829,5691,0,76662,10.001015
8392,data/bench/ITC99_all_numeric/b20.bench,6401,3,False,2,2843,5713,0,76942,10.000454
8393,data/bench/ITC99_all_numeric/b20.bench,6446,4,False,2,2843,5712,0,82643,10.000191
8394,data/bench/ITC99_all_numeric/b20.bench,6597,3,False,0,719,1439,0,25114,2.540083
8395,data/bench/ITC99_all_numeric/b20.bench,6705,4,False,2,2821,5672,0,116074,10.001543
8396,data/bench/ITC99_all_numeric/b20.bench,6744,3,False,2,2830,5691,0,82366,10.000772
8397,data/bench/ITC99_all_numeric/b20.bench,6847,4,False,2,2843,5715,0,99839,10.000118
8398,data/bench/ITC99_all_numeric/b20.bench,6876,3,False,2,2819,5664,0,104612,10.000676
8399,data/bench/ITC99_all_numeric/b20.bench,6980,4,False,0,19,39,0,285,0.076207
8400,data/bench/ITC99_all_numeric/b20.bench,7003,3,False,2,2837,5697,0,93811,10.001288
8401,data/bench/ITC99_all_numeric/b20.bench,7008,3,True,1,0,2,0,1,0.009656
8402,data/bench/ITC99_all_numeric/b20.bench,7030,3,True,1,0,2,0,1,0.008258
8403,data/bench/ITC99_all_numeric/b20.bench,7054,3,True,1,0,2,0,1,0.008599
8404,data/bench/ITC99_all_numeric/b20.bench,7074,3,False,0,7,15,0,97,0.03226
8405,data/bench/ITC99_all_numeric/b20.bench,7099,3,False,2,2841,5700,0,99558,10.001981
8406,data/bench/ITC99_all_numeric/b20.bench,7210,3,False,2,2847,5720,0,54172,10.000493
8407,data/bench/ITC99_all_numeric/b20.bench,7240,3,False,0,7,15,0,157,0.033331
8408,data/bench/ITC99_all_numeric/b20.bench,7245,3,False,2,2834,5696,0,116552,10.001883
8409,data/bench/ITC99_all_numeric/b20.bench,7267,3,False,2,2819,5668,0,133007,10.001475
8410,data/bench/ITC99_all_numeric/b20.bench,7274,3,False,0,5,11,0,16,0.02618
8411,data/bench/ITC99_all_numeric/b20.bench,7304,4,False,0,47,95,0,1044,0.173854
8412,data/bench/ITC99_all_numeric/b20.bench,7326,3,False,2,2819,5660,0,115854,10.00075
8413,data/bench/ITC99_all_numeric/b20.bench,7359,3,False,2,2834,5698,0,93819,10.000039
8414,data/bench/ITC99_all_numeric/b20.bench,7369,4,False,2,2825,5668,0,87699,10.004008
8415,data/bench/ITC99_all_numeric/b20.bench,7469,3,False,2,2814,5649,0,109981,10.000679
8416,data/bench/ITC99_all_numeric/b20.bench,7507,3,False,2,2818,5669,0,116014,10.000804
8417,data/bench/ITC99_all_numeric/b20.bench,7514,3,False,2,2824,5681,0,90122,10.000902
8418,data/bench/ITC99_all_numeric/b20.bench,7532,4,False,0,19,39,0,402,0.075847
8419,data/bench/ITC99_all_numeric/b20.bench,7539,4,False,2,2834,5695,0,93795,10.00147
8420,data/bench/ITC99_all_numeric/b20.bench,7598,4,False,2,2841,5701,0,71100,10.000754
8421,data/bench/ITC99_all_numeric/b20.bench,7670,3,False,0,479,959,0,12893,1.693959
8422,data/bench/ITC99_all_numeric/b20.bench,7690,3,False,2,2841,5710,0,82623,10.002003
8423,data/bench/ITC99_all_numeric/b20.bench,7753,3,False,2,2830,5681,0,87891,10.001645
8424,data/bench/ITC99_all_numeric/b20.bench,7832,4,False,0,299,599,0,4123,1.05185
8425,data/bench/ITC99_all_numeric/b20.bench,7875,3,False,2,2828,5686,0,122064,10.000619
8426,data/bench/ITC99_all_numeric/b20.bench,7875,4,False,2,2819,5669,0,121712,10.000069
8427,data/bench/ITC99_all_numeric/b20.bench,7879,4,False,2,2824,5671,0,116079,10.000258
8428,data/bench/ITC99_all_numeric/b20.bench,7923,3,False,0,359,719,0,7519,1.262893
8429,data/bench/ITC99_all_numeric/b20.bench,7940,3,False,0,19,39,0,246,0.075615
8430,data/bench/ITC99_all_numeric/b20.bench,7988,4,False,0,119,239,0,2023,0.424709
8431,data/bench/ITC99_all_numeric/b20.bench,7990,4,False,2,2834,5696,0,99520,10.00095
8432,data/bench/ITC99_all_numeric/b20.bench,7992,4,False,0,19,39,0,246,0.076419
8433,data/bench/ITC99_all_numeric/b20.bench,8025,3,False,0,7,15,0,112,0.033477
8434,data/bench/ITC99_all_numeric/b20.bench,8039,3,False,0,19,39,0,324,0.07608
8435,data/bench/ITC99_all_numeric/b20.bench,8072,3,False,0,2,5,0,2,0.016069
8436,data/bench/ITC99_all_numeric/b20.bench,8109,3,False,2,2827,5691,0,201277,10.003899
8437,data/bench/ITC99_all_numeric/b20.bench,8177,3,False,0,5,11,0,30,0.026054
8438,data/bench/ITC99_all_numeric/b20.bench,8207,4,False,2,2829,5694,0,178782,10.000454
8439,data/bench/ITC99_all_numeric/b20.bench,8217,4,False,0,3,7,0,6,0.019335
8440,data/bench/ITC99_all_numeric/b20.bench,8321,4,False,0,39,79,0,491,0.145335
8441,data/bench/ITC99_all_numeric/b20.bench,8389,4,False,0,1,3,0,2,0.012581
8442,data/bench/ITC99_all_numeric/b20.bench,8401,3,False,0,79,159,0,983,0.285808
8443,data/bench/ITC99_all_numeric/b20.bench,8403,3,False,0,39,79,0,570,0.146749
8444,data/bench/ITC99_all_numeric/b20.bench,8417,3,False,0,39,79,0,727,0.146971
8445,data/bench/ITC99_all_numeric/b20.bench,8449,4,False,0,39,79,0,727,0.147161
8446,data/bench/ITC99_all_numeric/b20.bench,8475,4,False,0,39,79,0,570,0.14736
8447,data/bench/ITC99_all_numeric/b20.bench,8522,4,False,0,39,79,0,649,0.14687
8448,data/bench/ITC99_all_numeric/b20.bench,8527,4,False,0,39,79,0,570,0.14659
8449,data/bench/ITC99_all_numeric/b20.bench,8561,3,False,0,39,79,0,491,0.146939
8450,data/bench/ITC99_all_numeric/b20.bench,8564,4,False,0,39,79,0,569,0.149557
8451,data/bench/ITC99_all_numeric/b20.bench,8623,3,False,0,39,79,0,570,0.148267
8452,data/bench/ITC99_all_numeric/b20.bench,8668,4,False,0,39,79,0,649,0.149947
8453,data/bench/ITC99_all_numeric/b20.bench,8683,4,False,0,39,79,0,649,0.147697
8454,data/bench/ITC99_all_numeric/b20.bench,8690,3,False,0,39,79,0,491,0.15225
8455,data/bench/ITC99_all_numeric/b20.bench,8696,4,False,0,39,79,0,491,0.149394
8456,data/bench/ITC99_all_numeric/b20.bench,8714,3,False,0,39,79,0,491,0.149386
8457,data/bench/ITC99_all_numeric/b20.bench,8731,4,False,0,39,79,0,648,0.148399
8458,data/bench/ITC99_all_numeric/b20.bench,8751,3,False,0,39,79,0,492,0.147805
8459,data/bench/ITC99_all_numeric/b20.bench,8806,4,False,0,39,79,0,569,0.147066
8460,data/bench/ITC99_all_numeric/b20.bench,8846,4,False,0,767,1535,0,25090,2.712912
8461,data/bench/ITC99_all_numeric/b20.bench,8866,4,False,2,2791,5607,0,175486,10.000982
8462,data/bench/ITC99_all_numeric/b20.bench,8880,3,False,0,1,3,0,2,0.012344
8463,data/bench/ITC99_all_numeric/b20.bench,8914,4,False,2,2782,5589,0,186063,10.000212
8464,data/bench/ITC99_all_numeric/b20.bench,8975,4,False,0,191,383,0,3347,0.670497
8465,data/bench/ITC99_all_numeric/b20.bench,8997,3,False,0,127,255,0,2211,0.448437
8466,data/bench/ITC99_all_numeric/b20.bench,9004,3,False,0,31,63,0,406,0.1169
8467,data/bench/ITC99_all_numeric/b20.bench,9014,3,False,2,2884,5797,0,74475,10.001214
8468,data/bench/ITC99_all_numeric/b20.bench,9064,3,False,0,1439,2879,0,34119,5.010379
8469,data/bench/ITC99_all_numeric/b20.bench,9082,4,False,0,1439,2879,0,28362,4.976745
8470,data/bench/ITC99_all_numeric/b20.bench,9096,4,False,0,31,63,0,343,0.117405
8471,data/bench/ITC99_all_numeric/b20.bench,9164,4,False,0,2879,5759,0,68242,9.979923
8472,data/bench/ITC99_all_numeric/b20.bench,9193,3,False,0,63,127,0,852,0.226187
8473,data/bench/ITC99_all_numeric/b20.bench,9247,4,True,1,0,3,0,5,0.011318
8474,data/bench/ITC99_all_numeric/b20.bench,9288,3,True,1,0,2,0,1,0.008255
8475,data/bench/ITC99_all_numeric/b20.bench,9334,4,True,1,0,26,0,37,0.046423
8476,data/bench/ITC99_all_numeric/b20.bench,9337,3,True,1,0,29,0,41,0.048867
8477,data/bench/ITC99_all_numeric/b20.bench,9343,4,True,1,0,26,0,37,0.044845
8478,data/bench/ITC99_all_numeric/b20.bench,9351,3,True,1,0,28,0,52,0.047262
8479,data/bench/ITC99_all_numeric/b20.bench,9367,3,True,1,0,26,0,36,0.043822
8480,data/bench/ITC99_all_numeric/b20.bench,9389,3,True,1,0,22,0,20,0.038572
8481,data/bench/ITC99_all_numeric/b20.bench,9393,4,True,1,0,17,0,15,0.030751
8482,data/bench/ITC99_all_numeric/b20.bench,9414,4,True,1,0,3,0,1,0.010698
8483,data/bench/ITC99_all_numeric/b20.bench,9445,3,False,0,719,1439,0,15619,2.474658
8484,data/bench/ITC99_all_numeric/b20.bench,9512,3,False,0,19,39,0,323,0.075746
8485,data/bench/ITC99_all_numeric/b20.bench,9519,3,False,0,19,39,0,323,0.075798
8486,data/bench/ITC99_all_numeric/b20.bench,9553,3,False,0,1199,2399,0,26043,4.142489
8487,data/bench/ITC99_all_numeric/b20.bench,9607,4,False,0,2047,4095,0,45013,7.085104
8488,data/bench/ITC99_all_numeric/b20.bench,9609,3,False,0,143,287,0,3091,0.50574
8489,data/bench/ITC99_all_numeric/b20.bench,9670,3,False,2,2883,5787,0,60740,10.002795
8490,data/bench/ITC99_all_numeric/b20.bench,9703,4,False,0,95,191,0,2437,0.339138
8491,data/bench/ITC99_all_numeric/b20.bench,9713,4,False,0,2047,4095,0,65488,7.074249
8492,data/bench/ITC99_all_numeric/b20.bench,9747,3,False,0,143,287,0,3091,0.501168
8493,data/bench/ITC99_all_numeric/b20.bench,9752,3,False,0,2047,4095,0,57299,7.078802
8494,data/bench/ITC99_all_numeric/b20.bench,9819,3,False,0,19,39,0,362,0.075688
8495,data/bench/ITC99_all_numeric/b20.bench,9824,4,False,0,2047,4095,0,53203,7.08281
8496,data/bench/ITC99_all_numeric/b20.bench,9829,3,False,0,2047,4095,0,53203,7.120413
8497,data/bench/ITC99_all_numeric/b20.bench,9847,4,False,0,2047,4095,0,49108,7.072641
8498,data/bench/ITC99_all_numeric/b20.bench,9851,4,False,0,7,15,0,97,0.033291
8499,data/bench/ITC99_all_numeric/b20.bench,9856,4,False,0,2047,4095,0,45013,7.067285
8500,data/bench/ITC99_all_numeric/b20.bench,9858,4,False,0,2047,4095,0,45013,7.121129
8501,data/bench/ITC99_all_numeric/b20.bench,9866,4,False,0,479,959,0,12325,1.667989
8502,data/bench/ITC99_all_numeric/b20.bench,9903,4,False,0,2047,4095,0,53203,7.110247
8503,data/bench/ITC99_all_numeric/b20.bench,9947,3,False,0,111,223,0,2494,0.394513
8504,data/bench/ITC99_all_numeric/b20.bench,9956,4,False,0,2047,4095,0,45013,7.086251
8505,data/bench/ITC99_all_numeric/b20.bench,9968,4,False,0,2047,4095,0,49108,7.075917
8506,data/bench/ITC99_all_numeric/b20.bench,9997,3,False,0,19,39,0,362,0.075719
8507,data/bench/ITC99_all_numeric/b20.bench,10007,4,False,0,2047,4095,0,45013,7.070711
8508,data/bench/ITC99_all_numeric/b20.bench,10016,4,False,0,111,223,0,2494,0.392387
8509,data/bench/ITC99_all_numeric/b20.bench,10028,4,False,0,2399,4799,0,61687,8.334031
8510,data/bench/ITC99_all_numeric/b20.bench,10044,4,False,0,287,575,0,5035,1.004203
8511,data/bench/ITC99_all_numeric/b20.bench,10155,4,False,2,2871,5758,0,73979,10.002108
8512,data/bench/ITC99_all_numeric/b20.bench,10194,3,False,0,127,255,0,1958,0.45051
8513,data/bench/ITC99_all_numeric/b20.bench,10200,4,False,0,575,1151,0,14673,2.006412
8514,data/bench/ITC99_all_numeric/b20.bench,10203,3,False,0,191,383,0,3730,0.6721
8515,data/bench/ITC99_all_numeric/b20.bench,10215,3,False,0,95,191,0,1291,0.347088
8516,data/bench/ITC99_all_numeric/b20.bench,10219,3,False,0,23,47,0,257,0.089086
8517,data/bench/ITC99_all_numeric/b20.bench,10237,3,False,2,2888,5792,0,62836,10.001764
8518,data/bench/ITC99_all_numeric/b20.bench,10271,3,False,0,959,1919,0,16979,3.320571
8519,data/bench/ITC99_all_numeric/b20.bench,10316,4,False,0,2879,5759,0,68241,10.006415
8520,data/bench/ITC99_all_numeric/b20.bench,10326,3,False,0,2047,4095,0,45013,7.049172
8521,data/bench/ITC99_all_numeric/b20.bench,10343,4,False,0,2047,4095,0,57298,7.084409
8522,data/bench/ITC99_all_numeric/b20.bench,10350,4,False,0,2047,4095,0,40919,7.075646
8523,data/bench/ITC99_all_numeric/b20.bench,10445,4,False,0,2047,4095,0,49109,7.07216
8524,data/bench/ITC99_all_numeric/b20.bench,10454,4,False,0,2047,4095,0,57298,7.087918
8525,data/bench/ITC99_all_numeric/b20.bench,10594,3,False,0,2047,4095,0,45013,7.051097
8526,data/bench/ITC99_all_numeric/b20.bench,10636,4,False,0,479,959,0,10407,1.656462
8527,data/bench/ITC99_all_numeric/b20.bench,10653,3,False,0,95,191,0,2628,0.339017
8528,data/bench/ITC99_all_numeric/b20.bench,10679,4,False,0,2047,4095,0,53203,7.090576
8529,data/bench/ITC99_all_numeric/b20.bench,10714,3,False,0,2047,4095,0,53203,7.095501
8530,data/bench/ITC99_all_numeric/b20.bench,10748,4,False,0,2047,4095,0,53203,7.078168
8531,data/bench/ITC99_all_numeric/b20.bench,10762,4,False,2,2902,5822,0,66930,10.001097
8532,data/bench/ITC99_all_numeric/b20.bench,10764,3,False,2,2888,5806,0,49336,10.001341
8533,data/bench/ITC99_all_numeric/b20.bench,10821,4,False,0,2047,4095,0,45014,7.054141
8534,data/bench/ITC99_all_numeric/b20.bench,10888,4,False,0,95,191,0,2055,0.338231
8535,data/bench/ITC99_all_numeric/b20.bench,10891,4,False,0,143,287,0,3091,0.504291
8536,data/bench/ITC99_all_numeric/b20.bench,10907,4,False,2,2889,5797,0,86076,10.000993
8537,data/bench/ITC99_all_numeric/b20.bench,10944,3,False,0,287,575,0,8485,1.004088
8538,data/bench/ITC99_all_numeric/b20.bench,10982,3,False,0,2047,4095,0,49108,7.058113
8539,data/bench/ITC99_all_numeric/b20.bench,10987,3,False,0,2047,4095,0,57298,7.083812
8540,data/bench/ITC99_all_numeric/b20.bench,10997,4,False,0,15,31,0,233,0.061319
8541,data/bench/ITC99_all_numeric/b20.bench,11006,3,False,0,2047,4095,0,45013,7.087755
8542,data/bench/ITC99_all_numeric/b20.bench,11016,3,False,0,2047,4095,0,49108,7.075592
8543,data/bench/ITC99_all_numeric/b20.bench,11066,4,False,0,2047,4095,0,57298,7.065439
8544,data/bench/ITC99_all_numeric/b20.bench,11114,4,False,2,2871,5759,0,85521,10.000019
8545,data/bench/ITC99_all_numeric/b20.bench,11131,4,False,0,2047,4095,0,49108,7.070504
8546,data/bench/ITC99_all_numeric/b20.bench,11146,3,False,0,11,23,0,151,0.047192
8547,data/bench/ITC99_all_numeric/b20.bench,11183,4,False,0,2047,4095,0,49108,7.055404
8548,data/bench/ITC99_all_numeric/b20.bench,11187,4,False,0,2047,4095,0,45013,7.108076
8549,data/bench/ITC99_all_numeric/b20.bench,11232,4,False,0,19,39,0,323,0.076563
8550,data/bench/ITC99_all_numeric/b20.bench,11310,4,False,0,2047,4095,0,53203,7.120848
8551,data/bench/ITC99_all_numeric/b20.bench,11317,4,False,0,2047,4095,0,53203,7.073869
8552,data/bench/ITC99_all_numeric/b20.bench,11393,3,False,2,2878,5776,0,85766,10.000796
8553,data/bench/ITC99_all_numeric/b20.bench,11416,3,False,0,83,167,0,2706,0.296615
8554,data/bench/ITC99_all_numeric/b20.bench,11438,4,False,0,83,167,0,2372,0.296458
8555,data/bench/ITC99_all_numeric/b20.bench,11480,4,False,0,83,167,0,2539,0.296955
8556,data/bench/ITC99_all_numeric/b20.bench,11511,4,False,0,79,159,0,1463,0.283112
8557,data/bench/ITC99_all_numeric/b20.bench,11545,3,False,0,83,167,0,2372,0.297792
8558,data/bench/ITC99_all_numeric/b20.bench,11545,4,False,0,83,167,0,2372,0.297265
8559,data/bench/ITC99_all_numeric/b20.bench,11579,3,False,0,83,167,0,2873,0.299468
8560,data/bench/ITC99_all_numeric/b20.bench,11655,3,False,0,83,167,0,2706,0.298552
8561,data/bench/ITC99_all_numeric/b20.bench,11663,4,False,0,83,167,0,2873,0.298446
8562,data/bench/ITC99_all_numeric/b20.bench,11670,3,False,0,83,167,0,2539,0.298427
8563,data/bench/ITC99_all_numeric/b20.bench,11709,3,False,0,83,167,0,2706,0.298127
8564,data/bench/ITC99_all_numeric/b20.bench,11733,3,False,0,83,167,0,2205,0.297424
8565,data/bench/ITC99_all_numeric/b20.bench,11738,4,False,0,83,167,0,2706,0.299072
8566,data/bench/ITC99_all_numeric/b20.bench,11841,4,False,0,83,167,0,2706,0.303777
8567,data/bench/ITC99_all_numeric/b20.bench,11849,3,False,0,83,167,0,2706,0.299462
8568,data/bench/ITC99_all_numeric/b20.bench,11864,4,False,0,83,167,0,2539,0.299354
8569,data/bench/ITC99_all_numeric/b20.bench,11910,4,False,0,83,167,0,2706,0.301237
8570,data/bench/ITC99_all_numeric/b20.bench,11930,4,False,0,83,167,0,2539,0.298708
8571,data/bench/ITC99_all_numeric/b20.bench,11944,4,False,0,83,167,0,2706,0.298543
8572,data/bench/ITC99_all_numeric/b20.bench,11960,4,False,0,83,167,0,2539,0.297789
8573,data/bench/ITC99_all_numeric/b20.bench,11975,3,False,0,2047,4095,0,49108,7.082932
8574,data/bench/ITC99_all_numeric/b20.bench,11994,3,False,0,95,191,0,2437,0.338885
8575,data/bench/ITC99_all_numeric/b20.bench,12064,4,False,0,2047,4095,0,45013,7.072326
8576,data/bench/ITC99_all_numeric/b20.bench,12078,4,False,0,19,39,0,362,0.076036
8577,data/bench/ITC99_all_numeric/b20.bench,12131,4,False,0,31,63,0,551,0.117419
8578,data/bench/ITC99_all_numeric/b20.bench,12180,4,False,0,2047,4095,0,49108,7.066483
8579,data/bench/ITC99_all_numeric/b20.bench,12183,3,False,0,2047,4095,0,53203,7.082108
8580,data/bench/ITC99_all_numeric/b20.bench,12232,3,False,0,11,23,0,151,0.04761
8581,data/bench/ITC99_all_numeric/b20.bench,12258,4,False,0,111,223,0,2717,0.393716
8582,data/bench/ITC99_all_numeric/b20.bench,12265,4,False,2,2878,5775,0,91526,10.000799
8583,data/bench/ITC99_all_numeric/b20.bench,12266,4,False,0,2047,4095,0,53203,7.074813
8584,data/bench/ITC99_all_numeric/b20.bench,12341,4,False,0,19,39,0,323,0.076102
8585,data/bench/ITC99_all_numeric/b20.bench,12387,3,False,0,19,39,0,323,0.076015
8586,data/bench/ITC99_all_numeric/b20.bench,12443,4,False,0,15,31,0,233,0.061443
8587,data/bench/ITC99_all_numeric/b20.bench,12511,4,False,0,2047,4095,0,61393,7.165161
8588,data/bench/ITC99_all_numeric/b20.bench,12527,4,False,0,2047,4095,0,53203,7.189358
8589,data/bench/ITC99_all_numeric/b20.bench,12670,4,False,0,11,23,0,151,0.04962
8590,data/bench/ITC99_all_numeric/b20.bench,12682,3,False,0,19,39,0,401,0.079924
8591,data/bench/ITC99_all_numeric/b20.bench,12697,3,False,0,7,15,0,97,0.034191
8592,data/bench/ITC99_all_numeric/b20.bench,12812,4,False,0,2047,4095,0,53203,7.131513
8593,data/bench/ITC99_all_numeric/b20.bench,12823,4,False,0,15,31,0,233,0.06147
8594,data/bench/ITC99_all_numeric/b20.bench,12855,3,False,0,143,287,0,3378,0.501112
8595,data/bench/ITC99_all_numeric/b20.bench,12882,4,False,0,111,223,0,2494,0.392789
8596,data/bench/ITC99_all_numeric/b20.bench,12924,4,False,0,2047,4095,0,53203,7.196919
8597,data/bench/ITC99_all_numeric/b20.bench,12942,3,False,0,2047,4095,0,53203,7.122669
8598,data/bench/ITC99_all_numeric/b20.bench,12942,4,False,0,2047,4095,0,53203,7.173268
8599,data/bench/ITC99_all_numeric/b20.bench,12965,3,False,0,719,1439,0,15619,2.579047
8600,data/bench/ITC99_all_numeric/b20.bench,12983,4,False,0,19,39,0,323,0.077275
8601,data/bench/ITC99_all_numeric/b20.bench,13036,4,False,0,2047,4095,0,61393,7.261289
8602,data/bench/ITC99_all_numeric/b20.bench,13062,3,False,2,2907,5831,0,72864,10.000056
8603,data/bench/ITC99_all_numeric/b20.bench,13144,3,False,0,2047,4095,0,69583,7.11777
8604,data/bench/ITC99_all_numeric/b20.bench,13159,4,False,0,2047,4095,0,61393,7.150263
8605,data/bench/ITC99_all_numeric/b20.bench,13180,4,False,0,19,39,0,479,0.076766
8606,data/bench/ITC99_all_numeric/b20.bench,13207,4,False,0,2047,4095,0,65488,7.107194
8607,data/bench/ITC99_all_numeric/b20.bench,13241,3,False,0,15,31,0,264,0.061506
8608,data/bench/ITC99_all_numeric/b20.bench,13252,3,False,0,2047,4095,0,45013,7.073237
8609,data/bench/ITC99_all_numeric/b20.bench,13261,3,False,0,2047,4095,0,53203,7.108483
8610,data/bench/ITC99_all_numeric/b20.bench,13268,3,False,0,19,39,0,440,0.076698
8611,data/bench/ITC99_all_numeric/b20.bench,13297,3,False,0,239,479,0,4243,0.836145
8612,data/bench/ITC99_all_numeric/b20.bench,13355,4,False,0,19,39,0,323,0.076411
8613,data/bench/ITC99_all_numeric/b20.bench,13410,4,False,0,2047,4095,0,49108,7.099429
8614,data/bench/ITC99_all_numeric/b20.bench,13435,4,False,0,2047,4095,0,45013,7.076434
8615,data/bench/ITC99_all_numeric/b20.bench,13491,3,False,0,19,39,0,362,0.076064
8616,data/bench/ITC99_all_numeric/b20.bench,13517,4,False,0,2047,4095,0,45013,7.085321
8617,data/bench/ITC99_all_numeric/b20.bench,13540,3,False,0,287,575,0,8485,1.002066
8618,data/bench/ITC99_all_numeric/b20.bench,13560,4,False,0,2047,4095,0,45013,7.053732
8619,data/bench/ITC99_all_numeric/b20.bench,13562,3,False,0,95,191,0,2246,0.33722
8620,data/bench/ITC99_all_numeric/b20.bench,13573,3,False,0,2047,4095,0,40919,7.075029
8621,data/bench/ITC99_all_numeric/b20.bench,13631,4,False,0,1439,2879,0,39878,4.962585
8622,data/bench/ITC99_all_numeric/b20.bench,13691,4,False,2,2870,5759,0,60450,10.000171
8623,data/bench/ITC99_all_numeric/b20.bench,13693,3,False,0,2047,4095,0,45013,7.110142
8624,data/bench/ITC99_all_numeric/b20.bench,13703,3,False,0,1439,2879,0,36999,5.009965
8625,data/bench/ITC99_all_numeric/b20.bench,13728,4,False,0,2047,4095,0,45013,7.107821
8626,data/bench/ITC99_all_numeric/b20.bench,13755,3,False,0,11,23,0,151,0.047631
8627,data/bench/ITC99_all_numeric/b20.bench,13756,3,False,0,2047,4095,0,40919,7.092989
8628,data/bench/ITC99_all_numeric/b20.bench,13773,3,False,0,2047,4095,0,53203,7.081813
8629,data/bench/ITC99_all_numeric/b20.bench,13814,3,False,0,2047,4095,0,45013,7.098485
8630,data/bench/ITC99_all_numeric/b20.bench,13840,4,False,0,2047,4095,0,40919,7.081613
8631,data/bench/ITC99_all_numeric/b20.bench,13870,4,False,0,2047,4095,0,53203,7.108633
8632,data/bench/ITC99_all_numeric/b20.bench,13885,4,False,0,143,287,0,3378,0.505235
8633,data/bench/ITC99_all_numeric/b20.bench,13946,3,False,0,2047,4095,0,45013,7.080828
8634,data/bench/ITC99_all_numeric/b20.bench,13949,4,False,0,2047,4095,0,53204,7.126931
8635,data/bench/ITC99_all_numeric/b20.bench,13959,3,False,0,2047,4095,0,45013,7.153399
8636,data/bench/ITC99_all_numeric/b20.bench,14016,3,False,0,2047,4095,0,49108,7.116579
8637,data/bench/ITC99_all_numeric/b20.bench,14110,4,False,0,2047,4095,0,49108,7.080203
8638,data/bench/ITC99_all_numeric/b20.bench,14171,3,False,0,2399,4799,0,66486,8.332123
8639,data/bench/ITC99_all_numeric/b20.bench,14175,4,False,0,2047,4095,0,45013,7.079342
8640,data/bench/ITC99_all_numeric/b20.bench,14238,3,False,0,2047,4095,0,49108,7.133528
8641,data/bench/ITC99_all_numeric/b20.bench,14258,4,False,0,19,39,0,323,0.076371
8642,data/bench/ITC99_all_numeric/b20.bench,14277,3,False,0,2047,4095,0,45013,7.091429
8643,data/bench/ITC99_all_numeric/b20.bench,14316,4,False,0,2047,4095,0,53203,7.052651
8644,data/bench/ITC99_all_numeric/b20.bench,14374,3,False,0,2047,4095,0,49108,7.130828
8645,data/bench/ITC99_all_numeric/b20.bench,14413,3,False,0,479,959,0,10407,1.678016
8646,data/bench/ITC99_all_numeric/b20.bench,14414,3,False,0,2047,4095,0,45013,7.102858
8647,data/bench/ITC99_all_numeric/b20.bench,14429,3,False,0,2047,4095,0,45013,7.123477
8648,data/bench/ITC99_all_numeric/b20.bench,14430,4,False,0,19,39,0,323,0.076712
8649,data/bench/ITC99_all_numeric/b20.bench,14464,4,False,2,2864,5753,0,60389,10.001001
8650,data/bench/ITC99_all_numeric/b20.bench,14497,4,False,0,143,287,0,3378,0.514259
8651,data/bench/ITC99_all_numeric/b20.bench,14559,3,False,0,111,223,0,2494,0.402516
8652,data/bench/ITC99_all_numeric/b20.bench,14661,4,False,0,269,539,0,1878,0.969097
8653,data/bench/ITC99_all_numeric/b20.bench,14673,3,False,0,2429,4859,0,26628,8.570171
8654,data/bench/ITC99_all_numeric/b20.bench,14693,3,True,1,0,6,0,5,0.016035
8655,data/bench/ITC99_all_numeric/b20.bench,14885,4,False,0,119,239,0,2262,0.428399
8656,data/bench/ITC99_all_numeric/b20.bench,14886,4,False,2,2800,5630,0,115240,10.000875
8657,data/bench/ITC99_all_numeric/b20.bench,14906,4,False,2,2800,5627,0,103927,10.000865
8658,data/bench/ITC99_all_numeric/b20.bench,14919,4,False,0,19,39,0,285,0.076222
8659,data/bench/ITC99_all_numeric/b20.bench,14939,3,False,2,2822,5674,0,110442,10.000111
8660,data/bench/ITC99_all_numeric/b20.bench,14946,4,False,2,2800,5623,0,115096,10.003265
8661,data/bench/ITC99_all_numeric/b20.bench,14978,3,False,2,2801,5624,0,83574,10.001599
8662,data/bench/ITC99_all_numeric/b20.bench,15003,3,True,1,0,3,0,1,0.013797
8663,data/bench/ITC99_all_numeric/b20.bench,15050,3,False,0,19,39,0,324,0.080598
8664,data/bench/ITC99_all_numeric/b20.bench,15068,3,False,0,239,479,0,5007,0.889562
8665,data/bench/ITC99_all_numeric/b20.bench,15075,3,False,2,2800,5633,0,109643,10.001239
8666,data/bench/ITC99_all_numeric/b20.bench,15151,3,False,2,2820,5671,0,93374,10.00104
8667,data/bench/ITC99_all_numeric/b20.bench,15153,4,False,2,2805,5643,0,92938,10.00129
8668,data/bench/ITC99_all_numeric/b20.bench,15160,3,False,2,2820,5671,0,93374,10.000037
8669,data/bench/ITC99_all_numeric/b20.bench,15231,3,False,2,2813,5656,0,98780,10.000596
8670,data/bench/ITC99_all_numeric/b20.bench,15251,4,False,0,1199,2399,0,29887,4.236671
8671,data/bench/ITC99_all_numeric/b20.bench,15292,4,False,2,2800,5626,0,92658,10.000592
8672,data/bench/ITC99_all_numeric/b20.bench,15295,3,False,2,2817,5661,0,93208,10.001296
8673,data/bench/ITC99_all_numeric/b20.bench,15301,4,False,2,2814,5657,0,98797,10.001329
8674,data/bench/ITC99_all_numeric/b20.bench,15344,3,False,0,19,39,0,363,0.07684
8675,data/bench/ITC99_all_numeric/b20.bench,15391,3,False,2,2800,5633,0,98406,10.001006
8676,data/bench/ITC99_all_numeric/b20.bench,15428,4,False,2,2805,5637,0,104111,10.000531
8677,data/bench/ITC99_all_numeric/b20.bench,15485,4,False,2,2814,5654,0,104425,10.001278
8678,data/bench/ITC99_all_numeric/b20.bench,15487,4,False,2,2800,5625,0,92642,10.002677
8679,data/bench/ITC99_all_numeric/b20.bench,15497,4,False,0,3,7,0,17,0.032623
8680,data/bench/ITC99_all_numeric/b20.bench,15511,4,False,0,71,143,0,981,0.261041
8681,data/bench/ITC99_all_numeric/b20.bench,15517,4,False,0,239,479,0,4049,0.850634
8682,data/bench/ITC99_all_numeric/b20.bench,15603,4,False,2,2818,5657,0,70554,10.000083
8683,data/bench/ITC99_all_numeric/b20.bench,15608,4,False,2,2805,5634,0,64628,10.001549
8684,data/bench/ITC99_all_numeric/b20.bench,15627,3,False,0,1199,2399,0,22689,4.24279
8685,data/bench/ITC99_all_numeric/b20.bench,15661,4,False,0,1,3,0,2,0.012876
8686,data/bench/ITC99_all_numeric/b20.bench,15818,4,False,0,1199,2399,0,27489,4.247619
8687,data/bench/ITC99_all_numeric/b20.bench,15832,4,False,0,287,575,0,5649,1.015987
8688,data/bench/ITC99_all_numeric/b20.bench,15863,4,False,2,2814,5655,0,64869,10.000193
8689,data/bench/ITC99_all_numeric/b20.bench,15895,3,False,0,95,191,0,1140,0.34231
8690,data/bench/ITC99_all_numeric/b20.bench,15911,4,False,0,15,31,0,190,0.062139
8691,data/bench/ITC99_all_numeric/b20.bench,15956,3,False,0,719,1439,0,13601,2.53663
8692,data/bench/ITC99_all_numeric/b20.bench,15969,3,False,0,2159,4319,0,45250,7.602531
8693,data/bench/ITC99_all_numeric/b20.bench,15972,3,False,2,2825,5671,0,65053,10.000587
8694,data/bench/ITC99_all_numeric/b20.bench,15980,4,False,0,31,63,0,499,0.119083
8695,data/bench/ITC99_all_numeric/b20.bench,16012,3,False,2,2810,5653,0,98729,10.000558
8696,data/bench/ITC99_all_numeric/b20.bench,16017,3,False,0,19,39,0,285,0.076601
8697,data/bench/ITC99_all_numeric/b20.bench,16141,3,False,0,19,39,0,441,0.076782
8698,data/bench/ITC99_all_numeric/b20.bench,16183,4,False,2,2795,5622,0,103834,10.000184
8699,data/bench/ITC99_all_numeric/b20.bench,16222,3,False,2,2790,5606,0,109143,10.001042
8700,data/bench/ITC99_all_numeric/b20.bench,16316,3,False,0,7,15,0,97,0.036804
8701,data/bench/ITC99_all_numeric/b20.bench,16538,3,False,2,2804,5638,0,92829,10.000941
8702,data/bench/ITC99_all_numeric/b20.bench,16555,4,False,0,1199,2399,0,29887,4.390904
8703,data/bench/ITC99_all_numeric/b20.bench,16617,3,False,2,2804,5637,0,109720,10.001018
8704,data/bench/ITC99_all_numeric/b20.bench,16621,3,False,2,2817,5661,0,104528,10.000924
8705,data/bench/ITC99_all_numeric/b20.bench,16642,3,False,0,47,95,0,1139,0.176924
8706,data/bench/ITC99_all_numeric/b20.bench,16674,4,False,2,2776,5582,0,91933,10.000524
8707,data/bench/ITC99_all_numeric/b20.bench,16679,4,False,0,19,39,0,285,0.076197
8708,data/bench/ITC99_all_numeric/b20.bench,16684,4,False,2,2808,5646,0,98605,10.001447
8709,data/bench/ITC99_all_numeric/b20.bench,16700,4,False,0,7,15,0,97,0.033431
8710,data/bench/ITC99_all_numeric/b20.bench,16722,3,False,2,2814,5651,0,104370,10.000601
8711,data/bench/ITC99_all_numeric/b20.bench,16740,4,False,2,2787,5603,0,103443,10.000191
8712,data/bench/ITC99_all_numeric/b20.bench,16756,4,False,0,19,39,0,324,0.076703
8713,data/bench/ITC99_all_numeric/b20.bench,16812,4,False,0,47,95,0,1329,0.175804
8714,data/bench/ITC99_all_numeric/b20.bench,16832,4,False,2,2780,5578,0,80613,10.000027
8715,data/bench/ITC99_all_numeric/b20.bench,16857,3,False,0,19,39,0,324,0.077452
8716,data/bench/ITC99_all_numeric/b20.bench,16900,4,False,2,2776,5585,0,91982,10.001555
8717,data/bench/ITC99_all_numeric/b20.bench,16903,4,False,0,359,719,0,7519,1.291929
8718,data/bench/ITC99_all_numeric/b20.bench,16916,3,False,2,2806,5637,0,98482,10.000963
8719,data/bench/ITC99_all_numeric/b20.bench,16930,3,False,2,2791,5605,0,103516,10.000726
8720,data/bench/ITC99_all_numeric/b20.bench,17041,3,False,2,2785,5588,0,80864,10.001126
8721,data/bench/ITC99_all_numeric/b20.bench,17048,4,False,2,2772,5567,0,113957,10.000472
8722,data/bench/ITC99_all_numeric/b20.bench,17096,4,False,2,2790,5604,0,97905,10.000433
8723,data/bench/ITC99_all_numeric/b20.bench,17184,3,False,0,19,39,0,285,0.076801
8724,data/bench/ITC99_all_numeric/b20.bench,17184,4,False,0,19,39,0,285,0.076135
8725,data/bench/ITC99_all_numeric/b20.bench,17192,4,False,2,2776,5577,0,91850,10.00011
8726,data/bench/ITC99_all_numeric/b20.bench,17224,4,False,0,19,39,0,324,0.078197
8727,data/bench/ITC99_all_numeric/b20.bench,17242,4,False,0,47,95,0,949,0.177634
8728,data/bench/ITC99_all_numeric/b20.bench,17244,4,False,0,19,39,0,351,0.076453
8729,data/bench/ITC99_all_numeric/b20.bench,17275,4,False,0,359,719,0,8957,1.280024
8730,data/bench/ITC99_all_numeric/b20.bench,17386,3,False,2,2727,5473,0,95608,10.001106
8731,data/bench/ITC99_all_numeric/b20.bench,17432,3,False,2,2785,5587,0,92014,10.003002
8732,data/bench/ITC99_all_numeric/b20.bench,17566,4,False,2,2805,5637,0,87106,10.001201
8733,data/bench/ITC99_all_numeric/b20.bench,17685,4,False,2,2814,5658,0,93185,10.000719
8734,data/bench/ITC99_all_numeric/b20.bench,17687,3,False,0,19,39,0,285,0.077135
8735,data/bench/ITC99_all_numeric/b20.bench,17783,3,False,2,2817,5668,0,93326,10.000851
8736,data/bench/ITC99_all_numeric/b20.bench,17864,3,False,0,19,39,0,402,0.077242
8737,data/bench/ITC99_all_numeric/b20.bench,17939,4,False,2,2805,5636,0,104093,10.000472
8738,data/bench/ITC99_all_numeric/b20.bench,17954,3,False,0,19,39,0,285,0.076943
8739,data/bench/ITC99_all_numeric/b20.bench,18019,3,False,2,2810,5651,0,93044,10.00025
8740,data/bench/ITC99_all_numeric/b20.bench,18023,4,False,0,19,39,0,285,0.076848
8741,data/bench/ITC99_all_numeric/b20.bench,18025,3,False,2,2793,5621,0,92550,10.001267
8742,data/bench/ITC99_all_numeric/b20.bench,18028,4,False,2,2795,5611,0,92410,10.001965
8743,data/bench/ITC99_all_numeric/b20.bench,18032,3,False,2,2800,5631,0,104014,10.00022
8744,data/bench/ITC99_all_numeric/b20.bench,18109,3,False,2,2792,5614,0,92433,10.001321
8745,data/bench/ITC99_all_numeric/b20.bench,18120,4,False,2,2817,5668,0,110315,10.001018
8746,data/bench/ITC99_all_numeric/b20.bench,18125,4,False,2,2819,5669,0,93367,10.000944
8747,data/bench/ITC99_all_numeric/b20.bench,18155,3,False,2,2832,5691,0,99417,10.001495
8748,data/bench/ITC99_all_numeric/b20.bench,18167,4,False,0,19,39,0,324,0.075435
8749,data/bench/ITC99_all_numeric/b20.bench,18228,4,False,2,2800,5633,0,92774,10.000081
8750,data/bench/ITC99_all_numeric/b20.bench,18285,3,False,2,2799,5632,0,92731,10.000579
8751,data/bench/ITC99_all_numeric/b20.bench,18392,3,False,0,239,479,0,5007,0.863173
8752,data/bench/ITC99_all_numeric/b20.bench,18466,3,False,2,2768,5568,0,91675,10.000625
8753,data/bench/ITC99_all_numeric/b20.bench,18485,4,False,0,19,39,0,285,0.076996
8754,data/bench/ITC99_all_numeric/b20.bench,18487,4,False,2,2776,5579,0,91883,10.000949
8755,data/bench/ITC99_all_numeric/b20.bench,18491,4,False,0,19,39,0,285,0.076724
8756,data/bench/ITC99_all_numeric/b20.bench,18560,4,False,2,2762,5555,0,102568,10.00188
8757,data/bench/ITC99_all_numeric/b20.bench,18591,4,False,2,2795,5619,0,92543,10.000186
8758,data/bench/ITC99_all_numeric/b20.bench,18621,3,False,2,2819,5659,0,98859,10.001957
8759,data/bench/ITC99_all_numeric/b20.bench,18625,3,False,2,2792,5615,0,131748,10.001292
8760,data/bench/ITC99_all_numeric/b20.bench,18645,4,False,2,2792,5617,0,103733,10.000142
8761,data/bench/ITC99_all_numeric/b20.bench,18711,4,False,2,2804,5639,0,109760,10.000682
8762,data/bench/ITC99_all_numeric/b20.bench,18795,3,False,2,2772,5576,0,91806,10.000609
8763,data/bench/ITC99_all_numeric/b20.bench,18796,3,False,0,19,39,0,441,0.077152
8764,data/bench/ITC99_all_numeric/b20.bench,18806,4,False,2,2805,5645,0,92971,10.000452
8765,data/bench/ITC99_all_numeric/b20.bench,18807,4,False,2,2820,5668,0,104675,10.001227
8766,data/bench/ITC99_all_numeric/b20.bench,18812,4,False,0,19,39,0,363,0.07613
8767,data/bench/ITC99_all_numeric/b20.bench,18831,3,False,2,2817,5660,0,98850,10.001226
8768,data/bench/ITC99_all_numeric/b20.bench,18861,4,False,2,2800,5627,0,92675,10.001339
8769,data/bench/ITC99_all_numeric/b20.bench,18876,4,False,0,1079,2159,0,22623,3.807215
8770,data/bench/ITC99_all_numeric/b20.bench,18900,3,False,0,19,39,0,363,0.076272
8771,data/bench/ITC99_all_numeric/b20.bench,18919,3,False,0,2159,4319,0,71163,7.638901
8772,data/bench/ITC99_all_numeric/b20.bench,18920,3,False,0,2159,4319,0,66844,7.662246
8773,data/bench/ITC99_all_numeric/b20.bench,18994,3,False,0,2159,4319,0,66844,7.659187
8774,data/bench/ITC99_all_numeric/b20.bench,18998,4,False,0,19,39,0,363,0.0765
8775,data/bench/ITC99_all_numeric/b20.bench,18999,4,False,2,2805,5642,0,104204,10.001153
8776,data/bench/ITC99_all_numeric/b20.bench,19008,3,False,0,19,39,0,363,0.076358
8777,data/bench/ITC99_all_numeric/b20.bench,19026,3,False,2,2785,5595,0,148087,10.00023
8778,data/bench/ITC99_all_numeric/b20.bench,19038,4,False,0,19,39,0,441,0.077402
8779,data/bench/ITC99_all_numeric/b20.bench,19056,3,False,0,119,239,0,2740,0.432319
8780,data/bench/ITC99_all_numeric/b20.bench,19075,3,False,0,19,39,0,363,0.075967
8781,data/bench/ITC99_all_numeric/b20.bench,19095,4,False,0,19,39,0,402,0.07685
8782,data/bench/ITC99_all_numeric/b20.bench,19108,4,False,0,1799,3599,0,55636,6.408558
8783,data/bench/ITC99_all_numeric/b20.bench,19164,3,False,0,19,39,0,363,0.076873
8784,data/bench/ITC99_all_numeric/b20.bench,19245,4,False,2,2819,5662,0,93251,10.000288
8785,data/bench/ITC99_all_numeric/b20.bench,19279,4,False,2,2814,5646,0,104277,10.002731
8786,data/bench/ITC99_all_numeric/b20.bench,19426,4,False,2,2776,5581,0,91916,10.000351
8787,data/bench/ITC99_all_numeric/b20.bench,19503,3,False,2,2798,5629,0,103938,10.000405
8788,data/bench/ITC99_all_numeric/b20.bench,19511,4,False,2,2805,5642,0,104204,10.000106
8789,data/bench/ITC99_all_numeric/b20.bench,19607,4,False,2,2841,5711,0,82626,10.000836
8790,data/bench/ITC99_all_numeric/b20.bench,19616,4,False,2,2836,5701,0,82481,10.001207
8791,data/bench/ITC99_all_numeric/b20.bench,19667,4,False,2,2819,5668,0,99019,10.000831
8792,data/bench/ITC99_all_numeric/b20.bench,19738,3,False,2,2817,5656,0,87482,10.002824
8793,data/bench/ITC99_all_numeric/b20.bench,19767,3,False,2,2819,5659,0,81887,10.004016
8794,data/bench/ITC99_all_numeric/b20.bench,19777,4,False,2,2807,5643,0,92924,10.000034
8795,data/bench/ITC99_all_numeric/b20.bench,19784,4,False,0,359,719,0,8238,1.293769
8796,data/bench/ITC99_all_numeric/b20.bench,19846,4,False,2,2813,5654,0,81799,10.001333
8797,data/bench/ITC99_all_numeric/b20.bench,19853,4,False,2,2822,5673,0,99078,10.001766
8798,data/bench/ITC99_all_numeric/b20.bench,19871,3,False,2,2785,5594,0,103316,10.000233
8799,data/bench/ITC99_all_numeric/b20.bench,19878,4,False,0,11,23,0,174,0.049111
8800,data/bench/ITC99_all_numeric/b20.bench,19905,4,False,0,23,47,0,380,0.093848
8801,data/bench/ITC99_all_numeric/b20.bench,19906,3,False,2,2765,5564,0,108298,10.001966
8802,data/bench/ITC99_all_numeric/b20.bench,19957,4,False,0,19,39,0,363,0.07611
8803,data/bench/ITC99_all_numeric/b20.bench,19959,3,False,2,2776,5575,0,102965,10.000459
8804,data/bench/ITC99_all_numeric/b20.bench,19978,4,False,0,71,143,0,1267,0.261623
8805,data/bench/ITC99_all_numeric/b20.bench,20058,4,False,0,19,39,0,285,0.077555
8806,data/bench/ITC99_all_numeric/b20.bench,20098,4,False,0,47,95,0,759,0.177083
8807,data/bench/ITC99_all_numeric/b20.bench,20155,3,False,2,2776,5575,0,91817,10.003975
8808,data/bench/ITC99_all_numeric/b21.bench,39,3,True,1,0,5,0,0,0.019335
8809,data/bench/ITC99_all_numeric/b21.bench,74,3,False,2,0,6561,0,0,10.001232
8810,data/bench/ITC99_all_numeric/b21.bench,99,4,False,2,0,6588,0,0,10.000595
8811,data/bench/ITC99_all_numeric/b21.bench,258,3,True,1,0,3,0,1,0.011237
8812,data/bench/ITC99_all_numeric/b21.bench,280,3,True,1,0,5,0,0,0.013756
8813,data/bench/ITC99_all_numeric/b21.bench,302,3,True,1,0,5,0,0,0.013434
8814,data/bench/ITC99_all_numeric/b21.bench,304,3,True,1,0,3,0,1,0.009778
8815,data/bench/ITC99_all_numeric/b21.bench,334,3,False,2,0,6606,0,0,10.000523
8816,data/bench/ITC99_all_numeric/b21.bench,340,3,False,2,0,6591,0,0,10.001058
8817,data/bench/ITC99_all_numeric/b21.bench,455,3,True,1,0,3,0,0,0.011649
8818,data/bench/ITC99_all_numeric/b21.bench,459,3,False,2,0,6549,0,0,10.001732
8819,data/bench/ITC99_all_numeric/b21.bench,477,4,False,2,0,6542,0,0,10.000579
8820,data/bench/ITC99_all_numeric/b21.bench,585,3,False,2,2853,5729,0,71570,10.000181
8821,data/bench/ITC99_all_numeric/b21.bench,595,3,False,2,2854,5734,0,71633,10.000752
8822,data/bench/ITC99_all_numeric/b21.bench,622,4,False,2,2858,5744,0,83240,10.000123
8823,data/bench/ITC99_all_numeric/b21.bench,631,3,False,2,2840,5699,0,82587,10.001299
8824,data/bench/ITC99_all_numeric/b21.bench,637,4,False,2,2830,5698,0,82573,10.000311
8825,data/bench/ITC99_all_numeric/b21.bench,650,4,False,2,2843,5706,0,82688,10.007786
8826,data/bench/ITC99_all_numeric/b21.bench,698,4,False,2,2823,5670,0,93519,10.000277
8827,data/bench/ITC99_all_numeric/b21.bench,703,4,False,2,2853,5740,0,83183,10.000278
8828,data/bench/ITC99_all_numeric/b21.bench,737,4,False,0,399,799,0,10112,1.417551
8829,data/bench/ITC99_all_numeric/b21.bench,759,3,False,0,399,799,0,12500,1.41442
8830,data/bench/ITC99_all_numeric/b21.bench,766,4,False,0,399,799,0,12500,1.426762
8831,data/bench/ITC99_all_numeric/b21.bench,774,4,False,0,399,799,0,12500,1.42393
8832,data/bench/ITC99_all_numeric/b21.bench,800,3,False,0,7,15,0,62,0.034144
8833,data/bench/ITC99_all_numeric/b21.bench,803,4,False,0,7,15,0,62,0.033656
8834,data/bench/ITC99_all_numeric/b21.bench,837,3,False,2,2798,5622,0,64621,10.000283
8835,data/bench/ITC99_all_numeric/b21.bench,927,3,False,2,2791,5612,0,86957,10.000176
8836,data/bench/ITC99_all_numeric/b21.bench,944,3,False,2,2796,5632,0,87267,10.001189
8837,data/bench/ITC99_all_numeric/b21.bench,963,4,False,0,399,799,0,12307,1.484774
8838,data/bench/ITC99_all_numeric/b21.bench,1036,3,False,0,63,127,0,1556,0.236051
8839,data/bench/ITC99_all_numeric/b21.bench,1054,3,False,0,39,79,0,885,0.157693
8840,data/bench/ITC99_all_numeric/b21.bench,1064,3,False,0,19,39,0,129,0.07726
8841,data/bench/ITC99_all_numeric/b21.bench,1075,3,False,0,39,79,0,885,0.148867
8842,data/bench/ITC99_all_numeric/b21.bench,1077,4,False,0,19,39,0,168,0.077437
8843,data/bench/ITC99_all_numeric/b21.bench,1135,4,False,0,39,79,0,885,0.148876
8844,data/bench/ITC99_all_numeric/b21.bench,1182,4,False,0,19,39,0,206,0.076874
8845,data/bench/ITC99_all_numeric/b21.bench,1221,4,False,0,19,39,0,206,0.077144
8846,data/bench/ITC99_all_numeric/b21.bench,1283,3,False,0,19,39,0,129,0.076874
8847,data/bench/ITC99_all_numeric/b21.bench,1290,4,False,0,19,39,0,206,0.076947
8848,data/bench/ITC99_all_numeric/b21.bench,1385,4,False,0,359,719,0,7819,1.295615
8849,data/bench/ITC99_all_numeric/b21.bench,1387,4,False,0,63,127,0,1429,0.237046
8850,data/bench/ITC99_all_numeric/b21.bench,1426,4,False,2,2848,5713,0,59956,10.000358
8851,data/bench/ITC99_all_numeric/b21.bench,1449,3,False,2,2848,5723,0,77226,10.000286
8852,data/bench/ITC99_all_numeric/b21.bench,1456,3,False,0,431,863,0,13524,1.536791
8853,data/bench/ITC99_all_numeric/b21.bench,1457,4,False,0,111,223,0,1602,0.421875
8854,data/bench/ITC99_all_numeric/b21.bench,1458,3,False,0,111,223,0,1379,0.407319
8855,data/bench/ITC99_all_numeric/b21.bench,1494,4,False,2,2719,5468,0,252816,10.000512
8856,data/bench/ITC99_all_numeric/b21.bench,1524,3,False,0,2047,4095,0,36823,7.199017
8857,data/bench/ITC99_all_numeric/b21.bench,1530,3,False,0,2047,4095,0,36823,7.256162
8858,data/bench/ITC99_all_numeric/b21.bench,1641,3,False,0,19,39,0,323,0.076661
8859,data/bench/ITC99_all_numeric/b21.bench,1647,4,False,0,19,39,0,323,0.078245
8860,data/bench/ITC99_all_numeric/b21.bench,1675,3,False,2,2825,5690,0,59725,10.00055
8861,data/bench/ITC99_all_numeric/b21.bench,1723,3,False,2,2815,5657,0,59378,10.001629
8862,data/bench/ITC99_all_numeric/b21.bench,1750,3,False,0,19,39,0,401,0.077612
8863,data/bench/ITC99_all_numeric/b21.bench,1770,3,False,0,2047,4095,0,53203,7.237247
8864,data/bench/ITC99_all_numeric/b21.bench,1779,3,False,0,2047,4095,0,53203,7.272351
8865,data/bench/ITC99_all_numeric/b21.bench,1803,4,False,0,2047,4095,0,53203,7.221096
8866,data/bench/ITC99_all_numeric/b21.bench,1831,4,False,0,2047,4095,0,49109,7.234248
8867,data/bench/ITC99_all_numeric/b21.bench,1842,4,False,0,83,167,0,2038,0.301738
8868,data/bench/ITC99_all_numeric/b21.bench,1905,3,False,0,83,167,0,2038,0.302735
8869,data/bench/ITC99_all_numeric/b21.bench,1968,3,False,0,83,167,0,1871,0.302126
8870,data/bench/ITC99_all_numeric/b21.bench,1969,3,False,2,2825,5674,0,72916,10.000322
8871,data/bench/ITC99_all_numeric/b21.bench,2002,3,False,0,31,63,0,551,0.118791
8872,data/bench/ITC99_all_numeric/b21.bench,2022,4,False,2,2825,5689,0,76767,10.001361
8873,data/bench/ITC99_all_numeric/b21.bench,2046,4,False,0,251,503,0,10129,0.905379
8874,data/bench/ITC99_all_numeric/b21.bench,2064,4,False,0,299,599,0,11167,1.082447
8875,data/bench/ITC99_all_numeric/b21.bench,2074,4,True,1,0,3,0,3,0.01255
8876,data/bench/ITC99_all_numeric/b21.bench,2086,4,False,0,83,167,0,3207,0.309155
8877,data/bench/ITC99_all_numeric/b21.bench,2102,3,False,0,199,399,0,5453,0.726734
8878,data/bench/ITC99_all_numeric/b21.bench,2163,4,False,2,2825,5687,0,93783,10.001176
8879,data/bench/ITC99_all_numeric/b21.bench,2252,4,False,2,2853,5732,0,88810,10.000152
8880,data/bench/ITC99_all_numeric/b21.bench,2269,3,False,2,2853,5741,0,77458,10.001025
8881,data/bench/ITC99_all_numeric/b21.bench,2304,3,False,2,2840,5696,0,88250,10.002081
8882,data/bench/ITC99_all_numeric/b21.bench,2321,3,False,0,39,79,0,492,0.147543
8883,data/bench/ITC99_all_numeric/b21.bench,2408,3,False,0,39,79,0,492,0.147596
8884,data/bench/ITC99_all_numeric/b21.bench,2487,3,False,0,2047,4095,0,81868,7.261947
8885,data/bench/ITC99_all_numeric/b21.bench,2489,3,False,2,2839,5704,0,59866,10.000133
8886,data/bench/ITC99_all_numeric/b21.bench,2491,4,False,0,239,479,0,6638,0.876641
8887,data/bench/ITC99_all_numeric/b21.bench,2515,4,False,0,1199,2399,0,42836,4.261291
8888,data/bench/ITC99_all_numeric/b21.bench,2524,4,False,2,2830,5697,0,59798,10.000283
8889,data/bench/ITC99_all_numeric/b21.bench,2699,3,False,2,2853,5739,0,77430,10.001041
8890,data/bench/ITC99_all_numeric/b21.bench,2736,3,False,0,287,575,0,6185,1.01979
8891,data/bench/ITC99_all_numeric/b21.bench,2752,4,False,0,479,959,0,8489,1.697887
8892,data/bench/ITC99_all_numeric/b21.bench,2779,4,False,2,2859,5741,0,77459,10.000114
8893,data/bench/ITC99_all_numeric/b21.bench,2858,4,False,2,2838,5696,0,76848,10.001369
8894,data/bench/ITC99_all_numeric/b21.bench,2885,3,False,2,2792,5604,0,81223,10.000932
8895,data/bench/ITC99_all_numeric/b21.bench,2889,4,False,2,2843,5715,0,82832,10.001061
8896,data/bench/ITC99_all_numeric/b21.bench,2927,3,False,0,199,399,0,5055,0.708416
8897,data/bench/ITC99_all_numeric/b21.bench,2930,4,False,0,399,799,0,9313,1.406677
8898,data/bench/ITC99_all_numeric/b21.bench,2952,4,False,0,399,799,0,9313,1.409935
8899,data/bench/ITC99_all_numeric/b21.bench,2970,4,False,0,399,799,0,9313,1.407867
8900,data/bench/ITC99_all_numeric/b21.bench,2989,3,False,0,2047,4095,0,49108,7.309323
8901,data/bench/ITC99_all_numeric/b21.bench,3046,4,False,0,2047,4095,0,49108,7.201831
8902,data/bench/ITC99_all_numeric/b21.bench,3054,4,False,0,2047,4095,0,45013,7.372805
8903,data/bench/ITC99_all_numeric/b21.bench,3115,3,False,0,431,863,0,9209,1.544931
8904,data/bench/ITC99_all_numeric/b21.bench,3167,4,False,0,31,63,0,803,0.120934
8905,data/bench/ITC99_all_numeric/b21.bench,3198,4,False,0,2047,4095,0,61393,7.273017
8906,data/bench/ITC99_all_numeric/b21.bench,3218,3,False,0,287,575,0,8485,1.029331
8907,data/bench/ITC99_all_numeric/b21.bench,3228,4,False,2,2830,5693,0,65448,10.001873
8908,data/bench/ITC99_all_numeric/b21.bench,3232,3,False,0,239,479,0,6159,0.855732
8909,data/bench/ITC99_all_numeric/b21.bench,3252,3,False,0,719,1439,0,17058,2.548082
8910,data/bench/ITC99_all_numeric/b21.bench,3327,3,False,2,2834,5687,0,59685,10.00105
8911,data/bench/ITC99_all_numeric/b21.bench,3348,4,False,2,2791,5611,0,64506,10.000742
8912,data/bench/ITC99_all_numeric/b21.bench,3367,3,False,0,2047,4095,0,69583,7.604091
8913,data/bench/ITC99_all_numeric/b21.bench,3380,4,False,0,2047,4095,0,61393,7.334574
8914,data/bench/ITC99_all_numeric/b21.bench,3393,4,False,0,2047,4095,0,65488,7.402764
8915,data/bench/ITC99_all_numeric/b21.bench,3395,3,False,0,2047,4095,0,65488,7.399706
8916,data/bench/ITC99_all_numeric/b21.bench,3488,4,False,2,2820,5679,0,82310,10.00071
8917,data/bench/ITC99_all_numeric/b21.bench,3495,3,False,2,2802,5625,0,81527,10.001665
8918,data/bench/ITC99_all_numeric/b21.bench,3499,4,False,2,2843,5706,0,82688,10.001034
8919,data/bench/ITC99_all_numeric/b21.bench,3502,3,False,2,2817,5651,0,81904,10.000993
8920,data/bench/ITC99_all_numeric/b21.bench,3592,3,False,2,2838,5695,0,82541,10.000086
8921,data/bench/ITC99_all_numeric/b21.bench,3605,3,False,2,2794,5612,0,81340,10.001195
8922,data/bench/ITC99_all_numeric/b21.bench,3628,3,False,2,2841,5704,0,88360,10.000167
8923,data/bench/ITC99_all_numeric/b21.bench,3647,4,True,1,0,3,0,3,0.013871
8924,data/bench/ITC99_all_numeric/b21.bench,3723,4,False,2,2865,5753,0,66132,10.000685
8925,data/bench/ITC99_all_numeric/b21.bench,3740,3,False,0,7,15,0,112,0.037301
8926,data/bench/ITC99_all_numeric/b21.bench,3743,3,False,0,143,287,0,3665,0.516902
8927,data/bench/ITC99_all_numeric/b21.bench,3798,3,True,1,0,2,0,1,0.01086
8928,data/bench/ITC99_all_numeric/b21.bench,3800,3,True,1,0,2,0,1,0.008745
8929,data/bench/ITC99_all_numeric/b21.bench,3804,3,True,1,0,2,0,1,0.009103
8930,data/bench/ITC99_all_numeric/b21.bench,3909,3,False,2,2848,5713,0,77092,10.001129
8931,data/bench/ITC99_all_numeric/b21.bench,3928,3,False,2,2872,5766,0,72029,10.003626
8932,data/bench/ITC99_all_numeric/b21.bench,3984,3,False,0,83,167,0,2038,0.322876
8933,data/bench/ITC99_all_numeric/b21.bench,4092,4,False,0,31,63,0,740,0.121962
8934,data/bench/ITC99_all_numeric/b21.bench,4101,4,False,0,47,95,0,1120,0.180598
8935,data/bench/ITC99_all_numeric/b21.bench,4105,4,False,0,47,95,0,1120,0.180224
8936,data/bench/ITC99_all_numeric/b21.bench,4216,4,False,0,2047,4095,0,61393,7.251809
8937,data/bench/ITC99_all_numeric/b21.bench,4257,3,False,2,2827,5668,0,59497,10.002083
8938,data/bench/ITC99_all_numeric/b21.bench,4263,4,False,2,2831,5690,0,59727,10.001143
8939,data/bench/ITC99_all_numeric/b21.bench,4318,3,False,2,2745,5520,0,205772,10.000977
8940,data/bench/ITC99_all_numeric/b21.bench,4378,3,False,0,19,39,0,557,0.077382
8941,data/bench/ITC99_all_numeric/b21.bench,4387,3,False,0,2047,4095,0,69583,7.253112
8942,data/bench/ITC99_all_numeric/b21.bench,4388,3,False,0,2047,4095,0,61393,7.265532
8943,data/bench/ITC99_all_numeric/b21.bench,4532,3,False,0,31,63,0,657,0.11926
8944,data/bench/ITC99_all_numeric/b21.bench,4534,3,False,0,115,231,0,1951,0.412639
8945,data/bench/ITC99_all_numeric/b21.bench,4570,4,False,2,2854,5733,0,71632,10.00042
8946,data/bench/ITC99_all_numeric/b21.bench,4581,4,False,0,431,863,0,14387,1.535254
8947,data/bench/ITC99_all_numeric/b21.bench,4612,4,False,2,2732,5488,0,177237,10.00067
8948,data/bench/ITC99_all_numeric/b21.bench,4634,4,False,0,431,863,0,14387,1.536114
8949,data/bench/ITC99_all_numeric/b21.bench,4646,4,False,2,2743,5507,0,133919,10.000314
8950,data/bench/ITC99_all_numeric/b21.bench,4654,3,False,0,431,863,0,14387,1.556031
8951,data/bench/ITC99_all_numeric/b21.bench,4691,3,False,0,191,383,0,4739,0.697918
8952,data/bench/ITC99_all_numeric/b21.bench,4704,4,False,0,431,863,0,14387,1.54281
8953,data/bench/ITC99_all_numeric/b21.bench,4705,4,False,0,431,863,0,14387,1.54111
8954,data/bench/ITC99_all_numeric/b21.bench,4706,3,False,2,2710,5450,0,252025,10.001132
8955,data/bench/ITC99_all_numeric/b21.bench,4928,4,False,0,399,799,0,12315,1.44062
8956,data/bench/ITC99_all_numeric/b21.bench,4968,4,False,0,63,127,0,1175,0.243221
8957,data/bench/ITC99_all_numeric/b21.bench,4981,3,False,0,127,255,0,2863,0.462762
8958,data/bench/ITC99_all_numeric/b21.bench,5039,3,False,0,63,127,0,1175,0.233724
8959,data/bench/ITC99_all_numeric/b21.bench,5148,3,False,2,2767,5566,0,75119,10.000116
8960,data/bench/ITC99_all_numeric/b21.bench,5152,3,False,2,2767,5572,0,75200,10.000843
8961,data/bench/ITC99_all_numeric/b21.bench,5155,4,False,0,19,39,0,285,0.077034
8962,data/bench/ITC99_all_numeric/b21.bench,5171,4,False,2,2774,5563,0,82709,10.000722
8963,data/bench/ITC99_all_numeric/b21.bench,5179,4,False,0,1199,2399,0,30887,4.318857
8964,data/bench/ITC99_all_numeric/b21.bench,5203,4,False,2,2781,5585,0,47458,10.000349
8965,data/bench/ITC99_all_numeric/b21.bench,5210,4,False,0,47,95,0,839,0.176658
8966,data/bench/ITC99_all_numeric/b21.bench,5214,3,False,0,23,47,0,333,0.09167
8967,data/bench/ITC99_all_numeric/b21.bench,5250,3,False,2,2781,5582,0,69755,10.001694
8968,data/bench/ITC99_all_numeric/b21.bench,5280,3,False,2,2781,5582,0,69755,10.000463
8969,data/bench/ITC99_all_numeric/b21.bench,5299,4,False,2,2810,5638,0,42274,10.000475
8970,data/bench/ITC99_all_numeric/b21.bench,5324,4,False,2,2781,5594,0,69904,10.000074
8971,data/bench/ITC99_all_numeric/b21.bench,5359,3,False,2,2810,5649,0,53647,10.001094
8972,data/bench/ITC99_all_numeric/b21.bench,5362,4,False,2,2798,5612,0,53296,10.001268
8973,data/bench/ITC99_all_numeric/b21.bench,5368,4,False,2,2800,5620,0,53373,10.001421
8974,data/bench/ITC99_all_numeric/b21.bench,5390,3,False,2,2792,5605,0,47628,10.000294
8975,data/bench/ITC99_all_numeric/b21.bench,5393,4,False,2,2762,5551,0,47166,10.001122
8976,data/bench/ITC99_all_numeric/b21.bench,5422,3,False,2,2767,5570,0,52897,10.000224
8977,data/bench/ITC99_all_numeric/b21.bench,5426,4,False,2,2752,5534,0,69154,10.000781
8978,data/bench/ITC99_all_numeric/b21.bench,5457,4,False,2,2787,5586,0,58633,10.000232
8979,data/bench/ITC99_all_numeric/b21.bench,5466,3,False,2,2769,5569,0,41752,10.001088
8980,data/bench/ITC99_all_numeric/b21.bench,5468,3,False,2,2787,5592,0,92231,10.001112
8981,data/bench/ITC99_all_numeric/b21.bench,5495,4,False,2,2781,5595,0,69912,10.000854
8982,data/bench/ITC99_all_numeric/b21.bench,5599,4,True,1,0,3,0,3,0.012227
8983,data/bench/ITC99_all_numeric/b21.bench,5618,4,False,0,399,799,0,11508,1.433196
8984,data/bench/ITC99_all_numeric/b21.bench,5619,4,False,0,431,863,0,9338,1.547087
8985,data/bench/ITC99_all_numeric/b21.bench,5671,3,False,2,2794,5612,0,81349,10.000964
8986,data/bench/ITC99_all_numeric/b21.bench,5705,3,False,2,2810,5648,0,70563,10.000684
8987,data/bench/ITC99_all_numeric/b21.bench,5714,3,False,2,2807,5635,0,81681,10.000487
8988,data/bench/ITC99_all_numeric/b21.bench,5744,4,False,2,2801,5642,0,81781,10.000406
8989,data/bench/ITC99_all_numeric/b21.bench,5781,3,False,0,39,79,0,416,0.147565
8990,data/bench/ITC99_all_numeric/b21.bench,5825,4,False,0,7,15,0,47,0.034166
8991,data/bench/ITC99_all_numeric/b21.bench,5887,4,False,2,2806,5630,0,53468,10.001867
8992,data/bench/ITC99_all_numeric/b21.bench,5909,4,False,0,63,127,0,1937,0.233381
8993,data/bench/ITC99_all_numeric/b21.bench,5911,3,False,0,23,47,0,568,0.091154
8994,data/bench/ITC99_all_numeric/b21.bench,6015,3,False,0,127,255,0,4648,0.46593
8995,data/bench/ITC99_all_numeric/b21.bench,6087,4,True,1,0,3,0,3,0.011607
8996,data/bench/ITC99_all_numeric/b21.bench,6179,3,False,2,2796,5630,0,70338,10.00049
8997,data/bench/ITC99_all_numeric/b21.bench,6197,3,True,1,0,2,0,1,0.010256
8998,data/bench/ITC99_all_numeric/b21.bench,6243,4,False,2,2813,5647,0,70551,10.000668
8999,data/bench/ITC99_all_numeric/b21.bench,6245,4,False,2,2813,5642,0,31017,10.001894
9000,data/bench/ITC99_all_numeric/b21.bench,6250,4,False,2,2810,5640,0,70464,10.001079
9001,data/bench/ITC99_all_numeric/b21.bench,6323,4,False,2,2817,5650,0,70588,10.000578
9002,data/bench/ITC99_all_numeric/b21.bench,6362,4,False,0,199,399,0,5353,0.730517
9003,data/bench/ITC99_all_numeric/b21.bench,6399,4,False,0,399,799,0,9909,1.422496
9004,data/bench/ITC99_all_numeric/b21.bench,6410,4,False,0,63,127,0,1429,0.233379
9005,data/bench/ITC99_all_numeric/b21.bench,6413,3,False,0,63,127,0,1429,0.2334
9006,data/bench/ITC99_all_numeric/b21.bench,6426,3,False,0,63,127,0,1556,0.235104
9007,data/bench/ITC99_all_numeric/b21.bench,6445,4,False,0,127,255,0,3373,0.464109
9008,data/bench/ITC99_all_numeric/b21.bench,6470,3,False,0,63,127,0,1429,0.233868
9009,data/bench/ITC99_all_numeric/b21.bench,6506,3,False,2,2786,5607,0,47643,10.000024
9010,data/bench/ITC99_all_numeric/b21.bench,6553,3,False,2,2781,5590,0,53087,10.000331
9011,data/bench/ITC99_all_numeric/b21.bench,6565,4,False,0,299,599,0,8666,1.082629
9012,data/bench/ITC99_all_numeric/b21.bench,6592,3,False,0,19,39,0,429,0.077349
9013,data/bench/ITC99_all_numeric/b21.bench,6670,3,False,0,63,127,0,1937,0.234739
9014,data/bench/ITC99_all_numeric/b21.bench,6671,4,False,2,2787,5594,0,64314,10.000122
9015,data/bench/ITC99_all_numeric/b21.bench,6698,4,False,0,719,1439,0,18519,2.572641
9016,data/bench/ITC99_all_numeric/b21.bench,6745,3,False,2,2784,5584,0,94189,10.000073
9017,data/bench/ITC99_all_numeric/b21.bench,6767,4,False,2,2802,5622,0,64633,10.000112
9018,data/bench/ITC99_all_numeric/b21.bench,6778,4,False,0,299,599,0,9864,1.077268
9019,data/bench/ITC99_all_numeric/b21.bench,6880,3,False,0,127,255,0,4648,0.464333
9020,data/bench/ITC99_all_numeric/b21.bench,6884,3,False,0,19,39,0,558,0.077557
9021,data/bench/ITC99_all_numeric/b21.bench,6900,4,False,0,19,39,0,285,0.07628
9022,data/bench/ITC99_all_numeric/b21.bench,6991,3,False,2,2819,5660,0,76386,10.000343
9023,data/bench/ITC99_all_numeric/b21.bench,7117,4,False,0,199,399,0,5353,0.714921
9024,data/bench/ITC99_all_numeric/b21.bench,7137,3,False,0,95,191,0,2253,0.347653
9025,data/bench/ITC99_all_numeric/b21.bench,7175,4,True,1,0,3,0,3,0.012912
9026,data/bench/ITC99_all_numeric/b21.bench,7278,3,False,2,2798,5619,0,70215,10.001059
9027,data/bench/ITC99_all_numeric/b21.bench,7318,3,False,2,2810,5640,0,70476,10.001524
9028,data/bench/ITC99_all_numeric/b21.bench,7353,4,False,2,2794,5609,0,53269,10.000184
9029,data/bench/ITC99_all_numeric/b21.bench,7452,3,False,0,11,23,0,174,0.048583
9030,data/bench/ITC99_all_numeric/b21.bench,7475,4,False,0,19,39,0,390,0.076415
9031,data/bench/ITC99_all_numeric/b21.bench,7508,4,False,0,63,127,0,1429,0.233868
9032,data/bench/ITC99_all_numeric/b21.bench,7533,4,False,0,35,71,0,276,0.13408
9033,data/bench/ITC99_all_numeric/b21.bench,7552,4,False,0,63,127,0,1810,0.234113
9034,data/bench/ITC99_all_numeric/b21.bench,7636,3,False,2,2787,5591,0,69868,10.000467
9035,data/bench/ITC99_all_numeric/b21.bench,7663,3,False,2,2755,5531,0,120570,10.00013
9036,data/bench/ITC99_all_numeric/b21.bench,7705,4,False,0,127,255,0,4138,0.464555
9037,data/bench/ITC99_all_numeric/b21.bench,7726,3,False,0,127,255,0,4393,0.46321
9038,data/bench/ITC99_all_numeric/b21.bench,7748,3,False,0,19,39,0,402,0.079308
9039,data/bench/ITC99_all_numeric/b21.bench,7754,3,False,2,2767,5558,0,198754,10.000071
9040,data/bench/ITC99_all_numeric/b21.bench,7827,4,False,0,199,399,0,4955,0.712217
9041,data/bench/ITC99_all_numeric/b21.bench,7906,4,False,0,399,799,0,6768,1.421879
9042,data/bench/ITC99_all_numeric/b21.bench,7934,3,False,0,287,575,0,7949,1.025172
9043,data/bench/ITC99_all_numeric/b21.bench,7959,4,False,0,47,95,0,669,0.174068
9044,data/bench/ITC99_all_numeric/b21.bench,7994,3,False,0,23,47,0,352,0.090166
9045,data/bench/ITC99_all_numeric/b21.bench,8001,3,False,0,7,15,0,80,0.033317
9046,data/bench/ITC99_all_numeric/b21.bench,8031,4,False,0,399,799,0,14712,1.42934
9047,data/bench/ITC99_all_numeric/b21.bench,8041,4,False,2,2793,5618,0,70204,10.00129
9048,data/bench/ITC99_all_numeric/b21.bench,8080,4,False,2,2801,5645,0,70536,10.00053
9049,data/bench/ITC99_all_numeric/b21.bench,8142,4,False,2,2783,5584,0,86527,10.000534
9050,data/bench/ITC99_all_numeric/b21.bench,8166,4,False,0,399,799,0,14712,1.468059
9051,data/bench/ITC99_all_numeric/b21.bench,8187,4,False,0,63,127,0,1683,0.233497
9052,data/bench/ITC99_all_numeric/b21.bench,8289,3,False,0,299,599,0,7468,1.069994
9053,data/bench/ITC99_all_numeric/b21.bench,8333,3,False,0,2,5,0,2,0.016556
9054,data/bench/ITC99_all_numeric/b21.bench,8358,3,False,0,2,5,0,2,0.015711
9055,data/bench/ITC99_all_numeric/b21.bench,8370,4,True,1,0,3,0,3,0.010858
9056,data/bench/ITC99_all_numeric/b21.bench,8382,3,False,0,383,767,0,6510,1.372181
9057,data/bench/ITC99_all_numeric/b21.bench,8401,3,False,2,2766,5563,0,130334,10.000289
9058,data/bench/ITC99_all_numeric/b21.bench,8443,4,True,1,0,3,0,2,0.013139
9059,data/bench/ITC99_all_numeric/b21.bench,8446,4,True,1,0,3,0,2,0.011683
9060,data/bench/ITC99_all_numeric/b21.bench,8515,4,False,0,3,7,0,8,0.018583
9061,data/bench/ITC99_all_numeric/b21.bench,8521,4,False,0,3,7,0,9,0.018834
9062,data/bench/ITC99_all_numeric/b21.bench,8666,4,False,0,19,39,0,245,0.07559
9063,data/bench/ITC99_all_numeric/b21.bench,8667,3,False,0,1,3,0,2,0.012918
9064,data/bench/ITC99_all_numeric/b21.bench,8674,3,False,0,19,39,0,245,0.075779
9065,data/bench/ITC99_all_numeric/b21.bench,8682,3,False,0,39,79,0,570,0.147865
9066,data/bench/ITC99_all_numeric/b21.bench,8803,3,False,0,39,79,0,649,0.148375
9067,data/bench/ITC99_all_numeric/b21.bench,8804,4,False,0,39,79,0,648,0.147874
9068,data/bench/ITC99_all_numeric/b21.bench,8841,4,False,0,39,79,0,491,0.148309
9069,data/bench/ITC99_all_numeric/b21.bench,8842,4,False,0,39,79,0,570,0.147646
9070,data/bench/ITC99_all_numeric/b21.bench,8953,4,False,0,39,79,0,570,0.147627
9071,data/bench/ITC99_all_numeric/b21.bench,8989,4,False,0,39,79,0,649,0.148096
9072,data/bench/ITC99_all_numeric/b21.bench,9000,3,False,0,39,79,0,807,0.148641
9073,data/bench/ITC99_all_numeric/b21.bench,9001,4,False,0,39,79,0,728,0.148333
9074,data/bench/ITC99_all_numeric/b21.bench,9041,3,False,0,39,79,0,569,0.15248
9075,data/bench/ITC99_all_numeric/b21.bench,9049,3,False,0,39,79,0,492,0.160684
9076,data/bench/ITC99_all_numeric/b21.bench,9069,3,False,0,39,79,0,648,0.147625
9077,data/bench/ITC99_all_numeric/b21.bench,9073,4,False,0,39,79,0,492,0.14814
9078,data/bench/ITC99_all_numeric/b21.bench,9101,3,False,0,5,11,0,19,0.026816
9079,data/bench/ITC99_all_numeric/b21.bench,9130,4,False,0,1,3,0,2,0.012499
9080,data/bench/ITC99_all_numeric/b21.bench,9144,3,False,2,2743,5507,0,155890,10.000576
9081,data/bench/ITC99_all_numeric/b21.bench,9169,3,False,0,95,191,0,1605,0.350339
9082,data/bench/ITC99_all_numeric/b21.bench,9411,3,False,0,959,1919,0,16979,3.406855
9083,data/bench/ITC99_all_numeric/b21.bench,9442,3,False,0,1439,2879,0,31241,5.116303
9084,data/bench/ITC99_all_numeric/b21.bench,9503,4,False,0,1439,2879,0,28361,5.056479
9085,data/bench/ITC99_all_numeric/b21.bench,9510,3,False,0,299,599,0,2313,1.043894
9086,data/bench/ITC99_all_numeric/b21.bench,9527,3,True,1,0,2,0,1,0.010327
9087,data/bench/ITC99_all_numeric/b21.bench,9533,4,True,1,0,3,0,5,0.010312
9088,data/bench/ITC99_all_numeric/b21.bench,9569,3,True,1,0,2,0,1,0.008426
9089,data/bench/ITC99_all_numeric/b21.bench,9596,3,True,1,0,29,0,56,0.048735
9090,data/bench/ITC99_all_numeric/b21.bench,9628,4,True,1,0,26,0,37,0.04509
9091,data/bench/ITC99_all_numeric/b21.bench,9638,3,True,1,0,27,0,38,0.04701
9092,data/bench/ITC99_all_numeric/b21.bench,9679,4,False,0,119,239,0,685,0.421426
9093,data/bench/ITC99_all_numeric/b21.bench,9700,3,False,0,599,1199,0,7024,2.108028
9094,data/bench/ITC99_all_numeric/b21.bench,9732,4,False,0,1199,2399,0,33240,4.208803
9095,data/bench/ITC99_all_numeric/b21.bench,9791,4,False,2,2842,5699,0,82614,10.001973
9096,data/bench/ITC99_all_numeric/b21.bench,9813,3,False,0,19,39,0,323,0.076952
9097,data/bench/ITC99_all_numeric/b21.bench,9822,3,False,2,2833,5681,0,76674,10.000874
9098,data/bench/ITC99_all_numeric/b21.bench,9834,3,False,0,7,15,0,187,0.034345
9099,data/bench/ITC99_all_numeric/b21.bench,9839,4,False,2,2826,5681,0,99393,10.000534
9100,data/bench/ITC99_all_numeric/b21.bench,9872,4,False,2,2826,5683,0,59654,10.000676
9101,data/bench/ITC99_all_numeric/b21.bench,9962,4,False,0,2047,4095,0,45013,7.210413
9102,data/bench/ITC99_all_numeric/b21.bench,9965,3,False,0,19,39,0,362,0.077673
9103,data/bench/ITC99_all_numeric/b21.bench,9970,3,False,0,2047,4095,0,49108,7.209655
9104,data/bench/ITC99_all_numeric/b21.bench,10105,4,False,0,19,39,0,323,0.076965
9105,data/bench/ITC99_all_numeric/b21.bench,10129,3,False,0,2047,4095,0,53203,7.214101
9106,data/bench/ITC99_all_numeric/b21.bench,10144,3,False,0,287,575,0,8485,1.02003
9107,data/bench/ITC99_all_numeric/b21.bench,10198,4,False,0,19,39,0,362,0.076576
9108,data/bench/ITC99_all_numeric/b21.bench,10283,3,False,0,19,39,0,323,0.07661
9109,data/bench/ITC99_all_numeric/b21.bench,10308,3,False,0,2047,4095,0,45013,7.169604
9110,data/bench/ITC99_all_numeric/b21.bench,10315,3,False,0,63,127,0,851,0.234435
9111,data/bench/ITC99_all_numeric/b21.bench,10316,3,False,0,95,191,0,1291,0.342198
9112,data/bench/ITC99_all_numeric/b21.bench,10337,3,False,2,2844,5702,0,48444,10.001734
9113,data/bench/ITC99_all_numeric/b21.bench,10345,3,False,0,287,575,0,6184,1.022423
9114,data/bench/ITC99_all_numeric/b21.bench,10400,4,False,0,2399,4799,0,52089,8.401821
9115,data/bench/ITC99_all_numeric/b21.bench,10420,4,False,0,575,1151,0,15823,2.040036
9116,data/bench/ITC99_all_numeric/b21.bench,10487,4,False,0,31,63,0,469,0.118674
9117,data/bench/ITC99_all_numeric/b21.bench,10560,4,False,0,479,959,0,8488,1.697717
9118,data/bench/ITC99_all_numeric/b21.bench,10573,3,False,0,159,319,0,1656,0.567277
9119,data/bench/ITC99_all_numeric/b21.bench,10574,4,False,0,159,319,0,1973,0.568327
9120,data/bench/ITC99_all_numeric/b21.bench,10581,4,False,2,2816,5649,0,78218,10.001224
9121,data/bench/ITC99_all_numeric/b21.bench,10597,4,False,0,1439,2879,0,28361,5.045563
9122,data/bench/ITC99_all_numeric/b21.bench,10697,3,False,0,19,39,0,323,0.077302
9123,data/bench/ITC99_all_numeric/b21.bench,10703,3,False,0,19,39,0,323,0.076588
9124,data/bench/ITC99_all_numeric/b21.bench,10765,4,False,0,15,31,0,233,0.062467
9125,data/bench/ITC99_all_numeric/b21.bench,10774,4,False,0,2047,4095,0,53203,7.199314
9126,data/bench/ITC99_all_numeric/b21.bench,10852,4,False,0,239,479,0,4243,0.847093
9127,data/bench/ITC99_all_numeric/b21.bench,10880,3,False,0,19,39,0,362,0.077319
9128,data/bench/ITC99_all_numeric/b21.bench,11002,4,False,0,2047,4095,0,53203,7.187403
9129,data/bench/ITC99_all_numeric/b21.bench,11004,3,False,0,2047,4095,0,45013,7.215717
9130,data/bench/ITC99_all_numeric/b21.bench,11222,3,False,0,287,575,0,7335,1.02116
9131,data/bench/ITC99_all_numeric/b21.bench,11271,3,False,0,2047,4095,0,57298,7.220442
9132,data/bench/ITC99_all_numeric/b21.bench,11279,4,False,0,2047,4095,0,53203,7.21955
9133,data/bench/ITC99_all_numeric/b21.bench,11308,3,False,0,31,63,0,614,0.118777
9134,data/bench/ITC99_all_numeric/b21.bench,11352,4,False,0,2047,4095,0,45013,7.190224
9135,data/bench/ITC99_all_numeric/b21.bench,11388,3,False,0,2047,4095,0,53203,7.217303
9136,data/bench/ITC99_all_numeric/b21.bench,11446,4,False,0,2047,4095,0,49108,7.232322
9137,data/bench/ITC99_all_numeric/b21.bench,11474,3,False,0,111,223,0,2494,0.40323
9138,data/bench/ITC99_all_numeric/b21.bench,11496,3,False,0,2047,4095,0,61393,7.232851
9139,data/bench/ITC99_all_numeric/b21.bench,11552,3,False,0,2399,4799,0,61687,8.414559
9140,data/bench/ITC99_all_numeric/b21.bench,11577,4,False,0,2047,4095,0,53203,7.230653
9141,data/bench/ITC99_all_numeric/b21.bench,11630,3,False,0,2047,4095,0,65488,7.26073
9142,data/bench/ITC99_all_numeric/b21.bench,11632,4,False,0,2047,4095,0,53203,7.259599
9143,data/bench/ITC99_all_numeric/b21.bench,11635,3,False,0,2047,4095,0,45013,7.215655
9144,data/bench/ITC99_all_numeric/b21.bench,11646,3,False,2,2835,5692,0,84519,10.001375
9145,data/bench/ITC99_all_numeric/b21.bench,11732,4,False,0,83,167,0,2539,0.302855
9146,data/bench/ITC99_all_numeric/b21.bench,11761,3,False,0,83,167,0,2539,0.302733
9147,data/bench/ITC99_all_numeric/b21.bench,11766,3,False,0,83,167,0,2539,0.30163
9148,data/bench/ITC99_all_numeric/b21.bench,11791,3,False,0,83,167,0,2205,0.30266
9149,data/bench/ITC99_all_numeric/b21.bench,11828,3,False,0,79,159,0,1463,0.287075
9150,data/bench/ITC99_all_numeric/b21.bench,11858,4,False,0,83,167,0,2873,0.30772
9151,data/bench/ITC99_all_numeric/b21.bench,11860,4,False,0,83,167,0,3374,0.307332
9152,data/bench/ITC99_all_numeric/b21.bench,11867,3,False,0,83,167,0,3040,0.305971
9153,data/bench/ITC99_all_numeric/b21.bench,11868,3,False,0,83,167,0,3374,0.309405
9154,data/bench/ITC99_all_numeric/b21.bench,11870,4,False,0,83,167,0,2873,0.306475
9155,data/bench/ITC99_all_numeric/b21.bench,11874,3,False,0,83,167,0,2873,0.305476
9156,data/bench/ITC99_all_numeric/b21.bench,11888,3,False,0,83,167,0,2873,0.306264
9157,data/bench/ITC99_all_numeric/b21.bench,11894,3,False,0,83,167,0,2873,0.306048
9158,data/bench/ITC99_all_numeric/b21.bench,11917,4,False,0,83,167,0,2372,0.304623
9159,data/bench/ITC99_all_numeric/b21.bench,11924,3,False,0,83,167,0,2539,0.305306
9160,data/bench/ITC99_all_numeric/b21.bench,12003,4,False,0,83,167,0,2205,0.304549
9161,data/bench/ITC99_all_numeric/b21.bench,12066,4,False,0,83,167,0,2873,0.306076
9162,data/bench/ITC99_all_numeric/b21.bench,12121,3,False,0,83,167,0,2539,0.305179
9163,data/bench/ITC99_all_numeric/b21.bench,12201,4,False,0,83,167,0,2706,0.305232
9164,data/bench/ITC99_all_numeric/b21.bench,12254,3,False,0,47,95,0,835,0.175757
9165,data/bench/ITC99_all_numeric/b21.bench,12256,4,False,0,2047,4095,0,49108,7.24314
9166,data/bench/ITC99_all_numeric/b21.bench,12268,3,False,0,2047,4095,0,49108,7.252216
9167,data/bench/ITC99_all_numeric/b21.bench,12360,4,False,0,2047,4095,0,45013,7.267766
9168,data/bench/ITC99_all_numeric/b21.bench,12368,3,False,0,2047,4095,0,45013,7.248099
9169,data/bench/ITC99_all_numeric/b21.bench,12392,4,False,0,2047,4095,0,53203,7.371617
9170,data/bench/ITC99_all_numeric/b21.bench,12447,3,False,0,2399,4799,0,61687,8.557011
9171,data/bench/ITC99_all_numeric/b21.bench,12495,3,False,0,2047,4095,0,45013,7.285268
9172,data/bench/ITC99_all_numeric/b21.bench,12697,3,False,0,2047,4095,0,49108,7.320466
9173,data/bench/ITC99_all_numeric/b21.bench,12698,3,False,0,2047,4095,0,45013,7.244345
9174,data/bench/ITC99_all_numeric/b21.bench,12703,3,False,0,2047,4095,0,49108,7.33676
9175,data/bench/ITC99_all_numeric/b21.bench,12740,4,False,0,2047,4095,0,40919,7.273661
9176,data/bench/ITC99_all_numeric/b21.bench,12750,3,False,0,287,575,0,7335,1.023614
9177,data/bench/ITC99_all_numeric/b21.bench,12761,4,False,0,2047,4095,0,45014,7.204644
9178,data/bench/ITC99_all_numeric/b21.bench,12768,3,False,0,479,959,0,10407,1.698039
9179,data/bench/ITC99_all_numeric/b21.bench,12770,3,False,0,2047,4095,0,45013,7.246758
9180,data/bench/ITC99_all_numeric/b21.bench,12815,4,False,0,2047,4095,0,49108,7.202139
9181,data/bench/ITC99_all_numeric/b21.bench,12828,3,False,0,2047,4095,0,57298,7.262988
9182,data/bench/ITC99_all_numeric/b21.bench,12872,4,False,0,2047,4095,0,45013,7.215747
9183,data/bench/ITC99_all_numeric/b21.bench,12942,3,False,0,719,1439,0,15619,2.541978
9184,data/bench/ITC99_all_numeric/b21.bench,12971,4,False,0,2047,4095,0,45013,7.191594
9185,data/bench/ITC99_all_numeric/b21.bench,13034,3,False,0,2047,4095,0,49108,7.247471
9186,data/bench/ITC99_all_numeric/b21.bench,13059,4,False,0,2047,4095,0,53203,7.208876
9187,data/bench/ITC99_all_numeric/b21.bench,13073,3,False,0,2047,4095,0,53203,7.201461
9188,data/bench/ITC99_all_numeric/b21.bench,13111,3,False,0,95,191,0,2055,0.344621
9189,data/bench/ITC99_all_numeric/b21.bench,13225,4,False,0,19,39,0,323,0.077765
9190,data/bench/ITC99_all_numeric/b21.bench,13355,4,False,0,19,39,0,518,0.077175
9191,data/bench/ITC99_all_numeric/b21.bench,13371,3,False,2,2840,5701,0,71239,10.001141
9192,data/bench/ITC99_all_numeric/b21.bench,13400,4,False,2,2815,5657,0,59376,10.00002
9193,data/bench/ITC99_all_numeric/b21.bench,13404,3,False,2,2855,5733,0,71641,10.000587
9194,data/bench/ITC99_all_numeric/b21.bench,13418,4,False,2,2839,5705,0,76988,10.000075
9195,data/bench/ITC99_all_numeric/b21.bench,13485,3,False,2,2853,5726,0,71553,10.001212
9196,data/bench/ITC99_all_numeric/b21.bench,13589,3,False,0,47,95,0,1025,0.175618
9197,data/bench/ITC99_all_numeric/b21.bench,13598,3,False,0,2047,4095,0,49109,7.285803
9198,data/bench/ITC99_all_numeric/b21.bench,13602,4,False,0,19,39,0,323,0.077432
9199,data/bench/ITC99_all_numeric/b21.bench,13686,3,False,2,2807,5631,0,70363,10.001017
9200,data/bench/ITC99_all_numeric/b21.bench,13712,4,False,0,2047,4095,0,57299,7.305703
9201,data/bench/ITC99_all_numeric/b21.bench,13723,3,False,0,2047,4095,0,45013,7.244818
9202,data/bench/ITC99_all_numeric/b21.bench,13761,4,False,0,2047,4095,0,49109,7.254231
9203,data/bench/ITC99_all_numeric/b21.bench,13801,4,False,0,19,39,0,323,0.076489
9204,data/bench/ITC99_all_numeric/b21.bench,13842,3,False,0,143,287,0,3952,0.513695
9205,data/bench/ITC99_all_numeric/b21.bench,13865,4,False,0,719,1439,0,15619,2.61896
9206,data/bench/ITC99_all_numeric/b21.bench,13901,3,False,0,2047,4095,0,53203,7.241081
9207,data/bench/ITC99_all_numeric/b21.bench,13951,4,False,0,19,39,0,323,0.077801
9208,data/bench/ITC99_all_numeric/b21.bench,13976,3,False,0,2047,4095,0,45013,7.195338
9209,data/bench/ITC99_all_numeric/b21.bench,13982,4,False,0,2047,4095,0,45013,7.198943
9210,data/bench/ITC99_all_numeric/b21.bench,14092,3,False,0,1199,2399,0,26043,4.207876
9211,data/bench/ITC99_all_numeric/b21.bench,14099,3,False,0,2047,4095,0,45013,7.179048
9212,data/bench/ITC99_all_numeric/b21.bench,14117,3,False,2,2821,5667,0,65146,10.003364
9213,data/bench/ITC99_all_numeric/b21.bench,14128,4,False,0,2047,4095,0,53203,7.187997
9214,data/bench/ITC99_all_numeric/b21.bench,14137,4,False,0,19,39,0,440,0.07575
9215,data/bench/ITC99_all_numeric/b21.bench,14161,3,False,0,1439,2879,0,42757,5.125725
9216,data/bench/ITC99_all_numeric/b21.bench,14196,3,False,2,2826,5689,0,54029,10.000725
9217,data/bench/ITC99_all_numeric/b21.bench,14280,3,False,0,2047,4095,0,45013,7.307459
9218,data/bench/ITC99_all_numeric/b21.bench,14300,3,False,0,2047,4095,0,49108,7.466244
9219,data/bench/ITC99_all_numeric/b21.bench,14327,3,False,0,2047,4095,0,53203,7.272184
9220,data/bench/ITC99_all_numeric/b21.bench,14350,4,False,0,19,39,0,323,0.078418
9221,data/bench/ITC99_all_numeric/b21.bench,14379,3,False,2,2807,5638,0,89354,10.001202
9222,data/bench/ITC99_all_numeric/b21.bench,14447,4,False,0,2047,4095,0,45013,7.28625
9223,data/bench/ITC99_all_numeric/b21.bench,14477,4,False,0,2047,4095,0,49108,7.18283
9224,data/bench/ITC99_all_numeric/b21.bench,14545,3,False,0,2047,4095,0,45013,7.201134
9225,data/bench/ITC99_all_numeric/b21.bench,14611,3,False,0,19,39,0,401,0.079439
9226,data/bench/ITC99_all_numeric/b21.bench,14634,4,False,0,2047,4095,0,49108,7.292658
9227,data/bench/ITC99_all_numeric/b21.bench,14642,4,False,0,143,287,0,3378,0.515593
9228,data/bench/ITC99_all_numeric/b21.bench,14670,3,False,0,19,39,0,362,0.077174
9229,data/bench/ITC99_all_numeric/b21.bench,14713,3,False,0,2047,4095,0,53203,7.305803
9230,data/bench/ITC99_all_numeric/b21.bench,14721,4,False,0,19,39,0,323,0.078786
9231,data/bench/ITC99_all_numeric/b21.bench,14728,4,False,0,2047,4095,0,45013,7.319883
9232,data/bench/ITC99_all_numeric/b21.bench,14802,4,False,0,1199,2399,0,26043,4.226679
9233,data/bench/ITC99_all_numeric/b21.bench,14851,3,False,0,2047,4095,0,53203,7.310193
9234,data/bench/ITC99_all_numeric/b21.bench,14869,3,False,0,2047,4095,0,49108,7.211935
9235,data/bench/ITC99_all_numeric/b21.bench,14875,3,False,0,287,575,0,7335,1.030438
9236,data/bench/ITC99_all_numeric/b21.bench,14902,3,False,0,19,39,0,323,0.078755
9237,data/bench/ITC99_all_numeric/b21.bench,14990,3,False,2,2724,5477,0,184932,10.001064
9238,data/bench/ITC99_all_numeric/b21.bench,15003,3,True,1,0,2,0,1,0.010837
9239,data/bench/ITC99_all_numeric/b21.bench,15040,4,False,0,71,143,0,836,0.260941
9240,data/bench/ITC99_all_numeric/b21.bench,15056,4,False,0,19,39,0,324,0.078285
9241,data/bench/ITC99_all_numeric/b21.bench,15065,4,False,2,2772,5576,0,58528,10.000757
9242,data/bench/ITC99_all_numeric/b21.bench,15148,3,False,2,2768,5558,0,58343,10.001287
9243,data/bench/ITC99_all_numeric/b21.bench,15193,4,False,0,19,39,0,324,0.081176
9244,data/bench/ITC99_all_numeric/b21.bench,15194,3,False,0,19,39,0,285,0.080458
9245,data/bench/ITC99_all_numeric/b21.bench,15244,4,False,0,359,719,0,4943,1.304502
9246,data/bench/ITC99_all_numeric/b21.bench,15298,4,False,0,8,17,0,9,0.038281
9247,data/bench/ITC99_all_numeric/b21.bench,15309,3,True,1,0,2,0,1,0.010589
9248,data/bench/ITC99_all_numeric/b21.bench,15327,4,False,0,31,63,0,335,0.119226
9249,data/bench/ITC99_all_numeric/b21.bench,15330,4,False,0,99,199,0,494,0.360935
9250,data/bench/ITC99_all_numeric/b21.bench,15388,4,False,2,2752,5529,0,85675,10.000429
9251,data/bench/ITC99_all_numeric/b21.bench,15428,4,False,2,2757,5548,0,80423,10.000898
9252,data/bench/ITC99_all_numeric/b21.bench,15463,3,False,2,2768,5553,0,80496,10.000335
9253,data/bench/ITC99_all_numeric/b21.bench,15464,3,False,2,2792,5601,0,81192,10.001976
9254,data/bench/ITC99_all_numeric/b21.bench,15508,4,False,2,2744,5507,0,96348,10.00104
9255,data/bench/ITC99_all_numeric/b21.bench,15509,4,False,2,2772,5563,0,80641,10.002042
9256,data/bench/ITC99_all_numeric/b21.bench,15533,3,False,2,2804,5625,0,64672,10.001843
9257,data/bench/ITC99_all_numeric/b21.bench,15562,3,False,2,2787,5589,0,81018,10.000803
9258,data/bench/ITC99_all_numeric/b21.bench,15569,4,False,2,2757,5535,0,85772,10.000397
9259,data/bench/ITC99_all_numeric/b21.bench,15607,3,False,0,71,143,0,981,0.264813
9260,data/bench/ITC99_all_numeric/b21.bench,15608,4,False,0,95,191,0,1299,0.34847
9261,data/bench/ITC99_all_numeric/b21.bench,15643,3,False,0,23,47,0,258,0.092518
9262,data/bench/ITC99_all_numeric/b21.bench,15653,3,False,0,1,3,0,2,0.013333
9263,data/bench/ITC99_all_numeric/b21.bench,15680,3,False,0,287,575,0,6225,1.040845
9264,data/bench/ITC99_all_numeric/b21.bench,15757,4,False,0,23,47,0,212,0.091681
9265,data/bench/ITC99_all_numeric/b21.bench,15828,3,False,0,39,79,0,548,0.14929
9266,data/bench/ITC99_all_numeric/b21.bench,15833,3,False,2,2777,5574,0,47355,10.001932
9267,data/bench/ITC99_all_numeric/b21.bench,15863,4,False,0,23,47,0,211,0.091017
9268,data/bench/ITC99_all_numeric/b21.bench,15938,4,False,0,1,3,0,2,0.013174
9269,data/bench/ITC99_all_numeric/b21.bench,16000,4,False,0,719,1439,0,14202,2.579544
9270,data/bench/ITC99_all_numeric/b21.bench,16070,4,False,2,2782,5593,0,47518,10.000968
9271,data/bench/ITC99_all_numeric/b21.bench,16097,3,False,0,39,79,0,470,0.148504
9272,data/bench/ITC99_all_numeric/b21.bench,16120,3,False,2,2793,5608,0,47646,10.001102
9273,data/bench/ITC99_all_numeric/b21.bench,16168,4,False,0,7,15,0,97,0.034935
9274,data/bench/ITC99_all_numeric/b21.bench,16170,3,False,0,19,39,0,636,0.077536
9275,data/bench/ITC99_all_numeric/b21.bench,16225,3,False,0,7,15,0,187,0.036729
9276,data/bench/ITC99_all_numeric/b21.bench,16248,3,False,0,1079,2159,0,23523,3.840215
9277,data/bench/ITC99_all_numeric/b21.bench,16285,4,False,0,19,39,0,324,0.076575
9278,data/bench/ITC99_all_numeric/b21.bench,16302,4,False,0,23,47,0,333,0.090377
9279,data/bench/ITC99_all_numeric/b21.bench,16314,4,False,0,63,127,0,1683,0.232835
9280,data/bench/ITC99_all_numeric/b21.bench,16339,4,False,0,127,255,0,3883,0.459741
9281,data/bench/ITC99_all_numeric/b21.bench,16350,4,False,0,299,599,0,7468,1.074812
9282,data/bench/ITC99_all_numeric/b21.bench,16359,4,False,0,299,599,0,8067,1.076437
9283,data/bench/ITC99_all_numeric/b21.bench,16396,3,False,0,299,599,0,7468,1.097021
9284,data/bench/ITC99_all_numeric/b21.bench,16417,4,False,0,19,39,0,285,0.077515
9285,data/bench/ITC99_all_numeric/b21.bench,16427,3,False,0,63,127,0,1683,0.23656
9286,data/bench/ITC99_all_numeric/b21.bench,16454,4,False,0,63,127,0,1556,0.233975
9287,data/bench/ITC99_all_numeric/b21.bench,16482,4,False,0,63,127,0,1810,0.234829
9288,data/bench/ITC99_all_numeric/b21.bench,16551,4,False,0,19,39,0,285,0.078333
9289,data/bench/ITC99_all_numeric/b21.bench,16577,4,False,0,63,127,0,1683,0.240685
9290,data/bench/ITC99_all_numeric/b21.bench,16686,3,False,0,127,255,0,3628,0.463435
9291,data/bench/ITC99_all_numeric/b21.bench,16709,4,False,0,63,127,0,1556,0.233018
9292,data/bench/ITC99_all_numeric/b21.bench,16749,3,False,0,127,255,0,3628,0.464887
9293,data/bench/ITC99_all_numeric/b21.bench,16769,3,False,0,1799,3599,0,46339,6.414766
9294,data/bench/ITC99_all_numeric/b21.bench,16785,3,False,0,19,39,0,285,0.07658
9295,data/bench/ITC99_all_numeric/b21.bench,16798,3,False,0,63,127,0,1683,0.237326
9296,data/bench/ITC99_all_numeric/b21.bench,16806,4,False,0,47,95,0,1124,0.177604
9297,data/bench/ITC99_all_numeric/b21.bench,16828,4,False,2,2774,5566,0,82757,10.001303
9298,data/bench/ITC99_all_numeric/b21.bench,16967,4,False,0,63,127,0,1429,0.234186
9299,data/bench/ITC99_all_numeric/b21.bench,16983,3,False,0,1079,2159,0,23523,3.8745
9300,data/bench/ITC99_all_numeric/b21.bench,16992,4,False,0,63,127,0,1429,0.241052
9301,data/bench/ITC99_all_numeric/b21.bench,17009,4,False,0,127,255,0,3373,0.462743
9302,data/bench/ITC99_all_numeric/b21.bench,17067,4,False,0,63,127,0,1683,0.234685
9303,data/bench/ITC99_all_numeric/b21.bench,17134,3,False,0,63,127,0,1429,0.233698
9304,data/bench/ITC99_all_numeric/b21.bench,17136,3,False,0,63,127,0,1429,0.233781
9305,data/bench/ITC99_all_numeric/b21.bench,17171,3,False,0,19,39,0,324,0.077599
9306,data/bench/ITC99_all_numeric/b21.bench,17184,3,False,0,7,15,0,112,0.034279
9307,data/bench/ITC99_all_numeric/b21.bench,17184,4,False,0,7,15,0,112,0.033442
9308,data/bench/ITC99_all_numeric/b21.bench,17187,4,False,0,63,127,0,1683,0.230286
9309,data/bench/ITC99_all_numeric/b21.bench,17198,4,False,0,599,1199,0,14242,2.147632
9310,data/bench/ITC99_all_numeric/b21.bench,17210,3,False,0,63,127,0,1810,0.256277
9311,data/bench/ITC99_all_numeric/b21.bench,17271,3,False,0,19,39,0,324,0.077105
9312,data/bench/ITC99_all_numeric/b21.bench,17289,3,False,0,719,1439,0,18519,2.587331
9313,data/bench/ITC99_all_numeric/b21.bench,17341,4,False,0,127,255,0,3373,0.461216
9314,data/bench/ITC99_all_numeric/b21.bench,17343,4,False,0,19,39,0,324,0.076748
9315,data/bench/ITC99_all_numeric/b21.bench,17372,3,False,0,63,127,0,1429,0.235384
9316,data/bench/ITC99_all_numeric/b21.bench,17440,3,False,0,19,39,0,285,0.077348
9317,data/bench/ITC99_all_numeric/b21.bench,17468,4,False,2,2794,5608,0,53260,10.001343
9318,data/bench/ITC99_all_numeric/b21.bench,17487,3,False,2,2739,5506,0,57795,10.001322
9319,data/bench/ITC99_all_numeric/b21.bench,17490,3,False,0,1799,3599,0,49938,6.49525
9320,data/bench/ITC99_all_numeric/b21.bench,17500,4,False,0,143,287,0,3685,0.522057
9321,data/bench/ITC99_all_numeric/b21.bench,17503,4,False,0,19,39,0,351,0.077105
9322,data/bench/ITC99_all_numeric/b21.bench,17518,4,False,0,19,39,0,363,0.077144
9323,data/bench/ITC99_all_numeric/b21.bench,17526,3,False,0,63,127,0,1683,0.234263
9324,data/bench/ITC99_all_numeric/b21.bench,17642,4,False,0,19,39,0,324,0.077926
9325,data/bench/ITC99_all_numeric/b21.bench,17643,4,False,0,19,39,0,324,0.078843
9326,data/bench/ITC99_all_numeric/b21.bench,17662,4,False,0,63,127,0,1429,0.234388
9327,data/bench/ITC99_all_numeric/b21.bench,17666,4,False,0,1199,2399,0,33286,4.300894
9328,data/bench/ITC99_all_numeric/b21.bench,17681,4,False,0,63,127,0,1810,0.235376
9329,data/bench/ITC99_all_numeric/b21.bench,17715,4,False,0,1199,2399,0,30887,4.342896
9330,data/bench/ITC99_all_numeric/b21.bench,17740,3,False,0,19,39,0,402,0.079756
9331,data/bench/ITC99_all_numeric/b21.bench,17746,4,False,0,127,255,0,3883,0.490607
9332,data/bench/ITC99_all_numeric/b21.bench,17767,4,False,0,63,127,0,1556,0.235699
9333,data/bench/ITC99_all_numeric/b21.bench,17792,4,False,0,15,31,0,217,0.063748
9334,data/bench/ITC99_all_numeric/b21.bench,17802,3,False,0,19,39,0,324,0.077172
9335,data/bench/ITC99_all_numeric/b21.bench,17977,3,False,0,63,127,0,1683,0.234726
9336,data/bench/ITC99_all_numeric/b21.bench,18032,4,False,0,143,287,0,3398,0.5229
9337,data/bench/ITC99_all_numeric/b21.bench,18048,4,False,0,19,39,0,363,0.077366
9338,data/bench/ITC99_all_numeric/b21.bench,18109,4,False,0,127,255,0,3883,0.465688
9339,data/bench/ITC99_all_numeric/b21.bench,18127,4,False,0,7,15,0,112,0.034616
9340,data/bench/ITC99_all_numeric/b21.bench,18132,3,False,0,1799,3599,0,46339,6.48826
9341,data/bench/ITC99_all_numeric/b21.bench,18161,3,False,0,71,143,0,1696,0.263509
9342,data/bench/ITC99_all_numeric/b21.bench,18179,3,False,0,119,239,0,2362,0.435844
9343,data/bench/ITC99_all_numeric/b21.bench,18228,4,False,0,63,127,0,1810,0.232911
9344,data/bench/ITC99_all_numeric/b21.bench,18256,4,False,0,63,127,0,1429,0.234986
9345,data/bench/ITC99_all_numeric/b21.bench,18278,3,False,0,19,39,0,285,0.075772
9346,data/bench/ITC99_all_numeric/b21.bench,18392,3,False,2,2791,5610,0,53276,10.003536
9347,data/bench/ITC99_all_numeric/b21.bench,18450,4,False,2,2817,5648,0,53638,10.001099
9348,data/bench/ITC99_all_numeric/b21.bench,18559,4,False,2,2774,5578,0,80858,10.000796
9349,data/bench/ITC99_all_numeric/b21.bench,18591,4,False,0,19,39,0,273,0.077098
9350,data/bench/ITC99_all_numeric/b21.bench,18593,3,False,0,7,15,0,97,0.03614
9351,data/bench/ITC99_all_numeric/b21.bench,18596,4,False,0,23,47,0,333,0.090546
9352,data/bench/ITC99_all_numeric/b21.bench,18666,4,False,2,2798,5617,0,53346,10.000067
9353,data/bench/ITC99_all_numeric/b21.bench,18720,3,False,2,2788,5597,0,69941,10.003908
9354,data/bench/ITC99_all_numeric/b21.bench,18788,4,False,0,19,39,0,402,0.076836
9355,data/bench/ITC99_all_numeric/b21.bench,18795,3,False,0,719,1439,0,24275,2.577886
9356,data/bench/ITC99_all_numeric/b21.bench,18845,4,False,0,19,39,0,402,0.076752
9357,data/bench/ITC99_all_numeric/b21.bench,18858,3,False,2,2773,5573,0,64070,10.000638
9358,data/bench/ITC99_all_numeric/b21.bench,18916,4,False,0,63,127,0,1429,0.234099
9359,data/bench/ITC99_all_numeric/b21.bench,18923,4,False,0,11,23,0,151,0.048149
9360,data/bench/ITC99_all_numeric/b21.bench,18944,4,False,0,7,15,0,97,0.033847
9361,data/bench/ITC99_all_numeric/b21.bench,18952,3,False,0,19,39,0,285,0.075768
9362,data/bench/ITC99_all_numeric/b21.bench,18993,3,False,0,19,39,0,285,0.075497
9363,data/bench/ITC99_all_numeric/b21.bench,19132,3,False,0,19,39,0,324,0.077067
9364,data/bench/ITC99_all_numeric/b21.bench,19150,3,False,0,127,255,0,3883,0.463101
9365,data/bench/ITC99_all_numeric/b21.bench,19188,4,False,0,127,255,0,3373,0.463423
9366,data/bench/ITC99_all_numeric/b21.bench,19265,3,False,0,7,15,0,127,0.034118
9367,data/bench/ITC99_all_numeric/b21.bench,19343,4,False,0,1199,2399,0,33286,4.276246
9368,data/bench/ITC99_all_numeric/b21.bench,19431,3,False,0,63,127,0,1429,0.233875
9369,data/bench/ITC99_all_numeric/b21.bench,19491,4,False,0,63,127,0,2191,0.23389
9370,data/bench/ITC99_all_numeric/b21.bench,19514,4,False,0,19,39,0,273,0.076344
9371,data/bench/ITC99_all_numeric/b21.bench,19525,4,False,0,143,287,0,3111,0.516506
9372,data/bench/ITC99_all_numeric/b21.bench,19530,4,False,0,63,127,0,1683,0.233403
9373,data/bench/ITC99_all_numeric/b21.bench,19622,4,False,0,63,127,0,1429,0.235097
9374,data/bench/ITC99_all_numeric/b21.bench,19624,4,False,0,19,39,0,285,0.077664
9375,data/bench/ITC99_all_numeric/b21.bench,19626,4,False,0,63,127,0,1683,0.23787
9376,data/bench/ITC99_all_numeric/b21.bench,19694,3,False,0,63,127,0,1683,0.234952
9377,data/bench/ITC99_all_numeric/b21.bench,19799,4,False,0,63,127,0,1429,0.236022
9378,data/bench/ITC99_all_numeric/b21.bench,19851,4,False,0,19,39,0,312,0.077347
9379,data/bench/ITC99_all_numeric/b21.bench,19853,4,False,0,63,127,0,1429,0.234178
9380,data/bench/ITC99_all_numeric/b21.bench,19855,4,False,0,63,127,0,1429,0.23554
9381,data/bench/ITC99_all_numeric/b21.bench,19856,4,False,0,19,39,0,285,0.077119
9382,data/bench/ITC99_all_numeric/b21.bench,19874,4,False,0,1079,2159,0,23523,3.850182
9383,data/bench/ITC99_all_numeric/b21.bench,19893,3,False,0,127,255,0,3373,0.462139
9384,data/bench/ITC99_all_numeric/b21.bench,19901,4,False,0,19,39,0,324,0.077209
9385,data/bench/ITC99_all_numeric/b21.bench,19983,3,False,0,1199,2399,0,33286,4.284033
9386,data/bench/ITC99_all_numeric/b21.bench,20008,3,False,0,127,255,0,3628,0.465127
9387,data/bench/ITC99_all_numeric/b21.bench,20015,3,False,0,19,39,0,285,0.077689
9388,data/bench/ITC99_all_numeric/b21.bench,20024,3,False,0,127,255,0,3628,0.464472
9389,data/bench/ITC99_all_numeric/b21.bench,20049,4,False,0,119,239,0,2123,0.434303
9390,data/bench/ITC99_all_numeric/b21.bench,20086,3,False,0,19,39,0,285,0.077431
9391,data/bench/ITC99_all_numeric/b21.bench,20133,3,False,0,63,127,0,1683,0.23466
9392,data/bench/ITC99_all_numeric/b21.bench,20155,3,False,0,63,127,0,1556,0.235888
9393,data/bench/ITC99_all_numeric/b21.bench,20189,3,False,0,127,255,0,3373,0.464864
9394,data/bench/ITC99_all_numeric/b21.bench,20229,4,False,0,63,127,0,1429,0.235442
9395,data/bench/ITC99_all_numeric/b21.bench,20265,3,False,0,63,127,0,1683,0.234855
9396,data/bench/ITC99_all_numeric/b21.bench,20284,4,False,0,63,127,0,1429,0.235369
9397,data/bench/ITC99_all_numeric/b21.bench,20298,4,False,0,63,127,0,1429,0.236067
9398,data/bench/ITC99_all_numeric/b21.bench,20300,3,False,0,19,39,0,285,0.076716
9399,data/bench/ITC99_all_numeric/b21.bench,20328,3,False,0,119,239,0,2601,0.431087
9400,data/bench/ITC99_all_numeric/b21.bench,20362,4,False,0,63,127,0,1683,0.241995
9401,data/bench/ITC99_all_numeric/b21.bench,20424,4,False,0,23,47,0,333,0.095314
9402,data/bench/ITC99_all_numeric/b21.bench,20437,4,False,0,127,255,0,4393,0.47947
9403,data/bench/ITC99_all_numeric/b21.bench,20537,3,False,0,47,95,0,839,0.181594
9404,data/bench/ITC99_all_numeric/b22.bench,76,4,False,2,0,4423,0,0,10.001981
9405,data/bench/ITC99_all_numeric/b22.bench,171,4,False,2,0,4407,0,0,10.0014
9406,data/bench/ITC99_all_numeric/b22.bench,287,4,True,1,0,5,0,0,0.021459
9407,data/bench/ITC99_all_numeric/b22.bench,322,3,False,2,0,4428,0,0,10.001374
9408,data/bench/ITC99_all_numeric/b22.bench,415,3,False,2,0,4403,0,0,10.00064
9409,data/bench/ITC99_all_numeric/b22.bench,417,3,False,2,0,4425,0,0,10.002666
9410,data/bench/ITC99_all_numeric/b22.bench,543,3,True,1,0,3,0,1,0.016954
9411,data/bench/ITC99_all_numeric/b22.bench,576,3,False,2,0,4411,0,0,10.001498
9412,data/bench/ITC99_all_numeric/b22.bench,596,4,False,2,0,4406,0,0,10.001348
9413,data/bench/ITC99_all_numeric/b22.bench,598,3,False,2,0,4434,0,0,10.00115
9414,data/bench/ITC99_all_numeric/b22.bench,615,3,False,2,0,4429,0,0,10.002551
9415,data/bench/ITC99_all_numeric/b22.bench,699,3,True,1,0,3,0,1,0.017602
9416,data/bench/ITC99_all_numeric/b22.bench,752,3,True,1,0,3,0,0,0.016863
9417,data/bench/ITC99_all_numeric/b22.bench,839,3,False,2,1884,3791,0,47344,10.001269
9418,data/bench/ITC99_all_numeric/b22.bench,885,3,False,0,863,1727,0,28776,4.61891
9419,data/bench/ITC99_all_numeric/b22.bench,1152,4,False,2,1859,3753,0,69352,10.000289
9420,data/bench/ITC99_all_numeric/b22.bench,1166,3,False,2,1859,3744,0,76688,10.000115
9421,data/bench/ITC99_all_numeric/b22.bench,1237,4,False,2,1868,3764,0,69548,10.00109
9422,data/bench/ITC99_all_numeric/b22.bench,1282,3,False,0,7,15,0,62,0.050058
9423,data/bench/ITC99_all_numeric/b22.bench,1283,3,False,0,7,15,0,62,0.048752
9424,data/bench/ITC99_all_numeric/b22.bench,1287,4,False,0,7,15,0,62,0.049866
9425,data/bench/ITC99_all_numeric/b22.bench,1356,3,False,2,1857,3737,0,57860,10.000456
9426,data/bench/ITC99_all_numeric/b22.bench,1386,3,False,2,1850,3728,0,57721,10.001375
9427,data/bench/ITC99_all_numeric/b22.bench,1401,4,False,2,1854,3740,0,57909,10.000266
9428,data/bench/ITC99_all_numeric/b22.bench,1546,4,False,0,31,63,0,277,0.182509
9429,data/bench/ITC99_all_numeric/b22.bench,1564,4,False,0,31,63,0,277,0.177541
9430,data/bench/ITC99_all_numeric/b22.bench,1584,4,False,0,31,63,0,340,0.178084
9431,data/bench/ITC99_all_numeric/b22.bench,1594,4,False,0,31,63,0,277,0.177514
9432,data/bench/ITC99_all_numeric/b22.bench,1600,4,False,0,31,63,0,277,0.178353
9433,data/bench/ITC99_all_numeric/b22.bench,1664,3,False,0,31,63,0,215,0.178583
9434,data/bench/ITC99_all_numeric/b22.bench,1700,3,False,0,31,63,0,215,0.177849
9435,data/bench/ITC99_all_numeric/b22.bench,1760,3,False,0,63,127,0,1441,0.348895
9436,data/bench/ITC99_all_numeric/b22.bench,1771,3,False,0,31,63,0,277,0.179427
9437,data/bench/ITC99_all_numeric/b22.bench,1840,4,False,0,31,63,0,277,0.179837
9438,data/bench/ITC99_all_numeric/b22.bench,1869,4,False,0,31,63,0,340,0.178022
9439,data/bench/ITC99_all_numeric/b22.bench,1881,4,False,0,31,63,0,340,0.178147
9440,data/bench/ITC99_all_numeric/b22.bench,1945,4,False,0,3,7,0,25,0.029831
9441,data/bench/ITC99_all_numeric/b22.bench,1985,3,False,0,63,127,0,1314,0.348613
9442,data/bench/ITC99_all_numeric/b22.bench,2093,3,False,0,87,175,0,2045,0.476214
9443,data/bench/ITC99_all_numeric/b22.bench,2113,3,False,2,1864,3762,0,37580,10.001534
9444,data/bench/ITC99_all_numeric/b22.bench,2137,4,False,2,1868,3769,0,37673,10.001302
9445,data/bench/ITC99_all_numeric/b22.bench,2201,3,False,2,1879,3777,0,37729,10.004666
9446,data/bench/ITC99_all_numeric/b22.bench,2290,3,False,0,83,167,0,2372,0.454543
9447,data/bench/ITC99_all_numeric/b22.bench,2306,3,False,0,83,167,0,2372,0.456386
9448,data/bench/ITC99_all_numeric/b22.bench,2326,3,False,0,83,167,0,2372,0.454058
9449,data/bench/ITC99_all_numeric/b22.bench,2333,3,False,2,1884,3789,0,35975,10.002555
9450,data/bench/ITC99_all_numeric/b22.bench,2361,4,False,2,1864,3757,0,39428,10.000807
9451,data/bench/ITC99_all_numeric/b22.bench,2426,3,False,0,31,63,0,592,0.176699
9452,data/bench/ITC99_all_numeric/b22.bench,2443,4,False,0,111,223,0,2494,0.598772
9453,data/bench/ITC99_all_numeric/b22.bench,2580,4,False,0,83,167,0,2205,0.455325
9454,data/bench/ITC99_all_numeric/b22.bench,2692,4,False,0,87,175,0,1520,0.473182
9455,data/bench/ITC99_all_numeric/b22.bench,2834,3,False,2,1880,3783,0,47257,10.000192
9456,data/bench/ITC99_all_numeric/b22.bench,2855,4,False,2,1874,3779,0,62302,10.001177
9457,data/bench/ITC99_all_numeric/b22.bench,2909,4,False,2,1887,3792,0,51147,10.001302
9458,data/bench/ITC99_all_numeric/b22.bench,3035,4,False,0,3,7,0,22,0.029253
9459,data/bench/ITC99_all_numeric/b22.bench,3049,4,False,0,63,127,0,808,0.348172
9460,data/bench/ITC99_all_numeric/b22.bench,3127,4,False,2,1864,3754,0,52513,10.000136
9461,data/bench/ITC99_all_numeric/b22.bench,3142,3,False,2,1849,3744,0,56115,10.000338
9462,data/bench/ITC99_all_numeric/b22.bench,3176,4,False,2,1865,3753,0,60013,10.000453
9463,data/bench/ITC99_all_numeric/b22.bench,3222,4,False,2,1864,3763,0,56401,10.001802
9464,data/bench/ITC99_all_numeric/b22.bench,3251,3,False,0,31,63,0,844,0.180734
9465,data/bench/ITC99_all_numeric/b22.bench,3293,3,False,0,99,199,0,1332,0.535879
9466,data/bench/ITC99_all_numeric/b22.bench,3308,3,False,0,83,167,0,1203,0.453116
9467,data/bench/ITC99_all_numeric/b22.bench,3313,4,True,1,0,3,0,3,0.016625
9468,data/bench/ITC99_all_numeric/b22.bench,3595,4,False,0,199,399,0,4657,1.07043
9469,data/bench/ITC99_all_numeric/b22.bench,3605,4,False,0,199,399,0,4657,1.066155
9470,data/bench/ITC99_all_numeric/b22.bench,3651,3,False,0,199,399,0,4657,1.074459
9471,data/bench/ITC99_all_numeric/b22.bench,3663,4,False,0,431,863,0,9209,2.318935
9472,data/bench/ITC99_all_numeric/b22.bench,3730,4,False,2,1864,3769,0,64027,10.000594
9473,data/bench/ITC99_all_numeric/b22.bench,3888,4,False,2,1849,3721,0,59491,10.000767
9474,data/bench/ITC99_all_numeric/b22.bench,3917,4,False,2,1846,3722,0,53948,10.001964
9475,data/bench/ITC99_all_numeric/b22.bench,3947,4,False,2,1859,3747,0,59923,10.002547
9476,data/bench/ITC99_all_numeric/b22.bench,3993,4,False,2,1864,3752,0,56235,10.000116
9477,data/bench/ITC99_all_numeric/b22.bench,3997,3,False,0,31,63,0,781,0.180099
9478,data/bench/ITC99_all_numeric/b22.bench,4042,3,False,2,1868,3757,0,39421,10.002232
9479,data/bench/ITC99_all_numeric/b22.bench,4051,4,False,0,31,63,0,844,0.183656
9480,data/bench/ITC99_all_numeric/b22.bench,4167,4,False,2,1854,3730,0,54052,10.001513
9481,data/bench/ITC99_all_numeric/b22.bench,4268,3,False,0,191,383,0,5261,1.029687
9482,data/bench/ITC99_all_numeric/b22.bench,4295,4,True,1,0,3,0,3,0.017301
9483,data/bench/ITC99_all_numeric/b22.bench,4429,4,False,2,1888,3806,0,32333,10.000424
9484,data/bench/ITC99_all_numeric/b22.bench,4460,3,False,2,1759,3584,0,35801,10.002012
9485,data/bench/ITC99_all_numeric/b22.bench,4486,4,False,0,31,63,0,529,0.181639
9486,data/bench/ITC99_all_numeric/b22.bench,4487,3,False,2,1868,3761,0,48865,10.001151
9487,data/bench/ITC99_all_numeric/b22.bench,4646,4,False,0,41,83,0,184,0.229489
9488,data/bench/ITC99_all_numeric/b22.bench,4695,4,False,2,1868,3765,0,48922,10.000096
9489,data/bench/ITC99_all_numeric/b22.bench,4771,3,False,2,1868,3769,0,41441,10.000759
9490,data/bench/ITC99_all_numeric/b22.bench,4807,3,False,0,479,959,0,11366,2.546397
9491,data/bench/ITC99_all_numeric/b22.bench,4938,4,False,0,31,63,0,781,0.178938
9492,data/bench/ITC99_all_numeric/b22.bench,5023,4,False,2,1870,3773,0,56571,10.001511
9493,data/bench/ITC99_all_numeric/b22.bench,5058,3,False,0,31,63,0,592,0.17994
9494,data/bench/ITC99_all_numeric/b22.bench,5071,3,False,2,1870,3772,0,39577,10.000422
9495,data/bench/ITC99_all_numeric/b22.bench,5106,3,False,2,1869,3760,0,44551,10.000554
9496,data/bench/ITC99_all_numeric/b22.bench,5144,4,False,0,115,231,0,1951,0.618695
9497,data/bench/ITC99_all_numeric/b22.bench,5242,4,False,0,431,863,0,14387,2.31722
9498,data/bench/ITC99_all_numeric/b22.bench,5398,4,False,0,31,63,0,529,0.178394
9499,data/bench/ITC99_all_numeric/b22.bench,5420,3,False,0,1199,2399,0,28442,6.387468
9500,data/bench/ITC99_all_numeric/b22.bench,5533,4,False,2,1869,3763,0,47004,10.002712
9501,data/bench/ITC99_all_numeric/b22.bench,5565,3,False,2,1875,3776,0,54697,10.002152
9502,data/bench/ITC99_all_numeric/b22.bench,5589,4,False,2,1854,3725,0,61426,10.008971
9503,data/bench/ITC99_all_numeric/b22.bench,5619,4,False,2,1864,3745,0,33665,10.01083
9504,data/bench/ITC99_all_numeric/b22.bench,5767,3,False,0,31,63,0,467,0.179319
9505,data/bench/ITC99_all_numeric/b22.bench,5865,4,False,2,1854,3734,0,57843,10.000516
9506,data/bench/ITC99_all_numeric/b22.bench,5994,3,False,2,1866,3753,0,54387,10.002856
9507,data/bench/ITC99_all_numeric/b22.bench,6004,3,False,2,1859,3740,0,54200,10.000728
9508,data/bench/ITC99_all_numeric/b22.bench,6030,3,False,2,1832,3691,0,75613,10.001281
9509,data/bench/ITC99_all_numeric/b22.bench,6067,3,False,2,1862,3747,0,76760,10.000167
9510,data/bench/ITC99_all_numeric/b22.bench,6129,4,False,2,1840,3713,0,76060,10.000198
9511,data/bench/ITC99_all_numeric/b22.bench,6221,4,False,2,1845,3725,0,72556,10.002346
9512,data/bench/ITC99_all_numeric/b22.bench,6320,4,False,2,1854,3730,0,72654,10.001224
9513,data/bench/ITC99_all_numeric/b22.bench,6359,3,False,0,63,127,0,684,0.346195
9514,data/bench/ITC99_all_numeric/b22.bench,6374,4,False,0,63,127,0,684,0.354739
9515,data/bench/ITC99_all_numeric/b22.bench,6407,4,False,0,63,127,0,684,0.351467
9516,data/bench/ITC99_all_numeric/b22.bench,6412,3,False,0,7,15,0,47,0.050784
9517,data/bench/ITC99_all_numeric/b22.bench,6459,3,False,2,1834,3710,0,63023,10.000628
9518,data/bench/ITC99_all_numeric/b22.bench,6553,3,False,2,1854,3732,0,50348,10.001893
9519,data/bench/ITC99_all_numeric/b22.bench,6575,3,False,2,1849,3731,0,59651,10.002063
9520,data/bench/ITC99_all_numeric/b22.bench,6604,3,False,0,31,63,0,845,0.180907
9521,data/bench/ITC99_all_numeric/b22.bench,6627,4,False,2,1857,3739,0,72828,10.001745
9522,data/bench/ITC99_all_numeric/b22.bench,6705,3,True,1,0,2,0,1,0.014234
9523,data/bench/ITC99_all_numeric/b22.bench,6723,4,False,0,95,191,0,1673,0.516549
9524,data/bench/ITC99_all_numeric/b22.bench,6839,3,False,2,1845,3720,0,65022,10.001854
9525,data/bench/ITC99_all_numeric/b22.bench,6854,3,False,2,1857,3735,0,69036,10.001449
9526,data/bench/ITC99_all_numeric/b22.bench,6922,4,False,2,1872,3770,0,69674,10.000459
9527,data/bench/ITC99_all_numeric/b22.bench,6940,4,False,2,1874,3772,0,69711,10.000974
9528,data/bench/ITC99_all_numeric/b22.bench,6952,4,False,2,1868,3760,0,69489,10.001248
9529,data/bench/ITC99_all_numeric/b22.bench,6954,3,False,2,1859,3748,0,69274,10.000444
9530,data/bench/ITC99_all_numeric/b22.bench,6956,4,False,2,1868,3760,0,69489,10.001686
9531,data/bench/ITC99_all_numeric/b22.bench,6957,4,False,2,1869,3773,0,65948,10.001213
9532,data/bench/ITC99_all_numeric/b22.bench,7086,4,False,2,1869,3763,0,54530,10.000122
9533,data/bench/ITC99_all_numeric/b22.bench,7125,4,False,0,287,575,0,7335,1.53397
9534,data/bench/ITC99_all_numeric/b22.bench,7158,4,False,2,1864,3753,0,54385,10.001283
9535,data/bench/ITC99_all_numeric/b22.bench,7169,4,False,0,1439,2879,0,48515,7.714934
9536,data/bench/ITC99_all_numeric/b22.bench,7198,4,False,0,1199,2399,0,40437,6.40402
9537,data/bench/ITC99_all_numeric/b22.bench,7212,3,False,2,1850,3723,0,59533,10.002202
9538,data/bench/ITC99_all_numeric/b22.bench,7253,4,False,2,1872,3763,0,54539,10.002058
9539,data/bench/ITC99_all_numeric/b22.bench,7255,3,False,2,1864,3761,0,50740,10.000664
9540,data/bench/ITC99_all_numeric/b22.bench,7349,4,False,2,1852,3732,0,67146,10.000256
9541,data/bench/ITC99_all_numeric/b22.bench,7378,4,False,0,231,463,0,4248,1.245908
9542,data/bench/ITC99_all_numeric/b22.bench,7499,3,False,2,1852,3729,0,68925,10.000447
9543,data/bench/ITC99_all_numeric/b22.bench,7522,4,False,2,1864,3764,0,69572,10.000751
9544,data/bench/ITC99_all_numeric/b22.bench,7545,3,False,2,1849,3719,0,66340,10.000051
9545,data/bench/ITC99_all_numeric/b22.bench,7561,4,False,2,1859,3750,0,69295,10.001145
9546,data/bench/ITC99_all_numeric/b22.bench,7564,4,True,1,0,3,0,3,0.016456
9547,data/bench/ITC99_all_numeric/b22.bench,7591,4,True,1,0,3,0,3,0.014972
9548,data/bench/ITC99_all_numeric/b22.bench,7714,3,False,2,1871,3774,0,41493,10.001217
9549,data/bench/ITC99_all_numeric/b22.bench,7732,3,False,2,1852,3724,0,40933,10.001498
9550,data/bench/ITC99_all_numeric/b22.bench,7746,3,False,2,1868,3760,0,50718,10.000542
9551,data/bench/ITC99_all_numeric/b22.bench,7752,3,False,2,1860,3744,0,50502,10.001246
9552,data/bench/ITC99_all_numeric/b22.bench,7856,3,False,2,1850,3717,0,53864,10.001975
9553,data/bench/ITC99_all_numeric/b22.bench,7941,4,False,0,3,7,0,38,0.029745
9554,data/bench/ITC99_all_numeric/b22.bench,7951,4,False,2,1868,3770,0,37685,10.001906
9555,data/bench/ITC99_all_numeric/b22.bench,8044,3,False,2,1849,3743,0,56101,10.001198
9556,data/bench/ITC99_all_numeric/b22.bench,8062,4,False,0,239,479,0,5680,1.316522
9557,data/bench/ITC99_all_numeric/b22.bench,8064,3,False,0,47,95,0,1595,0.264281
9558,data/bench/ITC99_all_numeric/b22.bench,8083,4,False,2,1836,3694,0,55377,10.001054
9559,data/bench/ITC99_all_numeric/b22.bench,8088,4,False,0,479,959,0,15202,2.561303
9560,data/bench/ITC99_all_numeric/b22.bench,8109,4,False,2,1853,3741,0,52353,10.002493
9561,data/bench/ITC99_all_numeric/b22.bench,8141,3,False,2,1849,3729,0,63347,10.000378
9562,data/bench/ITC99_all_numeric/b22.bench,8183,3,False,2,1862,3748,0,58060,10.000361
9563,data/bench/ITC99_all_numeric/b22.bench,8229,4,False,2,1864,3750,0,52456,10.000478
9564,data/bench/ITC99_all_numeric/b22.bench,8309,3,False,0,31,63,0,845,0.177194
9565,data/bench/ITC99_all_numeric/b22.bench,8409,4,False,2,1857,3725,0,59006,10.00194
9566,data/bench/ITC99_all_numeric/b22.bench,8417,3,False,0,115,231,0,1660,0.63065
9567,data/bench/ITC99_all_numeric/b22.bench,8419,4,False,0,1439,2879,0,39877,7.749175
9568,data/bench/ITC99_all_numeric/b22.bench,8499,4,False,0,31,63,0,657,0.179273
9569,data/bench/ITC99_all_numeric/b22.bench,8532,3,False,0,7,15,0,79,0.050651
9570,data/bench/ITC99_all_numeric/b22.bench,8608,4,False,2,1825,3678,0,86353,10.002176
9571,data/bench/ITC99_all_numeric/b22.bench,8643,3,False,2,1857,3741,0,87828,10.002211
9572,data/bench/ITC99_all_numeric/b22.bench,8661,3,False,2,1830,3693,0,83013,10.00135
9573,data/bench/ITC99_all_numeric/b22.bench,8688,3,False,2,1803,3637,0,85386,10.003398
9574,data/bench/ITC99_all_numeric/b22.bench,8697,4,False,0,15,31,0,147,0.102229
9575,data/bench/ITC99_all_numeric/b22.bench,8794,4,False,0,479,959,0,11366,2.614894
9576,data/bench/ITC99_all_numeric/b22.bench,8827,4,False,2,1827,3689,0,57117,10.001823
9577,data/bench/ITC99_all_numeric/b22.bench,8846,4,False,2,1783,3601,0,37779,10.000555
9578,data/bench/ITC99_all_numeric/b22.bench,8893,3,False,2,1845,3722,0,50201,10.002212
9579,data/bench/ITC99_all_numeric/b22.bench,8919,3,False,2,1837,3697,0,87991,10.002251
9580,data/bench/ITC99_all_numeric/b22.bench,8937,3,False,2,1848,3726,0,46522,10.00171
9581,data/bench/ITC99_all_numeric/b22.bench,8965,3,False,2,1834,3691,0,62053,10.001041
9582,data/bench/ITC99_all_numeric/b22.bench,9011,4,False,2,1768,3568,0,48116,10.001576
9583,data/bench/ITC99_all_numeric/b22.bench,9046,4,False,2,1816,3661,0,45721,10.001178
9584,data/bench/ITC99_all_numeric/b22.bench,9143,3,False,0,1199,2399,0,26043,6.679455
9585,data/bench/ITC99_all_numeric/b22.bench,9180,3,False,2,1844,3715,0,42689,10.001718
9586,data/bench/ITC99_all_numeric/b22.bench,9279,4,False,2,1825,3671,0,38515,10.00033
9587,data/bench/ITC99_all_numeric/b22.bench,9397,4,False,2,1801,3624,0,46489,10.002136
9588,data/bench/ITC99_all_numeric/b22.bench,9406,4,False,2,1830,3689,0,57118,10.000587
9589,data/bench/ITC99_all_numeric/b22.bench,9503,4,False,2,1845,3716,0,61265,10.00146
9590,data/bench/ITC99_all_numeric/b22.bench,9550,4,False,2,1862,3753,0,58110,10.002155
9591,data/bench/ITC99_all_numeric/b22.bench,9561,3,False,2,1874,3770,0,62153,10.000808
9592,data/bench/ITC99_all_numeric/b22.bench,9582,3,False,2,1874,3774,0,62221,10.001874
9593,data/bench/ITC99_all_numeric/b22.bench,9587,3,False,2,1871,3767,0,62104,10.001893
9594,data/bench/ITC99_all_numeric/b22.bench,9619,4,False,0,7,15,0,47,0.050385
9595,data/bench/ITC99_all_numeric/b22.bench,9654,4,False,0,3,7,0,22,0.028881
9596,data/bench/ITC99_all_numeric/b22.bench,9658,4,False,0,7,15,0,47,0.049049
9597,data/bench/ITC99_all_numeric/b22.bench,9677,3,False,0,63,127,0,808,0.346259
9598,data/bench/ITC99_all_numeric/b22.bench,9807,4,False,2,1862,3757,0,73204,10.000661
9599,data/bench/ITC99_all_numeric/b22.bench,9818,3,False,2,1857,3739,0,76588,10.0007
9600,data/bench/ITC99_all_numeric/b22.bench,9828,4,False,2,1864,3754,0,73155,10.001035
9601,data/bench/ITC99_all_numeric/b22.bench,9873,3,False,2,1869,3765,0,73369,10.000702
9602,data/bench/ITC99_all_numeric/b22.bench,9877,4,False,2,1854,3727,0,76353,10.006752
9603,data/bench/ITC99_all_numeric/b22.bench,9893,4,False,2,1868,3764,0,73338,10.002766
9604,data/bench/ITC99_all_numeric/b22.bench,9927,3,False,2,1874,3774,0,47130,10.002225
9605,data/bench/ITC99_all_numeric/b22.bench,9932,3,False,2,1874,3769,0,54616,10.001654
9606,data/bench/ITC99_all_numeric/b22.bench,9993,4,False,0,31,63,0,403,0.174024
9607,data/bench/ITC99_all_numeric/b22.bench,10002,3,False,2,1868,3759,0,58214,10.000951
9608,data/bench/ITC99_all_numeric/b22.bench,10005,3,False,0,15,31,0,109,0.091663
9609,data/bench/ITC99_all_numeric/b22.bench,10015,3,False,0,31,63,0,488,0.176152
9610,data/bench/ITC99_all_numeric/b22.bench,10027,4,False,2,1868,3765,0,54531,10.000467
9611,data/bench/ITC99_all_numeric/b22.bench,10086,3,False,2,1872,3768,0,58353,10.002573
9612,data/bench/ITC99_all_numeric/b22.bench,10128,4,False,2,1864,3756,0,54400,10.000293
9613,data/bench/ITC99_all_numeric/b22.bench,10152,4,False,2,1862,3748,0,54283,10.002075
9614,data/bench/ITC99_all_numeric/b22.bench,10174,3,False,2,1845,3717,0,53836,10.005675
9615,data/bench/ITC99_all_numeric/b22.bench,10382,3,False,2,1854,3727,0,39095,10.007992
9616,data/bench/ITC99_all_numeric/b22.bench,10383,4,False,2,1825,3676,0,42235,10.001121
9617,data/bench/ITC99_all_numeric/b22.bench,10430,3,False,2,1811,3653,0,38319,10.001058
9618,data/bench/ITC99_all_numeric/b22.bench,10504,3,False,2,1838,3708,0,72237,10.001849
9619,data/bench/ITC99_all_numeric/b22.bench,10553,4,False,0,143,287,0,4813,0.772908
9620,data/bench/ITC99_all_numeric/b22.bench,10581,3,False,0,479,959,0,10407,2.576935
9621,data/bench/ITC99_all_numeric/b22.bench,10583,3,False,0,479,959,0,18079,2.588406
9622,data/bench/ITC99_all_numeric/b22.bench,10753,4,False,0,31,63,0,970,0.179398
9623,data/bench/ITC99_all_numeric/b22.bench,10918,3,False,2,1803,3637,0,56327,10.000663
9624,data/bench/ITC99_all_numeric/b22.bench,10977,4,False,0,31,63,0,529,0.17835
9625,data/bench/ITC99_all_numeric/b22.bench,11090,4,False,2,1845,3716,0,57550,10.004908
9626,data/bench/ITC99_all_numeric/b22.bench,11129,4,False,2,1866,3758,0,54428,10.000318
9627,data/bench/ITC99_all_numeric/b22.bench,11297,4,False,0,95,191,0,2628,0.514139
9628,data/bench/ITC99_all_numeric/b22.bench,11421,4,False,2,1745,3520,0,62815,10.001607
9629,data/bench/ITC99_all_numeric/b22.bench,11424,3,False,2,1805,3622,0,75489,10.000337
9630,data/bench/ITC99_all_numeric/b22.bench,11426,4,False,2,1840,3708,0,50032,10.001227
9631,data/bench/ITC99_all_numeric/b22.bench,11439,4,False,2,1828,3674,0,50785,10.002406
9632,data/bench/ITC99_all_numeric/b22.bench,11490,3,False,0,31,63,0,907,0.180406
9633,data/bench/ITC99_all_numeric/b22.bench,11553,4,False,2,1801,3627,0,74304,10.001959
9634,data/bench/ITC99_all_numeric/b22.bench,11591,3,False,2,1840,3710,0,46350,10.000283
9635,data/bench/ITC99_all_numeric/b22.bench,11601,3,False,2,1844,3718,0,46443,10.001645
9636,data/bench/ITC99_all_numeric/b22.bench,11624,3,False,2,1846,3721,0,46479,10.000583
9637,data/bench/ITC99_all_numeric/b22.bench,11625,3,False,2,1833,3683,0,65694,10.002737
9638,data/bench/ITC99_all_numeric/b22.bench,11662,3,False,2,1825,3670,0,49514,10.000482
9639,data/bench/ITC99_all_numeric/b22.bench,11776,4,False,2,1835,3697,0,68331,10.00084
9640,data/bench/ITC99_all_numeric/b22.bench,11839,4,False,0,107,215,0,1475,0.585812
9641,data/bench/ITC99_all_numeric/b22.bench,11904,3,False,2,1840,3707,0,38896,10.001073
9642,data/bench/ITC99_all_numeric/b22.bench,11914,4,False,0,47,95,0,835,0.264389
9643,data/bench/ITC99_all_numeric/b22.bench,12018,4,False,0,31,63,0,655,0.180819
9644,data/bench/ITC99_all_numeric/b22.bench,12096,3,True,1,0,3,0,1,0.017706
9645,data/bench/ITC99_all_numeric/b22.bench,12193,4,False,0,8,17,0,29,0.055389
9646,data/bench/ITC99_all_numeric/b22.bench,12229,4,False,0,119,239,0,1262,0.656428
9647,data/bench/ITC99_all_numeric/b22.bench,12248,4,False,0,3,7,0,11,0.030122
9648,data/bench/ITC99_all_numeric/b22.bench,12418,4,False,0,3,7,0,8,0.029238
9649,data/bench/ITC99_all_numeric/b22.bench,12458,3,False,0,3,7,0,18,0.029295
9650,data/bench/ITC99_all_numeric/b22.bench,12475,4,False,0,3,7,0,18,0.03185
9651,data/bench/ITC99_all_numeric/b22.bench,12498,4,False,0,63,127,0,1060,0.355235
9652,data/bench/ITC99_all_numeric/b22.bench,12575,4,False,0,63,127,0,934,0.361478
9653,data/bench/ITC99_all_numeric/b22.bench,12586,4,False,0,63,127,0,1187,0.355989
9654,data/bench/ITC99_all_numeric/b22.bench,12655,3,False,0,31,63,0,403,0.185498
9655,data/bench/ITC99_all_numeric/b22.bench,12655,4,False,0,31,63,0,403,0.182447
9656,data/bench/ITC99_all_numeric/b22.bench,12674,3,False,0,63,127,0,1061,0.356704
9657,data/bench/ITC99_all_numeric/b22.bench,12689,4,False,0,63,127,0,1060,0.351821
9658,data/bench/ITC99_all_numeric/b22.bench,12715,4,False,0,127,255,0,1869,0.706579
9659,data/bench/ITC99_all_numeric/b22.bench,12724,3,False,0,63,127,0,934,0.352116
9660,data/bench/ITC99_all_numeric/b22.bench,12726,3,False,0,63,127,0,934,0.354861
9661,data/bench/ITC99_all_numeric/b22.bench,12765,3,False,0,63,127,0,934,0.351798
9662,data/bench/ITC99_all_numeric/b22.bench,12801,3,False,0,63,127,0,808,0.350099
9663,data/bench/ITC99_all_numeric/b22.bench,12867,4,False,0,63,127,0,807,0.365619
9664,data/bench/ITC99_all_numeric/b22.bench,12904,4,False,0,63,127,0,1188,0.353033
9665,data/bench/ITC99_all_numeric/b22.bench,13098,4,False,0,7,15,0,109,0.052061
9666,data/bench/ITC99_all_numeric/b22.bench,13176,3,False,0,7,15,0,65,0.049619
9667,data/bench/ITC99_all_numeric/b22.bench,13188,4,False,0,15,31,0,222,0.090681
9668,data/bench/ITC99_all_numeric/b22.bench,13199,4,False,0,7,15,0,66,0.051932
9669,data/bench/ITC99_all_numeric/b22.bench,13223,4,False,0,7,15,0,79,0.049489
9670,data/bench/ITC99_all_numeric/b22.bench,13264,4,False,0,31,63,0,507,0.181435
9671,data/bench/ITC99_all_numeric/b22.bench,13266,3,False,0,31,63,0,570,0.180191
9672,data/bench/ITC99_all_numeric/b22.bench,13321,4,True,1,0,3,0,1,0.017955
9673,data/bench/ITC99_all_numeric/b22.bench,13341,3,False,0,3,7,0,18,0.028194
9674,data/bench/ITC99_all_numeric/b22.bench,13397,4,False,0,3,7,0,11,0.028663
9675,data/bench/ITC99_all_numeric/b22.bench,13424,4,False,2,1831,3684,0,55192,10.000235
9676,data/bench/ITC99_all_numeric/b22.bench,13430,3,False,2,1852,3716,0,40856,10.002336
9677,data/bench/ITC99_all_numeric/b22.bench,13435,3,False,0,383,767,0,6146,2.06658
9678,data/bench/ITC99_all_numeric/b22.bench,13445,3,True,1,0,3,0,1,0.018196
9679,data/bench/ITC99_all_numeric/b22.bench,13556,3,False,0,95,191,0,1986,0.52581
9680,data/bench/ITC99_all_numeric/b22.bench,13613,3,False,0,11,23,0,84,0.073523
9681,data/bench/ITC99_all_numeric/b22.bench,13631,3,False,2,1821,3664,0,129162,10.000186
9682,data/bench/ITC99_all_numeric/b22.bench,13671,4,False,2,1866,3750,0,44408,10.000639
9683,data/bench/ITC99_all_numeric/b22.bench,13693,3,False,0,143,287,0,2517,0.769659
9684,data/bench/ITC99_all_numeric/b22.bench,13695,4,False,0,1,3,0,2,0.018762
9685,data/bench/ITC99_all_numeric/b22.bench,13788,3,False,0,191,383,0,4113,1.028711
9686,data/bench/ITC99_all_numeric/b22.bench,13817,4,False,0,127,255,0,1958,0.689234
9687,data/bench/ITC99_all_numeric/b22.bench,13821,4,False,0,383,767,0,9761,2.071913
9688,data/bench/ITC99_all_numeric/b22.bench,13832,4,False,0,31,63,0,469,0.179462
9689,data/bench/ITC99_all_numeric/b22.bench,13863,4,False,2,1867,3757,0,51990,10.001771
9690,data/bench/ITC99_all_numeric/b22.bench,13934,4,False,2,1879,3778,0,44754,10.001103
9691,data/bench/ITC99_all_numeric/b22.bench,14139,4,False,0,599,1199,0,7024,3.159904
9692,data/bench/ITC99_all_numeric/b22.bench,14150,4,True,1,0,4,0,2,0.019789
9693,data/bench/ITC99_all_numeric/b22.bench,14413,4,False,0,719,1439,0,17058,3.806663
9694,data/bench/ITC99_all_numeric/b22.bench,14438,3,False,2,1849,3740,0,52316,10.0023
9695,data/bench/ITC99_all_numeric/b22.bench,14466,4,False,0,143,287,0,3091,0.789792
9696,data/bench/ITC99_all_numeric/b22.bench,14510,3,False,2,1865,3753,0,45005,10.000164
9697,data/bench/ITC99_all_numeric/b22.bench,14572,4,False,2,1868,3766,0,45170,10.000873
9698,data/bench/ITC99_all_numeric/b22.bench,14626,4,False,0,1199,2399,0,33240,6.343707
9699,data/bench/ITC99_all_numeric/b22.bench,14703,3,False,2,1852,3739,0,41113,10.001342
9700,data/bench/ITC99_all_numeric/b22.bench,14728,4,False,0,31,63,0,529,0.183163
9701,data/bench/ITC99_all_numeric/b22.bench,14758,3,False,0,23,47,0,211,0.136557
9702,data/bench/ITC99_all_numeric/b22.bench,14776,3,False,2,1870,3767,0,31999,10.001251
9703,data/bench/ITC99_all_numeric/b22.bench,14836,3,False,0,1,3,0,2,0.01877
9704,data/bench/ITC99_all_numeric/b22.bench,14873,4,False,2,1863,3746,0,51864,10.001677
9705,data/bench/ITC99_all_numeric/b22.bench,14886,3,False,0,15,31,0,166,0.092942
9706,data/bench/ITC99_all_numeric/b22.bench,14915,3,False,0,383,767,0,9761,2.050211
9707,data/bench/ITC99_all_numeric/b22.bench,14987,3,False,0,479,959,0,7530,2.620747
9708,data/bench/ITC99_all_numeric/b22.bench,15089,3,False,0,31,63,0,551,0.17914
9709,data/bench/ITC99_all_numeric/b22.bench,15135,4,False,2,1864,3776,0,41495,10.002074
9710,data/bench/ITC99_all_numeric/b22.bench,15161,3,False,2,1841,3714,0,48259,10.000913
9711,data/bench/ITC99_all_numeric/b22.bench,15235,4,False,0,31,63,0,529,0.178724
9712,data/bench/ITC99_all_numeric/b22.bench,15294,4,False,2,1819,3680,0,44118,10.000518
9713,data/bench/ITC99_all_numeric/b22.bench,15376,4,False,0,95,191,0,2055,0.53194
9714,data/bench/ITC99_all_numeric/b22.bench,15380,4,False,0,239,479,0,4722,1.304807
9715,data/bench/ITC99_all_numeric/b22.bench,15384,3,False,2,1836,3700,0,48075,10.000583
9716,data/bench/ITC99_all_numeric/b22.bench,15403,3,False,2,1852,3732,0,48491,10.000849
9717,data/bench/ITC99_all_numeric/b22.bench,15415,4,False,0,31,63,0,529,0.179116
9718,data/bench/ITC99_all_numeric/b22.bench,15465,3,False,2,1852,3735,0,48533,10.000743
9719,data/bench/ITC99_all_numeric/b22.bench,15477,4,False,0,719,1439,0,15619,3.813284
9720,data/bench/ITC99_all_numeric/b22.bench,15617,3,False,0,31,63,0,655,0.178153
9721,data/bench/ITC99_all_numeric/b22.bench,15638,3,False,0,111,223,0,3163,0.601819
9722,data/bench/ITC99_all_numeric/b22.bench,15665,3,False,2,1883,3785,0,51073,10.004771
9723,data/bench/ITC99_all_numeric/b22.bench,15715,4,False,2,1878,3781,0,37784,10.000299
9724,data/bench/ITC99_all_numeric/b22.bench,15761,4,False,2,1852,3738,0,44838,10.000581
9725,data/bench/ITC99_all_numeric/b22.bench,15829,3,False,0,31,63,0,655,0.184024
9726,data/bench/ITC99_all_numeric/b22.bench,15833,3,False,2,1866,3754,0,55740,10.001953
9727,data/bench/ITC99_all_numeric/b22.bench,15855,4,False,2,1868,3759,0,48837,10.002405
9728,data/bench/ITC99_all_numeric/b22.bench,15875,3,False,2,1849,3743,0,44875,10.001342
9729,data/bench/ITC99_all_numeric/b22.bench,15956,4,False,2,1864,3766,0,45150,10.001492
9730,data/bench/ITC99_all_numeric/b22.bench,15978,3,False,2,1867,3753,0,48217,10.002
9731,data/bench/ITC99_all_numeric/b22.bench,15996,4,False,2,1855,3743,0,44895,10.000632
9732,data/bench/ITC99_all_numeric/b22.bench,16145,3,False,0,83,167,0,2372,0.457805
9733,data/bench/ITC99_all_numeric/b22.bench,16239,4,False,0,83,167,0,2205,0.459562
9734,data/bench/ITC99_all_numeric/b22.bench,16330,3,False,0,83,167,0,2539,0.465942
9735,data/bench/ITC99_all_numeric/b22.bench,16465,4,False,0,83,167,0,2706,0.476509
9736,data/bench/ITC99_all_numeric/b22.bench,16552,3,False,0,83,167,0,2706,0.454471
9737,data/bench/ITC99_all_numeric/b22.bench,16616,4,False,0,83,167,0,2706,0.454219
9738,data/bench/ITC99_all_numeric/b22.bench,16681,3,False,0,479,959,0,11366,2.581755
9739,data/bench/ITC99_all_numeric/b22.bench,16744,4,False,0,111,223,0,3163,0.581977
9740,data/bench/ITC99_all_numeric/b22.bench,16793,3,False,0,31,63,0,592,0.182827
9741,data/bench/ITC99_all_numeric/b22.bench,16885,4,False,2,1864,3756,0,45030,10.001496
9742,data/bench/ITC99_all_numeric/b22.bench,16901,3,False,0,31,63,0,529,0.223856
9743,data/bench/ITC99_all_numeric/b22.bench,16918,3,False,0,1199,2399,0,26043,6.657193
9744,data/bench/ITC99_all_numeric/b22.bench,16923,4,False,0,719,1439,0,15619,3.924743
9745,data/bench/ITC99_all_numeric/b22.bench,16936,4,False,0,47,95,0,835,0.272141
9746,data/bench/ITC99_all_numeric/b22.bench,16982,3,False,2,1870,3757,0,48267,10.001653
9747,data/bench/ITC99_all_numeric/b22.bench,17004,4,False,2,1879,3782,0,45354,10.002538
9748,data/bench/ITC99_all_numeric/b22.bench,17061,4,False,0,31,63,0,529,0.186436
9749,data/bench/ITC99_all_numeric/b22.bench,17151,4,False,0,95,191,0,2437,0.536713
9750,data/bench/ITC99_all_numeric/b22.bench,17164,3,False,2,1833,3691,0,40573,10.000427
9751,data/bench/ITC99_all_numeric/b22.bench,17230,4,False,2,1868,3761,0,45105,10.000469
9752,data/bench/ITC99_all_numeric/b22.bench,17258,3,False,0,719,1439,0,21375,3.793275
9753,data/bench/ITC99_all_numeric/b22.bench,17350,3,False,2,1852,3735,0,41065,10.002374
9754,data/bench/ITC99_all_numeric/b22.bench,17362,3,False,0,1439,2879,0,36999,7.73912
9755,data/bench/ITC99_all_numeric/b22.bench,17366,4,False,2,1868,3761,0,45105,10.00026
9756,data/bench/ITC99_all_numeric/b22.bench,17522,3,False,2,1873,3765,0,52129,10.000449
9757,data/bench/ITC99_all_numeric/b22.bench,17540,4,False,0,31,63,0,529,0.178536
9758,data/bench/ITC99_all_numeric/b22.bench,17640,4,False,2,1834,3709,0,40759,10.002138
9759,data/bench/ITC99_all_numeric/b22.bench,17641,4,False,0,31,63,0,529,0.172151
9760,data/bench/ITC99_all_numeric/b22.bench,17695,3,False,2,1849,3743,0,48617,10.000094
9761,data/bench/ITC99_all_numeric/b22.bench,17723,4,False,2,1869,3758,0,55798,10.000182
9762,data/bench/ITC99_all_numeric/b22.bench,17732,4,False,0,47,95,0,835,0.264454
9763,data/bench/ITC99_all_numeric/b22.bench,17763,3,False,2,1866,3752,0,39376,10.002646
9764,data/bench/ITC99_all_numeric/b22.bench,17781,4,False,2,1864,3768,0,41407,10.001761
9765,data/bench/ITC99_all_numeric/b22.bench,17796,4,False,0,31,63,0,592,0.175913
9766,data/bench/ITC99_all_numeric/b22.bench,17890,3,False,2,1820,3674,0,47743,10.000796
9767,data/bench/ITC99_all_numeric/b22.bench,17940,4,False,2,1884,3801,0,41793,10.002116
9768,data/bench/ITC99_all_numeric/b22.bench,17943,3,False,2,1879,3798,0,53128,10.000996
9769,data/bench/ITC99_all_numeric/b22.bench,17946,4,False,2,1879,3801,0,49371,10.000981
9770,data/bench/ITC99_all_numeric/b22.bench,17968,3,False,0,239,479,0,4722,1.297071
9771,data/bench/ITC99_all_numeric/b22.bench,17980,3,False,0,15,31,0,264,0.098972
9772,data/bench/ITC99_all_numeric/b22.bench,17998,3,False,0,31,63,0,592,0.187682
9773,data/bench/ITC99_all_numeric/b22.bench,18038,3,False,2,1909,3841,0,42209,10.010335
9774,data/bench/ITC99_all_numeric/b22.bench,18078,4,False,2,1894,3834,0,42133,10.000384
9775,data/bench/ITC99_all_numeric/b22.bench,18080,4,False,0,47,95,0,835,0.262659
9776,data/bench/ITC99_all_numeric/b22.bench,18082,4,False,2,1894,3821,0,41991,10.000033
9777,data/bench/ITC99_all_numeric/b22.bench,18090,3,False,2,1894,3812,0,49525,10.000403
9778,data/bench/ITC99_all_numeric/b22.bench,18215,3,False,0,47,95,0,930,0.26765
9779,data/bench/ITC99_all_numeric/b22.bench,18236,4,False,0,31,63,0,529,0.185105
9780,data/bench/ITC99_all_numeric/b22.bench,18383,3,False,0,31,63,0,529,0.184792
9781,data/bench/ITC99_all_numeric/b22.bench,18477,3,False,2,1882,3783,0,43483,10.001451
9782,data/bench/ITC99_all_numeric/b22.bench,18544,3,False,2,1864,3773,0,37692,10.001261
9783,data/bench/ITC99_all_numeric/b22.bench,18639,3,False,0,31,63,0,655,0.181651
9784,data/bench/ITC99_all_numeric/b22.bench,18649,3,False,0,31,63,0,655,0.174118
9785,data/bench/ITC99_all_numeric/b22.bench,18782,4,False,2,1892,3803,0,52663,10.002528
9786,data/bench/ITC99_all_numeric/b22.bench,18807,4,False,2,1794,3621,0,43433,10.000949
9787,data/bench/ITC99_all_numeric/b22.bench,18854,3,False,2,1864,3752,0,48745,10.002887
9788,data/bench/ITC99_all_numeric/b22.bench,18863,4,False,0,31,63,0,592,0.18054
9789,data/bench/ITC99_all_numeric/b22.bench,18884,3,False,0,1439,2879,0,39878,7.699929
9790,data/bench/ITC99_all_numeric/b22.bench,18910,3,False,0,95,191,0,2246,0.561917
9791,data/bench/ITC99_all_numeric/b22.bench,18931,3,False,0,31,63,0,592,0.179732
9792,data/bench/ITC99_all_numeric/b22.bench,18980,4,False,0,35,71,0,342,0.199785
9793,data/bench/ITC99_all_numeric/b22.bench,19108,3,True,1,0,2,0,1,0.015355
9794,data/bench/ITC99_all_numeric/b22.bench,19148,3,True,1,0,3,0,2,0.015817
9795,data/bench/ITC99_all_numeric/b22.bench,19318,4,False,2,1830,3686,0,64469,10.001366
9796,data/bench/ITC99_all_numeric/b22.bench,19364,4,False,2,1835,3698,0,68376,10.00009
9797,data/bench/ITC99_all_numeric/b22.bench,19445,3,False,2,1832,3687,0,64490,10.000066
9798,data/bench/ITC99_all_numeric/b22.bench,19486,3,False,0,191,383,0,3347,1.058297
9799,data/bench/ITC99_all_numeric/b22.bench,19491,4,False,2,1823,3668,0,43437,10.001206
9800,data/bench/ITC99_all_numeric/b22.bench,19527,4,False,0,1,3,0,2,0.02056
9801,data/bench/ITC99_all_numeric/b22.bench,19631,3,False,0,15,31,0,166,0.094846
9802,data/bench/ITC99_all_numeric/b22.bench,19664,4,False,0,15,31,0,166,0.094009
9803,data/bench/ITC99_all_numeric/b22.bench,19674,4,False,2,1857,3722,0,36659,10.008251
9804,data/bench/ITC99_all_numeric/b22.bench,19684,3,False,2,1840,3696,0,62228,10.000134
9805,data/bench/ITC99_all_numeric/b22.bench,19731,3,False,0,191,383,0,4112,1.029582
9806,data/bench/ITC99_all_numeric/b22.bench,19745,3,False,2,1864,3749,0,48145,10.001566
9807,data/bench/ITC99_all_numeric/b22.bench,19804,3,False,0,1,3,0,2,0.018322
9808,data/bench/ITC99_all_numeric/b22.bench,19858,3,False,2,1861,3742,0,55535,10.001851
9809,data/bench/ITC99_all_numeric/b22.bench,19892,3,False,0,383,767,0,8229,2.057272
9810,data/bench/ITC99_all_numeric/b22.bench,19906,3,False,0,1439,2879,0,28362,7.648655
9811,data/bench/ITC99_all_numeric/b22.bench,19908,3,False,0,959,1919,0,18898,5.120776
9812,data/bench/ITC99_all_numeric/b22.bench,19966,4,False,2,1869,3756,0,48238,10.002138
9813,data/bench/ITC99_all_numeric/b22.bench,19976,4,False,2,1855,3734,0,35445,10.001866
9814,data/bench/ITC99_all_numeric/b22.bench,20100,3,False,0,719,1439,0,15619,3.851898
9815,data/bench/ITC99_all_numeric/b22.bench,20103,4,False,0,1199,2399,0,26043,6.387005
9816,data/bench/ITC99_all_numeric/b22.bench,20106,4,False,2,1869,3756,0,48249,10.000559
9817,data/bench/ITC99_all_numeric/b22.bench,20112,4,False,2,1868,3753,0,39392,10.001239
9818,data/bench/ITC99_all_numeric/b22.bench,20133,4,False,0,31,63,0,467,0.17787
9819,data/bench/ITC99_all_numeric/b22.bench,20242,4,False,2,1864,3764,0,41363,10.002096
9820,data/bench/ITC99_all_numeric/b22.bench,20371,3,False,2,1876,3764,0,52124,10.000757
9821,data/bench/ITC99_all_numeric/b22.bench,20381,3,False,0,31,63,0,530,0.181961
9822,data/bench/ITC99_all_numeric/b22.bench,20425,3,False,2,1864,3752,0,44982,10.000139
9823,data/bench/ITC99_all_numeric/b22.bench,20531,4,False,2,1864,3760,0,48837,10.00188
9824,data/bench/ITC99_all_numeric/b22.bench,20758,3,False,0,31,63,0,656,0.17898
9825,data/bench/ITC99_all_numeric/b22.bench,20881,3,False,2,1852,3739,0,48589,10.00028
9826,data/bench/ITC99_all_numeric/b22.bench,20899,3,False,0,31,63,0,467,0.179062
9827,data/bench/ITC99_all_numeric/b22.bench,20972,4,False,0,31,63,0,530,0.179512
9828,data/bench/ITC99_all_numeric/b22.bench,21022,4,False,2,1864,3772,0,45222,10.002199
9829,data/bench/ITC99_all_numeric/b22.bench,21092,4,False,2,1871,3774,0,45266,10.001984
9830,data/bench/ITC99_all_numeric/b22.bench,21230,3,False,2,1864,3745,0,59873,10.00715
9831,data/bench/ITC99_all_numeric/b22.bench,21316,4,False,2,1881,3781,0,32126,10.002714
9832,data/bench/ITC99_all_numeric/b22.bench,21456,4,False,2,1864,3755,0,56281,10.001531
9833,data/bench/ITC99_all_numeric/b22.bench,21506,3,False,0,95,191,0,2246,0.519174
9834,data/bench/ITC99_all_numeric/b22.bench,21513,4,False,2,1864,3746,0,41165,10.000661
9835,data/bench/ITC99_all_numeric/b22.bench,21517,4,False,0,31,63,0,467,0.177694
9836,data/bench/ITC99_all_numeric/b22.bench,21530,3,False,0,31,63,0,530,0.179486
9837,data/bench/ITC99_all_numeric/b22.bench,21676,4,False,2,1862,3750,0,44972,10.002944
9838,data/bench/ITC99_all_numeric/b22.bench,21732,4,False,0,143,287,0,3378,0.780621
9839,data/bench/ITC99_all_numeric/b22.bench,21778,3,False,0,31,63,0,530,0.179226
9840,data/bench/ITC99_all_numeric/b22.bench,21870,4,False,2,1849,3716,0,48266,10.002201
9841,data/bench/ITC99_all_numeric/b22.bench,21879,4,False,0,143,287,0,3952,0.787322
9842,data/bench/ITC99_all_numeric/b22.bench,22025,4,False,2,1849,3716,0,40835,10.001536
9843,data/bench/ITC99_all_numeric/b22.bench,22047,3,False,0,1439,2879,0,54273,7.885942
9844,data/bench/ITC99_all_numeric/b22.bench,22081,3,False,2,1806,3641,0,56401,10.001087
9845,data/bench/ITC99_all_numeric/b22.bench,22173,4,False,2,1855,3729,0,35410,10.00217
9846,data/bench/ITC99_all_numeric/b22.bench,22224,4,False,0,11,23,0,243,0.072616
9847,data/bench/ITC99_all_numeric/b22.bench,22227,3,False,0,31,63,0,908,0.178048
9848,data/bench/ITC99_all_numeric/b22.bench,22265,3,False,2,1869,3768,0,58370,10.001549
9849,data/bench/ITC99_all_numeric/b22.bench,22279,3,False,2,1859,3746,0,58029,10.001881
9850,data/bench/ITC99_all_numeric/b22.bench,22280,3,False,2,1874,3782,0,58586,10.001316
9851,data/bench/ITC99_all_numeric/b22.bench,22321,4,False,2,1921,3858,0,40494,10.002336
9852,data/bench/ITC99_all_numeric/b22.bench,22380,3,False,0,31,63,0,467,0.178138
9853,data/bench/ITC99_all_numeric/b22.bench,22448,4,False,2,1888,3809,0,51395,10.001199
9854,data/bench/ITC99_all_numeric/b22.bench,22480,4,False,0,1439,2879,0,42757,7.725922
9855,data/bench/ITC99_all_numeric/b22.bench,22485,3,False,2,1854,3730,0,80155,10.001026
9856,data/bench/ITC99_all_numeric/b22.bench,22587,3,False,0,31,63,0,656,0.174029
9857,data/bench/ITC99_all_numeric/b22.bench,22664,3,False,2,1879,3779,0,37752,10.001922
9858,data/bench/ITC99_all_numeric/b22.bench,22737,3,False,2,1852,3724,0,40933,10.000522
9859,data/bench/ITC99_all_numeric/b22.bench,22787,3,False,2,1881,3784,0,45376,10.001407
9860,data/bench/ITC99_all_numeric/b22.bench,22822,4,False,2,1879,3808,0,41847,10.000083
9861,data/bench/ITC99_all_numeric/b22.bench,22848,4,False,2,1854,3725,0,35373,10.000853
9862,data/bench/ITC99_all_numeric/b22.bench,22850,4,False,0,1199,2399,0,28442,6.423201
9863,data/bench/ITC99_all_numeric/b22.bench,23001,4,False,0,31,63,0,530,0.179742
9864,data/bench/ITC99_all_numeric/b22.bench,23068,3,False,0,31,63,0,467,0.176983
9865,data/bench/ITC99_all_numeric/b22.bench,23072,4,False,2,1864,3745,0,41153,10.0042
9866,data/bench/ITC99_all_numeric/b22.bench,23131,4,False,0,15,31,0,233,0.091565
9867,data/bench/ITC99_all_numeric/b22.bench,23220,3,False,2,1879,3777,0,52833,10.003112
9868,data/bench/ITC99_all_numeric/b22.bench,23279,3,False,2,1744,3551,0,42571,10.001847
9869,data/bench/ITC99_all_numeric/b22.bench,23304,4,False,0,31,63,0,467,0.180083
9870,data/bench/ITC99_all_numeric/b22.bench,23380,3,False,2,1789,3616,0,43378,10.001104
9871,data/bench/ITC99_all_numeric/b22.bench,23389,3,False,2,1849,3744,0,44886,10.000259
9872,data/bench/ITC99_all_numeric/b22.bench,23406,3,False,2,1834,3710,0,44478,10.001261
9873,data/bench/ITC99_all_numeric/b22.bench,23427,3,False,2,1819,3662,0,43902,10.002264
9874,data/bench/ITC99_all_numeric/b22.bench,23430,4,False,2,1852,3728,0,48435,10.002045
9875,data/bench/ITC99_all_numeric/b22.bench,23615,4,False,2,1819,3678,0,40417,10.002136
9876,data/bench/ITC99_all_numeric/b22.bench,23619,4,False,2,1849,3713,0,40801,10.00383
9877,data/bench/ITC99_all_numeric/b22.bench,23777,3,False,2,1868,3760,0,41333,10.001949
9878,data/bench/ITC99_all_numeric/b22.bench,23797,4,False,0,287,575,0,8485,1.595377
9879,data/bench/ITC99_all_numeric/b22.bench,23839,3,False,2,1870,3761,0,39468,10.002652
9880,data/bench/ITC99_all_numeric/b22.bench,23846,3,False,2,1845,3718,0,44590,10.000799
9881,data/bench/ITC99_all_numeric/b22.bench,23861,4,False,2,1855,3743,0,44895,10.000829
9882,data/bench/ITC99_all_numeric/b22.bench,23875,4,False,0,95,191,0,2628,0.505774
9883,data/bench/ITC99_all_numeric/b22.bench,23890,4,False,2,1820,3666,0,43967,10.001109
9884,data/bench/ITC99_all_numeric/b22.bench,23914,3,False,0,31,63,0,467,0.194267
9885,data/bench/ITC99_all_numeric/b22.bench,23984,3,False,2,1818,3648,0,54151,10.002344
9886,data/bench/ITC99_all_numeric/b22.bench,24033,4,False,0,95,191,0,2437,0.509889
9887,data/bench/ITC99_all_numeric/b22.bench,24061,3,False,2,1834,3700,0,44358,10.000112
9888,data/bench/ITC99_all_numeric/b22.bench,24086,4,False,2,1845,3718,0,55741,10.000633
9889,data/bench/ITC99_all_numeric/b22.bench,24170,3,False,2,1744,3549,0,42547,10.00186
9890,data/bench/ITC99_all_numeric/b22.bench,24272,4,False,2,1852,3724,0,44656,10.000398
9891,data/bench/ITC99_all_numeric/b22.bench,24303,3,False,0,479,959,0,10407,2.608913
9892,data/bench/ITC99_all_numeric/b22.bench,24396,3,False,2,1852,3736,0,41077,10.000211
9893,data/bench/ITC99_all_numeric/b22.bench,24423,4,False,0,359,719,0,4212,1.949017
9894,data/bench/ITC99_all_numeric/b22.bench,24458,4,False,0,71,143,0,685,0.391862
9895,data/bench/ITC99_all_numeric/b22.bench,24546,4,False,0,31,63,0,592,0.181014
9896,data/bench/ITC99_all_numeric/b22.bench,24613,3,False,0,719,1439,0,15619,3.877849
9897,data/bench/ITC99_all_numeric/b22.bench,24774,3,False,2,1826,3672,0,54406,10.000929
9898,data/bench/ITC99_all_numeric/b22.bench,24774,4,False,2,1837,3702,0,54856,10.001337
9899,data/bench/ITC99_all_numeric/b22.bench,24904,4,False,0,1439,2879,0,36999,7.801704
9900,data/bench/ITC99_all_numeric/b22.bench,25004,3,False,2,1835,3699,0,60988,10.002129
9901,data/bench/ITC99_all_numeric/b22.bench,25027,4,False,0,31,63,0,592,0.180973
9902,data/bench/ITC99_all_numeric/b22.bench,25039,4,False,2,1838,3706,0,68491,10.000633
9903,data/bench/ITC99_all_numeric/b22.bench,25198,4,False,2,1799,3609,0,64394,10.002124
9904,data/bench/ITC99_all_numeric/b22.bench,25202,4,False,2,1869,3763,0,58293,10.004508
9905,data/bench/ITC99_all_numeric/b22.bench,25295,4,False,0,1439,2879,0,31241,7.692636
9906,data/bench/ITC99_all_numeric/b22.bench,25315,4,False,0,575,1151,0,15825,3.072432
9907,data/bench/ITC99_all_numeric/b22.bench,25352,3,False,0,479,959,0,7529,2.495173
9908,data/bench/ITC99_all_numeric/b22.bench,25455,3,False,0,479,959,0,7531,2.54671
9909,data/bench/ITC99_all_numeric/b22.bench,25457,3,False,0,479,959,0,8488,2.540486
9910,data/bench/ITC99_all_numeric/b22.bench,25465,4,False,0,63,127,0,977,0.345307
9911,data/bench/ITC99_all_numeric/b22.bench,25568,4,False,0,287,575,0,6761,1.52139
9912,data/bench/ITC99_all_numeric/b22.bench,25598,3,False,0,959,1919,0,22737,5.131005
9913,data/bench/ITC99_all_numeric/b22.bench,25602,4,False,0,479,959,0,6572,2.558805
9914,data/bench/ITC99_all_numeric/b22.bench,25695,3,False,2,1866,3755,0,33231,10.002571
9915,data/bench/ITC99_all_numeric/b22.bench,25695,4,False,2,1887,3791,0,33546,10.001988
9916,data/bench/ITC99_all_numeric/b22.bench,25700,4,False,0,1439,2879,0,28363,7.710954
9917,data/bench/ITC99_all_numeric/b22.bench,25733,3,False,2,1863,3741,0,48042,10.004267
9918,data/bench/ITC99_all_numeric/b22.bench,25743,4,False,2,1899,3819,0,32445,10.002318
9919,data/bench/ITC99_all_numeric/b22.bench,25795,4,False,0,31,63,0,551,0.178521
9920,data/bench/ITC99_all_numeric/b22.bench,25886,4,False,0,31,63,0,529,0.179313
9921,data/bench/ITC99_all_numeric/b22.bench,25928,3,False,2,1859,3744,0,61731,10.00016
9922,data/bench/ITC99_all_numeric/b22.bench,25985,3,False,2,1857,3749,0,73037,10.002042
9923,data/bench/ITC99_all_numeric/b22.bench,26099,3,False,2,1888,3800,0,58855,10.002459
9924,data/bench/ITC99_all_numeric/b22.bench,26107,4,False,0,239,479,0,5201,1.238324
9925,data/bench/ITC99_all_numeric/b22.bench,26201,3,False,0,31,63,0,529,0.181647
9926,data/bench/ITC99_all_numeric/b22.bench,26237,3,False,0,31,63,0,529,0.179967
9927,data/bench/ITC99_all_numeric/b22.bench,26288,3,False,2,1862,3758,0,54439,10.000794
9928,data/bench/ITC99_all_numeric/b22.bench,26357,3,False,2,1859,3748,0,65544,10.000753
9929,data/bench/ITC99_all_numeric/b22.bench,26376,3,False,2,1859,3751,0,61846,10.001537
9930,data/bench/ITC99_all_numeric/b22.bench,26434,3,False,2,1854,3737,0,57879,10.000846
9931,data/bench/ITC99_all_numeric/b22.bench,26451,4,False,0,31,63,0,529,0.178665
9932,data/bench/ITC99_all_numeric/b22.bench,26492,4,False,0,143,287,0,3091,0.780831
9933,data/bench/ITC99_all_numeric/b22.bench,26499,3,False,2,1864,3758,0,69476,10.001663
9934,data/bench/ITC99_all_numeric/b22.bench,26512,3,False,0,31,63,0,529,0.176369
9935,data/bench/ITC99_all_numeric/b22.bench,26588,4,False,0,31,63,0,614,0.170163
9936,data/bench/ITC99_all_numeric/b22.bench,26621,4,False,2,1868,3764,0,65812,10.000629
9937,data/bench/ITC99_all_numeric/b22.bench,26633,4,False,2,1861,3752,0,65603,10.000635
9938,data/bench/ITC99_all_numeric/b22.bench,26662,3,False,2,1883,3795,0,62560,10.002674
9939,data/bench/ITC99_all_numeric/b22.bench,26671,4,False,2,1898,3824,0,51590,10.000949
9940,data/bench/ITC99_all_numeric/b22.bench,26718,3,False,2,1859,3747,0,58043,10.001712
9941,data/bench/ITC99_all_numeric/b22.bench,26780,3,False,2,1835,3698,0,64677,10.002037
9942,data/bench/ITC99_all_numeric/b22.bench,26831,3,False,2,1850,3723,0,65116,10.000247
9943,data/bench/ITC99_all_numeric/b22.bench,26924,3,False,2,1840,3714,0,57523,10.001629
9944,data/bench/ITC99_all_numeric/b22.bench,27130,4,False,0,31,63,0,529,0.180625
9945,data/bench/ITC99_all_numeric/b22.bench,27159,4,False,2,1858,3732,0,47938,10.001939
9946,data/bench/ITC99_all_numeric/b22.bench,27188,4,False,2,1859,3750,0,58071,10.000848
9947,data/bench/ITC99_all_numeric/b22.bench,27235,4,False,2,1862,3755,0,58148,10.001875
9948,data/bench/ITC99_all_numeric/b22.bench,27309,4,False,2,1859,3747,0,54288,10.001937
9949,data/bench/ITC99_all_numeric/b22.bench,27322,3,False,2,1864,3750,0,43105,10.000259
9950,data/bench/ITC99_all_numeric/b22.bench,27343,3,False,2,1864,3761,0,54491,10.000019
9951,data/bench/ITC99_all_numeric/b22.bench,27417,3,False,2,1832,3694,0,53509,10.001374
9952,data/bench/ITC99_all_numeric/b22.bench,27437,3,False,2,1850,3732,0,54061,10.001829
9953,data/bench/ITC99_all_numeric/b22.bench,27507,3,False,2,1850,3731,0,57776,10.002466
9954,data/bench/ITC99_all_numeric/b22.bench,27579,4,False,2,1869,3774,0,58453,10.000042
9955,data/bench/ITC99_all_numeric/b22.bench,27662,4,False,0,143,287,0,3952,0.766547
9956,data/bench/ITC99_all_numeric/b22.bench,27694,3,False,2,1854,3736,0,57864,10.001483
9957,data/bench/ITC99_all_numeric/b22.bench,27742,3,False,2,1864,3761,0,58241,10.000695
9958,data/bench/ITC99_all_numeric/b22.bench,27767,4,False,0,31,63,0,529,0.181099
9959,data/bench/ITC99_all_numeric/b22.bench,27800,4,False,2,1843,3700,0,51234,10.003292
9960,data/bench/ITC99_all_numeric/b22.bench,27892,3,False,2,1844,3719,0,53872,10.000764
9961,data/bench/ITC99_all_numeric/b22.bench,27965,3,False,2,1859,3743,0,61714,10.001979
9962,data/bench/ITC99_all_numeric/b22.bench,28016,3,False,2,1857,3748,0,54294,10.001172
9963,data/bench/ITC99_all_numeric/b22.bench,28160,3,False,2,1849,3713,0,47693,10.002234
9964,data/bench/ITC99_all_numeric/b22.bench,28198,4,False,2,1861,3737,0,55472,10.001569
9965,data/bench/ITC99_all_numeric/b22.bench,28257,4,False,0,31,63,0,592,0.191194
9966,data/bench/ITC99_all_numeric/b22.bench,28339,4,False,2,1854,3727,0,53997,10.008322
9967,data/bench/ITC99_all_numeric/b22.bench,28353,3,False,2,1865,3750,0,59409,10.000115
9968,data/bench/ITC99_all_numeric/b22.bench,28493,4,False,0,31,63,0,781,0.178273
9969,data/bench/ITC99_all_numeric/b22.bench,28515,4,False,0,479,959,0,14243,2.575326
9970,data/bench/ITC99_all_numeric/b22.bench,28525,3,False,0,143,287,0,3952,0.774076
9971,data/bench/ITC99_all_numeric/b22.bench,28634,3,False,2,1875,3773,0,39594,10.006113
9972,data/bench/ITC99_all_numeric/b22.bench,28703,3,False,0,31,63,0,655,0.179748
9973,data/bench/ITC99_all_numeric/b22.bench,28744,4,False,2,1858,3723,0,58997,10.005972
9974,data/bench/ITC99_all_numeric/b22.bench,28835,3,False,0,31,63,0,718,0.18031
9975,data/bench/ITC99_all_numeric/b22.bench,28837,3,False,0,31,63,0,718,0.182544
9976,data/bench/ITC99_all_numeric/b22.bench,28841,3,False,0,31,63,0,718,0.181574
9977,data/bench/ITC99_all_numeric/b22.bench,28846,4,False,0,31,63,0,718,0.180869
9978,data/bench/ITC99_all_numeric/b22.bench,28875,3,False,0,719,1439,0,18497,3.914819
9979,data/bench/ITC99_all_numeric/b22.bench,28888,3,False,2,1838,3708,0,53713,10.00103
9980,data/bench/ITC99_all_numeric/b22.bench,28890,4,False,2,1855,3726,0,51586,10.001725
9981,data/bench/ITC99_all_numeric/b22.bench,29006,3,False,0,31,63,0,592,0.178589
9982,data/bench/ITC99_all_numeric/b22.bench,29054,4,False,2,1844,3719,0,61308,10.000952
9983,data/bench/ITC99_all_numeric/b22.bench,29055,4,False,0,479,959,0,12325,2.570265
9984,data/bench/ITC99_all_numeric/b22.bench,29105,4,False,2,1838,3711,0,64876,10.000315
9985,data/bench/ITC99_all_numeric/b22.bench,29116,3,False,2,1840,3705,0,57383,10.000924
9986,data/bench/ITC99_all_numeric/b22.bench,29146,4,False,2,1825,3679,0,53302,10.00145
9987,data/bench/ITC99_all_numeric/b22.bench,29201,4,False,2,1821,3654,0,57892,10.003894
9988,data/bench/ITC99_all_numeric/b22.bench,29220,3,False,0,479,959,0,10407,2.565613
9989,data/bench/ITC99_all_numeric/b22.bench,29384,4,False,0,95,191,0,1864,0.534714
9990,data/bench/ITC99_all_numeric/b22.bench,29435,3,False,2,1798,3621,0,48840,10.000187
9991,data/bench/ITC99_all_numeric/b22.bench,29456,4,False,2,1910,3839,0,24943,10.001751
9992,data/bench/ITC99_all_numeric/b22.bench,29496,3,False,2,1887,3803,0,51298,10.001384
9993,data/bench/ITC99_all_numeric/b22.bench,29565,4,False,0,719,1439,0,12741,3.798127
9994,data/bench/ITC99_all_numeric/b22.bench,29594,3,False,2,1864,3762,0,54508,10.000927
9995,data/bench/ITC99_all_numeric/b22.bench,29613,3,False,2,1893,3823,0,55390,10.000304
9996,data/bench/ITC99_all_numeric/b22.bench,29616,4,False,2,1880,3790,0,54901,10.002101
9997,data/bench/ITC99_all_numeric/b22.bench,29651,4,False,2,1898,3824,0,55404,10.002857
9998,data/bench/ITC99_all_numeric/b22.bench,29723,4,False,0,11,23,0,151,0.075167
9999,data/bench/ITC99_all_numeric/b22.bench,29731,4,False,2,1887,3800,0,62632,10.001528
