fault_index,original_fault_index,gate_id,fault_val,ok,attempts_used,precheck_success,precheck_attempts,precheck_pi_assignments,ai_precheck_solve_time_s,ai_precheck_sim_time_s,ai_hint_solve_time_s,ai_podem_search_time_s,ai_result_code,search_backtracks_diagnostic,time_s,classic_timeout_time_s,classic_timeout_backtracks,classic_timeout_recursive_calls,ai_error
0,5,3913,3,False,1,False,1,20,0.1544,0.0314,0.0001,10.2892,2,332,10.4792,10.000386,342,741,
1,9,3939,3,False,1,False,1,12,0.0147,0.0307,0.0001,10.1669,2,326,10.2154,10.006082,355,722,
2,24,4036,4,False,1,False,1,35,0.0161,0.031,0.0001,10.5261,2,340,10.5765,10.009816,316,673,
3,78,4400,3,False,1,False,1,171,0.0164,0.0309,0.0001,12.5791,2,293,12.6297,10.001023,209,593,
4,95,4595,3,True,1,False,1,40,0.0457,0.0305,0.0001,8.7198,1,274,8.7992,10.000122,274,594,
5,96,4595,4,False,1,False,1,48,0.0471,0.0316,0.0001,10.7113,2,333,10.793,10.016331,309,670,
6,97,4598,4,False,1,False,1,67,0.0159,0.0317,0.0001,11.0237,2,335,11.0744,10.051822,294,655,
7,102,4671,4,False,1,False,1,68,0.0638,0.0315,0.0001,11.0034,2,188,11.1018,10.006573,234,544,
8,111,4759,4,False,1,False,1,30,0.0155,0.032,0.0001,10.4787,2,341,10.5293,10.016993,231,496,
9,112,4780,4,False,1,False,1,76,0.0237,0.0315,0.0001,11.2045,2,160,11.2629,10.009443,183,418,
10,117,4810,3,False,1,False,1,10,0.0262,0.0314,0.0001,10.1491,2,71,10.2097,10.034434,137,288,
11,142,5017,4,False,1,False,1,27,0.0314,0.0306,0.0001,10.3864,2,257,10.4516,10.006015,93,298,
12,143,5033,4,False,1,False,1,86,0.0077,0.031,0.0001,11.2146,2,334,11.2565,10.031874,120,332,
13,145,5037,4,False,1,False,1,153,0.0075,0.0319,0.0001,12.214,2,312,12.2565,10.029265,232,617,
14,149,5058,3,False,1,False,1,109,0.0148,0.031,0.0001,11.6321,2,319,11.6811,10.00495,239,594,
15,156,5073,4,False,1,False,1,51,0.0322,0.0319,0.0166,10.7701,2,319,10.854,10.002035,301,649,
16,157,5081,4,False,1,False,1,49,0.0309,0.0312,0.0001,10.7456,2,335,10.8108,10.008593,296,665,
17,158,5082,3,False,1,False,1,50,0.0164,0.0313,0.0001,10.758,2,327,10.8088,10.008382,275,619,
18,159,5083,4,False,1,False,1,3,0.0323,0.0316,0.0001,10.0573,2,0,10.1242,10.008362,134,345,
19,160,5084,4,False,1,False,1,3,0.0308,0.0317,0.0001,10.0201,2,0,10.0857,10.002728,248,567,
20,161,5085,4,False,1,False,1,3,0.033,0.0317,0.0001,10.0242,2,0,10.0921,10.001587,268,611,
21,162,5086,3,False,1,False,1,48,0.0165,0.0319,0.0001,10.7271,2,317,10.7787,10.003571,289,653,
22,163,5087,4,False,1,False,1,47,0.0316,0.0324,0.0001,10.6937,2,321,10.7609,10.001663,291,663,
23,164,5089,3,False,1,False,1,48,0.0162,0.032,0.0001,10.7414,2,318,10.7927,10.004833,296,662,
24,165,5091,3,False,1,False,1,48,0.0159,0.0312,0.0001,10.719,2,317,10.7693,10.000152,296,665,
25,166,5099,3,False,1,False,1,46,0.0166,0.0316,0.0001,10.7334,2,289,10.7848,10.00323,289,648,
26,167,5100,4,False,1,False,1,3,0.0329,0.0324,0.0001,10.0259,2,0,10.0944,10.017593,292,649,
27,168,5101,4,False,1,False,1,3,0.0745,0.0319,0.0001,10.0173,2,0,10.1276,10.038238,292,649,
28,169,5104,3,False,1,False,1,44,0.016,0.0522,0.0001,11.0576,2,278,11.1299,10.070903,300,659,
29,170,5105,3,False,1,False,1,44,0.0177,0.0321,0.0001,10.675,2,328,10.728,10.000329,288,641,
30,171,5105,4,False,1,False,1,43,0.0317,0.0316,0.0001,10.6245,2,310,10.6909,10.041959,293,652,
31,172,5107,3,False,1,False,1,44,0.0167,0.0314,0.0083,10.6714,2,324,10.7309,10.000312,300,659,
32,173,5112,3,False,1,False,1,42,0.0163,0.0321,0.0001,10.6402,2,330,10.6918,10.000214,295,653,
33,174,5114,4,False,1,False,1,41,0.0322,0.0316,0.0001,10.5853,2,333,10.6522,10.00724,214,494,
34,175,5117,3,False,1,False,1,41,0.0161,0.0312,0.0001,10.6296,2,252,10.6799,10.009191,274,613,
35,176,5118,4,False,1,False,1,3,0.0757,0.0537,0.0002,10.0282,2,0,10.1633,10.009749,172,404,
36,177,5120,4,False,1,False,1,40,0.0334,0.033,0.0001,10.6412,2,332,10.7108,10.068026,249,555,
37,178,5123,4,False,1,False,1,3,0.0317,0.0321,0.0001,10.0195,2,0,10.0865,10.0029,219,503,
38,179,5131,3,False,1,False,1,156,0.0081,0.0307,0.0001,12.374,2,312,12.416,10.020064,283,726,
39,186,5139,3,False,1,False,1,156,0.008,0.0317,0.0001,12.3501,2,301,12.3929,10.014034,290,742,
40,190,5162,3,False,1,False,1,101,0.0324,0.0318,0.0001,11.5689,2,301,11.6362,10.00397,281,662,
41,207,5337,4,False,1,False,1,51,0.1279,0.0312,0.0003,10.769,2,338,10.9316,10.009088,299,659,
42,208,5338,3,False,1,False,1,40,0.1098,0.031,0.0308,10.6296,2,344,10.8043,10.006942,306,667,
43,209,5338,4,False,1,False,1,49,0.0977,0.0312,0.0002,10.7157,2,322,10.8479,10.004996,309,670,
44,210,5348,3,False,1,False,1,75,0.0177,0.031,0.0001,11.1685,2,192,11.2203,10.037449,153,385,
45,212,5352,3,False,1,False,1,37,0.1889,0.0333,0.1707,10.5235,2,337,10.9199,10.006924,304,649,
46,213,5353,3,False,1,False,1,37,0.1543,0.032,0.0004,10.5202,2,343,10.7101,10.000536,273,586,
47,214,5353,4,False,1,False,1,80,0.1136,0.0311,0.0534,11.2687,2,181,11.4698,10.000405,283,660,
48,215,5354,3,False,1,False,1,40,0.1885,0.0313,0.0006,10.564,2,336,10.7876,10.005451,298,653,
49,217,5357,3,False,1,False,1,37,0.2503,0.0157,0.0374,10.5235,2,340,10.8299,10.045325,146,333,
50,219,5359,3,True,1,False,1,40,0.202,0.031,0.1754,8.7427,1,274,9.1543,10.006199,128,302,
51,220,5360,3,False,1,False,1,45,0.0452,0.0317,0.0001,10.6891,2,340,10.7692,10.019032,127,302,
52,221,5360,4,False,1,False,1,65,0.0441,0.0313,0.0001,10.9808,2,195,11.0593,10.0029,122,319,
53,225,5372,3,False,1,False,1,58,0.0567,0.0158,0.0007,10.8554,2,284,10.9318,10.015495,81,277,
54,226,5372,4,False,1,False,1,29,0.0701,0.0314,0.0241,10.3771,2,327,10.5057,10.003537,141,325,
55,235,5394,4,False,1,False,1,28,0.0669,0.031,0.0011,10.3568,2,320,10.4588,10.007066,246,526,
56,236,5396,4,False,1,False,1,74,0.0976,0.0316,0.0002,11.114,2,300,11.2468,10.014492,231,551,
57,237,5398,4,False,1,False,1,71,0.0796,0.0324,0.0002,11.0661,2,187,11.1815,10.007376,125,332,
58,240,5415,3,False,1,False,1,37,0.192,0.0303,0.1017,10.5239,2,326,10.8509,10.021482,190,417,
59,241,5415,4,False,1,False,1,73,0.2251,0.0322,0.2083,11.1206,2,325,11.5891,10.068295,209,509,
60,244,5425,4,False,1,False,1,41,0.0645,0.03,0.0002,10.5519,2,324,10.6495,10.014189,276,601,
61,247,5436,3,True,1,False,1,35,0.0976,0.0318,0.0002,0.7109,1,0,0.8436,10.113476,298,639,
62,248,5436,4,False,1,False,1,44,0.109,0.0318,0.0229,10.6646,2,336,10.8313,10.000809,272,609,
63,259,5497,3,False,1,False,1,88,0.0301,0.0302,0.0001,11.318,2,315,11.3813,10.00728,256,606,
64,261,5500,3,False,1,False,1,28,0.0524,0.03,0.0002,10.3755,2,343,10.4611,10.000229,314,661,
65,262,5500,4,False,1,False,1,77,0.0235,0.0309,0.0001,11.1611,2,174,11.2186,10.03067,304,657,
66,263,5501,3,False,1,False,1,27,0.0548,0.0314,0.0002,10.3805,2,349,10.4699,10.001916,294,620,
67,264,5502,3,False,1,False,1,27,0.0569,0.0313,0.0002,10.3607,2,343,10.4522,10.007666,306,642,
68,270,5540,3,False,1,False,1,72,0.0261,0.0336,0.0241,11.1041,2,189,11.1912,10.00332,151,387,
69,271,5541,3,False,1,False,1,72,0.0251,0.0302,0.0001,11.1018,2,189,11.1603,10.142462,85,255,
70,274,5555,3,False,1,False,1,72,0.0261,0.0315,0.0001,11.1273,2,189,11.1879,10.007272,125,338,
71,277,5558,3,False,1,False,1,72,0.0236,0.0314,0.0001,11.1218,2,187,11.18,10.004484,99,278,
72,284,5583,3,False,1,False,1,27,0.0482,0.0312,0.0002,10.3629,2,349,10.4454,10.124984,223,467,
73,285,5592,3,False,1,False,1,72,0.0418,0.0309,0.0001,11.0968,2,187,11.1727,10.021206,142,370,
74,286,5595,3,False,1,False,1,72,0.0417,0.0312,0.0001,11.1252,2,187,11.2015,10.137583,111,302,
75,293,5606,3,False,1,False,1,88,0.024,0.0309,0.0001,11.3235,2,306,11.3816,10.003362,217,529,
76,336,5916,3,False,1,False,1,156,0.0683,0.0316,0.0004,12.2623,2,312,12.3658,10.011547,131,423,
77,342,5928,3,False,1,False,1,93,0.0827,0.0316,0.0404,11.4271,2,312,11.5851,10.004698,105,309,
78,343,5929,3,False,1,False,1,90,0.0321,0.0314,0.0001,11.3259,2,309,11.3928,10.018397,104,304,
79,347,5939,3,False,1,False,1,52,0.0175,0.0312,0.0001,11.2405,2,276,11.293,10.023206,125,297,
80,348,5941,3,False,1,False,1,52,0.0175,0.0309,0.0001,10.8166,2,324,10.8682,10.01438,119,289,
81,349,5942,3,False,1,False,1,52,0.0174,0.0306,0.0001,10.7801,2,325,10.8314,10.047617,123,294,
82,350,5945,3,False,1,False,1,52,0.0171,0.0314,0.0001,10.7873,2,314,10.839,10.021424,127,301,
83,351,5947,3,False,1,False,1,50,0.0165,0.0311,0.0001,10.7438,2,323,10.7944,10.002595,116,308,
84,352,5949,3,False,1,False,1,50,0.0175,0.0316,0.0001,10.7544,2,328,10.8067,10.001236,114,306,
85,353,5950,3,False,1,False,1,50,0.0174,0.0319,0.0001,10.7562,2,328,10.8086,10.01977,114,306,
86,354,5951,3,False,1,False,1,50,0.0178,0.0307,0.0001,10.7472,2,327,10.7989,10.021949,117,313,
87,355,5952,4,False,1,False,1,3,0.0517,0.0319,0.0001,10.025,2,315,10.1119,10.002121,117,310,
88,356,5954,3,False,1,False,1,48,0.0172,0.0301,0.0001,10.7077,2,310,10.758,10.035126,131,298,
89,357,5955,4,False,1,False,1,47,0.051,0.0321,0.0001,10.6808,2,0,10.7672,10.057259,131,297,
90,358,5956,3,False,1,False,1,48,0.0179,0.0316,0.0001,10.7562,2,327,10.8088,10.019442,154,357,
91,359,5956,4,False,1,False,1,47,0.0521,0.0325,0.043,10.6776,2,0,10.8082,10.001191,147,324,
92,360,5958,3,False,1,False,1,48,0.0168,0.0309,0.0001,10.7256,2,317,10.7765,10.02463,174,389,
93,361,5963,3,False,1,False,1,46,0.0172,0.0307,0.0001,10.7009,2,319,10.752,10.012061,141,329,
94,362,5964,4,False,1,False,1,45,0.1172,0.0523,0.0002,10.9839,2,0,11.1589,10.00483,254,577,
95,363,5965,3,False,1,False,1,46,0.0166,0.0304,0.0001,10.6932,2,319,10.7433,10.002625,169,400,
96,364,5971,4,False,1,False,1,43,0.0489,0.0317,0.0001,10.6047,2,0,10.6885,10.006871,242,543,
97,365,5972,3,False,1,False,1,44,0.0181,0.0323,0.0001,10.6811,2,310,10.7353,10.0189,232,525,
98,366,5977,3,False,1,False,1,44,0.0181,0.0326,0.0001,10.7031,2,324,10.757,10.003328,258,580,
99,367,5978,3,False,1,False,1,42,0.0173,0.0317,0.0001,10.6327,2,329,10.6848,10.006775,303,665,
100,368,5979,4,False,1,False,1,41,0.0474,0.03,0.0001,10.5861,2,0,10.6668,10.032181,307,676,
101,369,5986,4,False,1,False,1,40,0.1154,0.0513,0.0001,10.9182,2,0,11.0897,10.007282,308,678,
102,370,5988,4,False,1,False,1,40,0.0486,0.0308,0.0001,10.5681,2,0,10.6508,10.019189,309,681,
103,371,5989,3,False,1,False,1,41,0.017,0.0314,0.0001,10.6168,2,308,10.6683,10.025156,308,670,
104,372,5991,3,False,1,False,1,41,0.0175,0.0309,0.0085,10.6278,2,332,10.6879,10.078733,308,670,
105,373,5991,4,False,1,False,1,3,0.0471,0.0314,0.0001,10.0184,2,319,10.1001,10.020441,297,651,
106,377,6003,3,False,1,False,1,51,0.0998,0.031,0.0003,10.7576,2,327,10.8917,10.033075,127,299,
107,378,6005,4,False,1,False,1,52,0.1035,0.0301,0.0003,10.7221,2,324,10.8592,10.01897,125,299,
108,379,6006,3,False,1,False,1,51,0.1057,0.0303,0.0003,10.768,2,325,10.9073,10.001082,209,476,
109,380,6006,4,False,1,False,1,52,0.0871,0.0307,0.0295,10.7329,2,290,10.8833,10.00514,247,533,
110,381,6011,3,False,1,False,1,49,0.111,0.0312,0.0003,10.9071,2,286,11.0528,10.005601,303,681,
111,382,6012,4,False,1,False,1,50,0.1158,0.0305,0.0003,10.6914,2,303,10.8411,10.016448,303,680,
112,383,6017,4,False,1,False,1,50,0.1405,0.0311,0.1784,10.9554,2,310,11.3097,10.018271,209,492,
113,384,6024,3,False,1,False,1,47,0.0841,0.0299,0.0003,10.7119,2,321,10.8293,10.027865,268,610,
114,385,6031,3,False,1,False,1,45,0.0881,0.0303,0.0003,10.7199,2,319,10.8418,10.001355,297,667,
115,386,6033,3,False,1,False,1,45,0.095,0.0308,0.0003,10.7006,2,319,10.83,10.000304,275,619,
116,387,6035,3,False,1,False,1,43,0.1031,0.031,0.0185,10.6479,2,304,10.8037,10.011276,208,481,
117,388,6036,3,False,1,False,1,43,0.1001,0.0311,0.0003,10.7378,2,324,10.8725,10.004523,124,302,
118,389,6036,4,False,1,False,1,44,0.118,0.0306,0.0003,10.6219,2,311,10.774,10.002397,119,302,
119,390,6037,3,False,1,False,1,43,0.0841,0.0331,0.0898,10.6548,2,315,10.8651,10.02509,114,287,
120,391,6037,4,False,1,False,1,44,0.099,0.0307,0.0003,10.6043,2,324,10.7375,10.015632,114,289,
121,392,6038,3,False,1,False,1,43,0.1044,0.0315,0.0003,10.6648,2,305,10.8044,10.02184,124,310,
122,393,6043,3,False,1,False,1,41,0.1071,0.0322,0.0003,10.6341,2,329,10.7769,10.011492,118,300,
123,394,6043,4,False,1,False,1,42,0.086,0.0308,0.0073,10.5823,2,307,10.7096,10.004808,118,301,
124,395,6046,3,False,1,False,1,41,0.1083,0.0318,0.0003,10.695,2,329,10.8387,10.006387,123,305,
125,396,6047,4,False,1,False,1,42,0.1021,0.0311,0.0003,10.5834,2,314,10.7201,10.152128,139,323,
126,397,6048,3,False,1,False,1,41,0.0858,0.0318,0.0002,10.6421,2,318,10.7632,10.056874,141,325,
127,398,6049,4,False,1,False,1,42,0.128,0.0314,0.0226,10.5869,2,317,10.7723,10.009229,141,331,
128,399,6050,3,False,1,False,1,40,0.1371,0.0319,0.0004,10.6281,2,313,10.8007,10.015894,141,344,
129,400,6051,3,False,1,False,1,40,0.0997,0.0314,0.0003,10.6695,2,332,10.804,10.083635,150,355,
130,401,6054,4,False,1,False,1,41,0.0827,0.0316,0.0447,10.5648,2,322,10.727,10.099508,286,619,
131,402,6058,3,True,1,False,1,20,0.0361,0.0305,0.0001,1.2574,1,24,1.3273,10.074487,120,333,
132,404,6059,4,False,1,False,1,50,0.0384,0.0312,0.0001,10.7525,2,325,10.8254,10.004376,152,357,
133,405,6063,3,False,1,False,1,94,0.0486,0.0325,0.0001,11.4139,2,318,11.4983,10.033841,120,340,
134,406,6064,4,True,1,False,1,41,0.0497,0.032,0.0001,2.3373,1,43,2.4223,10.024582,135,347,
135,407,6068,4,False,1,False,1,48,0.077,0.031,0.0002,10.7528,2,327,10.8641,10.011672,135,332,
136,408,6083,4,False,1,False,1,105,0.16,0.031,0.0557,11.5919,2,307,11.8417,10.010813,116,337,
137,409,6084,4,False,1,False,1,102,0.0664,0.032,0.0001,11.5504,2,306,11.6522,10.012096,118,341,
138,424,6192,4,False,1,False,1,33,0.016,0.0321,0.0001,10.5019,2,328,10.5533,10.018526,140,317,
139,445,6298,4,True,1,False,1,40,0.2474,0.0298,0.141,10.4836,1,334,10.9049,10.000444,334,705,
140,447,6308,4,False,1,False,1,37,0.1892,0.0308,0.1396,10.512,2,330,10.8747,10.053987,330,707,
141,449,6315,4,False,1,False,1,60,0.2102,0.0307,0.1874,10.8478,2,328,11.2794,10.004454,326,716,
142,450,6318,3,False,1,False,1,53,0.206,0.032,0.1677,10.8186,2,271,11.2276,10.160209,227,532,
143,451,6323,3,False,1,False,1,81,0.1816,0.0312,0.1721,11.2451,2,318,11.6331,10.03438,142,364,
144,454,6330,3,False,1,False,1,64,0.1981,0.0311,0.0005,11.1265,2,274,11.3596,10.002414,298,680,
145,455,6331,4,False,1,False,1,41,0.2362,0.0309,0.009,10.5662,2,342,10.8455,10.030156,173,401,
146,458,6336,4,False,1,False,1,35,0.2294,0.0308,0.1477,10.4825,2,325,10.8934,10.01345,205,454,
147,463,6354,3,False,1,False,1,64,0.0454,0.0316,0.0001,11.0198,2,276,11.1,10.024873,326,733,
148,464,6360,3,False,1,False,1,41,0.2099,0.0306,0.1083,10.6471,2,305,10.9991,10.00856,255,616,
149,466,6367,4,False,1,False,1,36,0.2427,0.0323,0.1863,10.5621,2,341,11.0267,10.069453,349,750,
150,468,6379,4,False,1,False,1,75,0.0846,0.0304,0.0002,11.1445,2,317,11.2627,10.029311,160,401,
151,469,6380,3,False,1,False,1,37,0.2149,0.0316,0.0717,10.5142,2,334,10.8358,10.00082,350,742,
152,471,6383,3,False,1,False,1,37,0.2797,0.0167,0.1919,10.5429,2,318,11.0342,10.007578,350,743,
153,472,6383,4,False,1,False,1,83,0.0868,0.0309,0.0002,11.264,2,183,11.3848,10.005506,334,759,
154,473,6384,3,False,1,False,1,37,0.2044,0.0297,0.0482,10.4974,2,334,10.7827,10.011745,356,751,
155,475,6394,3,False,1,False,1,75,0.0261,0.0307,0.0001,11.1386,2,189,11.1985,10.017295,174,420,
156,478,6397,4,False,1,False,1,41,0.0886,0.0318,0.0005,10.6704,2,315,10.7948,10.004656,355,752,
157,479,6398,4,False,1,False,1,60,0.2039,0.0307,0.0764,10.8265,2,329,11.1406,10.000995,349,762,
158,481,6411,3,False,1,False,1,41,0.0431,0.0305,0.0001,10.598,2,318,10.6749,10.004563,323,762,
159,483,6414,3,False,1,False,1,37,0.4171,0.0159,0.0441,10.5168,2,337,10.997,10.002846,349,738,
160,484,6415,3,False,1,False,1,37,0.271,0.0154,0.0837,10.5558,2,349,10.9289,10.004307,344,733,
161,486,6427,4,False,1,False,1,60,0.2267,0.0302,0.108,10.8467,2,329,11.2148,10.001109,349,757,
162,488,6431,3,False,1,False,1,43,0.2295,0.0307,0.155,10.647,2,272,11.0653,10.002812,342,740,
163,490,6434,3,False,1,False,1,64,0.2259,0.0312,0.1554,11.0299,2,274,11.4455,10.003012,335,753,
164,491,6435,4,False,1,False,1,60,0.2306,0.0308,0.1666,10.8726,2,326,11.3038,10.008116,344,756,
165,493,6438,3,False,1,False,1,53,0.0428,0.0308,0.0001,10.7989,2,271,10.8757,10.077551,272,648,
166,495,6444,4,False,1,False,1,79,0.0691,0.0303,0.0002,11.1667,2,320,11.2695,10.002817,306,695,
167,499,6449,3,False,1,False,1,75,0.025,0.0304,0.0001,11.1358,2,189,11.1943,10.066895,164,409,
168,503,6468,4,False,1,False,1,41,0.0803,0.0317,0.0088,10.5763,2,327,10.7002,10.005444,358,759,
169,522,6505,4,False,1,False,1,41,0.2545,0.0314,0.0007,10.5578,2,342,10.8475,10.014392,174,402,
170,523,6508,4,False,1,False,1,37,0.2415,0.0301,0.0831,10.4881,2,337,10.8461,10.002262,269,600,
171,525,6514,4,True,1,False,1,40,0.2397,0.03,0.1649,10.4899,1,334,10.9276,10.125267,213,466,
172,529,6518,4,False,1,False,1,35,0.2572,0.031,0.1642,10.4696,2,333,10.9251,10.004474,182,414,
173,531,6519,4,False,1,False,1,34,0.2467,0.0301,0.1679,10.4622,2,331,10.9101,10.014714,176,393,
174,543,6556,3,False,1,False,1,72,0.0246,0.0302,0.0001,11.1549,2,189,11.2129,10.037034,88,260,
175,544,6560,3,False,1,False,1,72,0.0249,0.0304,0.0001,11.0713,2,187,11.1298,10.032796,88,260,
176,545,6562,3,False,1,False,1,88,0.0247,0.0311,0.0001,11.3287,2,310,11.3876,10.006568,203,505,
177,547,6566,3,False,1,False,1,51,0.0248,0.0309,0.0001,10.7779,2,315,10.8368,10.012913,342,739,
178,548,6568,3,False,1,False,1,72,0.0255,0.0319,0.0001,11.1449,2,187,11.2054,10.005269,169,426,
179,550,6574,3,False,1,False,1,28,0.0632,0.0312,0.0418,10.3871,2,338,10.5264,10.031965,368,763,
180,558,6601,3,False,1,False,1,72,0.3286,0.0309,0.0019,11.0867,2,187,11.4513,10.067267,171,428,
181,564,6615,3,False,1,False,1,59,0.033,0.0302,0.0235,10.853,2,334,10.9427,10.004569,377,816,
182,565,6620,4,False,1,False,1,40,0.0449,0.0303,0.0001,10.5935,2,336,10.6719,10.007638,367,777,
183,572,6635,3,False,1,False,1,72,0.0275,0.0316,0.0001,11.1498,2,189,11.2122,10.04101,175,435,
184,575,6641,3,False,1,False,1,35,0.0264,0.0316,0.0001,10.5375,2,328,10.5986,10.025699,367,773,
185,577,6642,3,False,1,False,1,72,0.0262,0.0314,0.0001,11.1443,2,187,11.205,10.050378,169,423,
186,624,6906,4,False,1,False,1,15,0.0067,0.0306,0.0001,10.2271,2,284,10.2675,10.002961,365,755,
187,626,6914,3,False,1,False,1,16,0.007,0.0322,0.0002,10.2578,2,333,10.3018,10.000299,345,717,
188,627,6914,4,False,1,False,1,15,0.0067,0.0317,0.0001,10.2135,2,332,10.2551,10.015274,359,747,
189,628,6916,3,False,1,False,1,16,0.0071,0.0315,0.0001,10.2163,2,332,10.2582,10.000348,353,736,
190,629,6918,4,False,1,False,1,15,0.0069,0.0327,0.0001,10.2327,2,340,10.2755,10.004191,246,519,
191,630,6921,4,False,1,False,1,15,0.0068,0.0308,0.0001,10.2097,2,259,10.2505,10.004812,298,625,
192,631,6923,4,False,1,False,1,15,0.0071,0.0303,0.0001,10.2103,2,340,10.2508,10.070647,211,444,
193,643,6956,3,False,1,False,1,93,0.2122,0.0311,0.2,11.3798,2,318,11.8263,10.003636,213,525,
194,644,6957,4,False,1,False,1,98,0.1439,0.0307,0.0005,11.4815,2,321,11.6596,10.008956,271,648,
195,646,6961,4,False,1,False,1,52,0.1904,0.0154,0.0119,10.7129,2,318,10.9338,10.005818,274,599,
196,647,6965,4,False,1,False,1,48,2.2077,0.0158,1.0845,10.6688,2,286,13.9798,10.013792,147,329,
197,648,6967,3,False,1,False,1,45,0.9226,0.0159,0.1487,10.7044,2,320,11.7948,10.008878,289,652,
198,649,6968,4,False,1,False,1,46,0.2186,0.015,0.0094,10.6267,2,323,10.8727,10.028808,289,648,
199,650,6972,4,False,1,False,1,42,1.859,0.0156,0.5974,10.5749,2,329,13.05,10.00589,235,531,
200,651,6974,3,False,1,False,1,40,1.982,0.0516,1.6267,11.0423,2,323,14.7079,10.005769,242,546,
201,653,6982,3,False,1,False,1,93,0.2006,0.0149,0.0439,11.3849,2,318,11.6473,10.004975,287,671,
202,654,6984,3,False,1,False,1,93,0.0727,0.0303,0.0002,11.4061,2,305,11.5124,10.016296,271,638,
203,655,6985,4,False,1,False,1,101,0.0701,0.0303,0.0002,11.5269,2,314,11.6306,10.067208,157,418,
204,656,6994,4,False,1,False,1,35,0.1761,0.0304,0.0473,10.4806,2,340,10.7376,10.007129,140,330,
205,657,6997,3,False,1,False,1,34,0.0547,0.032,0.0001,10.541,2,159,10.6311,10.020063,274,638,
206,662,7005,3,False,1,False,1,34,0.0401,0.031,0.0001,10.5701,2,162,10.6444,10.037165,292,668,
207,664,7006,3,False,1,False,1,44,0.0409,0.0317,0.0001,10.6802,2,310,10.756,10.026062,289,685,
208,667,7014,3,False,1,False,1,44,0.04,0.03,0.0001,10.6624,2,314,10.7354,10.027684,278,661,
209,668,7016,3,False,1,False,1,44,0.04,0.0304,0.0001,10.6766,2,310,10.7501,10.00014,281,676,
210,670,7019,3,False,1,False,1,42,0.0416,0.0311,0.0243,10.6462,2,339,10.7464,10.006658,304,677,
211,672,7021,4,False,1,False,1,33,0.1612,0.0152,0.0007,10.4456,2,328,10.6257,10.015233,289,646,
212,673,7023,3,False,1,False,1,33,0.0552,0.0304,0.0001,10.517,2,271,10.6057,10.069369,159,413,
213,674,7024,4,False,1,False,1,34,0.1597,0.0151,0.1311,10.4606,2,304,10.7694,10.119517,205,505,
214,675,7027,4,False,1,False,1,27,0.1713,0.0152,0.0007,10.3424,2,337,10.5325,10.020307,209,465,
215,676,7028,3,False,1,False,1,45,0.0567,0.0307,0.0559,10.6768,2,310,10.8233,10.009556,109,340,
216,677,7030,3,False,1,False,1,44,0.0558,0.0309,0.0001,10.6784,2,314,10.7683,10.021396,107,322,
217,678,7031,3,False,1,False,1,33,0.0504,0.0311,0.0001,10.4994,2,271,10.5841,10.022586,77,251,
218,679,7033,3,False,1,False,1,46,0.0553,0.0306,0.0001,10.7081,2,329,10.7972,10.016234,301,667,
219,683,7047,3,False,1,False,1,107,0.1846,0.0303,0.1763,11.6422,2,301,12.0364,10.008636,278,664,
220,685,7051,3,False,1,False,1,48,0.1825,0.0307,0.0005,10.7814,2,291,10.9983,10.000761,303,685,
221,686,7052,4,False,1,False,1,31,0.189,0.0308,0.0091,10.4077,2,327,10.6397,10.005562,300,669,
222,687,7056,3,False,1,False,1,93,0.2682,0.0154,0.1857,11.3891,2,318,11.8617,10.04851,286,663,
223,689,7060,4,False,1,False,1,75,0.1117,0.0309,0.0002,11.1446,2,229,11.2905,10.007284,136,356,
224,727,7223,4,False,1,False,1,41,0.2479,0.0297,0.0504,10.5484,2,335,10.8794,10.011481,253,562,
225,730,7226,4,False,1,False,1,37,0.2589,0.0306,0.1488,10.6015,2,329,11.0429,10.041214,310,664,
226,731,7227,3,False,1,False,1,77,0.0526,0.0311,0.0001,11.187,2,201,11.274,10.049547,129,340,
227,732,7227,4,False,1,False,1,36,0.267,0.0311,0.1057,10.4904,2,341,10.8972,10.004805,212,486,
228,733,7231,4,False,1,False,1,41,0.2662,0.0305,0.1557,10.5653,2,342,11.0209,10.023276,125,311,
229,736,7239,3,False,1,False,1,81,1.9544,0.0159,2.3157,11.1915,2,321,15.4806,10.033699,94,267,
230,739,7252,4,False,1,False,1,25,0.7533,0.0156,1.9335,10.3263,2,326,13.0318,10.018232,114,306,
231,741,7255,4,False,1,False,1,41,1.6414,0.0157,2.397,10.5878,2,324,14.645,10.013228,125,302,
232,744,7264,4,True,1,False,1,38,2.7253,0.0161,3.6183,5.2591,1,148,11.6219,10.049393,128,300,
233,745,7270,4,False,1,False,1,60,0.3346,0.0155,0.0445,10.8282,2,325,11.226,10.038023,120,306,
234,749,7278,4,False,1,False,1,60,0.255,0.0314,0.069,10.8528,2,333,11.2114,10.07831,127,309,
235,753,7285,3,False,1,False,1,64,0.2389,0.0307,0.1487,11.0042,2,274,11.4257,10.039359,116,301,
236,756,7289,3,False,1,False,1,77,0.2192,0.0304,0.151,11.1916,2,201,11.5953,10.009101,129,343,
237,761,7295,4,True,1,False,1,40,0.2101,0.0307,0.161,10.4039,1,334,10.809,10.004523,296,648,
238,763,7298,3,False,1,False,1,77,0.2117,0.031,0.1689,11.1739,2,193,11.5887,10.000126,165,408,
239,764,7298,4,False,1,False,1,36,0.2049,0.0302,0.178,10.4951,2,329,10.9113,10.03136,278,588,
240,767,7307,4,False,1,False,1,25,0.3659,0.0159,0.1951,10.3495,2,296,10.93,10.040669,205,472,
241,769,7313,3,False,1,False,1,53,0.0416,0.03,0.0001,10.9156,2,236,10.9905,10.00119,161,381,
242,772,7322,3,False,1,False,1,77,0.0525,0.0319,0.0001,11.2372,2,169,11.3248,10.114816,129,340,
243,774,7330,4,False,1,False,1,36,0.2231,0.0307,0.0076,10.6131,2,317,10.8776,10.062394,238,529,
244,785,7351,3,False,1,False,1,41,0.332,0.0314,0.1575,10.6398,2,305,11.1638,10.045985,293,682,
245,789,7355,4,False,1,False,1,60,0.332,0.0154,0.0784,10.8505,2,328,11.2794,10.00435,309,683,
246,790,7357,3,False,1,False,1,53,0.043,0.0309,0.0001,10.8799,2,275,10.957,10.022068,162,386,
247,792,7359,3,False,1,False,1,43,0.0449,0.031,0.0451,10.6505,2,254,10.7746,10.06905,247,542,
248,793,7360,3,False,1,False,1,41,0.0454,0.0306,0.0001,10.6401,2,305,10.7195,10.001561,277,661,
249,799,7383,4,False,1,False,1,60,0.7144,0.0516,0.5034,11.4844,2,255,12.7585,10.025585,293,647,
250,825,7440,4,False,1,False,1,41,0.2119,0.0311,0.0007,10.5852,2,337,10.8321,10.008091,309,674,
251,826,7445,4,False,1,False,1,35,0.1984,0.0308,0.0249,10.4723,2,308,10.7296,10.001254,308,672,
252,858,7566,3,False,1,False,1,51,0.0283,0.0374,0.0001,10.8303,2,288,10.8998,10.001434,288,630,
253,859,7567,3,False,1,False,1,72,0.0181,0.0313,0.0001,11.1279,2,187,11.1805,10.00431,138,361,
254,870,7591,3,False,1,False,1,72,0.0182,0.0306,0.0001,11.1211,2,187,11.1731,10.024198,123,329,
255,871,7592,3,False,1,False,1,72,0.0181,0.0308,0.0001,11.103,2,187,11.1549,10.055939,111,306,
256,880,7606,3,False,1,False,1,35,0.0357,0.032,0.0001,10.5466,2,341,10.6175,10.00818,306,654,
257,881,7607,3,False,1,False,1,72,0.0325,0.0316,0.0001,11.1178,2,187,11.185,10.000804,154,395,
258,883,7612,3,False,1,False,1,72,0.0274,0.032,0.0001,11.1543,2,189,11.2169,10.058831,131,346,
259,887,7624,3,False,1,False,1,72,0.0266,0.0313,0.0001,11.0948,2,187,11.1558,10.06624,158,400,
260,897,7671,3,False,1,False,1,72,0.0249,0.0312,0.0087,11.1315,2,189,11.1993,10.07881,157,396,
261,905,7702,3,False,1,False,1,51,0.0253,0.0312,0.0001,10.7765,2,328,10.8362,10.002673,304,663,
262,906,7704,3,False,1,False,1,72,0.0254,0.031,0.0001,11.1272,2,187,11.1868,10.055309,151,386,
263,908,7706,3,False,1,False,1,88,0.0256,0.032,0.0001,11.3233,2,310,11.3842,10.007653,282,661,
264,910,7710,3,False,1,False,1,51,0.0237,0.0317,0.0001,10.7954,2,320,10.8539,10.022063,232,522,
265,915,7722,3,False,1,False,1,72,0.0369,0.0321,0.0001,11.1125,2,187,11.1848,10.024204,151,385,
266,922,7745,3,False,1,False,1,35,0.0272,0.0322,0.0001,10.5385,2,328,10.6012,10.008342,265,568,
267,962,7971,3,True,1,True,1,27,0.4979,0.0158,0.0,0.2894,1,0,0.8057,10.034718,297,639,
268,963,7974,4,False,1,False,1,20,0.4793,0.0164,0.4481,10.1927,2,323,11.1398,10.007113,193,418,
269,970,7991,4,False,1,False,1,12,0.332,0.0162,0.0706,10.1314,2,332,10.5536,10.008527,303,659,
270,979,8009,4,False,1,False,1,31,0.2857,0.0311,0.044,10.406,2,337,10.7699,10.004784,305,667,
271,980,8014,3,False,1,False,1,52,0.301,0.0302,0.0087,10.8095,2,217,11.1525,10.042513,151,392,
272,981,8016,4,False,1,False,1,34,0.4646,0.0309,0.0098,10.4513,2,323,10.9597,10.010789,311,675,
273,982,8018,3,False,1,False,1,50,0.3176,0.0311,0.0091,10.7652,2,280,11.1262,10.00449,297,673,
274,983,8021,3,False,1,False,1,93,0.2636,0.0309,0.2107,11.3811,2,311,11.8895,10.00669,293,683,
275,984,8023,3,False,1,False,1,52,1.9331,0.0156,1.8657,10.7348,2,305,14.5524,10.007282,303,668,
276,985,8023,4,False,1,False,1,51,2.3382,0.0163,2.3347,10.7291,2,310,15.4215,10.014989,178,404,
277,986,8027,4,False,1,False,1,43,2.3787,0.0159,2.3479,10.6058,2,166,15.3516,10.059261,300,658,
278,987,8029,3,False,1,False,1,41,4.4502,0.0265,4.3733,10.9782,2,286,19.8338,10.010603,300,664,
279,988,8030,3,False,1,False,1,34,0.0408,0.0297,0.0001,10.5186,2,159,10.5922,10.004712,295,684,
280,989,8031,3,False,1,False,1,44,0.0417,0.0307,0.0001,11.1153,2,314,11.1909,10.005936,272,652,
281,990,8038,3,False,1,False,1,34,0.0587,0.0312,0.0391,10.5427,2,159,10.6748,10.005163,225,541,
282,991,8040,4,False,1,False,1,31,0.1811,0.0154,0.0008,10.4141,2,322,10.6143,10.005792,247,555,
283,992,8041,4,False,1,False,1,34,0.2077,0.0312,0.1577,10.4664,2,287,10.8662,10.007311,231,562,
284,993,8045,3,False,1,False,1,45,0.0591,0.0309,0.0001,10.7354,2,310,10.8287,10.06537,244,607,
285,996,8054,3,False,1,False,1,34,0.0597,0.0317,0.0001,10.5223,2,159,10.617,10.009471,187,466,
286,999,8064,4,False,1,False,1,52,0.0595,0.0309,0.0001,10.8013,2,324,10.895,10.019092,309,688,
287,1002,8079,3,False,1,False,1,50,0.2252,0.0309,0.0494,10.7543,2,276,11.0629,10.006296,303,688,
288,1003,8080,3,False,1,False,1,31,0.2261,0.0303,0.1889,10.4766,2,317,10.925,10.00683,303,677,
289,1004,8080,4,False,1,False,1,24,0.2375,0.0298,0.173,10.3002,2,303,10.7435,10.013475,314,694,
290,1005,8081,3,False,1,False,1,107,0.0536,0.0303,0.0001,11.5981,2,297,11.6852,10.041594,293,693,
291,1006,8081,4,False,1,False,1,86,0.267,0.0159,0.1396,11.2588,2,324,11.6844,10.00527,151,393,
292,1007,8085,3,False,1,False,1,48,0.0533,0.03,0.0001,10.7559,2,286,10.8425,10.015691,124,326,
293,1009,8088,3,False,1,False,1,31,0.0571,0.0318,0.0001,10.4879,2,329,10.5802,10.007243,122,313,
294,1011,8100,4,False,1,False,1,98,0.1244,0.0323,0.0695,11.4875,2,314,11.7167,10.010629,104,322,
295,1012,8101,4,False,1,False,1,76,0.1118,0.0306,0.0002,11.1528,2,230,11.2986,10.081183,82,246,
296,1013,8103,3,False,1,False,1,46,0.2161,0.0158,0.0946,10.6775,2,315,11.0071,10.002349,145,364,
297,1014,8106,4,False,1,False,1,69,0.1085,0.03,0.0003,11.0087,2,332,11.1507,10.039795,117,308,
298,1015,8109,3,False,1,False,1,33,0.4099,0.0152,0.0309,10.4883,2,271,10.9476,10.000711,70,241,
299,1017,8113,3,False,1,False,1,42,0.3609,0.0157,0.0351,10.6059,2,339,11.0208,10.002962,304,677,
300,1018,8114,3,False,1,False,1,45,0.3743,0.0157,0.0349,10.6826,2,301,11.1106,10.019451,222,573,
301,1019,8115,3,False,1,False,1,34,0.0435,0.0304,0.0001,10.5035,2,162,10.5805,10.005248,123,334,
302,1020,8116,3,False,1,False,1,44,0.0457,0.0314,0.0075,10.694,2,307,10.7818,10.043174,115,337,
303,1021,8117,3,False,1,False,1,33,0.0426,0.0304,0.0001,10.5091,2,265,10.5853,10.004702,96,292,
304,1022,8119,3,False,1,False,1,46,0.0426,0.0301,0.0001,10.7203,2,224,10.7962,10.011999,282,635,
305,1023,8119,4,False,1,False,1,29,0.476,0.0264,0.0011,10.678,2,167,11.1867,10.028758,308,671,
306,1024,8124,4,False,1,False,1,43,0.4901,0.053,0.2062,11.0257,2,315,11.7801,10.006029,312,675,
307,1025,8125,4,False,1,False,1,31,0.1758,0.03,0.0006,10.416,2,308,10.6254,10.004766,304,666,
308,1026,8128,4,False,1,False,1,35,0.2086,0.0306,0.0264,10.4844,2,340,10.7531,10.004807,303,641,
309,1027,8129,3,False,1,False,1,42,0.0548,0.0302,0.0002,10.6347,2,322,10.7229,10.003465,304,686,
310,1028,8131,3,False,1,False,1,107,2.2245,0.0152,0.2612,11.566,2,317,14.0701,10.017838,289,690,
311,1029,8132,3,False,1,False,1,53,0.1605,0.0157,0.0081,10.7519,2,286,10.9395,10.034824,166,399,
312,1030,8133,3,True,1,False,1,52,1.8526,0.0303,1.8746,1.2034,1,3,4.9641,10.008468,99,284,
313,1031,8135,3,False,1,False,1,48,0.7872,0.0306,0.7544,10.6768,2,291,12.2524,10.000973,228,529,
314,1032,8139,3,False,1,False,1,107,0.0472,0.0315,0.0001,11.6463,2,313,11.7283,10.079566,150,405,
315,1033,8139,4,False,1,False,1,83,0.2668,0.0156,0.0182,11.2383,2,319,11.5419,10.020533,123,333,
316,1034,8140,3,False,1,False,1,53,0.0444,0.0305,0.0001,10.7822,2,289,10.8603,10.035259,136,345,
317,1036,8143,4,False,1,False,1,33,0.2853,0.0164,0.1274,10.4533,2,334,10.8856,10.011422,149,346,
318,1038,8146,3,False,1,False,1,37,0.1759,0.0318,0.0001,10.6362,2,303,10.8482,10.006505,132,334,
319,1039,8147,3,False,1,False,1,107,0.0519,0.0313,0.0001,11.7183,2,309,11.8047,10.000274,166,443,
320,1040,8148,3,False,1,False,1,53,0.0564,0.0315,0.0001,10.8235,2,274,10.9147,10.010227,314,705,
321,1042,8153,3,False,1,False,1,50,0.054,0.032,0.0001,10.8538,2,270,10.9432,10.007003,228,539,
322,1043,8154,3,False,1,False,1,31,0.0546,0.0316,0.0001,10.4875,2,324,10.5769,10.005123,311,689,
323,1044,8155,3,False,1,False,1,61,0.0511,0.0316,0.0001,10.9862,2,319,11.0721,10.018783,254,584,
324,1045,8161,3,False,1,False,1,52,0.0538,0.0314,0.0001,10.9334,2,165,11.0217,10.019857,197,490,
325,1047,8179,3,False,1,False,1,61,0.2057,0.0327,0.0729,10.9677,2,312,11.2825,10.006424,222,519,
326,1048,8179,4,False,1,False,1,40,0.2084,0.0317,0.1851,10.5748,2,249,11.0032,10.02261,141,343,
327,1049,8181,3,False,1,False,1,48,0.4811,0.0515,0.4295,11.3373,2,52,12.305,10.064049,138,358,
328,1050,8182,4,False,1,False,1,55,0.2011,0.0325,0.1804,10.7889,2,312,11.2063,10.007681,244,548,
329,1051,8183,4,False,1,False,1,53,0.2087,0.0323,0.1806,10.7731,2,322,11.198,10.006203,323,703,
330,1052,8185,4,False,1,False,1,49,0.2037,0.0316,0.1783,10.7075,2,324,11.1243,10.018143,330,721,
331,1103,8423,3,False,1,False,1,81,3.2195,0.0164,0.2233,11.2151,2,319,14.6777,10.007966,274,633,
332,1104,8425,3,False,1,False,1,53,1.2123,0.0157,3.6856,10.7745,2,195,15.6912,10.006369,257,619,
333,1105,8428,3,False,1,False,1,41,0.1944,0.0158,0.0018,10.5736,2,311,10.7887,10.004514,305,724,
334,1106,8428,4,False,1,False,1,25,0.2177,0.0159,0.017,10.3488,2,326,10.6024,10.06504,347,770,
335,1108,8432,3,False,1,False,1,52,0.4976,0.0156,0.027,10.8541,2,220,11.3975,10.062147,274,629,
336,1110,8434,3,False,1,False,1,53,0.7792,0.0263,0.0223,11.3384,2,132,12.1717,10.00492,273,649,
337,1111,8435,3,False,1,False,1,43,0.86,0.0256,0.0226,11.0295,2,134,11.9428,10.001521,342,774,
338,1119,8448,4,False,1,False,1,38,7.2625,0.0524,1.6159,10.9303,2,168,19.8663,10.078739,352,754,
339,1123,8467,4,False,1,False,1,13,1.2769,0.0272,3.2577,10.2702,2,173,14.8393,10.002635,194,409,
340,1133,8489,3,True,1,True,1,24,2.0637,0.026,0.0,0.5029,1,0,2.5975,10.003543,205,441,
341,1139,8497,3,False,1,False,1,43,0.4494,0.0257,0.1572,11.1155,2,165,11.7538,10.026014,357,763,
342,1140,8503,3,False,1,False,1,43,0.2142,0.0527,0.0004,11.0586,2,169,11.3312,10.004249,353,771,
343,1141,8503,4,False,1,False,1,47,0.078,0.0512,0.0002,11.2753,2,157,11.41,10.002685,346,773,
344,1142,8505,3,False,1,False,1,42,0.3827,0.057,0.273,11.0729,2,166,11.7911,10.015612,355,760,
345,1143,8506,3,False,1,False,1,43,0.2126,0.051,0.0003,11.0877,2,161,11.3569,10.007556,347,762,
346,1147,8515,4,False,1,False,1,41,1.6762,0.0523,0.6608,10.9941,2,168,13.3886,10.004709,353,750,
347,1168,8575,3,False,1,False,1,72,1.0738,0.027,0.9269,11.7923,2,51,13.8246,10.031337,169,421,
348,1172,8582,3,False,1,False,1,72,0.0517,0.0316,0.0002,11.3823,2,61,11.4692,10.060755,169,421,
349,1177,8591,3,False,1,False,1,72,0.0655,0.051,0.0001,11.8936,2,125,12.0155,10.065624,160,404,
350,1182,8595,3,False,1,False,1,72,0.0266,0.0315,0.0001,11.1573,2,158,11.2185,10.06529,169,421,
351,1191,8622,3,False,1,False,1,72,0.1043,0.0305,0.0751,11.1151,2,157,11.3281,10.108264,151,385,
352,1194,8627,3,False,1,False,1,88,0.0642,0.0304,0.0002,11.3401,2,288,11.4379,10.000772,240,578,
353,1196,8629,3,False,1,False,1,35,0.065,0.0315,0.0001,10.5481,2,330,10.6477,10.001283,219,482,
354,1198,8635,3,False,1,False,1,88,0.0635,0.0309,0.057,11.3898,2,308,11.5442,10.011342,151,405,
355,1207,8655,3,False,1,False,1,88,0.0783,0.0307,0.0008,11.3781,2,290,11.4909,10.008091,151,406,
356,1208,8658,3,False,1,False,1,72,0.0832,0.031,0.0495,11.2098,2,121,11.3766,10.002773,160,406,
357,1210,8667,3,False,1,False,1,72,0.0548,0.0325,0.0001,11.1461,2,153,11.2367,10.044094,169,421,
358,1227,8709,3,False,1,False,1,59,0.2227,0.0309,0.1394,10.8778,2,320,11.274,10.015474,355,773,
359,1228,8714,3,False,1,False,1,58,0.2024,0.0154,0.1417,10.8765,2,334,11.239,10.002838,353,763,
360,1229,8715,4,False,1,False,1,68,0.0788,0.0312,0.0002,11.0255,2,340,11.1387,10.012565,354,780,
361,1230,8717,3,False,1,False,1,72,0.2095,0.0321,0.1516,11.0693,2,131,11.4656,10.056483,171,428,
362,1231,8720,3,False,1,False,1,72,0.364,0.0304,0.0004,11.0844,2,151,11.4829,10.042572,169,421,
363,1244,8739,4,False,1,False,1,72,1.1457,0.0163,1.1529,10.8831,2,153,13.2013,10.054353,169,423,
364,1246,8741,4,False,1,False,1,51,1.1535,0.0159,1.1724,10.5768,2,315,12.922,10.018329,163,380,
365,1247,8743,4,False,1,False,1,72,1.1653,0.0165,1.1638,10.9169,2,151,13.2659,10.171566,89,261,
366,1295,8965,3,False,1,False,1,37,0.274,0.0165,0.0234,10.6599,2,226,10.9771,10.063422,167,418,
367,1296,8965,4,False,1,False,1,37,0.3273,0.016,0.0599,10.4588,2,186,10.8651,10.024393,155,412,
368,1297,8974,4,False,1,False,1,55,0.7828,0.0265,0.0775,11.0828,2,323,11.9751,10.000693,278,624,
369,1298,8976,4,False,1,False,1,34,0.3327,0.0159,0.0782,10.3897,2,314,10.8197,10.009252,210,474,
370,1299,8977,3,False,1,False,1,49,0.2802,0.0153,0.0552,10.8214,2,311,11.1752,10.014096,274,665,
371,1300,8977,4,False,1,False,1,49,0.3184,0.0161,0.0304,10.7217,2,311,11.0896,10.006542,279,673,
372,1301,8978,4,False,1,False,1,49,0.3281,0.016,0.0781,10.6442,2,300,11.0696,10.028494,299,677,
373,1302,8979,3,False,1,False,1,47,0.2883,0.0159,0.0564,10.7518,2,315,11.1156,10.026613,297,675,
374,1303,8980,4,False,1,False,1,32,0.3348,0.016,0.0308,10.357,2,291,10.7417,10.045769,278,663,
375,1304,8981,3,False,1,False,1,45,0.2974,0.0161,0.0565,10.7049,2,316,11.0779,10.000091,297,679,
376,1305,8981,4,False,1,False,1,45,0.3307,0.0167,0.0322,10.5642,2,294,10.9469,10.006175,297,682,
377,1306,8982,3,False,1,False,1,30,0.4065,0.0158,0.0557,10.461,2,299,10.9421,10.021613,273,663,
378,1307,8986,3,False,1,False,1,30,0.2736,0.0162,0.0231,10.5246,2,260,10.8406,10.016721,239,599,
379,1308,8987,3,False,1,False,1,39,0.274,0.0159,0.0544,10.724,2,126,11.0714,10.077497,292,671,
380,1309,8991,4,False,1,False,1,35,0.7769,0.026,0.0437,10.6963,2,139,11.5482,10.009315,222,552,
381,1310,8995,3,False,1,False,1,32,0.6728,0.026,0.1212,10.9088,2,179,11.7341,10.003445,187,491,
382,1311,8996,3,False,1,False,1,27,0.5802,0.0252,0.0224,10.53,2,211,11.1625,10.002424,257,633,
383,1321,9030,3,False,1,False,1,53,0.0687,0.0317,0.0972,11.3281,2,189,11.5293,10.012933,278,630,
384,1323,9033,3,False,1,False,1,48,0.0674,0.0311,0.0001,10.7476,2,282,10.8492,10.011333,300,674,
385,1324,9035,3,False,1,False,1,50,0.0686,0.0326,0.0001,10.8464,2,267,10.9512,10.020145,241,559,
386,1325,9036,4,False,1,False,1,26,0.3004,0.0158,0.2306,10.3373,2,326,10.8871,10.005053,248,561,
387,1327,9041,3,False,1,False,1,57,0.8098,0.0155,0.7204,10.5788,2,228,12.128,10.020585,282,648,
388,1328,9041,4,False,1,False,1,51,0.771,0.0159,0.8355,10.7405,2,275,12.3658,10.032373,247,544,
389,1329,9042,3,False,1,False,1,52,2.3015,0.0162,3.1215,10.9955,2,317,16.4385,10.005718,295,650,
390,1330,9042,4,False,1,False,1,57,1.413,0.0159,1.4161,10.8109,2,317,13.6588,10.010169,253,577,
391,1331,9043,3,False,1,False,1,56,0.8009,0.0155,0.9298,10.5414,2,224,12.2911,10.006999,120,325,
392,1332,9053,3,False,1,False,1,34,0.4274,0.0159,0.0196,10.5344,2,139,11.0005,10.009992,231,553,
393,1334,9054,3,False,1,False,1,44,0.3086,0.0166,0.0192,10.6333,2,314,10.9813,10.000346,286,674,
394,1335,9056,3,False,1,False,1,44,0.3623,0.0155,0.0187,10.6457,2,167,11.0454,10.007446,283,679,
395,1336,9057,3,False,1,False,1,46,0.8672,0.0264,0.0421,11.1257,2,314,12.0665,10.001197,200,472,
396,1338,9061,3,False,1,False,1,34,0.0393,0.0301,0.0001,10.5889,2,140,10.6613,10.021791,111,313,
397,1339,9062,4,False,1,False,1,30,0.1719,0.0154,0.1158,10.4022,2,207,10.7083,10.044516,52,200,
398,1340,9069,4,False,1,False,1,33,0.1895,0.0159,0.0009,10.465,2,309,10.6744,10.009799,270,611,
399,1341,9070,3,False,1,False,1,44,0.0586,0.0313,0.0388,10.6856,2,307,10.8174,10.017063,289,685,
400,1342,9072,3,False,1,False,1,44,0.0579,0.0317,0.0001,10.6895,2,301,10.7823,10.020767,280,667,
401,1343,9072,4,False,1,False,1,34,0.1898,0.016,0.0009,10.5159,2,292,10.7255,10.140213,225,544,
402,1344,9073,3,False,1,False,1,46,0.0568,0.0312,0.0001,10.7156,2,300,10.8069,10.004813,192,454,
403,1345,9075,3,False,1,False,1,42,0.1406,0.0524,0.1187,11.1881,2,322,11.505,10.191045,123,302,
404,1346,9076,3,False,1,False,1,45,0.0562,0.0316,0.0001,10.7028,2,302,10.7938,10.008479,93,315,
405,1347,9080,4,False,1,False,1,34,0.1835,0.0156,0.0008,10.6387,2,282,10.8416,10.160004,95,279,
406,1348,9081,3,False,1,False,1,46,0.1375,0.051,0.0001,10.9333,2,174,11.1263,10.027425,136,344,
407,1349,9081,4,False,1,False,1,29,0.2978,0.0281,0.0737,10.6819,2,329,11.0876,10.003738,121,299,
408,1350,9085,3,False,1,False,1,107,0.143,0.0206,0.0044,11.6911,2,300,11.8627,10.060155,110,329,
409,1351,9086,3,False,1,False,1,53,0.1715,0.0156,0.0113,10.7571,2,272,10.9586,10.018805,113,301,
410,1353,9089,3,False,1,False,1,48,0.1509,0.016,0.0044,10.7011,2,274,10.8756,10.005821,114,307,
411,1355,9091,4,False,1,False,1,33,0.0979,0.0154,0.0152,10.4395,2,330,10.5711,10.059222,121,309,
412,1356,9094,3,False,1,False,1,53,0.0676,0.0308,0.0002,10.8441,2,272,10.9457,10.048868,114,306,
413,1359,9100,3,False,1,False,1,31,0.0666,0.0315,0.0002,10.4807,2,275,10.582,10.028929,117,306,
414,1360,9101,3,False,1,False,1,107,0.0643,0.0307,0.0003,12.5975,2,219,12.6962,10.002995,100,311,
415,1361,9103,3,False,1,False,1,52,0.066,0.0475,0.0002,11.0996,2,199,11.2173,10.017401,67,218,
416,1363,9111,3,False,1,False,1,52,0.0671,0.0313,0.0521,10.8218,2,197,10.9755,10.005898,67,216,
417,1364,9113,4,False,1,False,1,34,0.2657,0.0153,0.0011,10.4644,2,334,10.7496,10.014834,126,303,
418,1365,9115,4,False,1,False,1,35,0.3026,0.0159,0.0628,10.4911,2,329,10.8754,10.006546,127,299,
419,1366,9116,4,False,1,False,1,26,0.2683,0.0156,0.1399,10.3518,2,219,10.7786,10.020828,124,317,
420,1367,9118,3,False,1,False,1,53,0.1307,0.054,0.0001,11.3078,2,242,11.4973,10.00572,115,309,
421,1371,9123,3,False,1,False,1,50,0.0562,0.0324,0.0001,10.8148,2,267,10.9067,10.009292,120,300,
422,1372,9124,3,False,1,False,1,31,0.0533,0.0309,0.0441,10.495,2,315,10.6262,10.004865,112,297,
423,1373,9125,4,False,1,False,1,40,0.2915,0.0158,0.0012,10.5601,2,274,10.8716,10.073848,120,298,
424,1376,9137,3,False,1,False,1,47,0.0576,0.0307,0.0526,11.0181,2,310,11.162,10.010834,103,308,
425,1378,9141,4,False,1,False,1,40,0.215,0.0153,0.0009,10.5911,2,313,10.8253,10.001414,117,293,
426,1379,9146,3,False,1,False,1,49,0.1474,0.0312,0.0847,10.7645,2,301,11.0308,10.01449,101,304,
427,1380,9146,4,False,1,False,1,51,0.3644,0.0159,0.1767,10.737,2,315,11.297,10.01632,119,293,
428,1381,9154,3,False,1,False,1,49,0.1575,0.0318,0.0312,10.7993,2,301,11.0229,10.015598,100,297,
429,1382,9154,4,False,1,False,1,51,0.2523,0.0163,0.001,10.7678,2,278,11.0404,10.013317,121,302,
430,1383,9156,4,False,1,False,1,35,0.2252,0.0157,0.017,10.4934,2,304,10.7543,10.02177,111,295,
431,1384,9160,3,False,1,False,1,46,0.3018,0.0158,0.1903,10.6633,2,282,11.1741,10.014977,117,297,
432,1385,9160,4,False,1,False,1,81,0.0783,0.0323,0.0002,11.2934,2,293,11.4072,10.017099,95,279,
433,1386,9164,4,False,1,False,1,84,0.0572,0.0324,0.047,11.2878,2,310,11.4275,10.022156,104,294,
434,1387,9166,4,False,1,False,1,20,0.1331,0.0169,0.0011,10.2607,2,314,10.4149,10.015603,120,295,
435,1388,9167,3,False,1,False,1,33,0.1733,0.0161,0.0048,10.5293,2,265,10.7266,10.119019,70,235,
436,1389,9167,4,False,1,False,1,20,0.1471,0.0158,0.0144,10.2568,2,308,10.437,10.062428,117,312,
437,1390,9169,3,False,1,False,1,46,0.1764,0.0156,0.0048,10.6676,2,323,10.8675,10.008677,119,306,
438,1391,9170,3,False,1,False,1,50,0.2133,0.0154,0.0178,10.7204,2,314,10.9699,10.008751,118,286,
439,1392,9171,4,False,1,False,1,19,0.1311,0.0162,0.0011,10.2394,2,287,10.391,10.088773,95,282,
440,1394,9183,3,False,1,False,1,48,0.2686,0.0157,0.0162,10.683,2,132,10.9867,10.018879,108,300,
441,1395,9184,3,False,1,False,1,48,4.2458,0.0167,0.2208,10.7273,2,160,15.2137,10.132673,44,177,
442,1396,9186,3,False,1,False,1,49,4.5484,0.0157,0.2331,10.7095,2,302,15.5098,10.019262,103,305,
443,1397,9196,3,False,1,False,1,44,0.4898,0.0158,0.0089,10.6482,2,301,11.1658,10.005384,210,538,
444,1436,9321,4,False,1,False,1,81,4.7821,0.0163,5.3806,11.0187,2,255,21.2014,10.046252,205,491,
445,1437,9324,4,False,1,False,1,53,9.7794,0.016,4.8872,10.601,2,270,25.2882,10.018732,206,471,
446,1438,9326,3,False,1,False,1,25,3.217,0.0156,4.9854,10.3253,2,314,18.547,10.002014,250,583,
447,1440,9329,3,False,1,False,1,41,1.8062,0.0159,3.463,10.5991,2,300,15.8878,10.007668,260,569,
448,1441,9330,3,False,1,False,1,40,1.7674,0.0162,1.7219,10.5576,2,332,14.0667,10.00836,314,684,
449,1443,9332,3,False,1,False,1,36,1.7725,0.0161,1.8043,10.4929,2,229,14.0894,10.004734,305,673,
450,1445,9336,4,False,1,False,1,15,0.1582,0.0516,0.0002,10.4027,2,281,10.6178,10.009748,307,648,
451,1450,9344,4,False,1,False,1,105,1.1805,0.0163,1.1117,11.1726,2,290,13.4848,10.006171,285,675,
452,1458,9365,4,False,1,False,1,93,1.4016,0.0253,1.3601,11.7453,2,294,14.5369,10.015211,285,666,
453,1472,9392,3,False,1,False,1,19,1.0754,0.0154,1.4111,10.2342,2,305,12.7402,10.000315,305,692,
454,1474,9398,3,False,1,False,1,69,0.1448,0.0313,0.0088,11.0653,2,238,11.2532,10.081998,227,537,
455,1475,9400,4,False,1,False,1,25,0.2281,0.0161,0.0017,10.3331,2,313,10.5822,10.00053,291,667,
456,1476,9404,3,False,1,False,1,38,0.1538,0.0312,0.0321,10.658,2,298,10.8782,10.003565,295,675,
457,1477,9405,4,False,1,False,1,25,0.2186,0.016,0.0017,10.4842,2,332,10.7234,10.018609,279,627,
458,1478,9406,4,False,1,False,1,26,0.241,0.0156,0.0101,10.3388,2,328,10.6085,10.002166,241,514,
459,1479,9408,4,False,1,False,1,25,0.2749,0.0312,0.1594,10.3383,2,331,10.8069,10.001225,291,663,
460,1480,9411,3,False,1,False,1,34,0.0266,0.0313,0.0001,10.5364,2,318,10.5975,10.002805,193,471,
461,1481,9416,3,False,1,False,1,40,0.0266,0.0313,0.0001,10.7134,2,241,10.7745,10.003158,98,303,
462,1482,9417,4,False,1,False,1,19,0.1496,0.0318,0.1282,10.2926,2,343,10.6054,10.009541,254,577,
463,1483,9419,4,False,1,False,1,20,0.1516,0.0312,0.0005,10.2545,2,318,10.4409,10.00727,282,619,
464,1484,9421,3,False,1,False,1,37,0.0346,0.0314,0.0001,10.6043,2,274,10.6734,10.004111,302,676,
465,1485,9422,3,False,1,False,1,69,0.0342,0.0313,0.0001,11.0696,2,218,11.1382,10.045192,228,538,
466,1486,9426,3,False,1,False,1,46,0.0809,0.0524,0.0002,11.0227,2,265,11.162,10.005893,297,679,
467,1487,9427,4,False,1,False,1,20,0.2035,0.0519,0.0416,10.3658,2,282,10.669,10.00855,301,674,
468,1488,9428,3,False,1,False,1,38,0.0322,0.0315,0.0001,10.7168,2,312,10.7835,10.00781,295,687,
469,1489,9428,4,False,1,False,1,23,0.1218,0.0313,0.0004,10.2963,2,318,10.4527,10.099931,311,681,
470,1490,9431,3,False,1,False,1,39,0.0333,0.0317,0.0001,10.7951,2,234,10.8632,10.152587,304,681,
471,1491,9432,3,False,1,False,1,40,0.0339,0.0314,0.0001,10.7767,2,153,10.8452,10.003479,241,574,
472,1492,9433,3,False,1,False,1,35,0.0842,0.0527,0.0002,10.9361,2,161,11.0788,10.026079,276,619,
473,1493,9441,4,False,1,False,1,19,0.2778,0.053,0.1066,10.4056,2,253,10.8495,10.13881,323,680,
474,1494,9444,3,False,1,False,1,38,0.0268,0.0312,0.0001,10.5945,2,318,10.6556,10.007038,295,684,
475,1495,9446,3,False,1,False,1,69,0.0261,0.0316,0.0001,11.1713,2,224,11.2322,10.027786,227,536,
476,1496,9447,3,False,1,False,1,39,0.0276,0.032,0.0001,10.6395,2,197,10.7023,10.320592,234,541,
477,1497,9447,4,False,1,False,1,24,0.1164,0.0322,0.0003,10.3203,2,299,10.4722,10.006872,270,635,
478,1498,9452,4,False,1,False,1,23,0.1392,0.0316,0.1147,10.2966,2,318,10.5853,10.101737,311,681,
479,1499,9455,3,False,1,False,1,39,0.0431,0.0316,0.0001,10.6402,2,217,10.7181,10.008955,286,668,
480,1500,9457,4,False,1,False,1,47,0.0256,0.0312,0.0001,10.7249,2,280,10.7849,10.007604,309,677,
481,1501,9461,4,False,1,False,1,47,0.0257,0.0321,0.0001,10.7577,2,315,10.8188,10.01812,227,531,
482,1502,9462,4,False,1,False,1,47,0.0257,0.0319,0.0001,10.7596,2,308,10.8204,10.006933,171,418,
483,1503,9463,4,False,1,False,1,47,0.0335,0.0323,0.0001,10.731,2,316,10.8,10.033175,235,544,
484,1504,9464,4,False,1,False,1,47,0.0329,0.0315,0.0001,10.7263,2,308,10.7938,10.014988,214,507,
485,1507,9473,3,False,1,False,1,72,0.2397,0.0314,0.0843,11.0777,2,153,11.4362,10.139394,88,256,
486,1508,9475,3,False,1,False,1,35,0.2379,0.0322,0.1903,10.5164,2,323,10.9799,10.008467,154,346,
487,1509,9476,3,False,1,False,1,72,0.2435,0.0313,0.2017,11.1301,2,157,11.6099,10.097157,123,329,
488,1512,9481,3,False,1,False,1,88,2.6653,0.0162,2.7389,11.36,2,298,16.7836,10.073437,187,460,
489,1517,9497,3,False,1,False,1,88,0.1064,0.0312,0.0005,11.3828,2,251,11.5238,10.009355,187,466,
490,1519,9499,3,False,1,False,1,35,0.1106,0.0316,0.0368,10.5773,2,281,10.7594,10.00676,236,517,
491,1520,9500,3,False,1,False,1,72,0.1042,0.0318,0.0005,11.1681,2,90,11.3078,10.154486,127,339,
492,1523,9505,3,False,1,False,1,88,0.0539,0.0314,0.0001,11.3747,2,296,11.4633,10.011452,233,562,
493,1527,9513,3,False,1,False,1,88,0.0516,0.0323,0.0434,11.361,2,298,11.4914,10.040343,240,576,
494,1529,9515,3,False,1,False,1,35,0.0514,0.0313,0.0001,10.5407,2,323,10.6264,10.006609,296,634,
495,1530,9516,3,False,1,False,1,72,0.059,0.0328,0.0001,11.143,2,99,11.2379,10.016689,160,404,
496,1538,9524,3,False,1,False,1,72,2.5665,0.0163,3.7017,11.0862,2,139,17.3737,10.012668,171,428,
497,1544,9540,3,False,1,False,1,72,0.1412,0.0312,0.001,11.2717,2,140,11.4493,10.003367,175,436,
498,1545,9541,3,False,1,False,1,72,0.0791,0.0321,0.0384,11.1511,2,75,11.3038,10.055145,175,435,
499,1546,9545,3,False,1,False,1,88,0.0679,0.0594,0.0001,11.5263,2,300,11.6579,10.021347,304,703,
500,1549,9548,3,False,1,False,1,72,0.0537,0.0315,0.0001,11.1657,2,158,11.2542,10.008871,175,439,
501,1552,9561,4,False,1,False,1,52,0.2003,0.0323,0.0887,10.7403,2,335,11.0648,10.013811,237,537,
502,1553,9562,3,False,1,False,1,74,0.208,0.0322,0.1945,11.2425,2,88,11.6803,10.039379,302,677,
503,1554,9569,3,False,1,False,1,77,0.0521,0.0328,0.0001,11.2074,2,305,11.2956,10.002504,305,719,
504,1555,9571,4,False,1,False,1,25,0.2407,0.031,0.152,10.3301,2,325,10.757,10.005715,327,724,
505,1556,9574,3,False,1,False,1,42,0.0497,0.0312,0.0001,10.6538,2,327,10.7379,10.040156,239,560,
506,1557,9580,3,False,1,False,1,41,0.056,0.0318,0.0001,10.6438,2,320,10.7349,10.005334,131,342,
507,1558,9581,4,False,1,False,1,30,0.2709,0.0306,0.0753,10.3972,2,318,10.7771,10.075217,142,333,
508,1559,9582,3,False,1,False,1,42,0.053,0.0313,0.0001,10.6508,2,321,10.7383,10.039009,133,346,
509,1560,9582,4,False,1,False,1,28,0.2809,0.0317,0.0972,10.4056,2,335,10.8185,10.007401,133,333,
510,1561,9588,4,False,1,False,1,27,0.2695,0.0307,0.1413,10.3561,2,332,10.8007,10.174593,158,351,
511,1562,9592,3,False,1,False,1,36,0.0563,0.0322,0.0001,10.5629,2,322,10.6546,10.003012,158,386,
512,1563,9593,3,False,1,False,1,77,0.1983,0.0319,0.0641,11.1984,2,270,11.4958,10.009962,132,365,
513,1564,9598,4,False,1,False,1,28,0.4036,0.0332,0.4403,10.3963,2,330,11.2776,10.029315,155,378,
514,1565,9599,3,False,1,False,1,44,0.19,0.0306,0.1884,10.6719,2,328,11.084,10.062207,149,374,
515,1566,9600,4,False,1,False,1,23,0.1986,0.0312,0.1918,10.3002,2,336,10.7249,10.053811,158,356,
516,1567,9601,4,False,1,False,1,51,0.2428,0.016,0.1975,10.7469,2,338,11.2064,10.011401,171,406,
517,1568,9602,4,False,1,False,1,58,0.2444,0.0156,0.1659,10.8261,2,328,11.255,10.019836,175,411,
518,1569,9605,3,False,1,False,1,43,0.0848,0.0308,0.0002,10.6665,2,317,10.7853,10.013526,265,606,
519,1570,9611,3,False,1,False,1,43,0.0581,0.031,0.0001,10.676,2,242,10.7682,10.012626,185,449,
520,1571,9613,4,False,1,False,1,30,0.2364,0.0157,0.018,10.4012,2,322,10.6743,10.005488,254,564,
521,1572,9614,4,False,1,False,1,28,0.2376,0.0156,0.1662,10.3784,2,336,10.8009,10.017952,361,789,
522,1573,9621,4,False,1,False,1,29,0.2307,0.0154,0.1704,10.4179,2,322,10.8374,10.032397,356,788,
523,1574,9624,3,False,1,False,1,36,0.059,0.0314,0.0001,10.5725,2,322,10.6661,10.012403,355,789,
524,1575,9625,4,False,1,False,1,73,0.1725,0.0315,0.1179,11.1336,2,327,11.4586,10.002998,354,786,
525,1576,9626,4,False,1,False,1,74,0.3178,0.0317,0.1043,11.1569,2,324,11.6139,10.002386,361,792,
526,1577,9627,4,False,1,False,1,73,0.2604,0.031,0.1286,11.1449,2,324,11.568,10.000385,361,799,
527,1579,9637,4,False,1,False,1,72,0.4371,0.0161,0.406,10.8954,2,157,11.758,10.012283,164,416,
528,1598,9674,3,False,1,False,1,30,0.807,0.0163,0.9277,10.2274,2,319,11.9818,10.007358,357,753,
529,1600,9676,3,False,1,False,1,29,0.7454,0.0164,1.2926,10.2211,2,289,12.2791,10.012595,356,748,
530,1631,9801,3,False,1,False,1,28,0.7457,0.016,0.8754,10.2839,2,310,11.9252,10.023709,363,765,
531,1632,9802,3,False,1,False,1,32,0.6629,0.0153,0.6722,10.3009,2,332,11.6547,10.000019,358,758,
532,1633,9804,4,False,1,False,1,24,0.1374,0.0313,0.0003,10.3788,2,311,10.5512,10.128363,362,756,
533,1634,9805,3,False,1,False,1,37,0.6739,0.0158,0.6589,10.3509,2,267,11.7029,10.036201,326,786,
534,1645,9829,3,False,1,False,1,9,0.6045,0.0158,0.5865,10.0253,2,324,11.2354,10.000542,354,726,
535,1646,9830,4,False,1,False,1,138,0.7271,0.0159,1.5611,11.2746,2,293,13.5829,10.013326,337,796,
536,1651,9847,4,False,1,False,1,33,1.4109,0.0157,1.3985,10.3098,2,296,13.1388,10.007759,331,788,
537,1652,9851,3,False,1,False,1,43,1.3723,0.0164,1.3718,10.6806,2,247,13.445,10.036372,191,490,
538,1653,9854,3,False,1,False,1,53,1.3791,0.0159,1.3392,10.9193,2,230,13.6573,10.006537,146,373,
539,1654,9856,4,False,1,False,1,49,1.3352,0.0153,1.3359,10.5379,2,321,13.2282,10.023586,356,765,
540,1655,9861,4,False,1,False,1,46,1.3778,0.0157,1.3618,10.5115,2,329,13.2706,10.000114,348,764,
541,1656,9862,3,False,1,False,1,55,1.3695,0.0164,1.374,10.868,2,323,13.6318,10.020225,350,763,
542,1657,9864,4,False,1,False,1,41,1.3708,0.0157,1.3797,10.4259,2,317,13.196,10.017706,351,769,
543,1658,9865,4,False,1,False,1,40,1.3519,0.0153,1.4792,10.4185,2,322,13.2692,10.003825,356,763,
544,1660,9870,4,False,1,False,1,32,1.4194,0.0152,1.3861,10.2781,2,300,13.1026,10.011884,351,756,
545,1665,9876,4,False,1,False,1,14,0.5819,0.0163,0.5987,10.0317,2,333,11.2323,10.007128,352,735,
546,1669,9887,4,False,1,False,1,23,0.8216,0.0163,0.9618,10.0626,2,327,11.866,10.015406,357,733,
547,1670,9888,3,False,1,False,1,54,1.0983,0.0155,1.6841,10.7814,2,222,13.5831,10.016687,244,595,
548,1671,9895,4,False,1,False,1,33,1.2958,0.0259,0.0688,10.7658,2,293,12.1615,10.009093,352,773,
549,1672,9896,3,False,1,False,1,44,0.2544,0.016,0.0212,10.6398,2,295,10.9345,10.026082,344,784,
550,1673,9897,3,False,1,False,1,33,0.4234,0.0158,0.025,10.4703,2,249,10.9379,10.046627,202,501,
551,1674,9898,3,False,1,False,1,44,0.3493,0.0158,0.0215,10.6506,2,291,11.0403,10.011106,334,779,
552,1675,9899,3,False,1,False,1,46,0.362,0.016,0.0218,10.6736,2,319,11.0765,10.003858,353,779,
553,1676,9905,3,False,1,False,1,52,0.511,0.016,0.4042,10.7977,2,197,11.7321,10.003944,196,478,
554,1677,9909,4,False,1,False,1,35,3.8459,0.0312,0.8094,10.4833,2,323,15.173,10.007505,343,753,
555,1678,9911,3,False,1,False,1,61,0.1292,0.0513,0.0002,11.3488,2,158,11.5346,10.007841,359,793,
556,1679,9915,4,False,1,False,1,53,0.6766,0.0252,0.4644,11.3119,2,166,12.4831,10.001622,362,789,
557,1680,9918,4,False,1,False,1,35,0.673,0.0256,0.3224,10.8308,2,165,11.8567,10.01136,361,794,
558,1681,9921,3,False,1,False,1,48,0.1084,0.051,0.0002,11.2766,2,88,11.4413,10.020015,365,810,
559,1682,9922,4,False,1,False,1,55,0.2688,0.0163,0.0934,10.7941,2,324,11.1757,10.006868,376,811,
560,1683,9923,4,False,1,False,1,53,0.2679,0.0154,0.1501,10.7649,2,324,11.2013,10.033484,372,799,
561,1684,9926,4,False,1,False,1,35,0.263,0.0154,0.1518,10.5043,2,326,10.9375,10.046593,376,814,
562,1685,9929,3,False,1,False,1,48,0.0762,0.0312,0.0002,10.7908,2,135,10.9014,10.002872,387,860,
563,1686,9931,4,False,1,False,1,53,0.3763,0.0172,0.0352,10.7792,2,283,11.2109,10.00783,394,852,
564,1687,9935,3,False,1,False,1,61,0.0586,0.0308,0.0506,10.956,2,311,11.0991,10.007087,386,849,
565,1688,9938,3,False,1,False,1,48,0.0576,0.0322,0.0002,10.8304,2,167,10.9236,10.024327,168,428,
566,1689,9938,4,False,1,False,1,55,0.3551,0.0158,0.2235,10.8018,2,328,11.3992,10.000332,390,838,
567,1690,9940,3,False,1,False,1,49,0.0579,0.0306,0.0002,10.7586,2,301,10.8503,10.013234,348,795,
568,1691,9942,4,False,1,False,1,35,0.3308,0.0157,0.0101,10.4892,2,316,10.8488,10.011373,383,841,
569,1694,9958,3,False,1,False,1,44,0.2319,0.0318,0.0805,10.7058,2,304,11.0532,10.000496,386,888,
570,1696,9961,3,False,1,False,1,48,0.1001,0.0301,0.0002,10.7297,2,138,10.8631,10.000203,399,883,
571,1697,9970,3,False,1,False,1,48,0.1029,0.0309,0.0409,10.7417,2,176,10.9194,10.042133,170,430,
572,1700,9975,4,False,1,False,1,34,5.7343,0.0159,5.642,10.4534,2,139,21.8491,10.000632,405,903,
573,1701,9978,3,False,1,False,1,0,0.0,0.0,6.4662,10.0073,2,301,26.4771,10.004845,364,834,AI solve exceeded 10.00s
574,1702,9979,3,False,1,False,1,21,9.7089,0.0265,9.3408,10.5193,2,185,29.6004,10.038009,174,450,
575,1705,9985,4,False,1,False,1,52,0.533,0.0159,0.1561,10.6405,2,196,11.3491,10.009152,230,545,
576,1723,10045,4,False,1,False,1,29,1.8928,0.0,2.0257,10.4634,2,301,14.3858,10.022565,416,908,
577,1724,10048,4,False,1,False,1,34,3.6205,0.0161,1.8871,10.294,2,314,15.823,10.072951,417,884,
578,1725,10050,3,False,1,False,1,35,5.565,0.0154,4.5264,10.3266,2,319,20.4371,10.001909,405,885,
579,1726,10063,3,False,1,False,1,45,5.7374,0.0156,4.5687,10.4861,2,321,20.8116,10.003734,409,897,
580,1727,10064,3,False,1,False,1,22,6.1698,0.0158,4.5316,10.1018,2,320,20.8228,10.008714,403,837,
581,1744,10097,4,False,1,False,1,69,1.6041,0.0156,1.575,11.022,2,224,14.2204,10.013374,408,862,
582,1759,10129,4,True,1,True,1,69,2.5911,0.0265,0.0,1.4308,1,0,4.0537,10.004413,366,755,
583,1767,10151,4,False,1,False,1,32,3.0914,0.0337,1.6242,10.2269,2,332,14.9831,10.003547,380,790,
584,1769,10159,3,False,1,False,1,20,0.9378,0.0153,0.9394,10.3108,2,245,12.2067,10.001963,372,798,
585,1770,10160,3,False,1,False,1,22,1.6213,0.016,0.9832,10.3365,2,322,12.9613,10.002666,384,804,
586,1771,10161,4,False,1,False,1,25,0.6831,0.0157,1.0353,10.4022,2,308,12.1402,10.100757,384,832,
587,1774,10171,3,False,1,False,1,43,1.3939,0.0156,1.3698,10.5751,2,325,13.3579,10.015631,376,806,
588,1781,10188,4,False,1,False,1,20,1.6308,0.0159,1.2803,10.2594,2,318,13.1896,10.007206,357,803,
589,1782,10190,3,False,1,False,1,37,0.5283,0.0161,0.0481,10.5485,2,264,11.1441,10.006153,356,805,
590,1783,10191,3,False,1,False,1,69,0.3849,0.0158,0.0178,11.0276,2,241,11.4491,10.04341,239,560,
591,1784,10192,4,False,1,False,1,24,1.4949,0.0163,1.3456,10.3147,2,322,13.1746,10.00473,360,795,
592,1785,10194,3,False,1,False,1,35,0.9782,0.0162,0.3761,10.4877,2,305,11.8613,10.0456,368,800,
593,1786,10195,3,False,1,False,1,46,0.4168,0.0311,0.0467,10.6846,2,309,11.1824,10.007346,375,823,
594,1787,10196,3,False,1,False,1,34,0.4123,0.0312,0.0164,10.4797,2,318,10.9426,10.001544,373,822,
595,1788,10196,4,False,1,False,1,20,0.634,0.0342,0.6703,10.3846,2,318,11.726,10.004351,373,816,
596,1789,10197,3,False,1,False,1,38,0.4136,0.0317,0.169,10.5642,2,298,11.1817,10.001097,367,836,
597,1790,10201,3,False,1,False,1,40,0.4418,0.0308,0.0492,10.568,2,241,11.0928,10.093538,287,651,
598,1791,10204,3,False,1,False,1,34,0.0278,0.0309,0.018,10.5191,2,318,10.5988,10.000118,373,842,
599,1792,10208,4,False,1,False,1,25,0.2074,0.0324,0.001,10.3229,2,319,10.5668,10.00529,390,826,
600,1793,10210,3,False,1,False,1,35,0.0287,0.0326,0.0001,10.6994,2,324,10.7639,10.009103,378,829,
601,1794,10214,4,False,1,False,1,25,0.2165,0.0312,0.1571,10.3282,2,302,10.7362,10.009428,382,816,
602,1795,10218,4,False,1,False,1,19,0.2215,0.0311,0.2072,10.3413,2,323,10.8042,10.002253,383,805,
603,1796,10220,3,False,1,False,1,34,0.0276,0.0328,0.0001,10.537,2,265,10.6006,10.001406,373,840,
604,1797,10223,4,False,1,False,1,26,0.5593,0.0519,0.4088,10.5853,2,327,11.6105,10.012668,393,817,
605,1798,10224,3,False,1,False,1,39,0.0279,0.0318,0.0001,10.6674,2,217,10.7303,10.007287,372,837,
606,1799,10225,3,False,1,False,1,40,0.0278,0.0327,0.0001,10.6229,2,241,10.6865,10.111694,287,651,
607,1800,10228,4,False,1,False,1,20,0.2508,0.0325,0.1937,10.2937,2,318,10.7745,10.007332,354,778,
608,1801,10232,3,False,1,False,1,39,0.0372,0.0312,0.0001,10.6052,2,216,10.6767,10.153102,361,794,
609,1802,10233,3,False,1,False,1,40,0.0366,0.0311,0.0001,10.6139,2,241,10.6849,10.002572,265,607,
610,1803,10236,3,False,1,False,1,34,0.0347,0.0318,0.0001,10.5297,2,301,10.5994,10.006436,354,782,
611,1804,10238,3,False,1,False,1,37,0.035,0.0311,0.0001,10.5848,2,265,10.654,10.076467,356,783,
612,1805,10239,3,False,1,False,1,69,0.0344,0.033,0.0001,11.0835,2,238,11.154,10.014123,238,559,
613,1806,10241,4,False,1,False,1,25,0.1636,0.0321,0.0187,10.3307,2,313,10.5483,10.007748,364,824,
614,1807,10242,3,False,1,False,1,35,0.0336,0.0305,0.0001,10.5394,2,324,10.6066,10.005291,369,809,
615,1808,10243,4,False,1,False,1,32,0.1524,0.0322,0.0004,10.4633,2,332,10.6514,10.013387,377,815,
616,1809,10245,3,False,1,False,1,38,0.0378,0.0323,0.0001,10.8429,2,312,10.9162,10.031288,367,837,
617,1810,10245,4,False,1,False,1,23,0.1482,0.0313,0.1052,10.3988,2,172,10.6864,10.055337,383,831,
618,1811,10246,3,False,1,False,1,37,0.0842,0.0535,0.0002,11.0368,2,228,11.1802,10.005622,374,824,
619,1812,10247,4,False,1,False,1,26,0.1487,0.0317,0.0004,10.3515,2,328,10.5353,10.006289,387,808,
620,1813,10252,4,False,1,False,1,20,0.1663,0.0327,0.0928,10.2898,2,335,10.5847,10.004108,373,828,
621,1814,10256,4,False,1,False,1,24,0.1657,0.0326,0.0007,10.4116,2,331,10.6138,10.00202,369,830,
622,1815,10257,3,False,1,False,1,40,0.0261,0.0309,0.0001,10.619,2,241,10.6791,10.077156,272,650,
623,1816,10257,4,False,1,False,1,25,0.1704,0.0328,0.0683,10.3233,2,313,10.5978,10.046921,381,828,
624,1817,10259,4,False,1,False,1,32,0.209,0.0327,0.0009,10.4768,2,207,10.7224,10.007632,378,820,
625,1818,10262,4,False,1,False,1,25,0.4478,0.0519,0.1624,10.5784,2,173,11.2461,10.007685,384,824,
626,1819,10263,4,False,1,False,1,26,0.4504,0.0536,0.0014,10.6001,2,202,11.1106,10.008174,399,824,
627,1820,10264,4,False,1,False,1,24,0.1916,0.0314,0.0341,10.3075,2,322,10.5676,10.002103,390,855,
628,1821,10265,4,False,1,False,1,25,0.1828,0.031,0.0009,10.334,2,313,10.5517,10.005714,403,871,
629,1829,10282,4,False,1,False,1,52,4.6329,0.0156,2.3371,10.7344,2,335,17.724,10.011046,368,794,
630,1830,10286,3,False,1,False,1,43,2.4701,0.0162,2.4647,10.6749,2,324,15.6291,10.002979,370,817,
631,1831,10287,3,False,1,False,1,42,2.3582,0.0169,1.617,10.6142,2,324,14.6095,10.001419,374,833,
632,1832,10291,3,False,1,False,1,74,2.994,0.016,2.9019,11.1219,2,91,17.0369,10.023819,373,820,
633,1833,10294,4,False,1,False,1,30,2.6665,0.0154,2.331,10.4182,2,317,15.4341,10.04221,379,815,
634,1834,10296,4,False,1,False,1,31,4.9339,0.0252,5.9935,10.7031,2,296,21.6603,10.007313,390,847,
635,1835,10300,4,False,1,False,1,26,0.2408,0.03,0.1028,10.3308,2,341,10.7074,10.006201,385,840,
636,1836,10303,4,True,1,True,1,32,0.3911,0.0313,0.0,0.4384,1,0,0.8642,10.000314,388,845,
637,1837,10312,4,True,1,True,1,31,0.2896,0.0155,0.0,0.4206,1,0,0.7281,10.005907,392,848,
638,1838,10315,3,False,1,False,1,43,0.0557,0.0311,0.0001,10.6884,2,109,10.7784,10.000787,389,855,
639,1839,10318,4,False,1,False,1,29,0.3003,0.0153,0.2241,10.3766,2,324,10.9195,10.006496,399,839,
640,1840,10320,3,False,1,False,1,44,0.0527,0.0304,0.0001,10.6741,2,337,10.7605,10.014355,393,866,
641,1841,10321,3,False,1,False,1,36,0.0533,0.0314,0.0001,10.5651,2,293,10.6531,10.008208,389,849,
642,1842,10321,4,False,1,False,1,22,0.2861,0.0155,0.0358,10.2916,2,315,10.632,10.002368,399,842,
643,1843,10322,4,False,1,False,1,51,0.2891,0.0154,0.1435,10.7404,2,331,11.1915,10.000576,393,845,
644,1844,10323,4,False,1,False,1,58,0.2948,0.0158,0.1394,10.8482,2,336,11.3012,10.003971,396,856,
645,1845,10324,3,False,1,False,1,43,0.0546,0.0304,0.0001,10.6629,2,268,10.7511,10.003668,375,840,
646,1846,10329,4,False,1,False,1,22,0.2967,0.0157,0.088,10.2903,2,332,10.6938,10.026811,399,842,
647,1847,10333,4,False,1,False,1,28,0.2073,0.0303,0.1116,10.3754,2,339,10.7277,10.002698,396,849,
648,1848,10334,4,False,1,False,1,30,0.2098,0.0305,0.1655,10.4159,2,317,10.8247,10.006927,404,856,
649,1849,10343,3,False,1,False,1,42,0.0856,0.0313,0.0002,10.6647,2,327,10.785,10.001849,394,870,
650,1850,10344,3,False,1,False,1,44,0.081,0.0337,0.0002,10.6907,2,325,10.8087,10.002153,371,823,
651,1851,10347,3,False,1,False,1,74,0.0508,0.0302,0.025,11.1447,2,108,11.2539,10.005115,375,827,
652,1852,10356,4,False,1,False,1,25,0.2476,0.0152,0.0011,10.3375,2,295,10.6045,10.001554,382,828,
653,1853,10357,3,False,1,False,1,41,0.0524,0.0308,0.0001,10.6555,2,326,10.7418,10.004952,373,827,
654,1854,10361,4,False,1,False,1,22,0.2507,0.0154,0.0709,10.2806,2,334,10.6207,10.001397,374,816,
655,1898,10479,3,False,1,False,1,134,0.4204,0.0159,0.0495,11.8941,2,216,12.3835,10.007035,206,551,
656,1909,10498,4,False,1,False,1,74,1.3539,0.0261,1.3494,11.0094,2,280,13.7467,10.00569,359,767,
657,1949,10652,4,False,1,False,1,33,0.8699,0.0153,0.8191,10.3125,2,310,12.0203,10.015838,101,327,
658,1950,10654,4,False,1,False,1,15,0.8162,0.016,0.8474,10.02,2,326,11.7031,10.001792,136,287,
659,1951,10656,4,False,1,False,1,31,0.8066,0.0148,0.8314,10.2697,2,305,11.9259,10.002925,86,313,
660,1954,10663,4,False,1,False,1,39,0.5089,0.0152,0.4752,10.451,2,308,11.4536,10.014414,97,314,
661,1956,10666,4,False,1,False,1,42,0.4517,0.0153,0.4534,10.4788,2,295,11.4023,10.013041,97,323,
662,1958,10671,3,False,1,False,1,53,1.0886,0.0153,1.0631,10.8071,2,242,12.9773,10.084095,55,191,
663,1959,10675,4,False,1,False,1,46,0.6089,0.0152,0.4524,10.5503,2,325,11.6298,10.001225,133,332,
664,1960,10676,3,False,1,False,1,62,0.9116,0.0158,1.0736,10.9607,2,335,12.965,10.005849,120,310,
665,1961,10678,3,False,1,False,1,57,1.1322,0.0164,1.1327,10.906,2,333,13.1906,10.034951,124,311,
666,1962,10679,3,False,1,False,1,55,1.0977,0.0159,1.1116,10.8404,2,327,13.0688,10.021594,123,312,
667,1963,10680,4,False,1,False,1,23,0.6045,0.0154,0.477,10.2017,2,287,11.3018,10.01777,79,270,
668,1964,10681,3,False,1,False,1,53,0.8497,0.0151,1.0256,10.7966,2,332,12.6901,10.055811,123,307,
669,1965,10681,4,False,1,False,1,41,0.5841,0.0155,0.4482,10.4672,2,328,11.518,10.020457,121,313,
670,1966,10682,3,False,1,False,1,51,0.8698,0.0153,1.036,10.7804,2,335,12.7045,10.072423,121,301,
671,1967,10682,4,False,1,False,1,40,0.5882,0.0157,0.4475,10.4525,2,297,11.507,10.050984,121,311,
672,1968,10683,3,False,1,False,1,49,0.9296,0.0151,1.037,10.728,2,324,12.7129,10.003732,117,300,
673,1969,10683,4,False,1,False,1,39,0.6052,0.0159,0.4702,10.5362,2,242,11.6304,10.000682,112,311,
674,1973,10696,3,True,1,True,1,39,2.7211,0.0154,0.0,0.4674,1,0,3.2073,10.005493,128,295,
675,1975,10702,4,False,1,False,1,40,3.1285,0.0152,2.892,10.2471,2,325,16.2864,10.03648,207,498,
676,1977,10706,4,False,1,False,1,38,2.8278,0.0156,2.8588,10.2586,2,329,15.9644,10.016484,273,637,
677,1979,10714,3,False,1,False,1,46,2.6152,0.0152,2.8566,10.702,2,329,16.1924,10.005334,301,678,
678,1980,10715,4,False,1,False,1,56,2.8004,0.015,2.8076,10.4852,2,338,16.1116,10.051834,284,616,
679,1981,10719,3,False,1,False,1,57,2.7747,0.015,3.2589,10.8595,2,333,16.9115,10.0074,265,589,
680,1982,10720,3,False,1,False,1,55,2.6916,0.0159,2.8065,10.8334,2,330,16.3508,10.000551,178,416,
681,1983,10722,3,False,1,False,1,53,2.7051,0.0151,2.7862,10.7999,2,327,16.3098,10.005378,264,592,
682,1984,10730,4,False,1,False,1,42,2.6654,0.0152,2.8901,10.2733,2,318,15.8475,10.010206,277,636,
683,1988,10735,4,False,1,False,1,24,2.0791,0.0152,2.0604,10.0771,2,335,14.2356,10.019178,249,523,
684,1993,10741,3,True,1,True,1,15,1.2745,0.0157,0.0,0.161,1,0,1.4547,10.009987,287,608,
685,2006,10766,3,False,1,False,1,61,3.6257,0.0158,2.5125,10.902,2,319,17.0591,10.001182,117,307,
686,2007,10768,3,False,1,False,1,48,3.3746,0.0161,0.2989,10.7404,2,57,14.4333,10.004558,117,320,
687,2008,10768,4,False,1,False,1,57,6.1483,0.0262,0.5611,11.4116,2,167,18.153,10.019708,123,312,
688,2009,10769,4,False,1,False,1,55,0.4079,0.0174,0.0026,11.2213,2,213,11.6537,10.026727,124,311,
689,2010,10782,3,False,1,False,1,33,5.9621,0.0,6.0087,10.5271,2,215,22.5018,10.020282,121,311,
690,2011,10788,4,False,1,False,1,20,7.6424,0.0155,7.4833,10.2601,2,168,25.4053,10.018245,127,298,
691,2012,10793,4,False,1,False,1,0,0.0,0.0,0.0,0.0,0,0,20.0046,10.439248,143,319,AI solve exceeded 10.00s
692,2014,10800,3,False,1,False,1,49,1.4591,0.0271,1.7062,10.9027,2,164,14.1013,10.010266,112,323,
693,2015,10801,3,False,1,False,1,73,0.7961,0.0259,0.3726,11.8249,2,165,13.0263,10.015409,127,319,
694,2017,10811,4,False,1,False,1,29,0.8055,0.0,0.1822,10.8586,2,168,11.853,10.364715,135,325,
695,2018,10812,4,False,1,False,1,25,0.7918,0.0,0.1974,10.9246,2,178,11.9209,10.021947,118,316,
696,2022,10819,4,False,1,False,1,24,0.8291,0.0,0.2025,10.6791,2,170,11.7176,10.006403,127,307,
697,2023,10822,4,False,1,False,1,21,0.7849,0.0,0.1597,10.5856,2,169,11.5366,10.015981,127,310,
698,2031,10860,4,False,1,False,1,13,0.0159,0.0,0.0,10.3656,2,317,10.3881,10.017548,141,299,
699,2032,10861,3,False,1,False,1,20,2.2405,0.0155,2.1634,10.2991,2,339,14.7231,10.021859,139,318,
700,2033,10863,3,False,1,False,1,19,1.63,0.0163,1.6262,10.2899,2,343,13.5672,10.344595,143,311,
701,2035,10867,4,False,1,False,1,31,2.4241,0.0,2.3616,10.4859,2,331,15.276,10.005621,135,317,
702,2037,10869,4,False,1,False,1,50,1.4687,0.0162,1.4107,10.5635,2,327,13.4633,10.155012,137,314,
703,2044,10880,3,False,1,False,1,12,1.124,0.0157,0.439,10.0982,2,323,11.6823,10.009443,123,332,
704,2046,10882,3,True,1,False,1,37,0.6531,0.0153,0.4105,9.7131,1,312,10.7964,10.040964,135,308,
705,2053,10896,4,False,1,False,1,49,1.36,0.0155,1.4233,10.1779,2,320,12.9809,10.012819,118,318,
706,2054,10898,3,False,1,False,1,15,0.6931,0.0162,0.6945,10.2779,2,338,11.685,10.003156,133,306,
707,2055,10899,3,False,1,False,1,13,0.7053,0.0164,0.7228,10.1993,2,335,11.647,10.015073,125,319,
708,2057,10901,4,False,1,False,1,30,0.7695,0.0154,0.902,10.1961,2,328,11.8863,10.005457,117,311,
709,2062,10905,4,False,1,False,1,21,1.0009,0.0166,0.841,10.0786,2,326,11.9407,10.018704,120,318,
710,2063,10908,4,False,1,False,1,20,0.7804,0.0166,0.8457,10.0606,2,324,11.7066,10.011627,115,313,
711,2065,10912,4,False,1,False,1,42,0.8089,0.0161,0.8358,10.376,2,313,12.04,10.003775,123,322,
712,2068,10916,4,False,1,False,1,37,0.7978,0.0157,0.8407,10.3046,2,319,11.9622,10.02181,120,324,
713,2069,10918,4,False,1,False,1,36,0.817,0.016,0.8542,10.2909,2,320,11.9814,10.00409,117,316,
714,2070,10919,4,False,1,False,1,35,0.7931,0.0155,0.8307,10.2725,2,323,11.9151,10.243451,126,315,
715,2072,10921,4,False,1,False,1,33,0.8197,0.0155,0.8379,10.3456,2,330,12.022,10.081011,128,315,
716,2076,10939,4,True,1,True,1,39,1.234,0.0156,0.0,0.2407,1,0,1.4932,10.051181,129,295,
717,2092,10975,3,True,1,True,1,33,2.0853,0.0158,0.0,0.2007,1,0,2.306,10.008889,141,321,
718,2095,10990,4,False,1,False,1,37,3.6497,0.0154,2.1771,10.2493,2,326,16.0958,10.409743,138,334,
719,2096,10991,4,False,1,False,1,36,3.2179,0.0153,2.1474,10.2594,2,268,15.6441,10.193734,118,310,
720,2097,10993,4,False,1,False,1,35,3.7175,0.0156,2.2594,10.2672,2,228,16.2639,10.041378,116,302,
721,2098,10995,4,False,1,False,1,39,3.977,0.0263,3.8097,10.5729,2,164,18.3921,10.056212,164,432,
722,2099,10997,4,False,1,False,1,39,8.8351,0.028,3.1977,10.507,2,321,22.5759,10.006476,278,635,
723,2102,11011,3,False,1,False,1,46,1.0679,0.0159,0.9313,10.6632,2,325,12.6814,10.105731,283,627,
724,2103,11012,3,False,1,False,1,34,0.8565,0.0155,0.8642,10.4754,2,318,12.2147,10.000776,282,631,
725,2104,11014,3,False,1,False,1,37,0.9188,0.016,0.8592,10.5137,2,277,12.3106,10.028396,148,361,
726,2105,11016,4,False,1,False,1,25,1.7309,0.0269,1.5931,10.3392,2,319,13.6943,10.099789,131,297,
727,2106,11021,4,False,1,False,1,23,1.3469,0.0157,0.5293,10.4165,2,319,12.3123,10.009414,126,309,
728,2107,11022,4,False,1,False,1,25,1.1689,0.0151,0.487,10.424,2,332,12.0982,10.0137,129,290,
729,2108,11023,3,False,1,False,1,69,0.923,0.015,1.1434,11.0412,2,250,13.1257,10.019457,117,309,
730,2109,11025,4,False,1,False,1,25,1.2804,0.0299,0.2125,10.3104,2,313,11.8363,10.001952,115,317,
731,2114,11039,3,False,1,False,1,42,3.257,0.0157,2.1482,10.6056,2,314,16.0297,10.014982,161,403,
732,2115,11039,4,False,1,False,1,28,3.5262,0.0158,3.8461,10.4024,2,246,17.7933,10.003861,284,639,
733,2116,11047,3,False,1,False,1,42,6.4566,0.0256,5.9675,11.044,2,272,23.4989,10.007808,292,665,
734,2117,11048,3,False,1,False,1,44,5.6268,0.0153,3.4794,10.6589,2,205,19.7842,10.003197,304,689,
735,2156,11200,4,False,1,False,1,42,7.6602,0.0261,5.215,10.8716,2,275,23.779,10.048281,293,670,
736,2157,11203,4,False,1,False,1,32,2.7682,0.0154,4.1936,10.37,2,171,17.3509,10.055631,98,300,
737,2158,11209,4,False,1,False,1,46,4.0749,0.0158,3.3322,10.5507,2,319,17.9773,10.023904,294,644,
738,2159,11210,3,False,1,False,1,62,4.31,0.015,3.4253,11.0937,2,312,18.8477,10.011025,294,659,
739,2160,11212,3,False,1,False,1,57,4.2258,0.0149,3.1426,10.8364,2,296,18.2233,10.007619,301,664,
740,2161,11213,3,False,1,False,1,55,4.3396,0.0153,3.1126,10.8091,2,327,18.2802,10.010492,283,632,
741,2162,11216,3,False,1,False,1,51,5.3211,0.0154,3.2664,10.798,2,264,19.4046,10.018944,263,591,
742,2163,11217,3,False,1,False,1,49,7.9307,0.0153,4.5801,10.9929,2,297,23.5226,10.001914,249,549,
743,2165,11220,4,False,1,False,1,33,5.9987,0.0151,0.0,0.3467,,0,16.3657,10.007861,256,617,AI solve exceeded 10.00s
744,2171,11233,3,False,1,False,1,31,3.5992,0.0153,2.5328,10.2574,2,318,16.4113,10.031226,165,411,
745,2175,11240,3,False,1,False,1,40,2.5763,0.0162,2.5135,10.4043,2,303,15.5151,10.018392,207,497,
746,2176,11243,3,True,1,True,1,32,4.1413,0.0156,0.0,0.4682,1,0,4.6289,10.00159,135,298,
747,2179,11251,4,False,1,False,1,2,1.046,0.0153,1.0477,10.04,2,274,12.1524,10.001152,134,286,
748,2182,11255,4,False,1,False,1,28,0.8561,0.0158,0.8508,10.3571,2,319,12.0833,10.009355,180,418,
749,2186,11265,4,False,1,False,1,48,1.2791,0.0154,0.992,10.5028,2,153,12.7929,10.000189,286,652,
750,2187,11266,4,False,1,False,1,48,1.3987,0.0154,1.4363,10.5382,2,182,13.3921,10.101066,66,220,
751,2188,11268,4,False,1,False,1,49,1.4166,0.016,1.4333,10.5201,2,310,13.3896,10.13223,267,621,
752,2190,11269,4,False,1,False,1,52,1.4511,0.0154,1.535,10.5668,2,165,13.5721,10.001413,290,673,
753,2192,11270,4,False,1,False,1,44,1.4505,0.0155,1.4469,10.4311,2,302,13.3477,10.006502,291,700,
754,2193,11273,3,False,1,False,1,5,6.3446,0.0151,6.2793,10.0218,2,297,22.6647,10.012235,160,429,
755,2194,11273,4,False,1,False,1,31,6.1162,0.0,5.9147,10.4914,2,260,22.5251,10.18524,71,235,
756,2195,11275,3,False,1,False,1,5,6.0262,0.0154,6.1006,10.0203,2,304,22.1665,10.016738,112,341,
757,2196,11276,3,False,1,False,1,5,5.9605,0.0152,6.015,10.0194,2,307,22.014,10.029118,106,334,
758,2197,11279,3,False,1,False,1,1,0.6612,0.0155,0.7136,10.0163,2,308,11.4108,10.012252,114,341,
759,2198,11284,4,False,1,False,1,24,0.3863,0.0,0.1754,10.3836,2,341,10.9494,10.018682,138,315,
760,2199,11289,4,False,1,False,1,8,0.0075,0.0,0.0,10.1362,2,334,10.1481,10.11381,146,296,
761,2200,11291,3,False,1,False,1,1,0.6789,0.0155,0.8197,10.0239,2,270,11.5422,10.011251,117,333,
762,2213,11345,4,False,1,False,1,12,0.4173,0.0152,1.082,10.0762,2,322,11.596,10.016031,273,621,
763,2214,11350,3,False,1,False,1,24,1.2062,0.0162,1.123,10.4796,2,341,12.8298,10.011749,288,604,
764,2215,11351,3,False,1,False,1,32,0.8991,0.0159,0.8189,10.4889,2,329,12.2278,10.009167,294,630,
765,2218,11356,3,False,1,False,1,22,0.9325,0.016,1.125,10.3025,2,210,12.3813,10.001329,302,631,
766,2219,11357,4,False,1,False,1,19,1.5034,0.0,0.9746,10.3081,2,257,12.7925,10.010114,308,639,
767,2220,11358,4,False,1,False,1,26,1.1827,0.0,0.9372,10.4174,2,234,12.546,10.009804,300,686,
768,2222,11369,3,False,1,False,1,23,4.4298,0.0,2.1057,10.3606,2,337,16.9037,10.001802,277,585,
769,2232,11392,4,False,1,False,1,56,0.6535,0.0164,0.4608,10.8391,2,322,11.9739,10.001128,300,664,
770,2245,11416,3,False,1,False,1,23,1.8994,0.0149,2.1882,10.2359,2,308,14.3429,10.003366,286,650,
771,2246,11418,4,False,1,False,1,34,1.1348,0.0154,1.3506,10.2846,2,338,12.79,10.030906,306,686,
772,2247,11420,4,False,1,False,1,34,1.2633,0.0158,1.5634,10.4998,2,183,13.3469,10.005472,274,618,
773,2252,11443,4,False,1,False,1,37,6.7615,0.0256,1.148,10.5904,2,278,18.5313,10.022268,277,622,
774,2253,11444,4,False,1,False,1,39,0.4402,0.0161,0.6448,10.3709,2,234,11.4756,10.002356,196,476,
775,2254,11446,4,False,1,False,1,69,0.4296,0.0157,0.6044,10.8869,2,251,11.9402,10.021943,210,504,
776,2255,11448,3,False,1,False,1,41,2.1797,0.0157,1.8248,10.3912,2,334,14.4157,10.029401,287,605,
777,2257,11451,3,False,1,False,1,27,2.2137,0.015,1.9675,10.18,2,196,14.3803,10.009048,313,662,
778,2264,11472,4,False,1,False,1,41,0.8858,0.0269,0.4105,10.9868,2,228,12.3184,10.004474,318,722,
779,2267,11475,4,False,1,False,1,42,1.4786,0.0154,1.5668,10.5664,2,328,13.6323,10.007974,304,656,
780,2268,11476,4,False,1,False,1,42,0.7784,0.016,0.7128,10.5862,2,333,12.0987,10.006981,318,677,
781,2315,11658,3,False,1,False,1,29,2.3475,0.0161,2.3227,10.2359,2,299,14.9266,10.014928,156,347,
782,2317,11661,3,False,1,False,1,34,2.2984,0.0154,2.5862,10.3045,2,273,15.2087,10.026536,118,358,
783,2319,11664,3,False,1,False,1,28,2.6081,0.0158,2.2831,10.2241,2,310,15.1353,10.016362,118,365,
784,2320,11669,3,False,1,False,1,47,2.2503,0.0159,2.2721,10.501,2,281,15.0436,10.037473,136,346,
785,2321,11670,3,False,1,False,1,46,2.9202,0.0153,3.0612,10.6513,2,329,16.6528,10.003669,236,517,
786,2322,11670,4,False,1,False,1,64,2.1776,0.0164,2.6066,10.9673,2,234,15.7709,10.002112,308,686,
787,2323,11671,4,False,1,False,1,62,5.1754,0.0258,3.2076,11.568,2,331,19.9834,10.009566,319,699,
788,2324,11673,4,False,1,False,1,57,2.1841,0.0158,3.142,10.873,2,180,16.219,10.010059,317,686,
789,2325,11675,3,False,1,False,1,26,4.2333,0.0154,2.2425,10.205,2,305,16.7004,10.000241,264,660,
790,2328,11687,4,False,1,False,1,35,2.4084,0.0154,2.5159,10.3159,2,332,15.2606,10.024889,261,552,
791,2329,11690,4,False,1,False,1,29,2.5237,0.0156,2.6043,10.2411,2,321,15.39,10.019052,211,459,
792,2330,11692,4,False,1,False,1,32,2.5329,0.0159,2.5771,10.2943,2,319,15.4252,10.002998,334,700,
793,2331,11693,4,False,1,False,1,39,2.5541,0.0155,2.585,10.3849,2,334,15.5461,10.00144,333,698,
794,2341,11714,3,False,1,False,1,24,4.4384,0.0155,4.4071,10.2763,2,293,19.1408,10.012002,312,719,
795,2344,11722,3,False,1,False,1,35,5.5803,0.0254,4.7189,10.8101,2,159,21.1415,10.042,332,736,
796,2345,11724,3,False,1,False,1,34,4.4438,0.0271,4.1646,10.931,2,165,19.5746,10.010633,341,734,
797,2346,11725,3,False,1,False,1,37,2.5822,0.0262,2.617,10.8854,2,165,16.1185,10.022455,340,729,
798,2347,11728,4,False,1,False,1,48,5.4754,0.0287,4.0219,10.7231,2,154,20.2562,10.015643,226,532,
799,2348,11729,4,False,1,False,1,53,5.6241,0.0,3.9876,11.4592,2,164,21.0784,10.010431,167,397,
800,2349,11733,3,False,1,False,1,33,3.7241,0.0154,2.1459,10.7063,2,258,16.5975,10.013692,173,407,
801,2350,11734,4,False,1,False,1,21,4.3074,0.0,2.1823,10.5996,2,98,17.0951,10.009033,163,419,
802,2351,11736,3,False,1,False,1,16,1.4752,0.0162,1.4938,10.2626,2,221,13.2521,10.084744,173,393,
803,2352,11737,4,False,1,False,1,28,1.1485,0.0263,0.5865,10.2752,2,155,12.0451,10.000233,319,756,
804,2354,11740,4,False,1,False,1,32,3.307,0.0257,3.7391,10.3128,2,302,17.3921,10.013965,351,738,
805,2355,11742,3,False,1,False,1,4,0.545,0.0,0.5357,10.0739,2,308,11.1599,10.007332,332,790,
806,2357,11744,3,False,1,False,1,55,0.4217,0.0153,0.4203,10.7138,2,307,11.5754,10.022179,357,760,
807,2358,11746,3,False,1,False,1,36,0.3833,0.016,0.1186,10.244,2,186,10.7664,10.001677,362,773,
808,2362,11754,3,False,1,False,1,2,1.716,0.0302,2.9185,10.0667,2,184,14.7385,10.006326,335,804,
809,2363,11758,3,True,1,True,1,10,1.6426,0.0262,0.0,0.2485,1,0,1.9257,10.004108,334,792,
810,2364,11758,4,True,1,True,1,13,2.6416,0.0154,0.0,0.2227,1,0,2.8826,10.008625,336,789,
811,2368,11761,4,True,1,True,1,9,2.0654,0.0157,0.0,0.1054,1,0,2.1946,10.003885,340,774,
812,2379,11800,4,False,1,False,1,38,1.5406,0.0,1.4821,10.6595,2,308,13.6868,10.009258,305,698,
813,2382,11805,4,False,1,False,1,31,1.3781,0.0,1.2754,10.4886,2,328,13.1467,10.004027,348,757,
814,2387,11818,4,False,1,False,1,21,0.6938,0.0156,0.6846,10.0435,2,195,11.4431,10.007839,353,756,
815,2389,11820,3,True,1,True,1,59,0.7826,0.0166,0.0,0.6139,1,0,1.4189,10.007828,353,742,
816,2390,11822,3,False,1,False,1,22,0.9452,0.016,0.968,10.3511,2,340,12.2859,10.002755,364,758,
817,2393,11824,4,False,1,False,1,18,1.2961,0.0162,1.0263,10.0179,2,327,12.3601,10.004314,357,739,
818,2395,11830,3,False,1,False,1,47,0.8634,0.0161,0.8329,10.2384,2,325,11.9567,10.003486,355,774,
819,2410,11872,3,False,1,False,1,68,2.1942,0.0155,1.873,10.9675,2,316,15.0545,10.005814,346,750,
820,2411,11872,4,False,1,False,1,55,1.339,0.0158,1.1597,10.5291,2,286,13.0465,10.002176,346,735,
821,2432,11917,3,False,1,False,1,19,0.9001,0.0159,0.5095,10.2431,2,313,11.6729,10.014277,361,744,
822,2435,11928,4,False,1,False,1,28,0.3777,0.0157,0.0833,10.5151,2,325,10.9961,10.006343,349,778,
823,2436,11930,3,False,1,False,1,23,0.352,0.0157,0.0454,10.2431,2,318,10.6603,10.006315,342,757,
824,2437,11937,3,False,1,False,1,88,4.1271,0.0151,5.9809,11.1989,2,187,21.3266,10.007128,332,764,
825,2439,11942,4,False,1,False,1,32,1.3894,0.0168,3.216,10.0206,2,190,14.6472,10.030135,350,728,
826,2440,11946,3,False,1,False,1,35,1.8716,0.0158,1.8332,10.3088,2,233,14.0332,10.034161,359,758,
827,2441,11949,3,False,1,False,1,35,2.0601,0.0163,2.2744,10.312,2,285,14.6665,10.007735,364,769,
828,2443,11951,3,False,1,False,1,61,1.3677,0.026,2.7181,11.2209,2,322,15.3379,10.009931,358,777,
829,2445,11953,3,False,1,False,1,29,1.0989,0.0153,2.1855,10.2136,2,316,13.5169,10.011043,355,761,
830,2448,11963,3,False,1,False,1,63,1.0679,0.0155,2.1863,10.7395,2,283,14.013,10.001761,283,662,
831,2451,11970,3,False,1,False,1,31,2.1557,0.0155,1.6573,10.2411,2,311,14.0733,10.001585,349,761,
832,2454,11976,3,False,1,False,1,18,1.9375,0.0155,1.8461,10.1061,2,221,13.9089,10.114302,126,352,
833,2531,12193,4,False,1,False,1,15,2.9612,0.0156,2.1833,10.0172,2,316,15.183,10.201369,351,765,
834,2532,12197,3,False,1,False,1,24,0.8981,0.0,0.9215,10.4273,2,310,12.2522,10.002246,201,504,
835,2533,12199,3,False,1,False,1,28,2.4924,0.0157,2.3921,10.4113,2,326,15.3159,10.005004,243,526,
836,2534,12199,4,False,1,False,1,15,2.2459,0.016,2.5648,10.0243,2,272,14.8541,10.000786,246,533,
837,2536,12202,4,False,1,False,1,15,2.8093,0.0266,2.6891,10.145,2,243,15.6767,10.006787,243,556,
838,2538,12211,3,False,1,False,1,52,2.3847,0.0154,2.4026,10.781,2,240,15.5879,10.013297,169,424,
839,2539,12214,4,False,1,False,1,47,2.1943,0.0155,2.2036,10.4978,2,321,14.9155,10.006825,233,525,
840,2540,12215,4,False,1,False,1,46,2.0936,0.0156,2.1444,10.4961,2,154,14.7539,10.002705,295,677,
841,2541,12216,3,False,1,False,1,64,2.262,0.0153,2.2799,11.005,2,235,15.5663,10.018251,123,334,
842,2542,12217,4,False,1,False,1,44,2.0988,0.0151,2.8661,10.5222,2,102,15.5065,10.021196,243,568,
843,2543,12221,4,False,1,False,1,15,2.805,0.016,3.1119,10.1555,2,140,16.0941,10.380432,94,285,
844,2544,12222,3,False,1,False,1,36,2.1368,0.0155,1.1348,10.8607,2,311,14.1558,10.010224,101,318,
845,2545,12222,4,False,1,False,1,25,0.6442,0.0158,0.694,10.212,2,318,11.5689,10.014645,127,337,
846,2546,12225,3,False,1,False,1,51,2.3625,0.0154,2.295,10.7572,2,302,15.4344,10.167094,201,490,
847,2547,12225,4,False,1,False,1,38,2.2065,0.0159,2.151,10.4187,2,154,14.7949,10.001989,244,578,
848,2550,12229,4,False,1,False,1,16,0.6833,0.0156,3.842,10.0181,2,298,14.5648,10.006759,149,419,
849,2561,12256,3,False,1,False,1,28,4.5034,0.0156,4.4883,10.4321,2,302,19.443,10.031916,238,607,
850,2562,12259,4,False,1,False,1,15,2.4196,0.0151,2.4786,10.1067,2,144,15.0236,10.014753,226,557,
851,2566,12264,3,False,1,False,1,34,2.1574,0.015,2.3739,10.4858,2,316,15.0362,10.011053,302,676,
852,2567,12264,4,False,1,False,1,52,2.6731,0.0158,2.8071,10.5019,2,284,16.0008,10.004195,290,653,
853,2569,12268,3,False,1,False,1,21,1.6043,0.0,1.3068,10.3299,2,310,13.2453,10.00702,289,660,
854,2570,12269,4,False,1,False,1,37,1.8172,0.016,1.6684,10.5067,2,328,14.0127,10.029711,304,660,
855,2571,12270,3,False,1,False,1,49,2.4382,0.0,1.6997,10.7842,2,310,14.9265,10.005566,194,467,
856,2572,12273,4,False,1,False,1,33,1.2323,0.0159,2.3782,10.4432,2,325,14.0742,10.018404,273,607,
857,2574,12277,4,False,1,False,1,22,0.7485,0.0156,0.8258,10.022,2,323,11.6165,10.043011,151,315,
858,2576,12283,4,False,1,False,1,13,0.2927,0.0315,0.1248,10.1582,2,46,10.6103,10.019987,136,292,
859,2586,12322,4,False,1,False,1,51,1.69,0.0161,2.2038,10.5479,2,199,14.4627,10.002058,228,515,
860,2587,12323,3,False,1,False,1,32,3.5998,0.0,1.5586,10.5561,2,292,15.7221,10.008454,269,633,
861,2595,12335,3,True,1,True,1,27,3.7871,0.0157,0.0,0.3822,1,0,4.1899,10.01668,275,580,
862,2597,12341,4,False,1,False,1,92,1.2137,0.0155,1.0787,10.6274,2,290,12.9438,10.009269,264,560,
863,2598,12342,3,False,1,False,1,23,0.6637,0.0159,0.6838,10.2894,2,328,11.66,10.008126,246,525,
864,2619,12390,4,True,1,False,1,69,2.2588,0.0159,1.7042,7.7753,1,216,11.76,10.012739,123,304,
865,2635,12426,3,False,1,False,1,25,1.6897,0.0,2.1137,10.3809,2,327,14.1887,10.014498,136,298,
866,2638,12436,3,False,1,False,1,1,1.0126,0.0158,2.1808,10.0158,2,308,13.2293,10.042561,113,319,
867,2639,12438,3,False,1,False,1,1,0.8023,0.0157,0.8142,10.0276,2,166,11.6641,10.014357,112,322,
868,2640,12438,4,False,1,False,1,8,0.3567,0.0154,0.6642,10.0938,2,253,11.1334,10.073344,127,315,
869,2641,12439,3,False,1,False,1,28,0.9632,0.0,1.152,10.6117,2,301,12.7324,10.002877,125,315,
870,2642,12440,4,False,1,False,1,8,0.3577,0.0155,0.6176,10.052,2,329,11.047,10.020503,130,302,
871,2643,12442,3,False,1,False,1,1,1.0597,0.0161,1.0576,10.0569,2,317,12.1946,10.01679,119,312,
872,2644,12444,3,False,1,False,1,1,2.2115,0.0154,1.0134,10.0162,2,309,13.2608,10.007864,197,487,
873,2645,12447,3,False,1,False,1,21,1.0915,0.0,1.1084,10.3917,2,332,12.5971,10.107312,310,651,
874,2646,12449,4,False,1,False,1,25,0.4292,0.0152,0.3722,10.2712,2,313,11.0932,10.002784,291,655,
875,2647,12450,3,False,1,False,1,1,0.7476,0.0156,0.7844,10.0157,2,304,11.5677,10.015698,241,579,
876,2648,12451,3,False,1,False,1,38,0.9424,0.0,1.088,10.5714,2,321,12.6072,10.005882,306,666,
877,2649,12451,4,False,1,False,1,26,0.3798,0.0157,0.6511,10.3068,2,244,11.3562,10.009667,243,517,
878,2651,12455,3,False,1,False,1,26,3.6715,0.0269,3.4006,10.2914,2,317,17.3989,10.058171,176,380,
879,2656,12468,4,False,1,False,1,34,1.581,0.0163,1.5662,10.3026,2,277,13.4698,10.052004,124,300,
880,2658,12476,4,False,1,False,1,34,1.9183,0.0156,1.8679,10.3965,2,277,14.202,10.022692,124,301,
881,2787,12853,3,False,1,False,1,44,0.1569,0.0304,0.1449,10.6596,2,329,10.9961,10.019982,126,296,
882,2796,12874,4,False,1,False,1,32,0.4746,0.0,0.2071,10.4844,2,332,11.1713,10.00418,111,312,
883,2797,12882,3,True,1,True,1,12,1.1248,0.0152,0.0,0.1208,1,0,1.2658,10.020027,95,307,
884,2809,12914,4,False,1,False,1,40,1.331,0.0154,1.2179,10.5154,2,326,13.0866,10.006055,260,579,
885,2811,12922,4,False,1,False,1,21,2.164,0.0161,1.8768,10.3812,2,329,14.4417,10.007903,286,647,
886,2821,12957,4,False,1,False,1,48,2.9832,0.0163,2.6987,10.635,2,323,16.3376,10.005316,295,653,
887,2822,12958,3,False,1,False,1,65,1.597,0.0158,1.7529,10.9259,2,305,14.296,10.000388,269,613,
888,2823,12962,3,False,1,False,1,5,1.8966,0.0152,1.7542,10.0249,2,294,13.6954,10.01901,189,470,
889,2824,12965,4,False,1,False,1,23,1.687,0.0,1.0515,10.362,2,325,13.1049,10.008022,203,446,
890,2825,12967,3,False,1,False,1,5,1.893,0.018,2.1442,10.0316,2,154,14.0913,10.023917,151,394,
891,2827,12970,4,True,1,True,1,11,2.6899,0.0158,0.0,0.0887,1,0,2.8013,10.004175,119,337,
892,2834,13005,4,False,1,False,1,13,0.4629,0.0,0.4603,10.2067,2,329,11.1341,10.018752,130,271,
893,2835,13006,3,False,1,False,1,13,3.8581,0.0,3.7259,10.3445,2,330,17.9329,10.015129,120,291,
894,2836,13010,4,False,1,False,1,1,1.8882,0.0,1.9142,10.0342,2,328,13.8415,10.018206,120,336,
895,2837,13011,3,False,1,False,1,17,2.0708,0.0156,3.1344,10.038,2,302,15.2636,10.235237,71,225,
896,2838,13013,4,False,1,False,1,1,2.1393,0.0,2.0743,10.0257,2,346,14.2444,10.005628,133,314,
897,2839,13016,4,False,1,False,1,1,2.8461,0.0,2.1068,10.0292,2,338,14.9872,10.001913,122,320,
898,2841,13019,3,True,1,True,1,54,0.4101,0.0152,0.0,0.5825,1,0,1.014,10.008814,82,278,
899,2844,13029,4,False,1,False,1,57,1.0341,0.0158,0.8158,10.8148,2,252,12.6861,10.013162,130,319,
900,2845,13030,3,False,1,False,1,32,2.4675,0.0263,2.992,10.8109,2,174,16.3075,10.040622,140,317,
901,2848,13035,4,True,1,True,1,30,2.2542,0.0268,0.0,0.2396,1,0,2.5294,10.004493,91,266,
902,2849,13037,3,False,1,False,1,34,5.1791,0.0256,4.6139,10.4989,2,175,20.3247,10.005623,128,295,
903,2851,13039,3,False,1,False,1,55,1.2046,0.0254,0.8128,10.8695,2,324,12.9201,10.010681,128,301,
904,2854,13045,3,False,1,False,1,56,2.1969,0.016,2.1686,10.6103,2,316,14.9963,10.001799,116,298,
905,2856,13048,4,False,1,False,1,70,0.422,0.0156,0.4227,10.7932,2,322,11.6582,10.040039,124,302,
906,2859,13056,3,False,1,False,1,48,2.0378,0.0153,2.095,10.4495,2,326,14.6019,10.001576,122,296,
907,2862,13061,3,False,1,False,1,44,2.0813,0.0155,2.1173,10.3963,2,330,14.6147,10.033835,134,316,
908,2863,13062,3,False,1,False,1,43,2.1767,0.0158,2.2017,10.393,2,330,14.7916,10.012531,128,307,
909,2864,13065,3,False,1,False,1,41,2.1292,0.0159,2.1951,10.3609,2,320,14.7055,10.093912,132,312,
910,2865,13066,3,False,1,False,1,55,0.4852,0.0159,1.0896,10.5012,2,324,12.0968,10.008705,128,304,
911,2867,13072,3,False,1,False,1,55,1.5088,0.0151,0.9017,10.4948,2,322,12.9252,10.005223,134,318,
912,2868,13078,3,False,1,False,1,23,6.8404,0.015,7.093,10.1263,2,321,24.0792,10.016975,137,310,
913,2872,13083,4,False,1,False,1,15,1.2325,0.0158,1.055,10.0507,2,337,12.3598,10.044199,144,313,
914,2873,13086,4,False,1,False,1,2,2.3459,0.0162,1.9203,10.0212,2,327,14.3094,10.011351,134,315,
915,2879,13105,4,False,1,False,1,29,1.7967,0.0151,1.8858,10.4208,2,337,14.124,10.271901,142,324,
916,2880,13106,3,False,1,False,1,28,3.6482,0.0154,3.8069,10.4607,2,349,17.9365,10.216005,149,333,
917,2881,13106,4,False,1,False,1,89,2.1552,0.0,1.3134,11.3238,2,322,14.7951,10.017231,123,344,
918,2882,13108,3,False,1,False,1,16,3.277,0.0149,3.1907,10.2921,2,344,16.78,10.000464,136,330,
919,2883,13114,3,False,1,False,1,21,3.3136,0.0157,3.6003,10.4065,2,354,17.3415,10.015334,132,331,
920,2884,13116,3,False,1,False,1,26,3.2412,0.015,3.5012,10.3752,2,331,17.1379,10.016052,142,323,
921,2885,13117,3,False,1,False,1,25,1.2381,0.016,1.2936,10.2811,2,332,12.8343,10.012365,135,334,
922,2888,13125,4,False,1,False,1,30,4.0536,0.0151,4.0454,10.2221,2,341,18.3407,10.019286,135,334,
923,2894,13153,3,False,1,False,1,35,1.601,0.0151,1.5275,10.5261,2,333,13.6733,10.007291,138,315,
924,2896,13156,3,False,1,False,1,42,3.8331,0.0155,3.7915,10.1795,2,275,17.8241,10.012119,131,326,
925,2984,13434,3,False,1,False,1,27,1.4088,0.0162,1.3828,10.0723,2,345,12.8861,10.002008,141,301,
926,2985,13434,4,False,1,False,1,4,1.3503,0.0157,1.1362,10.0518,2,344,12.5569,10.001183,141,310,
927,2989,13445,4,False,1,False,1,28,1.5472,0.0157,1.6206,10.2742,2,332,13.4634,10.040777,138,319,
928,2992,13454,4,False,1,False,1,34,0.4161,0.0154,0.4278,10.2462,2,325,11.1104,10.009656,133,322,
929,2993,13457,4,False,1,False,1,49,3.1309,0.0153,2.8459,10.7127,2,337,16.7118,10.038707,131,336,
930,2996,13461,3,False,1,False,1,48,2.9751,0.0152,2.8373,10.6121,2,337,16.4442,10.001236,133,325,
931,2997,13462,3,False,1,False,1,43,2.8076,0.0154,2.2787,10.6231,2,340,15.7296,10.024867,116,298,
932,2998,13464,4,False,1,False,1,39,3.1022,0.0159,1.9224,10.5354,2,337,15.5807,10.019654,127,296,
933,3002,13489,3,False,1,False,1,14,0.0528,0.0304,0.0002,10.1945,2,335,10.2809,10.009614,256,581,
934,3006,13506,4,False,1,False,1,27,1.5389,0.0,2.3098,10.4127,2,328,14.2656,10.043137,303,670,
935,3007,13510,3,False,1,False,1,1,1.7314,0.0159,2.1317,10.02,2,329,13.9041,10.057542,241,544,
936,3008,13514,3,False,1,False,1,23,2.4692,0.0147,2.3405,10.3304,2,348,15.1598,10.006325,240,520,
937,3009,13515,3,False,1,False,1,32,1.235,0.0,1.2456,10.5318,2,335,13.0176,10.003871,283,657,
938,3010,13517,4,False,1,False,1,32,2.1661,0.0,2.5946,10.4856,2,329,15.2515,10.007147,298,673,
939,3011,13520,4,False,1,False,1,35,2.4518,0.0147,2.5171,10.2705,2,343,15.2607,10.008482,286,625,
940,3016,13529,3,False,1,False,1,41,1.3223,0.0,1.8841,10.632,2,344,13.8451,10.00539,244,548,
941,3017,13530,4,False,1,False,1,58,1.3153,0.0156,1.81,10.6873,2,348,13.8349,10.008923,293,622,
942,3018,13535,3,False,1,False,1,34,2.31,0.0,0.9586,10.536,2,331,13.8113,10.120013,307,653,
943,3019,13536,3,False,1,False,1,33,2.2536,0.0,0.9285,10.5106,2,339,13.6993,10.09727,241,524,
944,3020,13547,4,False,1,False,1,34,1.2498,0.0158,1.3715,10.0388,2,343,12.6804,10.015348,283,601,
945,3021,13549,3,True,1,True,1,35,1.1918,0.016,0.0,0.1675,1,0,1.3794,10.00611,269,574,
946,3029,13569,4,False,1,False,1,1,1.7521,0.0167,1.8311,10.0194,2,322,13.6278,10.156939,319,699,
947,3030,13570,4,False,1,False,1,1,1.5343,0.0157,1.4933,10.0223,2,330,13.0723,10.007095,312,712,
948,3031,13571,4,False,1,False,1,8,1.7845,0.0155,1.738,10.0235,2,335,13.5672,10.002625,311,690,
949,3032,13577,3,False,1,False,1,1,2.3041,0.0153,2.239,10.0192,2,328,14.5832,10.003094,300,680,
950,3034,13591,4,False,1,False,1,45,0.8771,0.0156,0.8886,10.4401,2,319,12.226,10.018408,286,633,
951,3038,13609,3,False,1,False,1,34,0.3998,0.0297,0.01,10.5047,2,336,10.9487,10.038025,309,665,
952,3039,13610,4,False,1,False,1,35,4.1538,0.0151,3.8649,10.0459,2,339,18.084,10.002352,307,665,
953,3040,13612,3,True,1,True,1,38,1.1466,0.0152,0.0,0.2473,1,0,1.4129,10.003062,286,624,
954,3042,13617,4,True,1,True,1,24,0.4133,0.0157,0.0,0.2985,1,0,0.7367,10.011558,269,627,
955,3044,13621,4,False,1,False,1,35,2.4761,0.0155,2.9441,10.2832,2,334,15.723,10.021363,300,633,
956,3045,13623,4,False,1,False,1,42,3.7536,0.0156,3.5365,10.1537,2,242,17.4639,10.00479,242,549,
957,3046,13624,4,False,1,False,1,35,4.9453,0.0157,4.1795,10.0336,2,333,19.179,10.006915,327,685,
958,3047,13625,3,False,1,False,1,24,2.8372,0.0157,2.8864,10.0456,2,334,15.7894,10.005431,328,689,
959,3049,13627,4,False,1,False,1,18,1.5969,0.0156,1.5805,10.2912,2,337,13.4879,10.014523,250,587,
960,3106,13799,4,False,1,False,1,43,4.9016,0.0151,5.1896,10.6216,2,342,20.7344,10.009305,332,685,
961,3107,13801,4,False,1,False,1,14,1.8449,0.0,1.391,10.2243,2,332,13.4693,10.002597,279,577,
962,3112,13812,4,False,1,False,1,47,4.8415,0.0158,5.0932,10.6934,2,338,20.6502,10.009784,340,751,
963,3113,13814,4,True,1,True,1,12,1.6705,0.0161,0.0,0.1695,1,0,1.8646,10.000719,337,740,
964,3123,13828,4,False,1,False,1,31,0.7456,0.0153,0.7204,10.2152,2,319,11.7023,10.009701,322,728,
965,3125,13834,4,False,1,False,1,33,1.2159,0.0,1.2237,10.5092,2,324,12.9541,10.010798,322,721,
966,3128,13838,3,False,1,False,1,27,0.5601,0.0152,0.4842,10.2915,2,256,11.3567,10.003532,315,748,
967,3129,13838,4,False,1,False,1,16,0.8514,0.0,0.4992,10.2666,2,274,11.6201,10.004465,304,652,
968,3131,13842,4,False,1,False,1,47,1.3501,0.016,1.2237,10.7273,2,312,13.3242,10.006118,121,294,
969,3133,13850,3,False,1,False,1,5,2.1141,0.0155,1.994,10.0155,2,319,14.1443,10.148925,116,297,
970,3134,13850,4,False,1,False,1,10,3.1387,0.0154,2.9847,10.0186,2,336,16.1603,10.009554,129,271,
971,3135,13852,3,False,1,False,1,38,2.5356,0.0158,2.778,10.5238,2,323,15.8585,10.023892,120,286,
972,3136,13859,4,False,1,False,1,54,2.6445,0.0,1.7336,10.8484,2,330,15.232,10.00704,109,295,
973,3146,13899,4,False,1,False,1,25,3.7484,0.0282,3.9612,10.2766,2,307,18.0239,10.007286,129,310,
974,3147,13901,4,False,1,False,1,9,1.6206,0.0152,2.7642,10.0307,2,232,14.437,10.006804,121,312,
975,3148,13904,4,False,1,False,1,34,0.8572,0.016,1.1193,10.2876,2,329,12.2871,10.000247,118,304,
976,3149,13905,3,False,1,False,1,11,4.2043,0.0156,3.9273,10.0551,2,323,18.2107,10.021666,110,313,
977,3150,13906,4,False,1,False,1,2,0.7221,0.0,3.0086,10.0557,2,335,13.7933,10.003159,124,313,
978,3151,13907,3,False,1,False,1,90,0.7737,0.0157,0.6033,11.1354,2,348,12.535,10.020213,132,304,
979,3152,13908,4,False,1,False,1,31,0.7451,0.0155,0.6335,10.3711,2,352,11.7726,10.012607,118,319,
980,3153,13916,3,True,1,False,1,41,1.3194,0.0,2.5267,8.8305,1,280,12.6843,10.085147,130,310,
981,3156,13923,4,False,1,False,1,33,0.6811,0.0,0.7097,10.5515,2,339,11.9495,10.007558,134,305,
982,3157,13924,3,False,1,False,1,16,1.4977,0.0156,1.5987,10.018,2,340,13.1365,10.021199,131,297,
983,3159,13925,3,True,1,True,1,43,1.5495,0.0158,0.0,0.4225,1,0,1.9935,10.084761,131,292,
984,3163,13936,4,True,1,True,1,35,1.8221,0.0154,0.0,0.1496,1,0,1.9922,10.014709,127,288,
985,3169,13946,3,False,1,False,1,15,3.3471,0.0153,3.3536,10.0776,2,306,16.8065,10.02149,103,301,
986,3172,13952,4,False,1,False,1,44,0.7583,0.0154,0.7571,10.2505,2,251,11.7876,10.149128,124,301,
987,3178,13966,4,True,1,True,1,53,0.5621,0.0154,0.0,0.2519,1,0,0.8339,10.025623,131,301,
988,3180,13968,4,True,1,True,1,51,0.4885,0.0151,0.0,0.2039,1,0,0.712,10.020525,130,290,
989,3181,13969,4,True,1,True,1,53,0.5467,0.0149,0.0,0.2356,1,0,0.802,10.015194,130,293,
990,3182,13973,4,True,1,True,1,28,4.5485,0.0153,0.0,0.3178,1,0,4.8858,10.02743,122,290,
991,3187,13988,3,False,1,False,1,25,0.4834,0.0311,0.482,10.3845,2,336,11.3858,10.009952,125,283,
992,3237,14145,3,False,1,False,1,27,0.5896,0.0154,0.5752,10.2722,2,312,11.4582,10.007871,95,307,
993,3238,14145,4,False,1,False,1,27,0.4749,0.0154,0.5453,10.2747,2,306,11.3132,10.013782,89,297,
994,3246,14165,4,False,1,False,1,39,0.9533,0.0153,1.0025,10.034,2,353,12.0104,10.02545,226,478,
995,3255,14207,3,False,1,False,1,32,0.6495,0.016,0.3678,10.4186,2,352,11.4578,10.038708,286,620,
996,3256,14212,4,False,1,False,1,21,0.5362,0.0,0.6339,10.4762,2,352,11.654,10.005813,286,640,
997,3257,14213,3,False,1,False,1,54,0.6611,0.0157,0.6052,10.3335,2,339,11.6238,10.002682,282,623,
998,3258,14215,3,False,1,False,1,7,1.5092,0.0,3.0972,10.1926,2,188,14.8073,10.017956,303,626,
999,3259,14219,4,True,1,True,1,30,0.2165,0.016,0.0,0.3371,1,0,0.5758,10.010685,181,428,
1000,3262,14228,3,False,1,False,1,70,4.8125,0.0295,3.7712,10.8538,2,160,19.4762,10.002464,176,413,
1001,3264,14231,4,False,1,False,1,0,0.0,0.0,0.0,0.0,0,0,20.023,10.009219,309,649,AI solve exceeded 10.00s
1002,3265,14232,3,False,1,False,1,23,3.9975,0.0264,3.7598,10.5612,2,172,18.3702,10.023479,301,640,
1003,3268,14237,3,False,1,False,1,38,2.0444,0.0261,3.0296,10.6336,2,168,15.7431,10.004505,285,610,
1004,3269,14238,4,False,1,False,1,38,6.6058,0.0,6.576,11.0565,2,171,24.2485,10.00197,306,656,
1005,3270,14244,3,False,1,False,1,44,7.496,0.0268,3.2774,10.4867,2,271,21.2969,10.061085,301,655,
1006,3271,14249,3,False,1,False,1,51,2.783,0.015,6.2462,10.2948,2,266,19.3448,10.02118,157,416,
1007,3275,14259,4,False,1,False,1,42,1.2921,0.0159,1.4001,10.4288,2,228,13.1423,10.02684,97,287,
1008,3277,14261,3,True,1,True,1,23,1.5305,0.0158,0.0,0.2605,1,0,1.8119,10.029913,127,308,
1009,3278,14263,3,False,1,False,1,46,0.4085,0.0311,0.0932,10.7807,2,305,11.3197,10.000609,172,404,
1010,3280,14270,3,False,1,False,1,50,2.0895,0.0155,2.1059,10.8297,2,334,15.0457,10.016809,300,656,
1011,3281,14273,3,False,1,False,1,35,1.9962,0.0154,2.0039,10.0465,2,331,14.0674,10.003916,298,651,
1012,3282,14276,3,False,1,False,1,25,1.5969,0.0161,1.6885,10.0621,2,343,13.3684,10.010072,315,681,
1013,3283,14277,4,False,1,False,1,24,4.5901,0.0158,4.3955,10.0409,2,344,19.0475,10.015218,300,633,
1014,3370,14515,3,False,1,False,1,33,1.9886,0.0163,2.0362,10.2297,2,339,14.2779,10.008814,294,668,
1015,3373,14520,3,False,1,False,1,18,2.7063,0.0,4.894,10.5156,2,327,18.1262,10.019652,310,640,
1016,3377,14524,3,False,1,False,1,12,1.1801,0.0158,1.4326,10.1251,2,315,12.7595,10.003582,273,668,
1017,3380,14530,3,False,1,False,1,25,2.0236,0.0152,1.8145,10.017,2,331,13.8816,10.000348,305,685,
1018,3383,14534,4,False,1,False,1,45,3.4075,0.0,3.3182,10.7714,2,334,17.5023,10.020914,146,351,
1019,3384,14537,4,False,1,False,1,22,0.0861,0.0,0.0005,10.3522,2,332,10.4444,10.015849,130,285,
1020,3385,14538,4,False,1,False,1,12,3.7946,0.0154,3.5306,10.1622,2,169,17.5087,10.002625,89,257,
1021,3394,14567,3,False,1,False,1,24,0.0136,0.0306,0.0001,10.365,2,341,10.4123,10.011695,205,483,
1022,3396,14580,3,False,1,False,1,2,0.5258,0.0,0.3234,10.0467,2,324,10.9037,10.088768,127,291,
1023,3397,14584,3,False,1,False,1,36,0.1723,0.016,0.0482,10.352,2,349,10.5996,10.01758,125,297,
1024,3399,14589,4,True,1,False,1,41,1.4929,0.0,0.6566,9.7228,1,280,11.8811,10.076112,123,293,
1025,3402,14597,4,False,1,False,1,70,1.1791,0.0157,0.7422,10.4419,2,330,12.3859,10.014476,120,285,
1026,3405,14606,4,False,1,False,1,38,0.8543,0.0153,1.26,10.3684,2,342,12.5039,10.006053,131,302,
1027,3409,14616,4,False,1,False,1,36,3.3146,0.0157,5.0244,10.3084,2,317,18.6701,10.209227,130,305,
1028,3413,14621,4,False,1,False,1,40,3.2998,0.0152,3.603,10.412,2,327,17.3369,10.008214,113,295,
1029,3416,14628,3,False,1,False,1,19,3.1768,0.0157,3.5639,10.2994,2,326,17.0627,10.046321,119,290,
1030,3417,14629,4,False,1,False,1,48,3.2419,0.0155,4.1683,10.497,2,310,17.9296,10.005497,123,329,
1031,3420,14645,4,False,1,False,1,35,4.3489,0.0153,3.4782,10.3165,2,329,18.166,10.092579,115,311,
1032,3421,14650,3,False,1,False,1,25,3.2806,0.0161,3.7237,10.395,2,337,17.4222,10.003274,122,282,
1033,3422,14653,3,False,1,False,1,19,3.4383,0.0159,3.211,10.2965,2,328,16.9684,10.087605,111,306,
1034,3423,14653,4,False,1,False,1,18,3.2362,0.0159,3.213,10.0596,2,326,16.5278,10.073686,120,316,
1035,3424,14654,4,False,1,False,1,56,3.2653,0.0155,3.618,10.6138,2,193,17.5195,10.013498,123,326,
1036,3425,14656,3,False,1,False,1,55,3.6894,0.0262,4.4476,11.4848,2,330,19.6567,10.009923,119,315,
1037,3426,14658,3,False,1,False,1,19,3.2404,0.0158,3.1789,10.3053,2,333,16.7473,10.034046,124,321,
1038,3427,14660,4,False,1,False,1,52,3.2751,0.0158,3.7143,10.566,2,335,17.5781,10.05779,122,315,
1039,3428,14667,4,False,1,False,1,48,3.4387,0.0158,3.2763,10.4999,2,333,17.2376,10.063545,119,308,
1040,3429,14668,3,False,1,False,1,19,3.2631,0.0157,3.1777,10.3136,2,319,16.777,10.046789,122,299,
1041,3430,14671,3,False,1,False,1,19,3.8423,0.0161,4.1179,10.3147,2,301,18.2979,10.001749,132,325,
1042,3431,14674,3,False,1,False,1,19,4.2404,0.0167,3.5031,10.3548,2,298,18.1232,10.005524,274,604,
1043,3432,14676,3,False,1,False,1,19,3.2998,0.0161,3.1848,10.2958,2,321,16.8034,10.006232,273,595,
1044,3433,14677,3,False,1,False,1,41,3.9468,0.026,4.0757,10.9886,2,318,19.0453,10.175809,224,506,
1045,3434,14677,4,False,1,False,1,41,3.4084,0.0158,3.4294,10.392,2,328,17.2486,10.017198,262,593,
1046,3435,14678,3,False,1,False,1,19,3.3841,0.0155,3.3742,10.3132,2,325,17.0939,10.01765,276,605,
1047,3437,14692,4,True,1,True,1,34,3.4544,0.0152,0.0,0.3692,1,0,3.844,10.001114,244,541,
1048,3440,14699,3,False,1,False,1,51,0.4471,0.0316,0.0036,10.7878,2,323,11.2757,10.0098,232,526,
1049,3441,14699,4,True,1,True,1,26,1.863,0.0158,0.0,0.2812,1,0,2.1622,10.077204,157,365,
1050,3444,14706,4,False,1,False,1,28,1.231,0.0155,1.2008,10.0989,2,316,12.5525,10.006171,288,615,
1051,3445,14707,4,True,1,True,1,24,0.8803,0.015,0.0,0.252,1,0,1.153,10.144417,188,461,
1052,3446,14708,3,False,1,False,1,38,0.4433,0.0326,0.175,10.6193,2,300,11.2764,10.104324,133,315,
1053,3447,14708,4,True,1,True,1,23,1.9245,0.0158,0.0,0.2436,1,0,2.1861,10.03443,275,595,
1054,3449,14711,4,True,1,True,1,23,1.4927,0.0154,0.0,0.241,1,0,1.7547,10.000651,267,591,
1055,3452,14718,4,False,1,False,1,29,0.5135,0.0155,0.4932,10.1094,2,335,11.1383,10.003721,304,666,
1056,3454,14719,4,False,1,False,1,27,2.0853,0.0154,2.0527,10.1066,2,249,14.2656,10.109293,286,595,
1057,3456,14721,4,False,1,False,1,24,0.9894,0.0,0.8267,10.4086,2,333,12.2332,10.004378,189,408,
1058,3459,14726,4,False,1,False,1,69,2.5102,0.0156,2.7038,11.269,2,186,16.506,10.002419,90,291,
1059,3588,15062,4,False,1,False,1,32,1.257,0.0261,0.649,10.6273,2,145,12.5723,10.002068,235,588,
1060,3589,15063,3,False,1,False,1,18,3.8227,0.0,3.7381,10.5047,2,171,18.0823,10.003953,291,604,
1061,3590,15063,4,False,1,False,1,20,9.218,0.0263,9.2011,10.2244,2,168,28.6751,10.026492,270,567,
1062,3592,15069,4,False,1,False,1,59,2.3853,0.0261,2.4482,10.7148,2,168,15.5956,10.018672,169,388,
1063,3593,15070,3,True,1,True,1,11,1.138,0.0266,0.0,0.2388,1,0,1.4214,10.010565,313,683,
1064,3595,15073,4,False,1,False,1,14,4.1865,0.0,3.761,10.3899,2,166,18.3563,10.014629,312,678,
1065,3596,15075,4,False,1,False,1,20,4.2322,0.0,3.7611,10.5767,2,144,18.5884,10.040894,207,524,
1066,3597,15077,3,False,1,False,1,47,4.0819,0.0264,5.0495,11.1459,2,166,20.3135,10.007735,313,684,
1067,3598,15078,4,False,1,False,1,42,2.4817,0.026,4.0595,11.0182,2,194,17.5951,10.001156,307,665,
1068,3599,15080,3,False,1,False,1,38,2.572,0.016,3.4681,10.5996,2,238,16.6618,10.009757,305,665,
1069,3600,15082,3,False,1,False,1,67,6.6527,0.0266,6.6305,11.5466,2,123,24.8671,10.003897,301,671,
1070,3612,15128,4,False,1,False,1,32,2.7408,0.0261,2.5997,10.4569,2,167,15.8384,10.000363,313,674,
1071,3613,15129,3,False,1,False,1,26,3.0312,0.0277,3.0396,10.3025,2,167,16.4175,10.004342,313,662,
1072,3643,15196,4,False,1,False,1,45,7.7711,0.0265,6.9478,10.7862,2,322,25.5442,10.013673,210,490,
1073,3644,15203,3,True,1,True,1,37,3.2902,0.0155,0.0,0.3957,1,0,3.7077,10.061503,132,301,
1074,3649,15212,4,False,1,False,1,45,3.6512,0.0156,5.5896,10.7302,2,331,19.9949,10.002809,125,321,
1075,3653,15218,4,False,1,False,1,18,3.2184,0.0156,3.583,10.0363,2,342,16.8604,10.015845,124,299,
1076,3674,15252,4,False,1,False,1,44,3.6759,0.0154,3.6096,10.1801,2,338,17.4878,10.005464,126,306,
1077,3687,15289,4,False,1,False,1,51,6.4765,0.0157,6.6526,10.3644,2,266,23.5169,10.075061,157,416,
1078,3749,15501,3,False,1,False,1,32,5.6907,0.0155,6.0792,10.2294,2,320,22.0245,10.008728,134,308,
1079,3756,15509,3,False,1,False,1,27,1.5634,0.0157,1.5759,10.2865,2,313,13.4494,10.006443,292,697,
1080,3757,15511,3,False,1,False,1,11,1.0432,0.0157,0.7229,10.1188,2,298,11.9099,10.002999,211,540,
1081,3758,15512,3,False,1,False,1,26,1.0322,0.0161,0.7643,10.253,2,302,12.0754,10.002309,126,359,
1082,3761,15528,3,False,1,False,1,24,0.2684,0.0159,0.2719,10.1563,2,270,10.7245,10.005866,109,304,
1083,3777,15584,3,False,1,False,1,16,1.3196,0.0301,0.7454,10.2267,2,319,12.3251,10.021559,127,279,
1084,3779,15596,4,False,1,False,1,10,1.2642,0.0,1.1978,10.178,2,330,12.6512,10.008817,119,289,
1085,3780,15600,3,False,1,False,1,56,0.759,0.0155,1.1235,10.7084,2,282,12.6191,10.008906,123,284,
1086,3782,15603,3,False,1,False,1,20,1.0579,0.016,1.091,10.2733,2,342,12.4639,10.261126,136,296,
1087,3786,15615,3,False,1,False,1,21,2.1836,0.0,2.1578,10.3423,2,336,14.7067,10.001897,134,296,
1088,3788,15618,3,False,1,False,1,26,1.4097,0.0156,1.335,10.3992,2,268,13.1793,10.011054,129,294,
1089,3792,15625,3,False,1,False,1,40,3.5992,0.0157,3.8001,10.5545,2,332,17.9768,10.017818,114,309,
1090,3796,15631,4,False,1,False,1,42,2.8308,0.0155,2.7334,10.0385,2,329,15.6272,10.000548,125,303,
1091,3798,15635,4,True,1,True,1,34,2.3288,0.0161,0.0,0.3881,1,0,2.7389,10.007734,116,314,
1092,3799,15637,4,True,1,True,1,27,1.3672,0.0161,0.0,0.2704,1,0,1.6592,10.009996,123,300,
1093,3800,15639,3,True,1,True,1,40,1.1481,0.0158,0.0,0.2896,1,0,1.4591,10.006499,123,303,
1094,3802,15642,3,True,1,True,1,28,3.9669,0.0157,0.0,0.3031,1,0,4.2938,10.003789,168,406,
1095,3805,15650,3,False,1,False,1,46,1.2947,0.0308,1.2824,10.7319,2,305,13.3467,10.027275,284,647,
1096,3806,15650,4,True,1,True,1,28,1.2982,0.0158,0.0,0.3166,1,0,1.6328,10.004369,288,644,
1097,3814,15668,3,True,1,True,1,28,4.5381,0.0153,0.0,0.2936,1,0,4.855,10.078961,177,444,
1098,3973,15995,4,False,1,False,1,25,3.9358,0.0,3.9638,10.3934,2,333,18.3077,10.007427,222,464,
1099,3974,15996,3,False,1,False,1,29,0.4004,0.0151,0.2317,10.4568,2,338,11.1187,10.00281,257,549,
1100,4022,16139,4,False,1,False,1,32,0.6799,0.0159,0.3684,10.353,2,313,11.4264,10.055818,258,620,
1101,4025,16143,4,False,1,False,1,32,0.6476,0.0163,0.6321,10.1458,2,303,11.4511,10.007966,105,325,
1102,4027,16146,4,False,1,False,1,26,1.5919,0.0153,1.7333,10.0219,2,337,13.3758,10.004129,276,613,
1103,4030,16153,4,False,1,False,1,49,2.6942,0.0157,2.8479,10.6831,2,304,16.2464,10.013494,258,576,
1104,4031,16155,3,False,1,False,1,48,3.2447,0.0166,5.5588,11.0055,2,278,19.8328,10.050417,106,321,
1105,4032,16155,4,False,1,False,1,43,1.7478,0.0156,1.2945,10.5858,2,331,13.6466,10.01021,204,454,
1106,4037,16174,4,False,1,False,1,5,0.703,0.032,0.764,10.0649,2,314,11.5678,10.005231,210,471,
1107,4040,16200,4,False,1,False,1,10,0.7929,0.0,0.7582,10.1555,2,338,11.7208,10.002494,266,566,
1108,4041,16201,4,False,1,False,1,1,5.2606,0.0,5.2975,10.0807,2,281,20.6512,10.007443,247,541,
1109,4042,16202,4,False,1,False,1,40,2.1102,0.0,2.0175,10.6406,2,324,14.782,10.007834,264,574,
1110,4043,16204,3,False,1,False,1,22,2.4473,0.0,2.864,10.348,2,255,15.6856,10.104515,304,654,
1111,4044,16209,3,True,1,True,1,40,1.7447,0.0263,0.0,0.0526,1,0,1.8503,10.006136,316,659,
1112,4048,16217,3,False,1,False,1,18,4.0309,0.0,2.8185,10.4928,2,328,17.3814,10.020285,287,645,
1113,4050,16220,4,False,1,False,1,32,2.5687,0.0,2.5216,10.5166,2,317,15.6141,10.000628,281,607,
1114,4052,16224,3,False,1,False,1,44,2.7779,0.0157,2.7613,10.6874,2,323,16.2497,10.032971,294,642,
1115,4053,16224,4,True,1,True,1,35,3.6085,0.0157,0.0,0.3678,1,0,3.9942,10.001698,288,633,
1116,4054,16225,3,False,1,False,1,50,2.7986,0.0156,2.7319,10.7871,2,324,16.3405,10.002745,226,529,
1117,4055,16226,3,True,1,True,1,35,3.0036,0.0156,0.0,0.3697,1,0,3.3958,10.020881,130,308,
1118,4056,16229,4,False,1,False,1,32,0.6289,0.0154,0.6698,10.2465,2,334,11.5673,10.010662,125,301,
1119,4057,16231,4,False,1,False,1,21,2.0461,0.0159,0.4163,10.1651,2,334,12.65,10.009329,130,279,
1120,4058,16232,4,False,1,False,1,13,0.393,0.0149,0.3662,10.0359,2,337,10.8166,10.023701,130,284,
1121,4059,16234,4,False,1,False,1,29,2.8402,0.0153,2.7659,10.1513,2,340,15.7795,10.014883,130,292,
1122,4060,16235,3,True,1,True,1,34,2.3965,0.0151,0.0,0.3881,1,0,2.8056,10.003231,120,298,
1123,4062,16241,4,True,1,True,1,28,1.4672,0.0153,0.0,0.2841,1,0,1.7751,10.020098,139,348,
1124,4063,16242,4,True,1,True,1,29,6.0689,0.0163,0.0,0.2628,1,0,6.3575,10.034582,297,641,
1125,4068,16255,3,False,1,False,1,52,0.4977,0.0302,0.4917,10.7863,2,241,11.8128,10.030066,231,551,
1126,4072,16269,4,False,1,False,1,40,1.8087,0.0262,1.0029,10.0573,2,313,12.9105,10.004102,298,650,
1127,4073,16270,4,True,1,True,1,28,8.349,0.0158,0.0,0.2853,1,0,8.6583,10.071085,236,563,
1128,4074,16271,3,False,1,False,1,43,0.4764,0.0156,0.9781,10.1959,2,200,11.6736,10.005802,286,633,
1129,4075,16272,3,True,1,True,1,53,0.8401,0.0157,0.0,0.225,1,0,1.0883,10.010248,286,634,
1130,4076,16272,4,False,1,False,1,42,1.5762,0.0156,0.6934,10.0313,2,293,12.3196,10.008257,293,648,
1131,4238,16635,4,False,1,False,1,31,2.5814,0.0,1.2858,10.541,2,305,14.4251,10.010429,264,563,
1132,4259,16753,4,False,1,False,1,29,2.0967,0.0162,3.4659,10.5113,2,303,16.1003,10.007154,209,528,
1133,4262,16756,3,False,1,False,1,28,0.5581,0.0157,0.4797,10.3132,2,303,11.3773,10.017192,229,571,
1134,4263,16756,4,False,1,False,1,47,0.5585,0.0159,0.29,10.1472,2,326,11.0145,10.003061,297,670,
1135,4264,16758,3,False,1,False,1,29,1.7125,0.0155,1.7176,10.1408,2,293,13.5959,10.0003,95,302,
1136,4268,16769,4,False,1,False,1,35,3.0906,0.0164,2.8423,10.3619,2,276,16.3237,10.083921,190,482,
1137,4269,16772,3,False,1,False,1,43,1.1887,0.016,1.1948,10.7489,2,292,13.1606,10.192906,193,486,
1138,4270,16772,4,False,1,False,1,27,1.7481,0.0162,1.7626,10.1557,2,309,13.6855,10.017552,154,442,
1139,4271,16781,3,False,1,False,1,23,2.1591,0.0167,2.1997,10.0252,2,327,14.4076,10.000534,263,577,
1140,4272,16782,4,False,1,False,1,21,0.6757,0.0,0.6829,10.3587,2,301,11.73,10.058762,154,421,
1141,4273,16785,4,False,1,False,1,17,0.3715,0.0,0.3107,10.2814,2,341,10.9767,10.067533,186,395,
1142,4308,16868,4,False,1,False,1,3,0.3961,0.0151,0.0677,10.0904,2,323,10.5727,10.017972,299,665,
1143,4309,16870,4,False,1,False,1,13,1.4346,0.015,1.366,10.028,2,325,12.8471,10.006721,294,612,
1144,4313,16885,3,False,1,False,1,14,1.7624,0.0,1.7637,10.2322,2,334,13.7854,10.010668,307,640,
1145,4314,16886,3,False,1,False,1,23,2.1284,0.0,2.0165,10.3731,2,308,14.5452,10.007609,288,652,
1146,4315,16887,3,False,1,False,1,14,1.9544,0.0,1.9725,10.2323,2,329,14.1872,10.006916,300,677,
1147,4317,16891,4,False,1,False,1,41,1.4154,0.0156,1.4033,10.0682,2,336,12.9322,10.020592,312,660,
1148,4318,16892,3,False,1,False,1,15,2.8945,0.0,2.8363,10.2405,2,336,15.9978,10.009345,309,655,
1149,4319,16894,4,True,1,True,1,41,1.2146,0.0159,0.0,0.0461,1,0,1.3026,10.145213,206,451,
1150,4320,16896,4,False,1,False,1,49,0.9745,0.0152,1.204,10.4262,2,351,12.6467,10.009064,289,598,
1151,4324,16910,4,False,1,False,1,4,2.0575,0.0,2.1244,10.0729,2,288,14.279,10.00778,295,644,
1152,4325,16914,4,False,1,False,1,32,6.6767,0.0162,6.7632,10.2828,2,323,23.7457,10.00649,302,652,
1153,4328,16918,4,False,1,False,1,36,0.9666,0.0158,2.576,10.3364,2,324,13.9016,10.076839,305,642,
1154,4329,16921,4,False,1,False,1,37,1.2689,0.0158,3.4734,10.1853,2,339,14.9503,10.003797,301,663,
1155,4330,16923,4,True,1,True,1,34,2.7816,0.0162,0.0,0.3765,1,0,3.1805,10.006196,295,642,
1156,4332,16926,4,False,1,False,1,14,2.5671,0.0155,5.57,10.1273,2,255,18.2907,10.004451,242,554,
1157,4333,16928,3,False,1,False,1,27,1.1783,0.0159,1.4427,10.1179,2,321,12.7622,10.006563,281,621,
1158,4334,16930,3,True,1,True,1,28,1.8112,0.0156,0.0,0.2879,1,0,2.1246,10.002543,289,629,
1159,4335,16932,3,False,1,False,1,27,0.3636,0.0165,0.1137,10.4348,2,276,10.9359,10.021262,293,632,
1160,4336,16933,4,False,1,False,1,36,3.0186,0.0265,2.3424,10.4865,2,321,15.8854,10.007851,291,632,
1161,4337,16939,4,True,1,True,1,25,1.2655,0.016,0.0,0.2413,1,0,1.5292,10.004372,292,646,
1162,4338,16942,3,True,1,True,1,25,2.3818,0.0159,0.0,0.2648,1,0,2.6691,10.069239,233,552,
1163,4345,16953,3,False,1,False,1,50,0.383,0.0156,0.1907,10.3531,2,261,10.9524,10.003686,246,550,
1164,4347,16954,3,True,1,True,1,28,8.4726,0.016,0.0,0.2991,1,0,8.7959,10.044033,178,413,
1165,4444,17245,4,False,1,False,1,55,1.7464,0.0156,1.5845,10.6252,2,307,13.9854,10.005186,353,755,
1166,4445,17247,3,False,1,False,1,1,2.9009,0.0163,2.4162,10.0574,2,336,15.4048,10.005255,349,727,
1167,4448,17256,3,False,1,False,1,28,3.4444,0.0156,3.091,10.3016,2,305,16.8654,10.004147,234,580,
1168,4449,17261,4,False,1,False,1,43,0.9686,0.0245,0.6338,10.7284,2,194,12.3704,10.011799,300,674,
1169,4450,17262,4,False,1,False,1,44,0.8766,0.0156,1.0343,10.642,2,198,12.591,10.005264,310,673,
1170,4452,17265,3,True,1,True,1,44,6.2793,0.0257,0.0,0.3236,1,0,6.6565,10.037095,320,667,
1171,4453,17268,4,False,1,False,1,18,3.2698,0.0,1.304,10.319,2,287,14.9221,10.006582,308,644,
1172,4454,17271,3,False,1,False,1,19,1.3436,0.0159,1.7188,10.2839,2,246,13.3745,10.114647,321,668,
1173,4455,17271,4,False,1,False,1,32,4.0989,0.0296,3.588,10.4197,2,154,18.1417,10.144479,236,573,
1174,4456,17272,3,True,1,True,1,35,3.9382,0.0163,0.0,0.3198,1,0,4.2924,10.004809,276,698,
1175,4457,17273,3,False,1,False,1,35,2.7633,0.0267,1.3172,10.4315,2,321,14.5568,10.18783,244,513,
1176,4459,17278,3,False,1,False,1,33,3.2153,0.016,2.3779,10.1425,2,227,15.776,10.034397,176,451,
1177,4460,17284,3,False,1,False,1,40,3.1346,0.0158,2.1894,10.5685,2,197,15.9152,10.039257,306,660,
1178,4473,17338,3,False,1,False,1,17,3.9763,0.0265,2.4919,10.4305,2,175,16.9311,10.031031,249,519,
1179,4474,17340,3,False,1,False,1,3,4.9468,0.0256,5.6253,10.0279,2,149,20.6313,10.007772,175,443,
1180,4475,17340,4,False,1,False,1,17,3.5811,0.0277,2.0593,10.3865,2,205,16.0601,10.004412,294,665,
1181,4476,17353,3,True,1,True,1,37,2.0544,0.0156,0.0,0.3374,1,0,2.4219,10.013737,314,658,
1182,4477,17356,4,False,1,False,1,8,1.5323,0.0,1.3632,10.1445,2,331,13.0655,10.082108,310,645,
1183,4479,17359,4,False,1,False,1,75,1.6831,0.0,1.5562,11.1907,2,270,14.4545,10.062084,112,304,
1184,4480,17362,4,False,1,False,1,16,0.3757,0.0,0.4775,10.2593,2,309,11.1368,10.008747,272,628,
1185,4481,17363,3,False,1,False,1,25,1.5337,0.0157,1.6935,10.3917,2,326,13.659,10.008832,158,405,
1186,4482,17364,4,False,1,False,1,14,1.8263,0.0,1.7456,10.2288,2,329,13.8285,10.013912,139,292,
1187,4484,17367,4,False,1,False,1,24,0.5461,0.0,1.0697,10.392,2,336,12.0366,10.401327,131,320,
1188,4486,17369,3,False,1,False,1,11,2.7133,0.0,2.6692,10.202,2,344,15.6119,10.013652,266,562,
1189,4487,17371,4,True,1,True,1,10,1.8222,0.0163,0.0,0.0792,1,0,1.945,10.060281,284,607,
1190,4488,17375,4,False,1,False,1,11,1.6662,0.0,1.6663,10.1891,2,297,13.5547,10.044786,127,281,
1191,4489,17378,3,False,1,False,1,41,5.2051,0.0164,4.8409,10.0482,2,329,20.1506,10.018902,127,286,
1192,4490,17381,3,True,1,True,1,8,2.0485,0.0156,0.0,0.077,1,0,2.1678,10.004662,131,287,
1193,4496,17394,4,False,1,False,1,38,1.8089,0.0158,1.7287,10.2677,2,320,13.847,10.030049,130,298,
1194,4497,17395,3,False,1,False,1,31,1.0756,0.0,2.0916,10.5061,2,331,13.6985,10.02057,126,296,
1195,4501,17405,3,False,1,False,1,14,0.41,0.031,0.1157,10.2371,2,333,10.8008,10.000743,131,288,
1196,4502,17405,4,False,1,False,1,28,2.9213,0.0156,3.0297,10.109,2,333,16.0785,10.013257,125,273,
1197,4504,17412,3,True,1,True,1,32,1.6221,0.0154,0.0,0.3501,1,0,1.9943,10.005107,115,290,
1198,4514,17424,3,False,1,False,1,51,4.6464,0.0161,4.6946,10.3028,2,294,19.6702,10.107929,119,306,
1199,4523,17443,4,False,1,False,1,13,7.5527,0.0,6.7421,10.216,2,292,24.5272,10.025174,134,291,
1200,4557,17541,4,True,1,False,1,20,4.2982,0.0,4.32,7.3538,1,237,15.9888,10.019191,130,283,
1201,4559,17543,4,True,1,False,1,20,5.279,0.0,4.8485,9.762,1,317,19.9081,10.150027,133,290,
1202,4574,17634,4,False,1,False,1,42,2.6858,0.0161,2.7789,10.086,2,338,15.5817,10.004374,126,275,
1203,4575,17639,4,False,1,False,1,18,4.0717,0.0,4.0237,10.2936,2,335,18.4124,10.021335,185,399,
1204,4578,17643,4,False,1,False,1,34,1.6712,0.016,1.9872,10.4013,2,285,14.0882,10.003114,75,259,
1205,4581,17654,4,False,1,False,1,21,2.8828,0.0158,3.1004,10.2928,2,329,16.3075,10.008979,199,445,
1206,4582,17658,4,False,1,False,1,10,1.2401,0.0163,1.3583,10.1137,2,336,12.7457,10.000433,152,333,
1207,4583,17659,3,False,1,False,1,30,1.8091,0.0154,1.7239,10.2594,2,188,13.8209,10.013448,114,305,
1208,4584,17666,4,False,1,False,1,53,3.5991,0.0,3.1388,10.8245,2,326,17.5688,10.005984,122,309,
1209,4585,17669,4,False,1,False,1,6,4.5056,0.0159,3.81,10.0431,2,257,18.385,10.181912,52,190,
1210,4586,17671,3,False,1,False,1,23,2.2288,0.0156,2.7547,10.0231,2,321,15.0296,10.026044,285,635,
1211,4587,17675,4,False,1,False,1,4,0.9815,0.0,0.9639,10.0887,2,311,12.0502,10.056365,162,450,
1212,4589,17694,4,False,1,False,1,3,0.3867,0.0157,0.0601,10.0648,2,194,10.5307,10.012412,139,301,
1213,4590,17695,4,False,1,False,1,3,0.8124,0.0266,0.1477,10.0274,2,154,11.0197,10.003316,199,499,
1214,4593,17708,4,False,1,False,1,11,3.4685,0.0,3.58,10.3132,2,333,17.4156,10.00877,293,618,
1215,4595,17711,4,False,1,False,1,15,1.9164,0.0,2.0253,10.2515,2,348,14.2192,10.01748,305,643,
1216,4596,17716,3,True,1,True,1,9,1.3212,0.0158,0.0,0.094,1,0,1.4593,10.003985,303,634,
1217,4597,17718,3,False,1,False,1,43,1.7701,0.0157,1.9328,10.0526,2,333,13.8006,10.004145,301,636,
1218,4598,17720,3,True,1,True,1,9,0.7983,0.0157,0.0,0.0909,1,0,0.9325,10.03552,261,545,
1219,4605,17732,3,False,1,False,1,22,4.4416,0.0149,4.5444,10.0269,2,331,19.0593,10.006762,300,690,
1220,4610,17744,3,False,1,False,1,18,0.5492,0.0159,0.4143,10.2834,2,348,11.2898,10.267822,201,424,
1221,4611,17744,4,False,1,False,1,32,0.5224,0.0,0.3801,10.4907,2,339,11.3961,10.022173,134,347,
1222,4615,17752,3,False,1,False,1,51,0.4131,0.0308,0.0347,10.77,2,329,11.2557,10.036722,123,301,
1223,4616,17752,4,False,1,False,1,13,4.0904,0.0153,3.2023,10.0388,2,333,17.3498,10.04224,122,296,
1224,4617,17754,4,False,1,False,1,28,1.1788,0.0156,1.212,10.1086,2,319,12.5225,10.002832,122,295,
1225,4618,17756,4,False,1,False,1,39,4.4805,0.0155,4.3632,10.0289,2,334,18.9004,10.020822,122,298,
1226,4619,17759,3,False,1,False,1,44,0.4505,0.0319,0.1637,10.7165,2,329,11.3702,10.04357,118,295,
1227,4620,17759,4,True,1,True,1,32,3.2213,0.0153,0.0,0.3389,1,0,3.5777,10.022345,118,295,
1228,4621,17761,4,False,1,False,1,28,1.1045,0.0153,1.1052,10.1145,2,334,12.3471,10.024615,121,302,
1229,4625,17771,3,False,1,False,1,50,8.2584,0.015,8.1361,10.3,2,336,26.7198,10.01547,124,299,
1230,4626,17773,4,False,1,False,1,43,1.3552,0.0153,1.5109,10.0209,2,338,12.9137,10.052959,125,304,
1231,4722,18055,4,False,1,False,1,32,3.6942,0.0155,3.3668,10.2381,2,324,17.3296,10.007116,227,500,
1232,4724,18061,3,False,1,False,1,30,0.4861,0.0158,0.5757,10.3264,2,323,11.4191,10.014245,229,575,
1233,4726,18066,4,False,1,False,1,44,1.3786,0.0,2.1121,10.7032,2,340,14.2098,10.039398,130,309,
1234,4728,18073,3,False,1,False,1,21,0.6411,0.0157,0.3082,10.3201,2,343,11.3015,10.010842,118,297,
1235,4730,18078,3,False,1,False,1,19,3.3217,0.0154,3.4683,10.3936,2,351,17.2148,10.014392,123,317,
1236,4731,18082,3,False,1,False,1,31,1.3328,0.0156,1.4551,10.3258,2,335,13.1459,10.01289,123,324,
1237,4732,18083,4,False,1,False,1,64,3.5283,0.0,3.3275,11.0131,2,329,17.8912,10.004689,121,307,
1238,4733,18092,3,False,1,False,1,53,3.6912,0.016,4.3936,10.8716,2,268,18.9798,10.018392,107,304,
1239,4734,18092,4,False,1,False,1,45,2.1754,0.0153,1.6062,10.631,2,342,14.4311,10.012368,125,302,
1240,4735,18094,4,False,1,False,1,57,2.432,0.0155,2.3353,10.5193,2,237,15.3094,10.017969,121,301,
1241,4738,18107,4,False,1,False,1,17,0.0405,0.0294,0.0001,10.2377,2,50,10.3108,10.017029,128,271,
1242,4740,18116,3,True,1,True,1,17,0.9432,0.0148,0.0,0.2247,1,0,1.1855,10.036439,117,300,
1243,4751,18138,3,False,1,False,1,14,0.6615,0.0,0.6013,10.2647,2,356,11.5605,10.030728,135,288,
1244,4753,18142,3,False,1,False,1,3,1.8451,0.0156,1.1583,10.0652,2,339,13.109,10.014419,118,298,
1245,4755,18145,3,False,1,False,1,25,1.6149,0.0,1.7085,10.3901,2,352,13.7416,10.011731,118,320,
1246,4756,18145,4,False,1,False,1,19,2.0617,0.0,1.9707,10.3139,2,333,14.3491,10.000559,133,292,
1247,4758,18149,3,False,1,False,1,5,3.1335,0.0168,3.003,10.0253,2,346,16.2082,10.019787,124,287,
1248,4760,18153,4,False,1,False,1,10,2.1152,0.0,1.4145,10.2556,2,349,13.8187,10.010854,129,291,
1249,4761,18154,4,False,1,False,1,10,2.2234,0.0,2.049,10.1882,2,344,14.4932,10.008352,133,303,
1250,4763,18161,3,False,1,False,1,23,2.1783,0.0,2.0759,10.4706,2,352,14.758,10.024035,118,311,
1251,4764,18162,4,False,1,False,1,5,2.8912,0.0,2.6388,10.1757,2,350,15.738,10.003651,118,328,
1252,4767,18168,3,False,1,False,1,41,6.32,0.0151,6.4716,10.1507,2,366,22.9904,10.036412,140,299,
1253,4770,18174,4,False,1,False,1,22,2.1033,0.0157,2.046,10.016,2,330,14.2136,10.197368,138,326,
1254,4773,18191,3,False,1,False,1,39,5.4675,0.0154,5.0917,10.0332,2,337,20.6205,10.002662,128,323,
1255,4775,18193,3,True,1,True,1,25,0.6857,0.0151,0.0,0.2509,1,0,0.9625,10.042938,125,315,
1256,4777,18195,4,True,1,True,1,26,0.8071,0.0156,0.0,0.2239,1,0,1.0581,10.026221,128,318,
1257,4810,18258,4,True,1,False,1,17,8.6758,0.0,8.6279,7.1643,1,235,24.4799,10.019201,134,314,
1258,4811,18260,4,True,1,False,1,17,8.6698,0.0,9.0424,7.7288,1,263,25.4528,10.016912,145,315,
1259,4812,18264,4,True,1,False,1,17,8.6791,0.0,8.7397,9.328,1,319,26.7585,10.016561,137,297,
1260,4841,18376,3,False,1,False,1,36,0.6412,0.016,0.4554,10.4336,2,244,11.5623,10.090086,76,252,
1261,4842,18376,4,False,1,False,1,42,0.525,0.0153,0.2845,10.1595,2,352,10.9873,10.018764,138,303,
1262,4843,18381,3,False,1,False,1,28,7.6846,0.0153,7.8363,10.2653,2,316,25.8184,10.218033,124,349,
1263,4844,18382,4,False,1,False,1,33,4.8363,0.0156,4.9258,10.4,2,261,20.194,10.000723,156,421,
1264,4845,18384,3,False,1,False,1,19,2.0981,0.0,2.0466,10.3031,2,346,14.4637,10.012484,186,420,
1265,4847,18388,4,False,1,False,1,52,4.2801,0.0151,4.2601,10.1554,2,350,18.7325,10.001742,124,309,
1266,4848,18389,3,False,1,False,1,108,2.3496,0.0,2.2759,11.6548,2,335,16.3019,10.003966,226,557,
1267,4849,18391,4,False,1,False,1,20,0.8854,0.0,0.7723,10.338,2,348,12.017,10.005286,310,684,
1268,4850,18392,3,False,1,False,1,51,1.7927,0.0,1.4187,10.7647,2,339,13.9974,10.005377,303,680,
1269,4851,18393,4,False,1,False,1,18,4.3438,0.0,4.3302,10.2875,2,344,18.9834,10.050982,290,637,
1270,4852,18395,3,False,1,False,1,73,0.9807,0.0,0.7531,11.1559,2,169,12.9115,10.034788,201,476,
1271,4853,18395,4,False,1,False,1,18,0.6015,0.0,0.6385,10.2857,2,349,11.5287,10.078787,130,313,
1272,4854,18396,3,False,1,False,1,23,2.0668,0.0,0.6162,10.3828,2,344,13.0943,10.034881,130,307,
1273,4856,18400,3,False,1,False,1,72,3.6206,0.0,3.7785,11.1685,2,324,18.5894,10.007732,119,316,
1274,4857,18402,4,False,1,False,1,45,0.5116,0.0,0.5042,10.6947,2,325,11.7324,10.021611,122,310,
1275,4858,18403,4,False,1,False,1,64,0.6016,0.0,0.8607,10.9959,2,284,12.4802,10.007322,116,304,
1276,4859,18406,4,False,1,False,1,28,3.8318,0.0161,1.2433,10.3238,2,352,15.4372,10.001485,114,304,
1277,4860,18409,3,False,1,False,1,64,4.4434,0.0,4.3049,11.0084,2,328,19.7794,10.012772,121,309,
1278,4863,18411,3,False,1,False,1,73,1.4118,0.0307,1.4167,11.1304,2,335,14.0121,10.042487,120,310,
1279,4864,18412,4,False,1,False,1,15,4.8745,0.0,8.3454,10.2382,2,179,23.4805,10.056292,124,303,
1280,4865,18413,4,False,1,False,1,0,0.0,0.0,0.0,0.0,0,0,20.037,10.011353,119,301,AI solve exceeded 10.00s
1281,4866,18414,3,False,1,False,1,56,3.5323,0.0517,3.6664,11.4703,2,151,18.758,10.018992,101,298,
1282,4867,18414,4,False,1,False,1,0,0.0,0.0,0.0,0.0,0,0,20.006,10.022627,249,564,AI solve exceeded 10.00s
1283,4868,18415,4,False,1,False,1,15,8.238,0.0,4.8124,10.257,2,336,23.3431,10.012372,280,617,
1284,4869,18416,4,False,1,False,1,15,4.9744,0.0,4.8431,10.2463,2,335,20.0865,10.004973,211,479,
1285,4870,18417,4,False,1,False,1,15,5.0071,0.0,4.8294,10.2674,2,327,20.1269,10.013056,208,472,
1286,4871,18418,3,False,1,False,1,24,1.4004,0.0315,1.3721,10.4495,2,201,13.2762,10.015808,70,229,
1287,4872,18421,3,False,1,False,1,21,7.8772,0.0157,7.236,10.1327,2,319,25.2816,10.031569,158,327,
1288,4873,18422,3,False,1,False,1,11,4.273,0.0,4.2566,10.1974,2,344,18.7468,10.016166,258,533,
1289,4874,18429,4,False,1,False,1,27,2.3516,0.0,2.1913,10.4547,2,283,15.0044,10.14942,171,447,
1290,4875,18431,4,False,1,False,1,6,3.7927,0.0156,3.0927,10.0214,2,303,16.9299,10.003618,239,616,
1291,4876,18436,3,False,1,False,1,41,2.4033,0.0,2.3798,10.645,2,341,15.4355,10.017106,313,674,
1292,4877,18437,4,False,1,False,1,22,0.6424,0.0,0.7288,10.3577,2,316,11.7457,10.072279,160,431,
1293,4878,18440,4,False,1,False,1,17,0.3628,0.0,0.3066,10.2736,2,343,10.9609,10.021151,182,403,
1294,4883,18458,3,False,1,False,1,28,0.0142,0.0309,0.0001,10.4807,2,320,10.529,10.311063,147,333,
1295,4884,18459,4,False,1,False,1,3,0.8139,0.026,0.1469,10.0317,2,325,11.0233,10.016573,141,303,
1296,4885,18460,4,False,1,False,1,3,0.3554,0.0156,0.0634,10.0182,2,319,10.456,10.000531,124,338,
1297,4889,18475,4,False,1,False,1,14,0.5983,0.0,0.604,10.238,2,348,11.4738,10.003128,157,340,
1298,4892,18483,3,False,1,False,1,18,1.9716,0.016,2.2958,10.4179,2,334,14.7306,10.011395,136,358,
1299,4893,18485,4,False,1,False,1,8,5.1652,0.0162,4.9885,10.0208,2,257,20.2209,10.013071,145,328,
1300,4896,18493,3,False,1,False,1,5,1.1354,0.0163,1.4565,10.081,2,165,12.7185,10.292999,146,356,
1301,4897,18494,4,False,1,False,1,5,2.8146,0.0175,1.2791,10.0231,2,328,14.1828,10.006332,146,362,
1302,4898,18497,4,False,1,False,1,38,2.2579,0.016,2.2488,10.2658,2,341,14.8228,10.331238,183,388,
1303,4899,18500,3,False,1,False,1,25,0.6019,0.0157,1.2194,10.3604,2,356,12.2308,10.015851,171,388,
1304,4900,18503,3,False,1,False,1,9,1.7291,0.0157,1.697,10.0176,2,339,13.5008,10.010983,157,395,
1305,4901,18504,3,False,1,False,1,9,1.9724,0.0157,1.9164,10.0171,2,339,13.9583,10.011228,157,392,
1306,4902,18504,4,False,1,False,1,32,1.8553,0.0161,1.7755,10.2449,2,339,13.895,10.008912,164,401,
1307,4907,18526,3,False,1,False,1,16,0.3574,0.0161,0.5045,10.2601,2,345,11.1669,10.064749,167,412,
1308,4908,18527,4,False,1,False,1,20,5.4476,0.0,6.3891,10.3216,2,303,22.1761,10.15639,186,394,
1309,4909,18534,3,False,1,False,1,36,1.0975,0.0159,1.0874,10.5644,2,332,12.7772,10.00118,171,398,
1310,4912,18537,4,False,1,False,1,40,2.9715,0.017,2.5581,10.074,2,340,15.6343,10.001407,320,696,
1311,4948,18694,4,False,1,False,1,25,0.5691,0.016,0.5019,10.2566,2,288,11.3598,10.00651,287,681,
1312,4949,18696,4,False,1,False,1,58,0.559,0.0157,0.3032,10.7672,2,261,11.6611,10.013935,295,665,
1313,4950,18704,3,False,1,False,1,49,1.0646,0.0166,1.0279,10.6297,2,311,12.7552,10.014695,150,417,
1314,4951,18706,3,False,1,False,1,47,1.0271,0.0162,1.0254,10.6031,2,295,12.688,10.002901,172,426,
1315,4952,18706,4,False,1,False,1,47,0.6088,0.0163,0.3542,10.6028,2,323,11.5851,10.032279,320,719,
1316,4953,18709,4,False,1,False,1,30,0.5675,0.0162,0.3047,10.3345,2,318,11.2392,10.013886,184,472,
1317,4954,18711,4,False,1,False,1,30,0.5672,0.0164,0.6536,10.3644,2,223,11.6183,10.009345,169,457,
1318,4955,18712,3,False,1,False,1,41,1.0422,0.0157,1.0087,10.5235,2,51,12.6065,10.007067,315,725,
1319,4956,18715,3,False,1,False,1,30,1.3308,0.0157,1.1543,10.5151,2,312,13.0321,10.012986,157,431,
1320,4957,18715,4,False,1,False,1,30,0.5831,0.0171,0.2972,10.3223,2,307,11.2226,10.007081,136,385,
1321,4958,18720,3,False,1,False,1,39,7.5892,0.0161,8.1554,10.3646,2,296,26.1435,10.119471,175,399,
1322,4959,18721,3,False,1,False,1,35,8.6012,0.0262,7.2967,10.6874,2,305,26.6376,10.002233,174,464,
1323,4960,18722,3,False,1,False,1,33,3.4154,0.0163,3.9253,10.3907,2,292,17.7689,10.001737,226,557,
1324,4961,18723,3,False,1,False,1,31,4.9028,0.0274,4.5132,10.4781,2,280,19.944,10.021199,229,568,
1325,4962,18728,4,False,1,False,1,18,2.8886,0.0,2.9255,10.3091,2,343,16.1458,10.001924,352,736,
1326,4963,18729,3,False,1,False,1,51,4.4981,0.0158,4.5053,10.1609,2,324,19.2025,10.034468,350,758,
1327,4964,18730,4,False,1,False,1,64,3.5108,0.0,3.596,11.0145,2,329,18.1436,10.036627,349,761,
1328,4965,18731,3,False,1,False,1,14,4.7881,0.0,5.1003,10.2406,2,324,20.151,10.01021,359,777,
1329,4966,18731,4,False,1,False,1,106,7.9484,0.0,3.646,11.6379,2,287,23.2359,10.017799,338,769,
1330,4969,18735,4,False,1,False,1,106,0.9633,0.0,0.5623,11.6565,2,309,13.2039,10.006514,330,764,
1331,4970,18737,3,False,1,False,1,64,7.5753,0.0,0.0,1.7258,,0,19.3268,10.006009,344,747,AI solve exceeded 10.00s
1332,4972,18751,4,False,1,False,1,32,3.9461,0.0255,4.7496,10.3797,2,139,19.1305,10.002815,325,781,
1333,4973,18752,3,False,1,False,1,34,4.3634,0.0269,4.316,10.9778,2,183,19.7137,10.008696,351,767,
1334,4975,18754,3,False,1,False,1,18,9.2393,0.0,9.5795,10.4947,2,178,29.3518,10.009212,355,745,
1335,4977,18762,3,False,1,False,1,17,2.7918,0.0541,2.894,10.5357,2,174,16.3135,10.028013,353,753,
1336,4979,18767,3,False,1,False,1,75,1.1468,0.0269,1.3276,12.0564,2,149,14.5955,10.007478,352,775,
1337,4980,18769,3,False,1,False,1,56,1.1332,0.0265,1.1438,11.5357,2,151,13.8759,10.086256,273,632,
1338,4981,18770,3,False,1,False,1,46,1.413,0.0259,1.1458,11.2195,2,140,13.8418,10.000257,350,770,
1339,4982,18771,4,False,1,False,1,8,6.524,0.0,6.5603,10.242,2,168,23.3636,10.0122,362,787,
1340,4983,18780,4,False,1,False,1,15,6.4433,0.0,6.4122,10.4371,2,168,23.3313,10.00092,366,789,
1341,4984,18781,3,False,1,False,1,46,1.3282,0.0278,1.3535,11.2659,2,150,14.013,10.00643,362,794,
1342,4985,18786,4,False,1,False,1,31,3.4726,0.0268,3.1106,10.3709,2,143,17.0174,10.001477,344,827,
1343,4986,18792,4,False,1,False,1,28,9.2586,0.0,8.622,10.767,2,161,28.691,10.0071,360,781,
1344,4987,18794,4,False,1,False,1,32,8.7765,0.0,8.5653,10.9214,2,169,28.3082,10.001004,373,802,
1345,4988,18795,4,False,1,False,1,27,4.2935,0.0,3.7327,10.4309,2,317,18.4983,10.008082,378,820,
1346,4989,18796,4,False,1,False,1,22,4.5891,0.0,3.7971,10.3968,2,319,18.81,10.001961,367,799,
1347,4990,18797,3,False,1,False,1,21,8.8785,0.0168,0.0,0.1096,,0,19.0293,10.007418,385,787,AI solve exceeded 10.00s
1348,4991,18798,3,False,1,False,1,12,3.3122,0.0,5.3501,10.2321,2,184,18.9248,10.0045,399,819,
1349,4992,18799,4,False,1,False,1,25,6.3649,0.0269,6.1979,10.1972,2,176,22.8193,10.016665,399,819,
1350,4994,18807,3,False,1,False,1,21,7.9997,0.0257,7.9156,10.3262,2,105,26.279,10.023758,194,487,
1351,4995,18808,4,False,1,False,1,20,5.3438,0.0,4.8563,10.6166,2,166,20.8285,10.001187,384,824,
1352,4996,18810,4,False,1,False,1,16,5.6713,0.026,6.1591,10.2001,2,234,22.0687,10.011123,388,829,
1353,4999,18831,3,False,1,False,1,16,1.6912,0.0157,1.5373,10.2555,2,285,13.503,10.003592,392,815,
1354,5003,18850,3,False,1,False,1,22,7.241,0.0257,4.7547,10.0293,2,325,22.0949,10.001897,133,299,
1355,5004,18851,4,False,1,False,1,32,2.849,0.0,2.6645,10.5388,2,299,16.0838,10.003449,198,448,
1356,5005,18856,3,False,1,False,1,47,0.7043,0.0156,0.5378,10.6429,2,346,11.9351,10.021493,112,302,
1357,5006,18858,4,False,1,False,1,8,2.3018,0.0,1.3149,10.1989,2,315,13.8513,10.019906,111,307,
1358,5007,18859,3,False,1,False,1,52,2.2229,0.0164,2.2431,10.0704,2,326,14.5646,10.070471,120,287,
1359,5029,18914,4,False,1,False,1,17,1.0892,0.0152,1.0927,10.067,2,325,12.2773,10.009397,127,308,
1360,5030,18917,3,False,1,False,1,14,1.1153,0.0159,1.1084,10.2171,2,333,12.4698,10.07323,133,291,
1361,5031,18918,4,False,1,False,1,35,4.3806,0.0,4.2142,10.5702,2,327,19.1858,10.020919,128,294,
1362,5033,18923,4,True,1,True,1,26,0.9286,0.0158,0.0,0.228,1,0,1.1857,10.006995,122,313,
1363,5034,18927,4,True,1,True,1,28,8.9371,0.0158,0.0,0.2698,1,0,9.2342,10.081126,126,313,
1364,5059,19035,4,True,1,False,1,55,1.0283,0.0161,0.9878,9.2383,1,277,11.2872,10.02384,127,314,
1365,5060,19037,4,False,1,False,1,54,1.0348,0.0159,1.0425,10.6891,2,313,12.7992,10.030065,122,304,
1366,5061,19040,4,False,1,False,1,52,1.032,0.0162,1.016,10.6735,2,338,12.7544,10.018073,121,307,
1367,5062,19041,4,False,1,False,1,48,0.9935,0.0158,1.0495,10.6167,2,315,12.6922,10.019985,116,311,
1368,5063,19042,3,False,1,False,1,50,1.8679,0.0156,1.8118,10.7194,2,338,14.4312,10.021412,116,312,
1369,5064,19044,3,False,1,False,1,46,1.8884,0.0161,1.8879,10.6354,2,317,14.4439,10.027765,112,305,
1370,5065,19045,4,False,1,False,1,48,1.0284,0.016,1.0306,10.6098,2,200,12.7015,10.005808,118,312,
1371,5066,19046,3,False,1,False,1,43,4.7864,0.0261,3.3526,10.8855,2,218,19.077,10.011593,114,316,
1372,5067,19047,3,False,1,False,1,44,2.3999,0.0156,2.0971,10.5317,2,324,15.0696,10.013196,114,317,
1373,5068,19047,4,False,1,False,1,44,1.0264,0.0158,1.0202,10.5608,2,321,12.626,10.000819,111,312,
1374,5069,19049,3,False,1,False,1,42,2.117,0.016,2.2063,10.5231,2,106,14.8793,10.028578,106,304,
1375,5070,19049,4,False,1,False,1,42,1.61,0.0272,2.3909,10.9202,2,57,14.9529,10.008757,110,308,
1376,5071,19054,3,False,1,False,1,35,4.754,0.0264,4.763,10.6981,2,209,20.2678,10.02337,68,239,
1377,5072,19055,4,False,1,False,1,36,2.201,0.0158,2.176,10.4287,2,244,14.8385,10.008993,190,475,
1378,5073,19058,3,False,1,False,1,30,3.1446,0.0168,4.1649,10.33,2,234,17.6852,10.023064,272,650,
1379,5074,19067,3,False,1,False,1,55,1.0515,0.0312,1.0486,10.8807,2,157,13.0344,10.107495,232,551,
1380,5075,19069,3,False,1,False,1,46,2.7599,0.051,1.5111,11.2023,2,249,15.5614,10.072382,124,317,
1381,5076,19071,4,False,1,False,1,44,7.2757,0.0149,6.0054,10.0254,2,331,23.3561,10.044112,253,561,
1382,5077,19085,4,False,1,False,1,8,2.5644,0.0,2.6017,10.1413,2,331,15.3297,10.036603,282,618,
1383,5078,19087,4,False,1,False,1,8,2.553,0.0,2.5683,10.1413,2,192,15.2851,10.041107,203,474,
1384,5079,19090,4,False,1,False,1,8,2.5722,0.0,2.6331,10.1361,2,228,15.364,10.023497,123,306,
1385,5080,19095,4,False,1,False,1,15,6.3966,0.0,4.2168,10.4102,2,312,21.0599,10.006763,122,302,
1386,5081,19096,3,False,1,False,1,75,0.6242,0.0156,0.6648,11.201,2,305,12.5283,10.022719,116,306,
1387,5082,19096,4,False,1,False,1,15,2.9583,0.0,2.5908,10.2473,2,281,15.7995,10.05181,122,301,
1388,5083,19097,3,False,1,False,1,55,0.9103,0.0159,0.5902,10.992,2,308,12.5433,10.005621,105,307,
1389,5084,19098,3,False,1,False,1,56,1.035,0.0163,0.5723,10.8615,2,314,12.5074,10.003335,244,572,
1390,5085,19099,4,False,1,False,1,15,2.8282,0.0,2.5496,10.2621,2,336,15.6623,10.001247,301,662,
1391,5086,19100,4,False,1,False,1,15,2.5583,0.0,2.5457,10.2595,2,337,15.3855,10.004637,312,678,
1392,5087,19102,3,False,1,False,1,24,1.1139,0.0168,0.5956,10.4224,2,215,12.1715,10.050426,152,396,
1393,5088,19103,3,False,1,False,1,18,3.4887,0.0,3.4899,10.3462,2,350,17.3467,10.017538,229,483,
1394,5089,19107,3,False,1,False,1,55,1.3223,0.0317,1.1892,10.8716,2,212,13.4372,10.029602,215,523,
1395,5090,19111,3,False,1,False,1,17,1.0453,0.0315,1.0286,10.2745,2,308,12.4034,10.003954,265,576,
1396,5091,19113,3,False,1,False,1,64,4.9271,0.0,4.1654,11.0379,2,332,20.1529,10.008906,292,655,
1397,5093,19117,3,False,1,False,1,55,1.3324,0.0298,1.3521,10.8479,2,309,13.5848,10.009601,232,547,
1398,5094,19120,3,False,1,False,1,46,1.3511,0.0317,1.356,10.7396,2,271,13.5016,10.035687,298,670,
1399,5095,19120,4,False,1,False,1,15,9.7924,0.0,6.8899,10.2727,2,335,26.9579,10.002186,190,440,
1400,5096,19125,4,False,1,False,1,14,2.8248,0.0,2.5007,10.2359,2,334,15.5962,10.007665,123,303,
1401,5097,19127,3,False,1,False,1,55,0.5306,0.0161,0.5427,10.8815,2,288,11.9932,10.292531,104,293,
1402,5098,19130,3,False,1,False,1,46,1.1633,0.0274,1.171,11.2585,2,150,13.6569,10.042614,121,313,
1403,5099,19131,3,False,1,False,1,17,2.1381,0.0262,1.1562,10.4864,2,180,13.844,10.044811,122,296,
1404,5101,19136,4,False,1,False,1,15,2.5531,0.0,2.6842,10.2824,2,334,15.542,10.009744,266,586,
1405,5102,19137,4,False,1,False,1,15,2.6885,0.0,3.6476,10.2502,2,271,16.6089,10.01505,231,522,
1406,5103,19138,4,False,1,False,1,15,2.7134,0.0,2.6745,10.2447,2,329,15.6548,10.00649,294,648,
1407,5104,19140,4,False,1,False,1,15,2.7428,0.0,2.7427,10.2587,2,342,15.7667,10.005999,276,609,
1408,5105,19141,4,False,1,False,1,15,2.72,0.0,2.6907,10.2583,2,313,15.6911,10.006313,307,672,
1409,5106,19142,3,False,1,False,1,24,1.0071,0.0159,0.8118,10.4668,2,199,12.3237,10.005243,126,340,
1410,5108,19148,4,False,1,False,1,42,0.9981,0.0,1.2516,11.1542,2,184,13.4282,10.044748,237,532,
1411,5109,19152,3,False,1,False,1,19,3.7002,0.0265,4.0591,11.0314,2,188,18.8479,10.001402,279,599,
1412,5112,19159,3,False,1,False,1,31,3.2814,0.0254,3.3354,10.8904,2,188,17.578,10.469481,261,544,
1413,5113,19160,3,False,1,False,1,20,1.8056,0.0,1.7176,10.5628,2,163,14.1259,10.009098,232,538,
1414,5114,19161,4,False,1,False,1,0,0.0,0.0,0.0,0.0,0,0,20.0334,10.018075,294,610,AI solve exceeded 10.00s
1415,5115,19162,3,False,1,False,1,0,0.0,0.0,0.0,0.0,0,0,20.033,10.010913,136,290,AI solve exceeded 10.00s
1416,5116,19162,4,False,1,False,1,6,5.2421,0.0,5.5266,10.1101,2,276,20.8818,10.0256,135,285,
1417,5117,19163,4,False,1,False,1,9,5.1819,0.0,6.5034,10.2838,2,276,21.9933,10.010088,129,281,
1418,5119,19172,3,False,1,False,1,35,0.5474,0.0164,0.7734,10.3675,2,323,11.7259,10.018564,128,286,
1419,5121,19193,3,False,1,False,1,4,1.3387,0.0161,1.2684,10.0553,2,327,12.682,10.000198,128,297,
1420,5122,19203,3,False,1,False,1,8,1.6151,0.0158,1.5537,10.0199,2,346,13.2367,10.004568,117,320,
1421,5123,19208,3,False,1,False,1,25,2.2157,0.0,0.6594,10.4003,2,326,13.3085,10.013801,118,318,
1422,5124,19212,3,False,1,False,1,38,0.3985,0.0159,0.5132,10.2621,2,326,11.2263,10.231291,118,302,
1423,5126,19215,4,False,1,False,1,52,4.0381,0.0157,4.0092,10.0585,2,324,18.1335,10.008852,277,598,
1424,5184,19325,4,True,1,True,1,23,5.9518,0.0157,0.0,0.0304,1,0,6.0164,10.023382,161,348,
1425,5188,19332,3,True,1,True,1,33,8.0509,0.0157,0.0,0.2779,1,0,8.3946,10.012447,226,483,
1426,5189,19335,3,False,1,False,1,32,8.074,0.0,7.886,10.4974,2,330,26.5075,10.003737,311,662,
1427,5190,19337,4,False,1,False,1,32,1.5987,0.0,2.3276,10.7553,2,341,14.712,10.012399,317,667,
1428,5194,19348,3,True,1,True,1,33,1.2467,0.0159,0.0,0.352,1,0,1.6278,10.00874,315,675,
1429,5195,19348,4,False,1,False,1,24,0.8729,0.0155,0.8728,10.0379,2,335,11.8022,10.031196,278,598,
1430,5196,19349,4,False,1,False,1,50,4.4444,0.0,4.2541,10.7991,2,321,19.5185,10.01664,261,597,
1431,5216,19458,4,False,1,False,1,34,4.7832,0.0161,4.9047,10.3983,2,310,20.1322,10.011697,230,579,
1432,5218,19460,4,False,1,False,1,44,1.4396,0.0,1.3548,10.6832,2,330,13.4951,10.015801,272,595,
1433,5221,19465,3,False,1,False,1,75,7.8412,0.0162,7.5334,11.1074,2,321,26.5238,10.018227,292,655,
1434,5222,19476,3,False,1,False,1,0,0.0,0.0,0.0,0.0,0,0,20.0308,10.004193,303,673,AI solve exceeded 10.00s
1435,5223,19478,3,False,1,False,1,0,0.0,0.0,0.0,0.0,0,0,20.0316,10.02128,205,501,AI solve exceeded 10.00s
1436,5224,19479,3,False,1,False,1,0,0.0,0.0,0.0,0.0,0,0,20.031,10.043258,191,472,AI solve exceeded 10.00s
1437,5225,19483,3,False,1,False,1,0,0.0,0.0,0.0,0.0,0,0,20.0304,10.05454,138,368,AI solve exceeded 10.00s
1438,5227,19486,4,False,1,False,1,64,2.7901,0.0,5.0319,11.0369,2,309,18.8814,10.004901,225,519,
1439,5228,19489,3,False,1,False,1,73,1.2896,0.0321,1.3938,11.1392,2,314,13.8773,10.006966,306,683,
1440,5229,19489,4,False,1,False,1,65,5.7501,0.0,5.5429,11.029,2,330,22.3249,10.002387,298,653,
1441,5230,19491,3,False,1,False,1,55,1.0101,0.0311,1.0094,10.8469,2,314,12.9199,10.013497,244,584,
1442,5231,19491,4,False,1,False,1,44,5.1437,0.0,5.75,10.6925,2,348,21.5891,10.005944,307,655,
1443,5232,19495,3,False,1,False,1,17,1.0268,0.0312,1.0697,10.2755,2,344,12.4255,10.004077,311,663,
1444,5234,19499,3,False,1,False,1,73,1.3636,0.0314,1.3757,11.114,2,335,13.9071,10.001392,250,572,
1445,5235,19500,4,False,1,False,1,15,4.3805,0.0,5.5872,10.2412,2,331,20.2314,10.007522,236,532,
1446,5236,19501,4,False,1,False,1,15,5.6164,0.0,5.6367,10.2554,2,331,21.5312,10.010304,309,685,
1447,5239,19512,3,False,1,False,1,56,0.4988,0.0159,0.5973,10.8484,2,311,11.9829,10.013938,245,586,
1448,5240,19514,4,False,1,False,1,8,2.6207,0.0,2.6316,10.141,2,331,15.4156,10.001839,314,685,
1449,5241,19524,4,False,1,False,1,15,2.4808,0.0,2.5347,10.2447,2,337,15.2823,10.006886,316,690,
1450,5242,19526,4,False,1,False,1,15,2.4627,0.0,2.4081,10.2428,2,337,15.1359,10.000063,292,653,
1451,5244,19533,4,False,1,False,1,11,1.4537,0.0,1.0601,10.2087,2,335,12.7545,10.044391,287,586,
1452,5245,19534,3,False,1,False,1,24,2.7811,0.0153,2.7958,10.0792,2,336,15.6953,10.037595,263,545,
1453,5246,19539,3,False,1,False,1,29,4.6787,0.0159,4.7421,10.3342,2,257,19.8061,10.010731,274,688,
1454,5247,19539,4,False,1,False,1,16,1.2117,0.0,1.1761,10.2891,2,329,12.6799,10.008078,279,582,
1455,5248,19540,4,False,1,False,1,14,4.7014,0.0,4.5059,10.2359,2,338,19.4787,10.029479,296,608,
1456,5249,19544,4,False,1,False,1,12,1.5753,0.0,1.5609,10.1968,2,341,13.3686,10.018703,325,667,
1457,5250,19546,3,False,1,False,1,3,6.6773,0.0,6.5689,10.0613,2,332,23.3287,10.016866,324,670,
1458,5251,19546,4,False,1,False,1,12,4.0109,0.0,3.2081,10.2046,2,332,17.4267,10.017689,325,665,
1459,5252,19547,4,False,1,False,1,21,3.7654,0.0164,3.7072,10.1189,2,336,17.6295,10.002339,320,658,
1460,5253,19548,4,False,1,False,1,21,2.5792,0.0162,2.8392,10.1132,2,289,15.5686,10.005355,326,677,
1461,5254,19549,4,False,1,False,1,0,0.0,0.0,9.6339,10.0046,2,326,29.6602,10.006,323,665,AI solve exceeded 10.00s
1462,5262,19576,3,True,1,True,1,7,0.7774,0.0163,0.0,0.081,1,0,0.8776,10.003788,277,620,
1463,5263,19576,4,False,1,False,1,17,0.7366,0.0161,1.3427,10.2298,2,342,12.3282,10.002075,305,639,
1464,5265,19578,3,False,1,False,1,28,1.6087,0.0159,1.3202,10.4218,2,325,13.3702,10.000859,321,677,
1465,5271,19591,3,False,1,False,1,51,0.4269,0.0152,0.5533,10.2095,2,253,11.2464,10.007154,309,702,
1466,5273,19593,3,False,1,False,1,40,2.0051,0.026,3.2485,10.5035,2,308,15.8275,10.006801,308,683,
1467,5274,19594,4,False,1,False,1,18,1.4009,0.0,1.3685,10.351,2,339,13.1635,10.000101,308,638,
1468,5303,19651,4,False,1,False,1,29,5.2384,0.0,0.0,0.4532,,0,15.7216,10.004209,302,655,AI solve exceeded 10.00s
1469,5304,19652,3,False,1,False,1,0,0.0,0.0,9.5277,10.0259,2,332,29.5976,10.021316,317,665,AI solve exceeded 10.00s
1470,5305,19654,4,False,1,False,1,21,4.4798,0.0,4.5912,10.3258,2,328,19.4242,10.019251,313,657,
1471,5306,19655,3,False,1,False,1,19,7.8167,0.0159,0.0,0.294,,0,18.1555,10.001914,312,664,AI solve exceeded 10.00s
1472,5307,19655,4,False,1,False,1,21,5.3137,0.0,6.3143,10.3801,2,305,22.011,10.005028,305,647,
1473,5308,19658,3,False,1,False,1,28,2.3514,0.0,2.1688,10.431,2,298,15.0061,10.007352,290,617,
1474,5309,19658,4,False,1,False,1,0,0.0,0.0,0.0,0.0,0,0,20.006,10.031723,311,649,AI solve exceeded 10.00s
1475,5310,19660,4,False,1,False,1,0,0.0,0.0,0.0,0.0,0,0,20.0838,10.022606,204,443,AI solve exceeded 10.00s
1476,5313,19666,3,False,1,False,1,16,2.6928,0.0264,2.691,10.436,2,172,15.8673,10.002598,137,304,
1477,5316,19669,4,False,1,False,1,14,3.7492,0.0,3.9081,10.3876,2,172,18.076,10.000167,251,529,
1478,5317,19670,4,False,1,False,1,14,1.4127,0.0,1.4001,10.3985,2,172,13.2484,10.007793,276,582,
1479,5322,19683,3,False,1,False,1,24,1.5191,0.0159,1.806,10.3676,2,337,13.7462,10.027635,284,597,
1480,5323,19683,4,False,1,False,1,27,9.8859,0.0,9.8709,10.4315,2,334,30.1913,10.103787,227,479,
1481,5336,19776,3,False,1,False,1,68,7.6208,0.0152,7.5804,10.8104,2,244,26.0577,10.003541,97,297,
1482,5337,19776,4,False,1,False,1,15,0.4275,0.0,0.4226,10.2382,2,318,11.0911,10.018259,124,350,
1483,5341,19781,3,False,1,False,1,73,2.8096,0.0159,8.2599,11.1168,2,335,22.2279,10.029699,136,342,
1484,5342,19782,4,False,1,False,1,60,8.1779,0.0,8.3203,10.9541,2,342,27.4781,10.008496,140,336,
1485,5343,19785,4,False,1,False,1,32,0.904,0.0,8.1972,10.5036,2,331,19.6302,10.004438,140,339,
1486,5344,19787,3,False,1,False,1,17,8.0952,0.0159,8.3113,10.2191,2,337,26.6675,10.002979,142,323,
1487,5345,19787,4,False,1,False,1,27,0.9219,0.0,8.2037,10.4333,2,335,19.562,10.013952,140,342,
1488,5346,19793,3,False,1,False,1,29,1.2705,0.0162,0.9786,10.1642,2,313,12.4571,10.053465,214,547,
1489,5347,19795,4,False,1,False,1,11,3.4875,0.0,3.7196,10.1946,2,344,17.4308,10.017745,205,429,
1490,5348,19797,3,False,1,False,1,9,4.0783,0.0,3.9781,10.1578,2,349,18.2462,10.007848,224,468,
1491,5349,19801,4,False,1,False,1,23,2.921,0.0,2.8624,10.5456,2,346,16.3731,10.003128,238,510,
1492,5350,19802,4,False,1,False,1,24,4.6192,0.0,4.6928,10.3943,2,342,19.7503,10.007503,339,709,
1493,5351,19810,4,False,1,False,1,15,5.2869,0.0162,5.8029,10.0214,2,344,21.1631,10.008391,310,637,
1494,5352,19812,4,False,1,False,1,10,4.9063,0.0,4.4579,10.181,2,347,19.5803,10.000701,341,694,
1495,5353,19814,3,False,1,False,1,11,5.2208,0.0,5.5627,10.186,2,341,21.0048,10.017738,336,694,
1496,5354,19818,4,False,1,False,1,24,1.1849,0.0159,1.3625,10.0884,2,347,12.6792,10.016724,332,683,
1497,5356,19831,3,False,1,False,1,39,0.5283,0.0163,0.8558,10.387,2,344,11.8086,10.006017,337,703,
1498,5362,19863,3,False,1,False,1,7,0.5807,0.0,0.5733,10.1176,2,338,11.3227,10.000832,345,756,
1499,5363,19863,4,False,1,False,1,54,1.9161,0.0166,1.9059,10.0187,2,356,13.8603,10.01163,356,735,
1500,5364,19864,3,False,1,False,1,7,0.9475,0.0,0.9817,10.1164,2,328,12.0879,10.134729,354,757,
1501,5365,19866,3,True,1,True,1,33,3.6062,0.0158,0.0,0.2332,1,0,3.8682,10.002359,336,722,
1502,5439,20060,4,False,1,False,1,28,2.2263,0.0,2.2558,10.4348,2,337,14.9679,10.007667,355,747,
1503,5440,20066,3,False,1,False,1,25,2.3401,0.0158,2.2825,10.3948,2,349,15.0862,10.002273,364,774,
1504,5441,20068,3,False,1,False,1,0,0.0,0.0,0.0,0.0,0,0,20.0556,10.008211,363,759,AI solve exceeded 10.00s
1505,5442,20070,3,False,1,False,1,0,0.0,0.0,0.0,0.0,0,0,20.0504,10.000099,357,757,AI solve exceeded 10.00s
1506,5443,20070,4,False,1,False,1,23,1.3568,0.0,1.3504,10.3953,2,346,13.1054,10.001261,362,763,
1507,5449,20087,4,False,1,False,1,35,0.6833,0.0,0.6827,10.5643,2,337,11.952,10.006827,357,758,
1508,5457,20104,4,False,1,False,1,24,1.1244,0.0,1.4048,10.3727,2,342,12.9294,10.005107,357,749,
1509,5474,20193,3,False,1,False,1,35,1.4003,0.0158,0.9784,10.3908,2,252,12.8196,10.000267,206,511,
1510,5475,20193,4,False,1,False,1,0,0.0,0.0,0.0,0.0,0,0,20.0071,10.040482,206,506,AI solve exceeded 10.00s
1511,5479,20201,4,False,1,False,1,46,0.6039,0.0156,0.6289,10.4859,2,319,11.7709,10.005134,356,779,
1512,5480,20208,4,False,1,False,1,31,3.9404,0.0154,3.5212,10.169,2,351,17.675,10.007801,362,753,
1513,5481,20210,3,False,1,False,1,14,0.9609,0.0154,0.9977,10.1436,2,357,12.1629,10.004866,357,744,
1514,5482,20211,4,False,1,False,1,13,4.686,0.0,4.7668,10.2122,2,340,19.7111,10.024052,369,751,
1515,5483,20213,4,False,1,False,1,23,0.672,0.0155,0.6625,10.0648,2,349,11.4462,10.00265,363,742,
1516,5484,20214,4,False,1,False,1,16,0.7773,0.0158,1.551,10.0283,2,359,12.4041,10.005615,365,747,
1517,5485,20219,4,False,1,False,1,39,2.7401,0.0155,2.67,10.2698,2,350,15.7545,10.006844,360,760,
1518,5486,20220,3,False,1,False,1,37,1.8732,0.0156,1.7783,10.0203,2,350,13.732,10.003144,369,753,
1519,5487,20222,4,False,1,False,1,12,2.7175,0.0,2.6647,10.1936,2,355,15.6037,10.00745,368,756,
1520,5488,20226,4,False,1,False,1,22,2.2645,0.0,2.3058,10.3471,2,350,14.9616,10.006513,368,763,
1521,5489,20234,4,False,1,False,1,13,3.4278,0.0,3.5108,10.2168,2,345,17.1761,10.000777,356,745,
1522,5491,20252,4,False,1,False,1,18,1.106,0.0156,0.9496,10.0624,2,341,12.1372,10.008353,355,732,
1523,5492,20254,3,False,1,False,1,3,0.6022,0.0152,1.5001,10.0171,2,341,12.138,10.099514,363,749,
1524,5493,20254,4,False,1,False,1,17,1.0178,0.0162,1.5744,10.229,2,345,12.8405,10.001971,368,764,
1525,5497,20269,4,False,1,False,1,25,3.0501,0.0,2.9864,10.3988,2,342,16.4832,10.001204,367,771,
1526,5499,20272,4,False,1,False,1,29,1.9844,0.0,3.1513,10.4516,2,341,15.6354,10.008128,364,763,
1527,5501,20276,3,False,1,False,1,56,3.2718,0.0155,3.2107,10.0543,2,338,16.5657,10.021538,344,735,
1528,5578,20467,4,False,1,False,1,25,2.1979,0.0154,1.3703,10.3757,2,356,14.0144,10.012599,360,750,
1529,5582,20475,4,True,1,True,1,9,1.4335,0.0157,0.0,0.1048,1,0,1.5994,10.031427,365,762,
1530,5586,20483,4,False,1,False,1,24,4.4116,0.0156,4.0581,10.0962,2,361,18.5943,10.007427,361,752,
1531,5587,20484,4,False,1,False,1,19,4.4571,0.0156,3.9352,10.0488,2,372,18.4696,10.023553,304,640,
1532,5588,20485,4,True,1,True,1,22,1.1117,0.0161,0.0,0.309,1,0,1.4495,10.003153,190,414,
1533,5615,20591,4,False,1,False,1,37,0.9714,0.0155,0.999,10.4049,2,272,12.4265,10.015415,144,388,
1534,5616,20593,3,False,1,False,1,17,2.1738,0.0,2.3475,10.257,2,369,14.8116,10.001335,369,764,
1535,5618,20596,4,False,1,False,1,11,0.3045,0.0,0.0731,10.1803,2,365,10.5951,10.001939,377,776,
1536,5619,20597,3,True,1,True,1,21,0.2148,0.0152,0.0,0.1864,1,0,0.4527,10.012781,374,766,
1537,5621,20599,3,True,1,True,1,19,0.3049,0.0157,0.0,0.2671,1,0,0.6239,10.026419,377,774,
1538,5622,20604,4,False,1,False,1,60,1.5312,0.0,1.5305,10.9061,2,367,14.0032,10.000929,381,818,
1539,5623,20605,3,False,1,False,1,68,1.5268,0.0156,1.5551,10.9103,2,303,14.0438,10.013092,376,813,
1540,5624,20606,3,False,1,False,1,51,1.5555,0.0156,1.5201,10.6789,2,339,13.8069,10.024136,281,652,
1541,5625,20606,4,False,1,False,1,27,1.5944,0.0,1.5599,10.4184,2,365,13.5755,10.014809,123,309,
1542,5626,20608,4,False,1,False,1,32,1.5724,0.0,1.598,10.4798,2,367,13.686,10.009375,124,303,
1543,5627,20609,3,False,1,False,1,56,1.5242,0.0155,1.515,10.767,2,209,13.8574,10.011292,96,276,
1544,5628,20609,4,False,1,False,1,32,1.5824,0.0,1.5349,10.5068,2,365,13.627,10.001759,271,604,
1545,5629,20610,3,False,1,False,1,38,1.6696,0.0156,1.6666,10.4655,2,363,13.8533,10.002023,245,562,
1546,5630,20614,4,False,1,False,1,33,2.8159,0.0153,1.051,10.1939,2,348,14.1039,10.057881,112,345,
1547,5631,20621,4,False,1,False,1,13,0.8765,0.0,0.9712,10.2052,2,369,12.098,10.070895,145,311,
1548,5632,20623,4,False,1,False,1,14,2.3548,0.0,2.3274,10.2189,2,366,14.9358,10.019007,146,307,
1549,5633,20628,4,False,1,False,1,12,0.7555,0.0,1.2657,10.1975,2,367,12.2539,10.076887,144,298,
1550,5634,20629,4,False,1,False,1,13,1.911,0.0,0.9498,10.2078,2,372,13.1035,10.031211,137,295,
1551,5635,20630,3,False,1,False,1,12,6.3616,0.0,6.4664,10.2101,2,373,23.0732,10.023418,135,289,
1552,5636,20634,4,False,1,False,1,12,6.5774,0.0,6.5479,10.1928,2,374,23.3531,10.027544,135,286,
1553,5637,20639,4,False,1,False,1,18,2.1248,0.0,1.9518,10.2896,2,370,14.4346,10.021535,140,302,
1554,5638,20641,3,False,1,False,1,11,3.2844,0.0,3.3284,10.1932,2,366,16.8356,10.027517,143,303,
1555,5645,20677,4,False,1,False,1,51,0.6846,0.0154,0.6435,10.3022,2,384,11.7102,10.19914,140,308,
1556,5646,20679,4,False,1,False,1,52,0.4237,0.0154,0.4243,10.0155,2,358,10.951,10.014102,125,318,
1557,5647,20680,4,False,1,False,1,19,0.6155,0.0,0.6188,10.3095,2,381,11.5982,10.008885,127,325,
1558,5777,21037,4,False,1,False,1,0,0.0,0.0,0.0,0.0,0,0,20.0395,10.064227,113,318,AI solve exceeded 10.00s
1559,5778,21038,4,False,1,False,1,0,0.0,0.0,0.0,0.0,0,0,20.0412,10.025949,104,299,AI solve exceeded 10.00s
1560,5779,21039,3,False,1,False,1,37,0.2912,0.0156,0.1627,10.2861,2,343,10.7921,10.008286,127,373,
1561,5780,21040,4,False,1,False,1,35,0.2422,0.0156,0.0906,10.2746,2,272,10.6593,10.00002,86,260,
1562,5781,21044,4,False,1,False,1,20,5.5868,0.0,5.5136,10.3259,2,373,21.4637,10.002892,287,599,
1563,5784,21054,4,False,1,False,1,44,1.2507,0.0,1.2051,10.6841,2,378,13.1584,10.02651,264,579,
1564,5786,21059,4,False,1,False,1,51,0.6029,0.0155,0.5714,10.4098,2,339,11.6367,10.075597,212,512,
1565,5787,21060,3,False,1,False,1,28,0.4802,0.0,0.6098,10.4303,2,365,11.5586,10.000401,284,631,
1566,5788,21063,3,False,1,False,1,27,0.4806,0.0,0.4863,10.4153,2,366,11.4196,10.01661,140,342,
1567,5789,21065,4,False,1,False,1,6,4.3163,0.0153,4.5644,10.0947,2,367,19.0144,10.007705,207,460,
1568,5790,21067,4,False,1,False,1,31,4.5986,0.0152,4.6744,10.1512,2,347,19.4637,10.000063,268,655,
1569,5791,21068,3,False,1,False,1,34,0.2481,0.0152,0.0429,10.5113,2,343,10.8416,10.003283,208,549,
1570,5792,21071,3,False,1,False,1,23,0.8608,0.0,0.8999,10.356,2,347,12.159,10.013759,251,627,
1571,5794,21076,3,False,1,False,1,35,5.038,0.0153,5.0652,10.1002,2,375,20.2775,10.009268,303,630,
1572,5795,21077,3,False,1,False,1,32,4.9512,0.0148,4.7706,10.0471,2,375,19.8475,10.002117,299,623,
1573,5796,21084,3,False,1,False,1,29,0.4678,0.0153,0.7619,10.2283,2,363,11.4946,10.003406,306,645,
1574,5797,21084,4,False,1,False,1,4,1.7826,0.0,1.7697,10.0715,2,362,13.6267,10.010179,297,639,
1575,5803,21106,4,False,1,False,1,33,1.0119,0.0,0.9718,10.504,2,355,12.4956,10.020839,298,661,
1576,5804,21119,4,False,1,False,1,7,0.5581,0.0,0.411,10.1138,2,359,11.1524,10.010187,298,666,
1577,5805,21120,4,False,1,False,1,17,0.8984,0.0,0.7038,10.338,2,375,12.0141,10.018698,115,307,
1578,5806,21127,3,False,1,False,1,62,4.0655,0.015,3.9346,10.1329,2,372,18.2038,10.105669,135,288,
1579,5811,21138,3,False,1,False,1,17,4.4029,0.0,4.3305,10.2646,2,376,19.077,10.016552,132,287,
1580,5812,21142,4,False,1,False,1,16,1.9897,0.0,1.8438,10.2617,2,374,14.1446,10.08618,131,296,
1581,5814,21143,4,False,1,False,1,16,1.9802,0.0,2.0477,10.255,2,382,14.3319,10.001952,128,293,
1582,5837,21192,4,False,1,False,1,14,2.595,0.0,2.8692,10.2278,2,381,15.7365,10.023015,253,535,
1583,5912,21360,4,False,1,False,1,23,9.8363,0.0155,9.743,10.3184,2,384,29.9721,10.006474,300,629,
1584,5913,21363,3,True,1,True,1,9,8.9721,0.0149,0.0,0.0897,1,0,9.1304,10.01959,302,641,
1585,5943,21476,3,False,1,False,1,22,0.4353,0.0,1.9376,10.3373,2,366,12.7459,10.047452,295,659,
1586,5944,21480,4,False,1,False,1,12,4.448,0.0,4.3325,10.2031,2,387,19.0178,10.025185,315,653,
1587,5946,21486,4,True,1,True,1,38,0.3133,0.0151,0.0,0.0727,1,0,0.4469,10.026752,308,642,
1588,5948,21493,4,False,1,False,1,39,1.0148,0.0156,2.2256,10.243,2,379,13.544,10.017294,305,675,
1589,5949,21494,3,False,1,False,1,44,2.1555,0.0154,2.1723,10.3164,2,311,14.6978,10.033437,286,642,
1590,5950,21494,4,False,1,False,1,37,1.0916,0.0,0.5436,10.5754,2,337,12.3389,10.009532,307,676,
1591,5952,21500,4,False,1,False,1,35,0.7116,0.0,0.6198,10.6005,2,334,11.9706,10.018176,291,639,
1592,5953,21502,4,False,1,False,1,26,0.6457,0.0,0.6976,10.4345,2,331,11.8167,10.006956,297,658,
1593,5955,21504,4,False,1,False,1,14,1.2553,0.0,2.0616,10.3321,2,332,13.6959,10.031498,300,663,
1594,5956,21505,3,False,1,False,1,43,2.6281,0.0161,2.4767,10.3127,2,298,15.4731,10.002701,300,638,
1595,5957,21505,4,False,1,False,1,20,0.537,0.0,1.1317,10.3275,2,341,11.9997,10.000153,302,636,
1596,5959,21507,3,False,1,False,1,45,0.8294,0.0157,0.8351,10.6507,2,325,12.3697,10.027905,285,646,
1597,5960,21508,4,False,1,False,1,22,0.7135,0.0,0.7714,10.3437,2,333,11.8675,10.008347,302,667,
1598,5961,21509,3,False,1,False,1,27,0.3316,0.0,0.1114,10.4199,2,314,10.886,10.048749,282,659,
1599,5962,21509,4,False,1,False,1,20,5.4389,0.0159,5.5103,10.2815,2,325,21.2496,10.0034,273,625,
1600,5963,21510,3,False,1,False,1,23,7.1524,0.0155,7.3774,10.3576,2,204,24.9257,10.001341,222,563,
1601,5964,21512,4,False,1,False,1,28,8.1967,0.0159,5.5106,10.2687,2,235,24.027,10.000697,260,636,
1602,5965,21513,3,False,1,False,1,31,5.2179,0.0287,4.6167,10.2642,2,146,20.1653,10.019137,260,636,
1603,5966,21514,3,False,1,False,1,16,4.9719,0.0263,4.9656,10.4161,2,313,20.4186,10.040692,223,481,
1604,5967,21515,3,False,1,False,1,23,1.1991,0.016,1.5142,10.276,2,336,13.0514,10.065752,261,551,
1605,5968,21515,4,False,1,False,1,24,0.9834,0.0,0.9561,10.3949,2,266,12.3372,10.153078,111,330,
1606,5969,21518,3,False,1,False,1,25,0.9752,0.0,1.1788,10.4065,2,336,12.6049,10.001506,308,650,
1607,5970,21526,3,False,1,False,1,18,3.2736,0.0,3.2679,10.307,2,324,16.8862,10.004355,298,617,
1608,5971,21532,3,False,1,False,1,34,0.4956,0.0164,0.4916,10.3403,2,243,11.3661,10.009493,315,669,
1609,5974,21535,3,False,1,False,1,28,2.8806,0.0158,2.9262,10.34,2,296,16.184,10.018463,243,520,
1610,5980,21555,3,False,1,False,1,34,2.8845,0.0,1.283,10.594,2,324,14.7692,10.005472,279,630,
1611,5981,21558,3,False,1,False,1,4,1.1434,0.0,1.3431,10.2016,2,209,12.6965,10.0204,137,313,
1612,5983,21569,3,False,1,False,1,34,0.7396,0.0261,0.8645,10.481,2,182,12.2352,10.077496,262,569,
1613,5984,21570,4,False,1,False,1,17,0.7037,0.0265,0.9527,10.0385,2,158,11.8446,10.006644,287,674,
1614,5985,21571,3,False,1,False,1,23,1.0302,0.0,1.0677,10.6258,2,158,12.8549,10.003359,240,552,
1615,5986,21571,4,False,1,False,1,54,1.0244,0.0264,1.0798,10.5987,2,170,12.7344,10.012061,139,354,
1616,5987,21578,4,False,1,False,1,19,0.59,0.0,0.5589,10.3142,2,251,11.5412,10.025552,131,292,
1617,5988,21581,3,False,1,False,1,18,1.9865,0.0,0.9936,10.2974,2,335,13.4092,10.022329,130,280,
1618,5990,21583,4,False,1,False,1,18,1.4746,0.0,0.9004,10.2914,2,334,12.7501,10.013644,127,291,
1619,6001,21613,3,False,1,False,1,26,2.1983,0.0,2.1479,10.4272,2,337,14.8253,10.113518,132,293,
1620,6007,21631,3,True,1,True,1,35,3.5991,0.0163,0.0,0.271,1,0,3.8996,10.06557,119,287,
1621,6049,21714,4,False,1,False,1,14,1.699,0.0,1.8784,10.2324,2,342,13.8437,10.021131,300,632,
1622,6084,21786,4,False,1,False,1,18,1.3188,0.0,0.9746,10.3389,2,335,12.6547,10.046995,271,595,
1623,6101,21865,3,False,1,False,1,41,1.1833,0.0165,1.199,10.5448,2,98,12.9826,10.005046,281,657,
1624,6102,21867,4,False,1,False,1,40,0.2832,0.0161,0.1529,10.4733,2,293,10.9647,10.01244,173,463,
1625,6103,21868,4,False,1,False,1,37,0.2844,0.016,0.1277,10.2924,2,211,10.759,10.000083,206,501,
1626,6104,21870,4,False,1,False,1,15,0.4629,0.0,0.5862,10.2368,2,320,11.3094,10.009625,297,652,
1627,6105,21871,3,False,1,False,1,15,0.4478,0.0159,0.6106,10.2298,2,320,11.3277,10.002607,276,632,
1628,6106,21872,3,False,1,False,1,13,0.4719,0.0158,0.6288,10.2029,2,333,11.3436,10.004772,284,597,
1629,6107,21873,3,False,1,False,1,13,0.4717,0.0155,0.4874,10.2348,2,326,11.2333,10.033361,297,627,
1630,6108,21875,3,False,1,False,1,17,0.6433,0.016,0.5045,10.2712,2,320,11.4601,10.005361,224,530,
1631,6109,21877,4,False,1,False,1,20,0.6162,0.0,0.48,10.3417,2,320,11.4634,10.011283,291,618,
1632,6115,21889,3,False,1,False,1,17,0.9269,0.0,0.9792,10.2754,2,282,12.2503,10.004415,233,496,
1633,6120,21899,3,False,1,False,1,42,0.7749,0.017,0.7939,10.6544,2,310,12.2799,10.021425,226,531,
1634,6121,21899,4,False,1,False,1,28,3.2286,0.0175,3.16,10.0861,2,181,16.4953,10.097875,83,243,
1635,6122,21900,4,False,1,False,1,78,3.0822,0.0164,3.0608,10.837,2,196,17.0367,10.059157,151,377,
1636,6123,21901,4,False,1,False,1,28,0.7142,0.0,0.8618,10.4648,2,315,12.0811,10.021006,268,599,
1637,6124,21903,3,False,1,False,1,28,1.2996,0.0,1.6864,10.4467,2,290,13.4793,10.006783,294,655,
1638,6125,21905,4,False,1,False,1,43,6.3665,0.0156,7.8189,10.4122,2,254,24.6773,10.035614,261,555,
1639,6126,21907,4,False,1,False,1,27,1.0089,0.016,0.6197,10.3744,2,304,12.0764,10.009714,291,658,
1640,6127,21914,4,False,1,False,1,20,0.6724,0.0277,0.1683,10.4258,2,314,11.3246,10.098533,299,639,
1641,6128,21915,3,False,1,False,1,15,1.6102,0.0156,1.6402,10.2092,2,331,13.4925,10.035933,216,473,
1642,6129,21915,4,False,1,False,1,28,3.2948,0.0155,3.4047,10.1155,2,334,16.8335,10.092724,193,424,
1643,6130,21916,3,False,1,False,1,25,0.8577,0.0,1.3058,10.3982,2,294,12.6043,10.010594,115,345,
1644,6131,21919,3,False,1,False,1,20,1.2509,0.0,0.8967,10.317,2,342,12.5071,10.065753,145,312,
1645,6132,21920,3,False,1,False,1,23,1.1733,0.0162,1.1626,10.2722,2,338,12.6638,10.006613,297,633,
1646,6134,21924,3,False,1,False,1,26,8.1594,0.0,8.5045,10.5672,2,339,27.2922,10.11938,302,631,
1647,6135,21924,4,False,1,False,1,23,1.1395,0.0,1.1495,10.3638,2,304,12.6557,10.020752,228,572,
1648,6136,21925,3,False,1,False,1,25,8.4823,0.0,8.4741,10.4163,2,319,27.4441,10.034861,263,564,
1649,6137,21926,3,False,1,False,1,22,5.5197,0.0,7.1468,10.6114,2,340,23.3927,10.022178,240,512,
1650,6138,21927,4,False,1,False,1,23,1.1757,0.0,1.352,10.3766,2,344,12.9682,10.002194,255,547,
1651,6139,21928,3,False,1,False,1,10,2.3501,0.0,2.2822,10.1673,2,341,14.8397,10.005339,268,556,
1652,6140,21929,4,False,1,False,1,12,2.8436,0.0,2.8172,10.2027,2,252,15.9043,10.000682,196,402,
1653,6141,21932,3,False,1,False,1,10,4.0955,0.0,5.5289,10.2834,2,185,19.9744,10.001506,196,414,
1654,6142,21934,3,False,1,False,1,9,2.3346,0.0,2.2754,10.1541,2,340,14.8327,10.030255,190,392,
1655,6144,21943,4,False,1,False,1,13,2.7305,0.0,2.7687,10.2127,2,321,15.7336,10.020134,215,472,
1656,6145,21951,3,False,1,False,1,22,0.0576,0.0305,0.0002,10.3254,2,180,10.4167,10.235389,152,308,
1657,6147,21971,3,False,1,False,1,56,1.9515,0.0158,1.9862,10.8368,2,326,14.8808,10.004147,127,324,
1658,6148,21972,4,False,1,False,1,59,1.7881,0.0,0.8201,10.9281,2,197,13.6213,10.017046,126,337,
1659,6149,21973,4,False,1,False,1,48,0.8722,0.0,0.8866,10.7355,2,287,12.576,10.170386,144,340,
1660,6151,21979,3,False,1,False,1,15,0.6995,0.016,1.1238,10.1714,2,252,12.0795,10.0056,140,396,
1661,6152,21981,3,False,1,False,1,21,0.4352,0.0,0.481,10.3228,2,268,11.3144,10.018121,309,715,
1662,6154,21988,4,False,1,False,1,48,0.6333,0.0156,0.602,10.169,2,254,11.4936,10.00727,316,674,
1663,6171,22031,3,False,1,False,1,17,3.4601,0.0,2.8397,10.276,2,316,16.6617,10.024702,326,690,
1664,6172,22032,3,False,1,False,1,59,2.2628,0.0158,5.3595,10.2046,2,258,17.9124,10.009676,319,674,
1665,6205,22111,3,False,1,False,1,0,0.0,0.0,0.0,0.0,0,0,20.0188,10.009649,295,655,AI solve exceeded 10.00s
1666,6224,22187,3,False,1,False,1,0,0.0,0.0,0.0,0.0,0,0,20.0439,10.006336,267,615,AI solve exceeded 10.00s
1667,6225,22190,3,False,1,False,1,15,0.605,0.0,0.4733,10.258,2,313,11.3762,10.000073,291,687,
1668,6226,22192,3,False,1,False,1,44,0.645,0.0161,0.4824,10.6917,2,235,11.8595,10.018082,274,610,
1669,6227,22198,3,False,1,False,1,24,0.6791,0.0157,0.4985,10.3681,2,330,11.5849,10.010654,241,554,
1670,6228,22199,3,False,1,False,1,43,0.5869,0.0159,0.6796,10.4036,2,332,11.7103,10.002203,308,667,
1671,6260,22265,4,False,1,False,1,18,6.743,0.0,6.421,10.319,2,306,23.515,10.008776,297,623,
1672,6261,22267,4,False,1,False,1,45,7.2199,0.016,6.3387,10.1856,2,328,23.7919,10.009513,303,625,
1673,6284,22322,3,False,1,False,1,37,2.0938,0.0163,2.0073,10.4666,2,317,14.6309,10.057573,276,625,
1674,6285,22323,4,False,1,False,1,5,0.0087,0.0,0.0079,10.0918,2,321,10.1545,10.008043,168,357,
1675,6286,22329,3,False,1,False,1,30,2.067,0.0322,2.0525,10.4775,2,320,14.6689,10.002512,253,576,
1676,6287,22331,3,False,1,False,1,29,0.3286,0.0,0.0711,10.4662,2,296,10.882,10.060608,248,590,
1677,6288,22331,4,False,1,False,1,20,2.6233,0.0163,2.5715,10.2485,2,318,15.4626,10.012565,134,339,
1678,6289,22332,3,False,1,False,1,5,6.9152,0.0157,7.2788,10.0275,2,313,24.2525,10.156605,109,326,
1679,6290,22333,4,False,1,False,1,1,6.4412,0.0,6.4568,10.0411,2,304,22.9552,10.004155,191,502,
1680,6291,22336,4,False,1,False,1,45,6.2207,0.0159,6.1095,10.1295,2,332,22.4901,10.00438,304,646,
1681,6292,22340,4,False,1,False,1,23,7.1964,0.0,8.3233,10.3689,2,338,25.9218,10.048023,155,350,
1682,6293,22342,4,False,1,False,1,26,1.4058,0.0,0.4483,10.4208,2,327,12.311,10.004348,314,652,
1683,6294,22343,4,False,1,False,1,20,2.0839,0.0,2.4937,10.3474,2,248,15.0076,10.02833,318,664,
1684,6295,22345,3,False,1,False,1,20,1.1602,0.0,1.1516,10.3419,2,301,12.7689,10.00337,251,616,
1685,6297,22347,3,False,1,False,1,15,2.948,0.0,3.1325,10.2521,2,328,16.3731,10.108845,134,287,
1686,6298,22350,3,False,1,False,1,2,4.6455,0.0,4.4267,10.047,2,327,19.1596,10.003302,131,286,
1687,6299,22351,3,False,1,False,1,15,4.3025,0.0,4.1885,10.2454,2,332,18.7787,10.006363,130,286,
1688,6300,22353,4,False,1,False,1,12,4.9485,0.0,3.3736,10.1951,2,311,18.5587,10.028355,138,288,
1689,6301,22354,3,False,1,False,1,2,5.8359,0.0,6.4421,10.0738,2,332,22.3939,10.019264,124,271,
1690,6303,22355,4,False,1,False,1,12,4.5059,0.0,3.0984,10.2005,2,341,17.8464,10.037987,133,281,
1691,6304,22359,4,False,1,False,1,12,6.9039,0.0,7.2756,10.2021,2,343,24.4233,10.039471,131,276,
1692,6306,22361,4,False,1,False,1,12,7.021,0.0,7.5493,10.2088,2,340,24.8212,10.006934,135,289,
1693,6307,22363,4,False,1,False,1,12,7.0846,0.0,7.0948,10.2015,2,337,24.4214,10.068065,126,270,
1694,6308,22365,3,False,1,False,1,15,3.818,0.0,3.8023,10.2672,2,262,17.9282,10.006695,130,280,
1695,6309,22368,3,False,1,False,1,19,6.0074,0.0162,7.9748,10.082,2,198,24.1221,10.043143,132,278,
1696,6310,22370,4,False,1,False,1,0,0.0,0.0,9.6096,10.0052,2,334,29.6805,10.033776,133,281,AI solve exceeded 10.00s
1697,6311,22371,3,False,1,False,1,48,0.605,0.0,0.907,10.7724,2,311,12.3079,10.000735,96,294,
1698,6314,22387,3,False,1,False,1,5,0.8409,0.0323,0.7996,10.0627,2,279,11.7411,10.008326,123,289,
1699,6316,22398,3,False,1,False,1,4,4.9165,0.0269,4.1748,10.4864,2,161,19.6179,10.021075,90,287,
1700,6317,22398,4,False,1,False,1,20,8.8637,0.0265,9.9915,10.0417,2,166,28.9289,10.014885,116,281,
1701,6321,22407,3,False,1,False,1,70,6.8858,0.0263,3.6877,11.8607,2,193,22.581,10.052051,92,266,
1702,6322,22408,3,False,1,False,1,59,5.2293,0.0,5.241,10.962,2,218,21.5005,10.017872,109,311,
1703,6323,22409,3,False,1,False,1,38,3.416,0.0158,2.6398,10.5655,2,319,16.7063,10.016115,123,299,
1704,6324,22411,4,False,1,False,1,24,2.3994,0.0,2.3813,10.3758,2,200,15.2236,10.046043,124,295,
1705,6325,22415,4,False,1,False,1,35,2.5757,0.0159,2.5699,10.2089,2,325,15.4357,10.016033,111,293,
1706,6328,22431,4,False,1,False,1,14,0.5959,0.0,0.5858,10.2395,2,340,11.5042,10.011376,128,278,
1707,6335,22444,4,False,1,False,1,0,0.0,0.0,0.0,0.0,0,0,20.0845,10.011964,127,292,AI solve exceeded 10.00s
1708,6349,22467,4,False,1,False,1,18,1.7872,0.0,1.6879,10.2906,2,325,13.7877,10.003592,307,635,
1709,6351,22472,4,False,1,False,1,18,2.8133,0.0,2.838,10.3036,2,334,15.9804,10.081877,305,633,
1710,6355,22482,4,False,1,False,1,18,2.8296,0.0,2.8636,10.3031,2,325,16.0252,10.009825,235,535,
1711,6356,22483,4,False,1,False,1,18,3.0599,0.0,2.9492,10.3012,2,327,16.3396,10.018089,239,551,
1712,6357,22484,4,False,1,False,1,18,2.9889,0.0,2.7346,10.2872,2,262,16.0397,10.001748,280,636,
1713,6372,22509,3,False,1,False,1,16,0.8319,0.0,0.7538,10.2651,2,344,11.9133,10.004426,137,298,
1714,6410,22603,3,True,1,True,1,27,0.0275,0.0311,0.0,0.1377,1,0,0.1986,10.009165,134,287,
1715,6411,22605,3,True,1,True,1,27,5.0986,0.0158,0.0,0.1403,1,0,5.259,10.006763,134,285,
1716,6415,22618,4,False,1,False,1,0,0.0,0.0,0.0,0.0,0,0,20.0599,10.002858,117,319,AI solve exceeded 10.00s
1717,6416,22622,3,False,1,False,1,41,0.692,0.0162,0.6088,10.5267,2,98,11.8842,10.010428,112,318,
1718,6417,22625,3,False,1,False,1,15,0.626,0.0158,0.4612,10.2477,2,324,11.3751,10.003793,117,306,
1719,6418,22626,4,False,1,False,1,13,0.4736,0.0,0.6003,10.2271,2,323,11.3261,10.024796,128,296,
1720,6419,22627,3,False,1,False,1,13,0.4602,0.0157,1.0244,10.31,2,325,11.8352,10.008779,126,298,
1721,6420,22627,4,False,1,False,1,13,0.4521,0.0,0.6042,10.2118,2,297,11.2709,10.001197,133,304,
1722,6421,22629,3,False,1,False,1,17,0.5219,0.0159,1.7079,10.2654,2,308,12.5358,10.007963,223,518,
1723,6422,22629,4,False,1,False,1,46,2.5035,0.0165,2.2036,10.4613,2,328,15.1879,10.00251,219,507,
1724,6423,22631,3,False,1,False,1,22,0.5188,0.016,0.6216,10.359,2,326,11.54,10.017693,301,637,
1725,6424,22632,4,False,1,False,1,13,0.5576,0.0,0.5988,10.2126,2,323,11.3939,10.003485,299,638,
1726,6425,22633,3,False,1,False,1,25,0.5019,0.0162,0.6442,10.3978,2,308,11.5867,10.004779,159,353,
1727,6426,22634,3,True,1,True,1,51,6.8698,0.0153,0.0,0.0299,1,0,6.9399,10.033436,131,281,
1728,6444,22673,4,False,1,False,1,2,0.4095,0.0,0.617,10.0432,2,338,11.1023,10.001013,312,657,
1729,6447,22675,4,False,1,False,1,29,3.901,0.0,3.8371,10.4504,2,322,18.222,10.044438,303,629,
1730,6448,22678,3,True,1,True,1,42,5.1188,0.0155,0.0,0.1959,1,0,5.3824,10.023267,282,599,
1731,6450,22687,3,True,1,True,1,67,6.2167,0.0152,0.0,0.0544,1,0,6.3144,10.011279,205,427,
1732,6535,22857,3,False,1,False,1,28,2.4549,0.0,1.8405,10.4412,2,324,14.7846,10.003867,261,582,
1733,6536,22858,4,False,1,False,1,27,3.734,0.0,3.6513,10.4354,2,324,17.8694,10.016457,165,400,
1734,6537,22860,3,False,1,False,1,10,0.4146,0.0,0.4016,10.1574,2,297,11.0146,10.016537,223,544,
1735,6539,22866,4,False,1,False,1,20,2.0823,0.0158,1.9259,10.2615,2,328,14.2963,10.000988,180,412,
1736,6540,22867,4,False,1,False,1,29,0.3384,0.0,0.0631,10.4993,2,293,10.9122,10.003981,249,604,
1737,6541,22871,4,False,1,False,1,18,3.1104,0.0,2.0213,10.4067,2,321,15.5841,10.01352,226,480,
1738,6542,22872,3,False,1,False,1,16,1.6444,0.0159,1.7878,10.199,2,332,13.6579,10.010299,298,624,
1739,6543,22873,3,False,1,False,1,21,4.2912,0.0,4.3753,10.3378,2,260,19.0337,10.016068,281,589,
1740,6544,22873,4,False,1,False,1,12,4.2311,0.0168,3.2818,10.0276,2,332,17.5612,10.073744,308,662,
1741,6545,22874,4,False,1,False,1,13,4.3046,0.0,4.3885,10.2268,2,328,18.9487,10.009732,291,616,
1742,6547,22876,3,False,1,False,1,5,6.1361,0.0,6.1923,10.0974,2,320,22.4532,10.00164,298,634,
1743,6548,22880,4,False,1,False,1,12,5.6558,0.0152,5.7159,10.0229,2,232,21.437,10.001422,296,629,
1744,6553,22892,4,False,1,False,1,20,4.009,0.0155,4.3281,10.062,2,338,18.457,10.007759,281,582,
1745,6576,22937,4,False,1,False,1,14,5.2808,0.0,6.0213,10.285,2,341,21.6304,10.006231,313,651,
1746,6585,22956,4,False,1,False,1,14,4.2676,0.0,3.9511,10.2281,2,329,18.4876,10.124309,212,438,
1747,6586,22957,3,False,1,False,1,12,2.3895,0.0,2.387,10.2161,2,244,15.0341,10.001952,253,526,
1748,6587,22957,4,False,1,False,1,0,0.0,0.0,0.0,0.0,0,0,20.0064,10.007094,309,643,AI solve exceeded 10.00s
1749,6588,22959,3,False,1,False,1,2,9.1776,0.0,8.5432,10.0572,2,335,27.8186,10.006171,177,374,
1750,6589,22960,3,False,1,False,1,15,2.9456,0.0,2.676,10.2569,2,335,15.9196,10.013817,130,285,
1751,6590,22960,4,False,1,False,1,12,1.6584,0.0,3.155,10.2264,2,297,15.0445,10.036687,137,289,
1752,6591,22963,3,False,1,False,1,2,6.6836,0.0,6.9958,10.0696,2,332,23.7899,10.002647,134,288,
1753,6592,22967,4,False,1,False,1,15,7.2441,0.0166,0.0,0.016,,0,17.3193,10.000404,133,294,AI solve exceeded 10.00s
1754,6593,22968,4,False,1,False,1,0,0.0,0.0,0.0,0.0,0,0,20.0682,10.006115,137,294,AI solve exceeded 10.00s
1755,6594,22970,4,False,1,False,1,0,0.0,0.0,0.0,0.0,0,0,20.0695,10.014016,135,290,AI solve exceeded 10.00s
1756,6597,22999,3,False,1,False,1,4,5.2473,0.0261,5.2676,10.0866,2,162,20.641,10.022532,124,299,
1757,6599,23013,3,False,1,False,1,8,4.4432,0.0265,3.7413,10.0341,2,162,18.3387,10.004631,120,308,
1758,6600,23018,4,False,1,False,1,21,2.7812,0.0,2.6357,10.8748,2,176,16.3843,10.00181,132,298,
1759,6601,23020,3,False,1,False,1,35,4.3596,0.0263,4.3927,10.3245,2,158,19.1932,10.070465,124,314,
1760,6602,23021,3,False,1,False,1,7,1.276,0.0,1.4317,10.1729,2,323,12.9366,10.018293,131,301,
1761,6605,23033,4,False,1,False,1,16,0.4411,0.0,0.8526,10.2496,2,182,11.6005,10.001438,124,287,
1762,6606,23037,3,False,1,False,1,17,0.4614,0.0,0.2683,10.2974,2,308,11.1173,10.015933,118,305,
1763,6607,23037,4,True,1,True,1,32,2.2213,0.016,0.0,0.1789,1,0,2.4184,10.000042,128,375,
1764,6610,23043,4,False,1,False,1,19,1.7354,0.0,1.8366,10.3323,2,322,13.9537,10.062945,129,317,
1765,6621,23072,3,False,1,False,1,56,4.8932,0.0158,5.0966,10.0194,2,341,20.1049,10.047157,132,279,
1766,6666,23173,4,False,1,False,1,20,1.1069,0.0,0.9482,10.3201,2,345,12.4602,10.006994,286,602,
1767,6667,23177,4,False,1,False,1,25,6.3165,0.0158,6.4099,10.0368,2,327,22.7862,10.008408,256,557,
1768,6692,23276,3,False,1,False,1,0,0.0,0.0,0.0,0.0,0,0,20.0409,10.005447,283,652,AI solve exceeded 10.00s
1769,6693,23277,3,False,1,False,1,30,0.3284,0.016,0.1489,10.3786,2,296,10.9107,10.018278,265,649,
1770,6694,23277,4,False,1,False,1,44,1.0668,0.016,1.0822,10.615,2,310,12.783,10.111022,172,450,
1771,6695,23280,3,False,1,False,1,26,0.5156,0.0,0.6165,10.4241,2,316,11.5948,10.009414,113,306,
1772,6696,23281,3,False,1,False,1,46,0.8677,0.0267,1.4447,11.231,2,176,13.5956,10.033582,136,332,
1773,6697,23284,3,False,1,False,1,46,0.5453,0.0281,1.3118,10.8192,2,296,12.7395,10.004693,131,322,
1774,6698,23285,3,False,1,False,1,24,0.4934,0.0,0.6013,10.3863,2,319,11.5058,10.079311,178,417,
1775,6699,23288,4,False,1,False,1,45,0.4592,0.0157,1.0262,10.4306,2,303,11.9578,10.013296,126,341,
1776,6700,23289,4,False,1,False,1,15,1.2175,0.0,0.7538,10.2641,2,226,12.2788,10.023432,123,314,
1777,6701,23292,4,False,1,False,1,22,3.3246,0.0,3.2637,10.3666,2,251,16.9852,10.006047,158,343,
1778,6702,23293,4,False,1,False,1,17,0.4446,0.0,0.4223,10.2902,2,338,11.1913,10.003959,271,564,
1779,6703,23295,4,False,1,False,1,23,1.9355,0.0,1.9355,10.3687,2,332,14.2762,10.002206,296,625,
1780,6704,23296,4,False,1,False,1,25,0.6003,0.0,0.6282,10.3972,2,324,11.6631,10.004858,279,597,
1781,6708,23300,4,False,1,False,1,23,3.9376,0.0,4.5381,10.3845,2,325,18.9007,10.00185,285,608,
1782,6709,23305,4,False,1,False,1,20,2.6271,0.0,0.7991,10.328,2,313,13.7999,10.071241,233,494,
1783,6710,23306,4,False,1,False,1,19,1.9522,0.0,3.1702,10.3025,2,266,15.4761,10.005208,254,537,
1784,6847,23659,3,True,1,True,1,51,1.197,0.0155,0.0,0.0545,1,0,1.2928,10.000885,173,371,
1785,6848,23665,4,False,1,False,1,15,1.6189,0.0,1.5465,10.2432,2,334,13.4616,10.008281,327,687,
1786,6850,23669,4,False,1,False,1,22,0.8961,0.0,0.7123,10.3486,2,328,12.0197,10.018645,328,690,
1787,6851,23670,4,False,1,False,1,21,5.622,0.0,5.5815,10.3425,2,327,21.5974,10.003337,320,683,
1788,6852,23672,4,False,1,False,1,21,6.039,0.0,5.9254,10.3478,2,336,22.3654,10.009809,322,689,
1789,6853,23673,4,False,1,False,1,21,5.6659,0.0,5.8602,10.3452,2,333,21.9235,10.001738,321,688,
1790,6854,23676,4,False,1,False,1,21,5.7686,0.0,6.771,10.3453,2,328,22.9372,10.007679,322,701,
1791,6855,23677,4,False,1,False,1,22,5.6473,0.0,8.4575,10.3835,2,332,24.5374,10.002335,319,704,
1792,6879,23722,4,False,1,False,1,12,0.8234,0.0,0.9005,10.2196,2,340,11.997,10.022389,136,295,
1793,6880,23723,4,True,1,False,1,11,0.8232,0.0,1.0113,5.5977,1,173,7.4864,10.020849,132,290,
1794,6894,23760,4,False,1,False,1,28,1.5881,0.0,1.519,10.4383,2,321,13.5929,10.007057,128,323,
1795,6895,23763,3,False,1,False,1,10,0.8773,0.0156,0.9332,10.0989,2,313,11.971,10.000191,114,332,
1796,6896,23763,4,False,1,False,1,41,0.9638,0.0,0.9912,10.6629,2,264,12.6208,10.006131,85,285,
1797,6897,23764,4,False,1,False,1,30,0.89,0.0,0.8916,10.4986,2,323,12.3263,10.014337,126,318,
1798,6898,23765,3,False,1,False,1,25,0.8361,0.0,0.8542,10.4072,2,260,12.1451,10.009483,129,326,
1799,6899,23774,3,False,1,False,1,20,0.3622,0.0167,0.1389,10.2605,2,312,10.7889,10.008904,127,317,
1800,6900,23776,3,False,1,False,1,16,1.7341,0.0154,1.6789,10.1879,2,324,13.6267,10.021354,131,300,
1801,6901,23778,4,False,1,False,1,12,3.5034,0.0157,3.3372,10.0243,2,309,16.9086,10.022066,126,306,
1802,6902,23779,3,False,1,False,1,22,4.0039,0.0,4.1424,10.3513,2,333,18.5251,10.001712,129,281,
1803,6905,23783,4,False,1,False,1,15,4.0099,0.0,4.0144,10.2611,2,332,18.3136,10.004075,130,293,
1804,6906,23786,4,False,1,False,1,27,8.3832,0.0311,0.0,0.5105,,0,18.9998,10.098929,142,307,AI solve exceeded 10.00s
1805,6934,23869,4,False,1,False,1,15,3.0255,0.0,3.6466,10.4265,2,320,17.1679,10.012524,136,297,
1806,6936,23873,4,False,1,False,1,16,7.2296,0.0,6.9545,10.3018,2,349,24.5282,10.00253,137,299,
1807,6938,23878,3,False,1,False,1,38,0.712,0.0155,0.6485,10.3684,2,156,11.7664,10.011856,121,332,
1808,6942,23904,4,False,1,False,1,21,2.8233,0.0161,3.0807,10.0232,2,319,15.9513,10.016246,127,298,
1809,6946,23924,3,False,1,False,1,16,0.8549,0.0,0.5992,10.2554,2,340,11.7698,10.006228,137,296,
1810,6957,23943,3,False,1,False,1,30,7.6022,0.0,7.5418,10.4709,2,331,25.6607,10.001538,119,309,
1811,6958,23949,3,False,1,False,1,14,0.4799,0.0,0.6402,10.2299,2,341,11.4019,10.02523,120,318,
1812,6963,23970,4,False,1,False,1,28,3.8679,0.016,3.9561,10.1166,2,318,18.0032,10.060587,119,302,
1813,6964,23976,3,False,1,False,1,19,0.2784,0.0,0.268,10.3062,2,326,10.9037,10.010764,118,301,
1814,6965,23976,4,False,1,False,1,52,0.2656,0.0163,0.272,10.8383,2,246,11.395,10.004192,122,304,
1815,6967,23980,3,False,1,False,1,15,0.2609,0.0156,0.2645,10.223,2,341,10.8141,10.072772,139,306,
1816,6968,23983,4,False,1,False,1,61,0.2069,0.016,0.0164,10.1255,2,343,10.4495,10.06973,136,299,
1817,6969,23984,3,False,1,False,1,10,0.8997,0.0,2.3942,10.1603,2,342,13.5404,10.074767,139,309,
1818,6977,24008,3,True,1,True,1,10,4.7992,0.0158,0.0,0.0308,1,0,4.9347,10.011019,138,304,
1819,7011,24123,4,False,1,False,1,44,0.327,0.0152,0.0652,10.5764,2,320,11.0203,10.009298,97,313,
1820,7012,24124,4,False,1,False,1,41,0.3396,0.016,0.0921,10.2658,2,321,10.7521,10.124086,112,308,
1821,7013,24125,4,False,1,False,1,13,0.6691,0.0,0.4637,10.2094,2,321,11.3667,10.00983,208,463,
1822,7014,24128,3,False,1,False,1,13,0.6083,0.0158,0.4558,10.2175,2,325,11.3218,10.01529,167,385,
1823,7015,24128,4,False,1,False,1,13,0.6304,0.0,0.461,10.2202,2,319,11.3145,10.003491,245,542,
1824,7016,24129,3,False,1,False,1,13,0.4464,0.0157,1.6488,10.2049,2,312,12.3402,10.004229,285,612,
1825,7017,24131,3,False,1,False,1,17,0.6068,0.016,0.5011,10.262,2,331,11.4111,10.04525,296,644,
1826,7018,24133,3,False,1,False,1,24,0.619,0.0165,0.4957,10.3974,2,334,11.5534,10.030773,294,635,
1827,7019,24133,4,False,1,False,1,24,0.6173,0.0,0.5064,10.3876,2,335,11.5142,10.019992,253,549,
1828,7056,24224,4,True,1,True,1,51,0.9395,0.0155,0.0,0.0,1,0,0.9749,10.007129,214,456,
1829,7057,24230,4,True,1,True,1,51,0.9282,0.0147,0.0,0.0,1,0,0.9636,10.009007,259,548,
1830,7058,24234,4,True,1,True,1,51,0.9995,0.0154,0.0,0.0,1,0,1.0353,10.006421,297,623,
1831,7059,24235,4,True,1,True,1,51,0.9136,0.0155,0.0,0.0,1,0,0.9494,10.018916,244,516,
1832,7092,24305,4,False,1,False,1,43,1.1695,0.0153,1.1994,10.343,2,340,12.7845,10.003887,235,539,
1833,7093,24307,4,False,1,False,1,51,0.3959,0.0,0.1568,10.7857,2,264,11.3891,10.345957,202,479,
1834,7094,24310,3,False,1,False,1,23,3.155,0.0,2.4841,10.351,2,330,16.0308,10.000798,265,562,
1835,7096,24316,4,False,1,False,1,30,2.2418,0.0157,2.2155,10.3987,2,325,14.8821,10.002861,255,577,
1836,7097,24317,3,False,1,False,1,5,2.8655,0.0157,2.9095,10.1217,2,176,15.9225,10.024458,103,307,
1837,7098,24322,3,False,1,False,1,16,1.364,0.0156,1.4151,10.1785,2,336,12.9833,10.004079,224,487,
1838,7099,24325,4,False,1,False,1,13,3.9733,0.0,4.2052,10.2367,2,333,18.4425,10.178311,127,279,
1839,7100,24326,3,False,1,False,1,5,5.5033,0.0,5.6939,10.1091,2,336,21.3322,10.074095,124,286,
1840,7101,24330,4,False,1,False,1,17,8.6544,0.0,8.7229,10.2896,2,337,27.7269,10.005527,123,283,
1841,7102,24331,3,False,1,False,1,12,8.9516,0.0157,9.0915,10.0677,2,329,28.1935,10.002872,107,306,
1842,7117,24374,3,False,1,False,1,24,0.0567,0.0309,0.0002,10.3534,2,213,10.4443,10.212353,135,277,
1843,7130,24407,4,False,1,False,1,18,0.5141,0.0,0.446,10.2737,2,347,11.2833,10.007704,125,283,
1844,7131,24408,4,False,1,False,1,33,0.6055,0.0,0.6438,10.5467,2,318,11.8465,10.07024,128,295,
1845,7132,24410,4,False,1,False,1,15,0.4491,0.0,0.6047,10.2568,2,356,11.3608,10.020528,132,284,
1846,7134,24415,4,False,1,False,1,17,0.628,0.0,0.4403,10.2625,2,342,11.3801,10.044089,127,281,
1847,7136,24416,4,False,1,False,1,16,0.6097,0.0,0.6183,10.2468,2,348,11.5247,10.021142,125,287,
1848,7140,24422,3,False,1,False,1,37,2.2539,0.0157,2.2297,10.5616,2,350,15.11,10.031605,121,287,
1849,7142,24428,3,False,1,False,1,37,2.2326,0.0157,2.3137,10.5582,2,330,15.1697,10.004361,119,291,
1850,7148,24443,3,False,1,False,1,18,2.3153,0.0165,2.3044,10.2796,2,333,14.9657,10.01391,117,312,
1851,7151,24452,3,False,1,False,1,21,2.3311,0.0156,2.3097,10.331,2,333,15.0373,10.063107,130,291,
1852,7170,24493,4,False,1,False,1,30,4.4247,0.0,4.4292,10.4648,2,334,19.361,10.0108,119,289,
1853,7174,24503,4,False,1,False,1,14,0.7189,0.0,0.6712,10.2226,2,341,11.6567,10.012134,119,296,
1854,7178,24509,4,False,1,False,1,15,0.6833,0.0,0.6513,10.2262,2,334,11.6067,10.016357,262,602,
1855,7185,24525,3,False,1,False,1,21,1.0032,0.0,0.9841,10.316,2,347,12.3572,10.016256,123,310,
1856,7187,24527,3,False,1,False,1,30,3.951,0.0157,3.8993,10.1564,2,331,18.0648,10.019438,124,308,
1857,7188,24527,4,False,1,False,1,7,1.9564,0.0,1.9468,10.1145,2,336,14.0206,10.020102,134,300,
1858,7190,24534,4,True,1,True,1,32,5.9543,0.016,0.0,0.1735,1,0,6.1812,10.022147,107,296,
1859,7192,24540,4,False,1,False,1,67,0.291,0.0,0.2764,11.0427,2,246,11.6528,10.136675,80,251,
1860,7194,24542,4,False,1,False,1,17,0.72,0.0,0.9062,10.2689,2,340,11.9864,10.070596,133,300,
1861,7195,24543,3,False,1,False,1,23,2.414,0.0,5.9395,10.3552,2,343,18.7975,10.002909,134,302,
1862,7197,24549,4,False,1,False,1,61,0.9281,0.0156,0.5621,10.1302,2,360,11.7207,10.148356,136,299,
1863,7202,24561,3,False,1,False,1,61,1.6408,0.0157,1.759,10.0531,2,352,13.4799,10.002707,126,293,
1864,7208,24575,3,False,1,False,1,31,4.7509,0.0154,4.6502,10.4582,2,359,19.879,10.035913,133,305,
1865,7233,24666,4,True,1,True,1,28,3.9163,0.0157,0.0,0.1197,1,0,4.0563,10.022656,134,306,
1866,7237,24681,3,False,1,False,1,0,0.0,0.0,0.0,0.0,0,0,20.038,10.12084,127,324,AI solve exceeded 10.00s
1867,7238,24684,3,False,1,False,1,15,0.4623,0.0,0.4514,10.2625,2,341,11.2115,10.001282,112,315,
1868,7239,24686,3,False,1,False,1,28,1.9777,0.0,0.4708,10.4281,2,347,12.9131,10.005587,125,326,
1869,7241,24689,3,False,1,False,1,24,0.5767,0.0153,0.4449,10.3592,2,349,11.4198,10.002861,122,317,
1870,7242,24689,4,False,1,False,1,24,2.9352,0.0163,2.809,10.1248,2,349,15.8881,10.022072,191,459,
1871,7243,24694,4,False,1,False,1,24,3.202,0.0158,3.2304,10.1276,2,353,16.6,10.00537,228,517,
1872,7266,24754,4,False,1,False,1,28,1.5266,0.0,1.4671,10.426,2,356,13.4842,10.019954,306,664,
1873,7269,24758,4,False,1,False,1,26,2.5339,0.0,2.5083,10.3948,2,349,15.4811,10.005713,270,599,
1874,7270,24759,4,False,1,False,1,23,2.3311,0.0,2.3771,10.3753,2,359,15.1274,10.042875,188,411,
1875,7271,24761,4,True,1,False,1,11,1.0391,0.0,0.6033,6.5878,1,232,8.2736,10.011844,144,322,
1876,7273,24773,3,False,1,False,1,22,1.8168,0.0,1.7376,10.3407,2,356,13.9058,10.012522,176,443,
1877,7275,24775,3,False,1,False,1,17,1.3596,0.0162,1.3576,10.1994,2,352,12.9434,10.030438,228,491,
1878,7276,24776,3,False,1,False,1,16,3.3821,0.0,3.3382,10.2523,2,356,16.9999,10.00769,271,583,
1879,7277,24779,4,False,1,False,1,28,4.506,0.0,4.4049,10.4397,2,358,19.3773,10.011649,237,517,
1880,7278,24783,3,False,1,False,1,12,8.7784,0.0154,8.8763,10.0173,2,363,27.7437,10.038329,137,325,
1881,7294,24813,4,False,1,False,1,55,1.6601,0.0,1.9373,10.8429,2,323,14.4595,10.014638,142,377,
1882,7300,24839,4,False,1,False,1,22,2.3941,0.0155,2.3942,10.0544,2,358,14.8661,10.002348,314,668,
1883,7302,24850,3,False,1,False,1,29,4.6871,0.0,4.5036,10.5042,2,362,19.7496,10.00584,314,689,
1884,7311,24863,3,False,1,False,1,37,3.4522,0.0156,2.0795,10.5493,2,366,16.1414,10.003548,315,674,
1885,7312,24864,4,False,1,False,1,5,3.4658,0.0,2.1697,10.1087,2,258,15.7911,10.008706,223,556,
1886,7315,24869,3,False,1,False,1,37,2.0749,0.0,2.0671,10.5448,2,358,14.7365,10.012218,314,673,
1887,7321,24884,3,False,1,False,1,19,1.8173,0.0155,1.6489,10.2674,2,357,13.7957,10.003971,297,628,
1888,7322,24884,4,False,1,False,1,11,2.0516,0.0162,3.493,10.0952,2,357,15.6588,10.016477,309,642,
1889,7326,24895,3,False,1,False,1,18,1.7541,0.0156,1.6788,10.2688,2,348,13.7647,10.004653,276,632,
1890,7347,24950,3,False,1,False,1,16,2.9043,0.0153,3.0167,10.239,2,361,16.2167,10.192442,136,303,
1891,7348,24951,3,False,1,False,1,27,0.4645,0.0,0.6546,10.4622,2,366,11.6252,10.024074,115,293,
1892,7353,24968,3,False,1,False,1,36,1.2997,0.0157,1.2555,10.5036,2,359,13.1217,10.009644,117,282,
1893,7355,24970,3,False,1,False,1,3,0.6603,0.0156,0.6779,10.0168,2,353,11.4126,10.019831,121,303,
1894,7357,24976,4,False,1,False,1,22,0.8713,0.0,0.903,10.3238,2,366,12.1457,10.031569,133,299,
1895,7360,24993,4,False,1,False,1,16,1.0126,0.0,1.0811,10.2565,2,358,12.4403,10.005302,132,298,
1896,7362,24997,4,False,1,False,1,25,1.1703,0.0,1.1422,10.4226,2,371,12.8242,10.016014,130,298,
1897,7364,24998,4,False,1,False,1,14,1.2931,0.0,1.0912,10.231,2,354,12.6819,10.037759,127,278,
1898,7365,25002,4,False,1,False,1,14,2.4522,0.0,0.5835,10.2435,2,363,13.3462,10.019758,129,283,
1899,7367,25003,4,False,1,False,1,18,1.3698,0.0,0.5682,10.2807,2,361,12.312,10.006535,129,298,
1900,7369,25010,4,False,1,False,1,0,0.0,0.0,0.0,0.0,0,0,20.0949,10.003894,126,291,AI solve exceeded 10.00s
1901,7374,25024,3,True,1,True,1,33,1.6937,0.0147,0.0,0.225,1,0,1.9434,10.004963,119,284,
1902,7384,25050,4,False,1,False,1,18,8.5643,0.0153,8.5822,10.0174,2,360,27.192,10.036697,228,517,
1903,7392,25066,3,False,1,False,1,18,8.5713,0.0154,8.6673,10.033,2,355,27.3013,10.003344,308,688,
1904,7406,25145,3,False,1,False,1,45,1.6969,0.0157,1.3988,10.5485,2,356,13.6919,10.00872,312,704,
1905,7407,25146,4,False,1,False,1,48,1.8824,0.0156,1.161,10.5985,2,338,13.6904,10.008026,291,698,
1906,7408,25147,3,False,1,False,1,45,0.6656,0.0157,0.6794,10.5279,2,356,11.924,10.009343,306,701,
1907,7409,25147,4,False,1,False,1,43,0.3424,0.0157,0.1773,10.2524,2,357,10.7907,10.058644,312,703,
1908,7411,25149,4,False,1,False,1,19,1.6583,0.0,1.1048,10.5568,2,167,13.3764,10.00925,313,680,
1909,7412,25155,4,False,1,False,1,50,5.1663,0.0261,5.1869,10.9328,2,203,21.3523,10.007,312,691,
1910,7413,25157,3,False,1,False,1,26,0.8973,0.0236,0.6654,10.671,2,242,12.283,10.048446,311,668,
1911,7458,25270,4,False,1,False,1,28,3.0622,0.0,2.7384,10.4329,2,325,16.4954,10.026353,320,694,
1912,7459,25271,3,False,1,False,1,25,1.8821,0.0,3.3623,10.5434,2,168,15.9482,10.024205,308,670,
1913,7461,25281,3,False,1,False,1,25,0.3744,0.0,0.0895,10.6953,2,167,11.23,10.011855,310,679,
1914,7463,25282,4,False,1,False,1,23,0.9241,0.0,0.9007,10.6386,2,321,12.5367,10.004824,321,672,
1915,7464,25289,4,False,1,False,1,17,2.9939,0.0,2.9707,10.2957,2,305,16.2709,10.002617,301,664,
1916,7465,25291,4,False,1,False,1,13,3.2625,0.0,3.7757,10.3593,2,200,17.4263,10.006308,286,610,
1917,7466,25294,3,False,1,False,1,8,9.2476,0.0268,5.0701,10.0707,2,341,24.46,10.013034,318,693,
1918,7467,25294,4,False,1,False,1,16,3.746,0.0,3.3704,10.271,2,337,17.3903,10.005739,318,677,
1919,7468,25295,4,False,1,False,1,15,3.6771,0.0,3.3128,10.2466,2,332,17.2636,10.015363,194,421,
1920,7471,25300,4,False,1,False,1,28,8.2951,0.0,8.2542,10.4321,2,340,27.0728,10.004436,260,556,
1921,7504,25384,4,False,1,False,1,57,2.7838,0.0,2.6624,10.9099,2,288,16.375,10.208786,133,344,
1922,7506,25387,4,False,1,False,1,21,6.2519,0.0,6.3621,10.3327,2,336,22.997,10.045717,142,349,
1923,7509,25408,4,False,1,False,1,18,2.7364,0.0,2.0566,10.2845,2,240,15.0853,10.007669,287,607,
1924,7517,25427,4,False,1,False,1,3,3.2213,0.0,2.2899,10.0571,2,340,15.6226,10.003134,250,526,
1925,7518,25428,4,False,1,False,1,36,1.6041,0.0266,0.9341,10.8266,2,292,13.4461,10.010109,292,603,
1926,7526,25439,4,False,1,False,1,0,0.0,0.0,8.6118,10.0656,2,345,28.7188,10.008689,308,667,AI solve exceeded 10.00s
1927,7527,25440,4,False,1,False,1,16,1.7475,0.0,1.7306,10.3491,2,344,13.8687,10.002205,306,671,
1928,7575,25551,4,False,1,False,1,14,5.9866,0.0,6.5489,10.2404,2,341,22.8446,10.000847,313,648,
1929,7576,25552,4,False,1,False,1,25,0.7044,0.0,0.6644,10.4039,2,313,11.8674,10.002001,315,670,
1930,7577,25553,3,False,1,False,1,18,7.7079,0.0,7.8325,10.2844,2,340,25.9185,10.004197,313,650,
1931,7583,25564,4,False,1,False,1,20,1.0128,0.0,0.9806,10.3517,2,335,12.4787,10.000536,311,653,
1932,7589,25579,4,False,1,False,1,14,1.8709,0.0,1.8293,10.2422,2,333,13.9778,10.009437,297,671,
1933,7594,25590,4,False,1,False,1,28,1.2262,0.0318,1.2016,10.0386,2,1,12.5016,10.034869,308,647,
1934,7602,25609,3,False,1,False,1,54,0.418,0.0154,0.1827,10.8117,2,329,11.4416,10.018018,241,561,
1935,7618,25678,3,True,1,False,1,22,0.7404,0.0299,0.7645,6.0517,1,188,7.5915,10.034658,134,275,
1936,7622,25694,4,False,1,False,1,34,1.6971,0.0157,1.6366,10.3693,2,339,13.7515,10.018246,112,299,
1937,7623,25696,3,False,1,False,1,17,0.459,0.0,2.2382,10.2729,2,327,13.0019,10.018867,123,293,
1938,7624,25700,3,False,1,False,1,50,0.4934,0.0155,0.6432,10.7616,2,338,11.935,10.013635,120,302,
1939,7625,25702,4,True,1,False,1,25,0.4812,0.0153,0.6345,8.8948,1,283,10.0479,10.007916,124,293,
1940,7626,25704,3,False,1,False,1,24,0.5174,0.0,0.6044,10.3767,2,323,11.5207,10.004497,120,293,
1941,7627,25705,3,False,1,False,1,49,0.6665,0.0155,0.5112,10.7284,2,327,11.9437,10.023796,113,290,
1942,7650,25775,4,False,1,False,1,41,1.3095,0.0,1.3455,10.6352,2,338,13.3654,10.015842,121,291,
1943,7654,25783,3,False,1,False,1,12,0.801,0.0158,0.7491,10.1169,2,306,11.7493,10.071596,109,315,
1944,7655,25784,3,False,1,False,1,27,4.385,0.0,3.6678,10.4161,2,341,18.5347,10.011478,128,286,
1945,7656,25790,3,False,1,False,1,35,1.6933,0.0152,1.1028,10.5419,2,321,13.3954,10.003144,118,292,
1946,7657,25792,3,True,1,False,1,14,1.1224,0.0159,1.1026,7.8278,1,262,10.1114,10.05163,124,286,
1947,7658,25792,4,True,1,False,1,14,1.0606,0.0,1.0533,7.9926,1,262,10.1093,10.111103,120,276,
1948,7659,25798,4,False,1,False,1,25,0.4347,0.0,0.4201,10.3898,2,336,11.2773,10.003184,127,282,
1949,7661,25801,3,False,1,False,1,5,3.479,0.0154,3.3328,10.0233,2,316,16.8615,10.03016,116,298,
1950,7662,25802,3,False,1,False,1,28,0.3878,0.0,0.1053,10.4435,2,325,10.949,10.024266,120,303,
1951,7663,25803,4,False,1,False,1,22,1.7129,0.0,1.661,10.3721,2,341,13.7568,10.023998,117,304,
1952,7664,25804,3,False,1,False,1,22,0.6243,0.0,0.4314,10.36,2,334,11.4273,10.161422,117,304,
1953,7666,25809,3,False,1,False,1,26,3.1414,0.0,3.16,10.4057,2,339,16.7356,10.043813,126,274,
1954,7667,25811,3,False,1,False,1,5,5.2098,0.0,6.0359,10.0907,2,325,21.3639,10.042142,117,294,
1955,7715,25947,3,False,1,False,1,61,2.6763,0.0,2.8905,10.9915,2,235,16.5776,10.070858,72,227,
1956,7716,25949,3,False,1,False,1,43,2.5914,0.0156,2.8421,10.5203,2,156,15.9885,10.007943,222,522,
1957,7719,25954,3,False,1,False,1,53,4.1493,0.0158,3.859,10.7155,2,335,18.7588,10.002495,249,557,
1958,7724,25989,3,False,1,False,1,1,1.2997,0.0,1.3315,10.0277,2,332,12.7231,10.007545,294,631,
1959,7726,25994,4,False,1,False,1,23,3.2573,0.0,2.6354,10.4209,2,336,16.3856,10.008445,297,618,
1960,7733,26019,4,False,1,False,1,15,2.7951,0.0164,2.5994,10.2025,2,270,15.6637,10.008149,289,648,
1961,7735,26023,3,False,1,False,1,27,5.0222,0.0,5.477,10.4234,2,174,20.965,10.004108,295,655,
1962,7739,26028,4,False,1,False,1,6,0.7635,0.0159,0.7366,10.0165,2,286,11.5801,10.006783,238,526,
1963,7742,26030,3,False,1,False,1,18,2.3639,0.0,6.7398,10.5191,2,179,19.8875,10.045405,135,293,
1964,7751,26062,4,False,1,False,1,0,0.0,0.0,0.0,0.0,0,0,20.1571,10.064596,128,291,AI solve exceeded 10.00s
1965,7778,26102,4,False,1,False,1,0,0.0,0.0,0.0,0.0,0,0,20.1559,10.00664,128,292,AI solve exceeded 10.00s
1966,7843,26316,3,False,1,False,1,48,7.9998,0.0263,7.6233,11.0422,2,281,26.7413,10.015605,152,382,
1967,7844,26318,3,False,1,False,1,46,1.461,0.0158,1.6714,10.5736,2,322,13.7512,10.012457,170,418,
1968,7845,26320,3,False,1,False,1,47,0.8214,0.0156,0.8168,10.5537,2,186,12.2401,10.037214,272,618,
1969,7846,26320,4,False,1,False,1,46,0.8117,0.0262,0.1876,10.4974,2,315,11.5284,10.0046,284,653,
1970,7847,26321,3,False,1,False,1,52,2.0166,0.0184,2.3191,10.8128,2,207,15.1883,10.002583,296,659,
1971,7848,26325,3,False,1,False,1,13,1.0706,0.0297,1.0533,10.355,2,288,12.5426,10.000813,238,538,
1972,7850,26328,3,False,1,False,1,17,0.6235,0.0151,0.4915,10.2799,2,331,11.4319,10.017519,301,660,
1973,7851,26331,3,False,1,False,1,13,0.6215,0.0163,0.5147,10.2098,2,334,11.3848,10.03446,292,641,
1974,7854,26348,3,False,1,False,1,27,1.0132,0.0154,1.1158,10.4178,2,337,12.6205,10.004066,305,646,
1975,7855,26348,4,False,1,False,1,27,6.6786,0.0,6.7534,10.4409,2,339,23.8758,10.007368,305,649,
1976,7856,26349,4,False,1,False,1,24,6.6523,0.0,6.5152,10.3781,2,330,23.6038,10.028327,260,555,
1977,7857,26350,3,False,1,False,1,27,1.1221,0.0,1.0817,10.4282,2,339,12.6918,10.008376,285,607,
1978,7858,26351,4,False,1,False,1,24,1.1045,0.0,1.0965,10.3827,2,347,12.6436,10.007808,278,595,
1979,7859,26354,3,True,1,False,1,13,7.4017,0.0,5.7351,9.2009,1,303,22.3765,10.016709,303,636,
1980,7860,26356,3,False,1,False,1,34,1.7693,0.0,1.1952,10.5722,2,335,13.568,10.013547,299,644,
1981,7861,26356,4,False,1,False,1,34,1.7445,0.0,1.273,10.5437,2,325,13.5641,10.021041,280,607,
1982,7862,26362,4,False,1,False,1,34,2.8388,0.0159,2.9058,10.4984,2,308,16.2717,10.014358,212,483,
1983,7863,26365,4,False,1,False,1,33,1.8601,0.0,2.5366,10.7701,2,294,15.1797,10.121306,116,297,
1984,7864,26366,3,False,1,False,1,33,1.1053,0.0,1.0124,10.5772,2,330,12.7079,10.020069,172,419,
1985,7865,26366,4,False,1,False,1,21,0.35,0.0156,0.1233,10.2582,2,319,10.75,10.003889,127,295,
1986,7866,26369,3,False,1,False,1,27,3.0909,0.0,3.1928,10.4267,2,321,16.7388,10.015463,126,280,
1987,7867,26374,3,False,1,False,1,5,5.6064,0.0,5.598,10.1022,2,321,21.3342,10.009905,117,286,
1988,7905,26445,3,False,1,False,1,63,2.2891,0.0,2.7481,11.0065,2,192,16.0622,10.135072,37,158,
1989,7907,26447,4,False,1,False,1,62,3.1352,0.0,2.8431,10.9696,2,245,16.9663,10.1194,59,204,
1990,7912,26471,4,False,1,False,1,38,2.6429,0.0,1.3567,10.6969,2,335,14.7043,10.014467,121,314,
1991,7914,26475,4,False,1,False,1,17,0.8916,0.0,0.7597,10.2676,2,316,11.9806,10.007813,115,311,
1992,7919,26484,4,False,1,False,1,1,1.3432,0.0,1.3529,10.0313,2,332,12.7908,10.000351,123,288,
1993,7920,26485,4,False,1,False,1,4,2.2395,0.0,1.8659,10.0955,2,320,14.2677,10.003435,125,279,
1994,7922,26487,4,False,1,False,1,23,1.8923,0.0,1.7501,10.3633,2,325,14.058,10.015872,126,283,
1995,7923,26492,3,True,1,True,1,21,1.4054,0.0161,0.0,0.2364,1,0,1.7371,10.146765,78,274,
1996,7924,26492,4,False,1,False,1,4,1.8607,0.0,1.6348,10.0991,2,232,13.5976,10.009971,78,273,
1997,7928,26501,4,False,1,False,1,17,1.6058,0.0,1.4473,10.2684,2,336,13.3795,10.077897,132,286,
1998,7929,26502,3,False,1,False,1,13,5.0656,0.0,5.003,10.222,2,333,20.3387,10.070177,132,282,
1999,7936,26516,4,False,1,False,1,18,3.0252,0.0,3.5535,10.2951,2,333,17.063,10.045022,134,280,
2000,7950,26559,4,False,1,False,1,0,0.0,0.0,0.0,0.0,0,0,20.2409,10.016604,135,298,AI solve exceeded 10.00s
2001,7963,26579,4,False,1,False,1,0,0.0,0.0,0.0,0.0,0,0,20.1854,10.035165,132,286,AI solve exceeded 10.00s
2002,7974,26609,4,False,1,False,1,0,0.0,0.0,0.0,0.0,0,0,20.2641,10.010995,139,310,AI solve exceeded 10.00s
2003,7981,26624,3,False,1,False,1,28,1.0106,0.0155,1.1698,10.1109,2,250,12.3853,10.185483,166,395,
2004,8008,26736,3,False,1,False,1,0,0.0,0.0,0.0,0.0,0,0,20.0315,10.055559,254,582,AI solve exceeded 10.00s
2005,8009,26739,4,False,1,False,1,55,0.4737,0.0161,0.4528,10.6266,2,317,11.5981,10.012159,124,316,
2006,8011,26741,4,False,1,False,1,54,1.2815,0.0157,5.3638,10.5977,2,311,17.2868,10.001795,128,319,
2007,8012,26745,3,False,1,False,1,52,0.4955,0.0158,0.6148,10.5536,2,332,11.6991,10.013188,120,307,
2008,8013,26746,4,False,1,False,1,24,0.586,0.0161,0.6507,10.46,2,251,11.7327,10.023844,132,302,
2009,8014,26750,3,False,1,False,1,25,7.1996,0.0157,0.0,0.373,,0,17.6236,10.001307,133,294,AI solve exceeded 10.00s
2010,8015,26751,3,False,1,False,1,51,1.3684,0.0268,1.6275,10.9563,2,166,14.0134,10.008989,126,319,
2011,8016,26752,3,False,1,False,1,24,1.2737,0.0,1.4236,10.6807,2,151,13.4107,10.04283,135,306,
2012,8017,26753,3,False,1,False,1,28,2.1324,0.0,1.8187,10.4427,2,306,14.4103,10.049803,128,305,
2013,8019,26760,3,False,1,False,1,15,2.0601,0.0,1.8942,10.309,2,254,14.3472,10.011186,110,324,
2014,8020,26760,4,False,1,False,1,66,0.4022,0.0,0.1023,11.0454,2,251,11.5527,10.138811,103,287,
2015,8021,26761,3,False,1,False,1,49,3.5776,0.0314,3.7129,10.7617,2,330,18.1462,10.002755,128,317,
2016,8022,26764,4,False,1,False,1,55,1.3928,0.0,1.3939,10.9249,2,322,13.7753,10.058738,130,328,
2017,8023,26765,4,False,1,False,1,0,0.0,0.0,0.0,0.0,0,0,20.0702,10.001995,138,295,AI solve exceeded 10.00s
2018,8024,26767,4,False,1,False,1,0,0.0,0.0,0.0,0.0,0,0,20.0745,10.025176,117,331,AI solve exceeded 10.00s
2019,8025,26770,3,False,1,False,1,0,0.0,0.0,0.0,0.0,0,0,20.0739,10.009844,132,302,AI solve exceeded 10.00s
2020,8026,26773,3,False,1,False,1,35,7.5137,0.0156,7.9557,10.6961,2,351,26.2509,10.00843,118,318,
2021,8027,26775,4,False,1,False,1,33,5.9338,0.0,7.4085,10.6113,2,216,23.985,10.019648,127,294,
2022,8029,26777,4,False,1,False,1,24,1.0317,0.0,0.6121,10.6616,2,341,12.362,10.003438,133,297,
2023,8030,26779,3,False,1,False,1,23,0.9641,0.0,1.0442,10.3779,2,330,12.3994,10.008603,134,305,
2024,8031,26779,4,False,1,False,1,35,3.066,0.0155,3.3545,10.4628,2,333,16.9016,10.01904,127,311,
2025,8032,26780,4,False,1,False,1,9,0.4899,0.0,0.7201,10.2167,2,269,11.4394,10.042544,102,309,
2026,8033,26781,3,False,1,False,1,41,2.1457,0.0,1.0619,10.8313,2,333,14.0606,10.002902,116,303,
2027,8034,26783,4,False,1,False,1,33,0.422,0.0155,0.425,10.436,2,333,11.3122,10.001217,127,306,
2028,8035,26785,4,False,1,False,1,32,2.6497,0.0,2.7206,10.4991,2,325,15.8818,10.003861,124,309,
2029,8036,26786,3,False,1,False,1,33,4.2498,0.0,3.8499,10.5122,2,317,18.6422,10.003504,250,588,
2030,8039,26791,4,False,1,False,1,15,5.0812,0.0,0.0,0.236,,0,15.347,10.004169,296,640,AI solve exceeded 10.00s
2031,8040,26792,3,False,1,False,1,0,0.0,0.0,0.0,0.0,0,0,20.0948,10.007773,299,631,AI solve exceeded 10.00s
2032,8041,26794,3,False,1,False,1,23,3.0276,0.0,3.0789,10.6878,2,172,16.9042,10.024357,232,487,
2033,8042,26795,3,False,1,False,1,0,0.0,0.0,0.0,0.0,0,0,20.0975,10.009622,168,372,AI solve exceeded 10.00s
2034,8043,26796,4,False,1,False,1,0,0.0,0.0,0.0,0.0,0,0,20.1319,10.014724,250,540,AI solve exceeded 10.00s
2035,8044,26798,4,False,1,False,1,61,6.2939,0.0,6.8108,11.7809,2,81,24.9119,10.002307,290,667,
2036,8045,26799,3,False,1,False,1,45,6.6766,0.0263,6.6656,10.8685,2,79,24.2644,10.003469,182,449,
2037,8050,26815,3,False,1,False,1,5,2.1972,0.0532,2.1842,10.1241,2,167,14.5678,10.000361,279,576,
2038,8053,26828,4,False,1,False,1,4,7.0943,0.0266,6.7995,10.0353,2,166,23.9698,10.017781,322,689,
2039,8055,26830,4,False,1,False,1,1,3.1421,0.0,3.2442,10.0629,2,313,16.5508,10.044763,327,677,
2040,8080,26907,4,False,1,False,1,27,1.0049,0.0154,1.0172,10.0985,2,246,12.2043,10.010939,309,684,
2041,8081,26911,3,True,1,True,1,33,0.6989,0.016,0.0,0.2333,1,0,0.9576,10.014967,304,649,
2042,8082,26911,4,False,1,False,1,70,0.6896,0.0153,0.7181,10.146,2,330,11.572,10.032779,158,361,
2043,8108,27010,3,False,1,False,1,56,2.9734,0.0162,2.9339,10.7242,2,285,16.6748,10.019968,189,461,
2044,8109,27011,3,False,1,False,1,51,1.4339,0.0156,1.5664,10.6627,2,317,13.7058,10.009062,193,492,
2045,8110,27012,4,False,1,False,1,0,0.0,0.0,0.0,0.0,0,0,20.03,10.024944,209,484,AI solve exceeded 10.00s
2046,8117,27037,3,False,1,False,1,56,3.7881,0.0307,4.4272,11.0974,2,306,19.4272,10.004375,298,699,
2047,8118,27038,3,False,1,False,1,26,3.8582,0.0307,3.8099,10.392,2,311,18.1752,10.001744,322,677,
2048,8119,27040,3,False,1,False,1,64,4.6302,0.0,4.6718,11.0359,2,263,20.4178,10.006915,269,622,
2049,8120,27040,4,False,1,False,1,13,1.7645,0.0,1.5566,10.2154,2,299,13.5392,10.007037,287,599,
2050,8121,27042,4,False,1,False,1,66,6.8164,0.0,4.6054,11.0214,2,258,22.5249,10.103928,257,588,
2051,8122,27043,3,False,1,False,1,13,1.5938,0.0161,1.5175,10.2148,2,334,13.4224,10.017326,234,490,
2052,8123,27045,4,False,1,False,1,42,7.2241,0.0,0.0,0.6519,,0,17.9435,10.007638,214,474,AI solve exceeded 10.00s
2053,8124,27050,4,False,1,False,1,0,0.0,0.0,0.0,0.0,0,0,20.0675,10.009034,278,613,AI solve exceeded 10.00s
2054,8125,27051,3,False,1,False,1,39,5.9081,0.0,5.8466,10.6028,2,279,22.428,10.00631,124,292,
2055,8126,27051,4,False,1,False,1,39,6.5491,0.0,0.0,0.9299,,0,17.4833,10.001148,124,294,AI solve exceeded 10.00s
2056,8127,27054,3,False,1,False,1,23,2.818,0.0,1.6067,10.6686,2,170,15.1158,10.062205,124,279,
2057,8128,27054,4,False,1,False,1,36,4.9006,0.0262,4.9457,10.8555,2,165,20.7336,10.059073,119,291,
2058,8129,27057,3,False,1,False,1,34,1.2055,0.0266,1.7164,10.8305,2,193,13.8011,10.002,120,299,
2059,8130,27058,3,False,1,False,1,48,1.4257,0.0,0.5907,10.7437,2,311,12.7744,10.015658,116,310,
2060,8131,27059,4,False,1,False,1,31,0.8352,0.0,1.2993,10.4982,2,332,12.671,10.010789,133,305,
2061,8132,27061,4,False,1,False,1,32,3.8268,0.0156,3.6328,10.3363,2,303,17.8412,10.000602,134,297,
2062,8133,27064,3,False,1,False,1,11,5.964,0.0,5.9029,10.1799,2,266,22.0753,10.023234,118,311,
2063,8134,27065,3,False,1,False,1,8,4.169,0.0277,4.4601,10.0582,2,331,18.747,10.034343,128,309,
2064,8135,27065,4,False,1,False,1,14,3.4386,0.0,3.578,10.2362,2,333,17.2557,10.015444,129,305,
2065,8136,27067,3,False,1,False,1,12,0.7771,0.0161,0.8441,10.0327,2,311,11.6989,10.025811,126,308,
2066,8139,27077,4,False,1,False,1,21,5.1682,0.0,5.2002,10.3411,2,308,20.7504,10.166389,127,323,
2067,8140,27087,3,False,1,False,1,27,0.0607,0.0312,0.0002,10.4586,2,270,10.5538,10.000563,135,289,
2068,8141,27087,4,False,1,False,1,27,0.0436,0.0308,0.0232,10.4068,2,40,10.5074,10.006234,131,285,
2069,8142,27097,4,True,1,True,1,27,0.7995,0.0308,0.0,0.3825,1,0,1.2155,10.014338,117,314,
2070,8143,27098,3,False,1,False,1,4,1.8484,0.0165,2.9281,10.0222,2,329,14.8229,10.097994,127,297,
2071,8144,27098,4,False,1,False,1,18,1.3624,0.0,1.1488,10.3577,2,281,12.8729,10.015606,129,292,
2072,8146,27102,4,False,1,False,1,14,1.6479,0.0,1.6384,10.3878,2,219,13.7747,10.011695,118,312,
2073,8149,27112,4,False,1,False,1,15,3.2159,0.0,3.0523,10.2612,2,332,16.6337,10.005159,126,280,
2074,8151,27118,4,False,1,False,1,4,0.6125,0.0,0.7192,10.079,2,317,11.4594,10.009994,116,302,
2075,8221,27279,3,False,1,False,1,0,0.0,0.0,0.0,0.0,0,0,20.0731,10.020961,182,481,AI solve exceeded 10.00s
2076,8222,27281,3,False,1,False,1,28,1.4295,0.0153,1.413,10.1089,2,319,13.0466,10.009356,183,433,
2077,8226,27288,4,False,1,False,1,18,2.9421,0.0,2.8958,10.3068,2,325,16.171,10.004667,294,670,
2078,8249,27383,3,False,1,False,1,0,0.0,0.0,0.0,0.0,0,0,20.0314,10.011429,278,621,AI solve exceeded 10.00s
2079,8250,27386,4,False,1,False,1,57,0.4786,0.0158,0.4749,10.6482,2,329,11.6456,10.031778,299,675,
2080,8251,27391,3,False,1,False,1,24,0.4698,0.0155,1.7367,10.5221,2,298,12.7633,10.008569,281,672,
2081,8252,27391,4,False,1,False,1,24,2.5302,0.0158,2.4848,10.1249,2,281,15.1586,10.005784,281,658,
2082,8253,27392,4,False,1,False,1,54,0.5983,0.0155,0.7107,10.6345,2,335,11.9795,10.009678,294,667,
2083,8254,27395,3,False,1,False,1,24,0.5148,0.0,0.6136,10.5552,2,298,11.7033,10.000408,281,649,
2084,8255,27397,3,False,1,False,1,24,0.5078,0.0154,0.7109,10.3742,2,214,11.6271,10.164419,300,674,
2085,8256,27397,4,False,1,False,1,24,6.5146,0.0266,0.0,0.2158,,0,16.7633,10.165413,300,674,AI solve exceeded 10.00s
2086,8257,27402,3,False,1,False,1,24,1.261,0.0,1.5179,10.695,2,165,13.5054,10.183379,300,674,
2087,8258,27402,4,False,1,False,1,24,1.6089,0.0266,1.221,10.228,2,165,13.0902,10.007741,283,644,
2088,8260,27410,3,False,1,False,1,30,2.685,0.0,2.768,10.8645,2,226,16.4825,10.019608,299,660,
2089,8261,27411,4,False,1,False,1,72,0.8156,0.0,0.4586,11.3923,2,280,12.7694,10.007325,224,566,
2090,8262,27413,3,False,1,False,1,56,3.9473,0.0311,3.9398,10.98,2,265,18.971,10.089216,286,644,
2091,8263,27415,3,False,1,False,1,56,9.9622,0.0,0.0,1.0351,,0,21.0721,10.009209,286,652,AI solve exceeded 10.00s
2092,8264,27420,3,False,1,False,1,72,1.7664,0.0,2.1869,11.1485,2,246,15.1775,10.005008,210,512,
2093,8265,27424,4,False,1,False,1,24,1.5719,0.0,1.5883,10.6805,2,289,13.9304,10.017418,309,647,
2094,8266,27425,3,False,1,False,1,25,4.4025,0.0,4.4851,10.387,2,323,19.3374,10.012542,302,644,
2095,8267,27427,4,False,1,False,1,49,1.5192,0.0,1.3934,10.7821,2,322,13.7681,10.025567,291,644,
2096,8268,27434,3,False,1,False,1,28,2.5259,0.0159,2.4501,10.3751,2,222,15.3814,10.004549,304,642,
2097,8269,27436,4,False,1,False,1,20,4.1939,0.0,4.0358,10.3715,2,304,18.6318,10.02347,210,485,
2098,8270,27437,3,False,1,False,1,31,5.7571,0.0,5.7357,10.5009,2,320,22.0227,10.003553,304,652,
2099,8271,27439,3,False,1,False,1,33,4.7456,0.016,4.5978,10.4471,2,327,19.8367,10.031176,305,648,
2100,8272,27439,4,False,1,False,1,27,4.2374,0.0,4.1522,10.4308,2,236,18.8233,10.007681,278,590,
2101,8273,27440,4,False,1,False,1,13,6.2807,0.0,4.2196,10.2255,2,321,20.7725,10.009528,263,582,
2102,8274,27441,3,False,1,False,1,32,0.9942,0.0155,1.0809,10.3396,2,337,12.4603,10.00736,303,647,
2103,8275,27442,3,False,1,False,1,13,6.6535,0.0,6.3898,10.2226,2,328,23.296,10.005131,294,643,
2104,8276,27444,3,False,1,False,1,23,7.3436,0.0,7.3198,10.3613,2,225,25.0816,10.004498,289,603,
2105,8277,27446,3,False,1,False,1,47,4.1407,0.0,2.8814,10.7377,2,331,17.7823,10.025345,224,500,
2106,8279,27447,4,False,1,False,1,43,2.218,0.0,2.5152,10.668,2,322,15.416,10.008782,302,665,
2107,8280,27448,3,False,1,False,1,47,4.3588,0.0263,6.0161,10.9319,2,166,21.3496,10.041983,308,668,
2108,8286,27479,3,False,1,False,1,1,3.7526,0.0,2.2425,10.0789,2,248,16.1873,10.016059,305,654,
2109,8290,27490,4,False,1,False,1,20,4.1278,0.0,1.8921,10.5835,2,336,16.7268,10.019329,318,653,
2110,8291,27492,4,False,1,False,1,24,6.5915,0.0,6.3699,10.3652,2,344,23.3942,10.040583,270,571,
2111,8382,27713,4,False,1,False,1,31,1.4082,0.0,0.329,10.4828,2,333,12.2288,10.007426,313,669,
2112,8396,27796,3,False,1,False,1,53,1.468,0.0158,1.4122,10.7552,2,334,13.6794,10.00768,296,663,
2113,8397,27797,4,False,1,False,1,0,0.0,0.0,0.0,0.0,0,0,20.0329,10.002509,251,565,AI solve exceeded 10.00s
2114,8398,27798,4,False,1,False,1,54,3.8544,0.0158,0.7552,10.6813,2,337,15.3357,10.015455,229,509,
2115,8399,27799,4,False,1,False,1,50,1.8882,0.0173,8.468,10.2976,2,299,20.6998,10.008692,263,646,
2116,8400,27801,3,False,1,False,1,17,0.5014,0.0163,0.5964,10.2599,2,324,11.394,10.00836,297,627,
2117,8401,27805,3,False,1,False,1,55,5.3475,0.0158,8.2493,10.6029,2,283,24.235,10.01147,308,671,
2118,8402,27805,4,False,1,False,1,32,0.6809,0.0,0.5394,10.5353,2,310,11.7585,10.020748,223,513,
2119,8403,27806,4,False,1,False,1,16,0.6171,0.0,0.5002,10.2629,2,331,11.4004,10.00037,221,479,
2120,8405,27818,3,False,1,False,1,48,2.542,0.0159,2.5863,10.7213,2,292,15.9629,10.003976,187,419,
2121,8406,27821,3,False,1,False,1,28,2.675,0.0156,2.6588,10.4256,2,336,15.8729,10.042541,227,490,
2122,8407,27824,3,False,1,False,1,14,0.5613,0.0154,0.3944,10.1492,2,314,11.2124,10.011517,186,460,
2123,8408,27832,3,False,1,False,1,72,2.2412,0.0159,1.668,11.0959,2,314,15.1145,10.008135,194,513,
2124,8409,27834,3,False,1,False,1,13,2.2557,0.0153,1.7533,10.2185,2,337,14.3364,10.014335,301,621,
2125,8410,27834,4,False,1,False,1,13,2.2209,0.0,1.6762,10.2098,2,340,14.1097,10.013258,315,656,
2126,8411,27837,4,False,1,False,1,55,7.8643,0.0,8.3282,10.8998,2,322,27.1654,10.006729,286,640,
2127,8412,27838,4,False,1,False,1,0,0.0,0.0,0.0,0.0,0,0,20.0924,10.009068,274,653,AI solve exceeded 10.00s
2128,8413,27842,3,False,1,False,1,44,0.6732,0.0,0.7046,10.6909,2,343,12.0845,10.040898,318,689,
2129,8414,27843,4,False,1,False,1,49,1.2717,0.0,1.4271,10.7471,2,320,13.4607,10.020458,306,685,
2130,8415,27849,4,False,1,False,1,50,6.4216,0.0,4.6858,11.2804,2,330,22.4186,10.010792,307,674,
2131,8416,27850,3,False,1,False,1,0,0.0,0.0,0.0,0.0,0,0,20.0477,10.023988,300,674,AI solve exceeded 10.00s
2132,8417,27851,3,False,1,False,1,0,0.0,0.0,0.0,0.0,0,0,20.0502,10.029812,314,665,AI solve exceeded 10.00s
2133,8418,27851,4,False,1,False,1,28,9.6533,0.0,8.0551,10.776,2,340,28.4902,10.008457,308,651,
2134,8419,27854,3,False,1,False,1,13,6.0098,0.0,5.9905,10.234,2,344,22.2635,10.013988,299,657,
2135,8420,27857,4,False,1,False,1,5,1.1866,0.0,1.0428,10.0967,2,344,12.3873,10.016222,296,645,
2136,8421,27859,3,False,1,False,1,49,2.2763,0.0,2.3778,10.7634,2,283,15.4314,10.003366,252,582,
2137,8422,27860,4,False,1,False,1,45,2.823,0.0,2.8719,10.6949,2,341,16.4037,10.025313,299,656,
2138,8425,27866,4,False,1,False,1,63,1.8047,0.0,1.8161,10.9541,2,341,14.5889,10.005186,300,669,
2139,8428,27886,3,False,1,False,1,4,1.6381,0.0154,1.6777,10.0482,2,342,13.3887,10.011704,313,678,
2140,8429,27886,4,False,1,False,1,18,2.331,0.0,1.389,10.288,2,344,14.0109,10.003244,305,653,
2141,8434,27900,3,False,1,False,1,8,2.0847,0.0156,2.1204,10.0154,2,337,14.3357,10.003633,295,667,
2142,8442,27912,3,False,1,False,1,14,2.9745,0.0,2.7762,10.2114,2,352,16.0979,10.009495,310,665,
2143,8479,27985,4,False,1,False,1,17,1.2251,0.0,0.5767,10.2861,2,326,12.1827,10.019581,308,653,
2144,8499,28088,3,False,1,False,1,19,0.4608,0.0,0.6111,10.3108,2,341,11.4111,10.009468,312,658,
2145,8500,28088,4,False,1,False,1,60,0.4681,0.0153,0.4792,10.6804,2,335,11.6459,10.001791,305,683,
2146,8502,28090,3,False,1,False,1,36,0.6432,0.0,0.4822,10.554,2,327,11.7077,10.006875,287,681,
2147,8504,28092,4,False,1,False,1,56,2.5235,0.0157,3.8793,10.6126,2,346,17.0511,10.0034,308,679,
2148,8505,28096,4,False,1,False,1,24,0.4623,0.0158,0.4717,10.1586,2,295,11.1285,10.000378,276,633,
2149,8506,28100,3,False,1,False,1,55,0.5833,0.0156,0.6717,10.5799,2,342,11.8698,10.008837,308,685,
2150,8507,28101,4,False,1,False,1,24,0.5141,0.0155,0.5822,10.1192,2,296,11.2506,10.004889,280,643,
2151,8508,28103,3,False,1,False,1,30,1.6103,0.0,1.4867,10.4571,2,344,13.5651,10.029035,314,676,
2152,8509,28105,4,False,1,False,1,23,3.5784,0.0,3.7046,10.3738,2,348,17.6868,10.004771,307,665,
2153,8510,28107,3,False,1,False,1,15,2.3916,0.0,2.5964,10.2461,2,328,15.3575,10.007749,281,666,
2154,8511,28109,4,False,1,False,1,44,9.7309,0.0161,9.3087,10.2963,2,335,29.4355,10.008356,278,617,
2155,8512,28111,4,False,1,False,1,44,2.3966,0.0152,2.3858,10.3938,2,351,15.2747,10.017459,311,675,
2156,8513,28112,3,False,1,False,1,37,2.2633,0.0,2.3224,10.5735,2,341,15.2624,10.020626,241,544,
2157,8514,28112,4,False,1,False,1,0,0.0,0.0,0.0,0.0,0,0,20.0054,10.010185,279,628,AI solve exceeded 10.00s
2158,8515,28116,4,False,1,False,1,0,0.0,0.0,0.0,0.0,0,0,20.0828,10.004692,224,523,AI solve exceeded 10.00s
2159,8516,28118,3,False,1,False,1,56,7.5567,0.0,7.7976,10.9078,2,252,26.3412,10.076436,168,407,
2160,8517,28119,3,False,1,False,1,69,1.9458,0.0152,2.2659,11.049,2,174,15.3602,10.09117,210,495,
2161,8518,28120,4,False,1,False,1,72,9.2422,0.0,9.1301,11.1621,2,323,29.6187,10.142623,207,499,
2162,8519,28121,4,False,1,False,1,67,2.3408,0.0,1.6643,11.3817,2,284,15.5068,10.006359,142,375,
2163,8520,28122,4,False,1,False,1,15,2.9923,0.0,2.7173,10.2471,2,338,16.0489,10.007678,260,614,
2164,8521,28128,3,False,1,False,1,64,1.7232,0.0,1.7889,10.9984,2,269,14.5941,10.020448,168,413,
2165,8522,28132,3,False,1,False,1,21,0.7759,0.0,1.6733,10.3331,2,350,12.7989,10.026878,133,298,
2166,8523,28132,4,False,1,False,1,39,0.8697,0.0149,0.9922,10.5261,2,364,12.4058,10.024724,142,337,
2167,8524,28133,3,False,1,False,1,5,2.9751,0.0152,3.0363,10.0209,2,355,16.0638,10.003018,201,503,
2168,8525,28133,4,False,1,False,1,9,0.7424,0.0,0.6556,10.1536,2,357,11.5545,10.007971,124,344,
2169,8526,28139,4,False,1,False,1,33,3.5154,0.0154,3.4585,10.3439,2,366,17.3638,10.021373,125,292,
2170,8527,28140,4,False,1,False,1,20,3.6643,0.0,3.6546,10.3468,2,362,17.696,10.066596,248,545,
2171,8528,28145,3,False,1,False,1,32,0.97,0.0159,0.9483,10.3407,2,362,12.3053,10.015107,308,655,
2172,8529,28146,3,False,1,False,1,13,5.8275,0.0,5.8762,10.2074,2,361,21.941,10.001863,277,616,
2173,8530,28153,3,False,1,False,1,53,2.064,0.0155,2.2214,10.6334,2,304,14.9462,10.053937,269,610,
2174,8537,28180,3,False,1,False,1,4,1.9319,0.0153,1.9265,10.0623,2,374,13.9455,10.021515,122,297,
2175,8539,28182,4,False,1,False,1,4,2.1303,0.0152,2.4085,10.0271,2,376,14.5913,10.006675,123,298,
2176,8550,28214,4,False,1,False,1,70,0.5739,0.0152,0.6503,10.1049,2,358,11.3534,10.041551,182,412,
2177,8563,28282,3,True,1,True,1,33,0.026,0.0305,0.0,0.1314,1,0,0.1902,10.018359,134,306,
2178,8566,28298,4,False,1,False,1,0,0.0,0.0,0.0,0.0,0,0,20.0337,10.025722,134,332,AI solve exceeded 10.00s
2179,8567,28301,3,False,1,False,1,53,2.1893,0.015,0.3892,10.2734,2,290,12.8965,10.005463,130,343,
2180,8568,28302,4,False,1,False,1,52,1.6493,0.0158,0.1556,10.2738,2,363,12.1234,10.007327,138,349,
2181,8569,28303,4,False,1,False,1,13,0.4252,0.0,0.5542,10.2016,2,350,11.2007,10.072595,137,353,
2182,8570,28311,3,False,1,False,1,34,0.4529,0.0152,0.5416,10.501,2,350,11.5303,10.0063,159,359,
2183,8571,28312,3,False,1,False,1,13,0.4577,0.0149,0.5384,10.202,2,349,11.2332,10.054517,311,683,
2184,8572,28313,4,False,1,False,1,18,0.4444,0.0,1.5681,10.2741,2,357,12.3074,10.011593,321,687,
2185,8574,28314,4,False,1,False,1,44,0.2341,0.0,0.0673,10.6636,2,362,10.9768,10.006235,318,689,
2186,8575,28318,3,False,1,False,1,42,5.6746,0.0,5.6458,10.646,2,368,22.0817,10.02584,327,702,
2187,8576,28320,4,False,1,False,1,43,5.6239,0.0,5.6113,10.6554,2,354,22.0031,10.003704,252,597,
2188,8577,28327,4,False,1,False,1,48,6.2456,0.0,6.1843,10.7236,2,361,23.2545,10.001549,204,450,
2189,8578,28328,4,False,1,False,1,28,5.1129,0.0,5.1807,10.4595,2,376,20.8518,10.00879,157,352,
2190,8579,28332,4,False,1,False,1,68,5.3889,0.0,5.258,11.1768,2,295,21.9262,10.002562,191,458,
2191,8580,28333,4,False,1,False,1,0,0.0,0.0,9.7562,10.0077,2,356,29.8674,10.00151,323,669,AI solve exceeded 10.00s
2192,8581,28334,3,False,1,False,1,13,9.6184,0.0154,0.0,0.1959,,0,19.935,10.009227,319,666,AI solve exceeded 10.00s
2193,8582,28336,4,False,1,False,1,72,6.1813,0.0,6.047,11.1157,2,312,23.4282,10.083595,210,502,
2194,8583,28345,3,False,1,False,1,38,0.5871,0.0157,0.5934,10.5158,2,371,11.7285,10.002156,255,563,
2195,8584,28346,3,False,1,False,1,21,0.6519,0.0,0.5495,10.3255,2,362,11.5448,10.037141,284,633,
2196,8585,28347,4,False,1,False,1,33,1.1711,0.0,0.9268,10.5423,2,368,12.6807,10.012067,219,480,
2197,8586,28349,4,False,1,False,1,34,3.6084,0.0151,3.6227,10.3934,2,370,17.6707,10.009217,308,659,
2198,8587,28351,4,False,1,False,1,52,3.5957,0.0,3.5974,10.784,2,364,18.0083,10.00777,329,706,
2199,8588,28352,3,False,1,False,1,10,5.0962,0.0,5.2813,10.1702,2,354,20.579,10.003484,316,701,
2200,8590,28356,3,False,1,False,1,13,6.4197,0.0,6.3448,10.2105,2,356,23.0065,10.000673,333,728,
2201,8591,28356,4,False,1,False,1,14,0.9416,0.0154,0.9438,10.0665,2,360,11.9701,10.010265,333,745,
2202,8592,28359,4,False,1,False,1,23,8.339,0.0,8.6979,10.3574,2,380,27.4763,10.002081,348,739,
2203,8593,28363,3,False,1,False,1,49,2.5058,0.0153,2.5153,10.5647,2,209,15.6113,10.003241,337,758,
2204,8597,28378,4,False,1,False,1,5,1.3158,0.0304,1.318,10.0677,2,342,12.7369,10.001154,336,722,
2205,8600,28389,4,False,1,False,1,18,0.8075,0.0,0.9407,10.287,2,369,12.0464,10.024254,352,738,
2206,8616,28434,4,True,1,True,1,22,0.0119,0.0297,0.0,0.3001,1,0,0.344,10.005222,355,762,
2207,8635,28519,3,False,1,False,1,35,0.349,0.0151,0.1313,10.3839,2,368,10.9077,10.005675,250,557,
2208,8636,28520,4,False,1,False,1,55,1.2577,0.015,1.4442,10.6573,2,359,13.4021,10.005599,345,775,
2209,8637,28525,3,False,1,False,1,58,1.5274,0.0154,0.5451,10.8733,2,361,12.9805,10.039459,357,781,
2210,8638,28529,4,False,1,False,1,24,0.4428,0.0152,0.5622,10.1703,2,325,11.2103,10.059335,306,726,
2211,8640,28548,3,False,1,False,1,56,4.3129,0.0287,4.2339,10.8016,2,264,19.4637,10.084873,247,565,
2212,8641,28555,4,False,1,False,1,15,1.8966,0.0,1.8908,10.2347,2,377,14.158,10.012557,359,751,
2213,8642,28556,4,False,1,False,1,67,2.7788,0.0,2.693,11.0449,2,190,16.6109,10.002778,349,769,
2214,8643,28560,3,False,1,False,1,72,7.6454,0.0,6.7274,11.0698,2,332,25.5253,10.000578,151,392,
2215,8644,28560,4,False,1,False,1,0,0.0,0.0,0.0,0.0,0,0,20.0074,10.003776,311,649,AI solve exceeded 10.00s
2216,8645,28563,3,False,1,False,1,56,8.3164,0.0,8.4281,10.8272,2,370,27.676,10.001382,306,715,
2217,8646,28565,3,False,1,False,1,39,4.5418,0.0149,4.4412,10.519,2,397,19.5359,10.004004,200,449,
2218,8647,28566,4,False,1,False,1,40,2.5371,0.0148,2.8357,10.519,2,392,15.9258,10.006498,345,746,
2219,8648,28567,3,False,1,False,1,52,1.1041,0.0,1.0707,10.7887,2,391,12.9851,10.036083,349,763,
2220,8650,28569,4,False,1,False,1,21,2.5525,0.0,2.7223,10.3265,2,390,15.6194,10.00143,351,755,
2221,8651,28571,3,False,1,False,1,10,3.1782,0.015,3.3993,10.084,2,386,16.7084,10.008648,353,748,
2222,8652,28572,3,False,1,False,1,35,5.0035,0.0,5.0678,10.5209,2,393,20.6248,10.007975,354,756,
2223,8653,28574,3,False,1,False,1,34,3.6112,0.0148,3.4847,10.4223,2,397,17.5642,10.003791,354,760,
2224,8657,28591,3,False,1,False,1,60,2.2969,0.0145,2.4659,10.806,2,146,15.5921,10.087251,357,766,
2225,8669,28646,3,False,1,False,1,13,0.8629,0.0,0.7274,10.2103,2,404,11.88,10.003117,360,752,
2226,8684,28719,3,True,1,True,1,33,0.2916,0.0506,0.0,0.1402,1,0,0.4874,10.014708,251,533,
2227,8687,28734,3,False,1,False,1,59,2.9571,0.0154,2.9745,10.7833,2,272,16.7613,10.006469,232,577,
2228,8688,28737,4,False,1,False,1,57,0.3629,0.0159,0.126,10.7412,2,336,11.2755,10.001582,343,746,
2229,8689,28738,3,False,1,False,1,55,4.0456,0.0154,4.0287,10.6919,2,326,18.8117,10.000489,342,767,
2230,8691,28740,4,False,1,False,1,16,0.7557,0.0,1.0935,10.4509,2,221,12.3231,10.003245,361,755,
2231,8692,28742,3,False,1,False,1,37,0.4667,0.0153,0.6331,10.5658,2,325,11.7017,10.006586,344,766,
2232,8693,28744,4,False,1,False,1,36,0.5211,0.0,0.6049,10.5832,2,326,11.7296,10.028936,345,766,
2233,8694,28745,4,False,1,False,1,15,0.5047,0.0,0.7154,10.2497,2,337,11.49,10.000667,359,749,
2234,8695,28746,4,False,1,False,1,19,0.5084,0.0,2.366,10.3444,2,345,13.2536,10.001608,355,747,
2235,8698,28753,4,False,1,False,1,51,6.2658,0.0,6.4308,10.7939,2,250,23.7107,10.001176,285,649,
2236,8699,28755,3,False,1,False,1,18,1.733,0.0156,1.4659,10.3018,2,334,13.7566,10.02675,365,756,
2237,8700,28757,3,False,1,False,1,41,1.8249,0.0161,2.3346,10.6497,2,314,14.9393,10.002658,364,770,
2238,8701,28759,4,False,1,False,1,72,7.3586,0.0,7.3301,11.1324,2,320,25.9461,10.06395,335,753,
2239,8702,28761,4,False,1,False,1,72,6.0086,0.0,6.6041,11.1473,2,311,23.8665,10.050473,311,703,
2240,8703,28764,3,False,1,False,1,0,0.0,0.0,0.0,0.0,0,0,20.1104,10.0042,372,784,AI solve exceeded 10.00s
2241,8704,28766,3,False,1,False,1,0,0.0,0.0,0.0,0.0,0,0,20.033,10.003204,295,690,AI solve exceeded 10.00s
2242,8705,28766,4,False,1,False,1,23,2.769,0.0,4.1769,10.6456,2,244,17.5974,10.028824,370,814,
2243,8707,28772,4,False,1,False,1,21,4.7137,0.0,6.5693,10.3344,2,328,21.6534,10.000398,371,782,
2244,8708,28776,3,False,1,False,1,10,3.9484,0.0159,4.1527,10.0886,2,318,18.2386,10.000831,373,825,
2245,8709,28778,4,False,1,False,1,14,0.9178,0.0161,1.0394,10.0899,2,324,12.0975,10.003567,382,848,
2246,8710,28782,3,False,1,False,1,24,1.3494,0.0,1.741,10.3802,2,333,13.532,10.004321,405,844,
2247,8713,28788,4,False,1,False,1,21,3.909,0.0,4.4512,10.3377,2,166,18.7317,10.00834,393,887,
2248,8717,28808,4,False,1,False,1,18,0.7008,0.0,0.7423,10.29,2,339,11.7456,10.015233,397,828,
2249,8718,28809,4,False,1,False,1,20,0.7218,0.0,0.7135,10.3163,2,328,11.7642,10.005921,395,859,
2250,8727,28833,4,False,1,False,1,18,1.0518,0.0,1.0833,10.3914,2,213,12.7449,10.011916,406,869,
2251,8728,28839,4,False,1,False,1,18,2.8059,0.0,2.9138,10.5131,2,169,16.5659,10.002606,411,872,
2252,8761,28958,4,False,1,False,1,60,9.8494,0.0256,6.7128,11.1572,2,161,27.7766,10.008144,112,297,
2253,8762,28961,4,False,1,False,1,60,1.4315,0.0,1.1372,11.6786,2,161,14.2815,10.021493,112,299,
2254,8763,28964,3,False,1,False,1,32,1.6542,0.0,2.4662,10.8569,2,336,14.9957,10.054805,120,291,
2255,8767,28972,4,False,1,False,1,15,2.2024,0.0,2.3033,10.2807,2,195,14.8714,10.016389,108,302,
2256,8768,28974,3,False,1,False,1,56,5.3801,0.0,4.3018,11.5499,2,109,21.3658,10.192866,94,261,
2257,8769,28974,4,False,1,False,1,56,5.5644,0.0,2.32,11.5578,2,124,19.4478,10.135799,217,507,
2258,8770,28977,3,False,1,False,1,56,8.0656,0.0,0.0,1.1842,,0,19.4045,10.014431,224,514,AI solve exceeded 10.00s
2259,8771,28979,4,False,1,False,1,48,2.22,0.0,2.2037,10.7316,2,339,15.2734,10.00272,284,612,
2260,8772,28985,3,False,1,False,1,10,4.3117,0.0157,1.3017,10.0811,2,316,15.7442,10.004199,298,678,
2261,8773,28988,4,False,1,False,1,0,0.0,0.0,0.0,0.0,0,0,20.0622,10.007091,315,672,AI solve exceeded 10.00s
2262,8774,28991,3,False,1,False,1,15,1.75,0.0,2.2747,10.26,2,328,14.3453,10.009852,308,659,
2263,8776,28992,4,False,1,False,1,17,1.9506,0.0,1.9742,10.2858,2,347,14.294,10.002278,227,502,
2264,8777,28993,4,True,1,True,1,69,1.1121,0.0153,0.0,0.0,1,0,1.159,10.004947,310,673,
2265,8779,28997,3,False,1,False,1,7,3.747,0.0154,3.858,10.0384,2,216,17.6674,10.026763,308,652,
2266,8787,29023,4,False,1,False,1,1,1.3143,0.0,1.3881,10.0253,2,294,12.7923,10.002945,294,632,
2267,8788,29024,3,False,1,False,1,1,1.4564,0.0,1.4244,10.0316,2,342,12.9782,10.018472,271,593,
2268,8811,29137,4,False,1,False,1,28,0.0251,0.0307,0.0001,10.4054,2,323,10.4643,10.009009,188,419,
2269,8816,29154,4,False,1,False,1,57,1.3935,0.016,0.1387,10.7237,2,245,12.3017,10.006128,206,472,
2270,8817,29155,3,False,1,False,1,58,4.342,0.0154,3.9009,10.7258,2,281,19.0137,10.018159,244,550,
2271,8818,29156,3,False,1,False,1,62,1.513,0.0163,2.3123,10.7284,2,327,14.5907,10.001031,262,595,
2272,8820,29161,3,False,1,False,1,61,1.8129,0.016,1.8824,10.6938,2,256,14.4252,10.003089,282,642,
2273,8821,29161,4,False,1,False,1,38,0.7968,0.0,0.6246,10.9834,2,297,12.4083,10.013619,230,548,
2274,8822,29162,3,False,1,False,1,18,0.5842,0.0153,0.4931,10.2877,2,335,11.4005,10.028305,266,564,
2275,8823,29164,3,False,1,False,1,38,0.5961,0.0168,0.5013,10.623,2,269,11.7577,10.009262,282,631,
2276,8827,29171,3,False,1,False,1,56,8.6787,0.0,0.0,1.5722,,0,20.4797,10.005917,237,556,AI solve exceeded 10.00s
2277,8828,29172,3,False,1,False,1,0,0.0,0.0,0.0,0.0,0,0,20.2306,10.002361,296,658,AI solve exceeded 10.00s
2278,8829,29174,4,False,1,False,1,56,9.0252,0.0,0.0,1.5268,,0,20.7373,10.14773,154,380,AI solve exceeded 10.00s
2279,8830,29175,4,False,1,False,1,0,0.0,0.0,0.0,0.0,0,0,20.1731,10.007274,154,405,AI solve exceeded 10.00s
2280,8831,29180,3,False,1,False,1,43,2.5567,0.0162,2.3624,10.6596,2,177,15.6269,10.00323,265,580,
2281,8832,29181,3,False,1,False,1,12,2.6744,0.0162,1.2127,10.1558,2,235,14.0944,10.004136,290,649,
2282,8833,29181,4,False,1,False,1,1,1.3548,0.0,1.1908,10.0684,2,224,12.6168,10.109843,105,300,
2283,8834,29182,4,False,1,False,1,30,1.2259,0.0,1.219,10.4884,2,339,12.9791,10.00735,222,477,
2284,8835,29183,3,False,1,False,1,34,4.5663,0.0154,4.6517,10.4733,2,316,19.7282,10.01958,254,549,
2285,8836,29184,3,False,1,False,1,42,4.3754,0.0,0.8726,10.6542,2,323,15.9374,10.005061,250,564,
2286,8837,29186,4,False,1,False,1,56,1.893,0.0,4.1685,10.8661,2,325,16.9628,10.00937,211,494,
2287,8838,29189,4,False,1,False,1,0,0.0,0.0,0.0,0.0,0,0,20.0889,10.006818,221,491,AI solve exceeded 10.00s
2288,8840,29199,4,False,1,False,1,31,0.043,0.0306,0.0001,10.4619,2,36,10.5388,10.009704,127,285,
2289,8841,29201,4,False,1,False,1,5,1.4943,0.0316,1.4813,10.0705,2,270,13.0831,10.015219,130,291,
2290,8843,29210,4,False,1,False,1,18,0.7537,0.0,0.7391,10.2881,2,342,11.7945,10.011763,131,297,
2291,8844,29211,4,False,1,False,1,43,0.7227,0.0,0.7313,10.6585,2,321,12.1264,10.003721,117,311,
2292,8846,29225,4,True,1,False,1,24,2.4994,0.0,2.5069,7.3122,1,218,12.5554,10.231845,136,281,
2293,8847,29226,4,True,1,False,1,25,2.2493,0.0,2.3379,9.3026,1,241,14.1256,10.259381,136,282,
2294,8868,29265,4,False,1,False,1,36,0.3446,0.0,0.1865,10.5746,2,309,11.1149,10.021359,263,577,
2295,8880,29330,4,True,1,True,1,35,4.104,0.0157,0.0,0.1232,1,0,4.2471,10.003932,298,625,
2296,8884,29347,3,False,1,False,1,25,0.5553,0.0155,0.6171,10.254,2,281,11.4696,10.006146,255,568,
2297,8886,29356,4,False,1,False,1,24,0.4786,0.0156,0.6449,10.1281,2,315,11.2875,10.005059,241,541,
2298,8887,29357,3,False,1,False,1,61,0.6659,0.0155,0.4977,10.9252,2,332,12.1245,10.014912,293,659,
2299,8888,29359,4,False,1,False,1,61,0.9484,0.0156,0.8667,10.7038,2,341,12.5566,10.039241,301,659,
2300,8889,29360,3,False,1,False,1,15,0.7397,0.0,0.7245,10.2519,2,279,11.7385,10.007537,295,614,
2301,8890,29362,3,False,1,False,1,24,1.2739,0.0,1.4126,10.6536,2,301,13.3744,10.008138,285,634,
2302,8892,29368,3,False,1,False,1,0,0.0,0.0,0.0,0.0,0,0,20.1664,10.019216,259,557,AI solve exceeded 10.00s
2303,8893,29368,4,False,1,False,1,15,2.0789,0.0,1.8629,10.2484,2,334,14.193,10.014753,148,326,
2304,8894,29369,4,False,1,False,1,17,1.5435,0.0,1.5527,10.3002,2,323,13.5496,10.019414,239,554,
2305,8895,29377,4,False,1,False,1,30,3.371,0.0,3.3939,10.4687,2,331,17.3212,10.001424,124,300,
2306,8898,29382,3,False,1,False,1,28,8.7411,0.0163,8.8773,10.0497,2,329,27.7729,10.018227,128,295,
2307,8899,29382,4,False,1,False,1,24,3.4553,0.0,3.3331,10.3872,2,239,17.1784,10.001165,120,288,
2308,8900,29384,3,False,1,False,1,29,3.4615,0.0158,3.5699,10.4721,2,317,17.6082,10.006063,127,294,
2309,8902,29388,4,False,1,False,1,28,3.5287,0.0,3.4452,10.4371,2,330,17.5028,10.034958,125,301,
2310,8905,29396,4,False,1,False,1,24,3.4595,0.0,3.4572,10.422,2,227,17.4276,10.022439,124,294,
2311,8906,29400,3,False,1,False,1,54,3.0755,0.0,1.8407,11.5251,2,138,16.4783,10.048912,123,327,
2312,8907,29404,4,False,1,False,1,14,1.3501,0.0156,1.1196,10.0631,2,307,12.6028,10.056643,170,423,
2313,8914,29430,3,False,1,False,1,4,2.1054,0.0168,2.2093,10.0969,2,345,14.4427,10.011517,292,642,
2314,8915,29430,4,False,1,False,1,29,4.4391,0.016,4.3059,10.019,2,320,18.7829,10.009219,267,581,
2315,8928,29472,4,False,1,False,1,68,1.7698,0.0154,1.8878,10.0184,2,304,13.7011,10.006529,267,600,
2316,8945,29550,3,False,1,False,1,19,0.4691,0.0155,0.6005,10.3057,2,194,11.4114,10.00349,210,511,
2317,8946,29551,3,False,1,False,1,65,1.0937,0.0297,3.7522,11.0521,2,192,15.9636,10.00868,285,642,
2318,8949,29568,4,False,1,False,1,0,0.0,0.0,0.0,0.0,0,0,20.2043,10.002644,226,528,AI solve exceeded 10.00s
2319,8950,29569,3,False,1,False,1,44,5.7354,0.0159,6.0878,10.2979,2,203,22.2475,10.010925,118,296,
2320,8951,29570,4,False,1,False,1,0,0.0,0.0,9.6244,10.0087,2,318,29.7859,10.015696,118,314,AI solve exceeded 10.00s
2321,8953,29573,3,False,1,False,1,39,7.2094,0.0,5.4594,10.6302,2,329,23.3733,10.006822,124,311,
2322,8956,29575,3,False,1,False,1,32,7.0958,0.0,5.5265,10.5435,2,304,23.2384,10.013196,124,302,
2323,8959,29579,3,False,1,False,1,30,7.9891,0.0,7.7579,10.5012,2,298,26.3257,10.020673,124,301,
2324,8962,29585,3,False,1,False,1,27,5.4786,0.0,5.3905,10.4377,2,333,21.3795,10.035894,128,303,
2325,8967,29606,4,False,1,False,1,22,1.8526,0.0,1.2913,10.4025,2,332,13.5675,10.00834,117,302,
2326,8968,29607,3,False,1,False,1,13,1.8136,0.0248,3.0474,10.1321,2,195,15.0408,10.010763,117,302,
2327,8970,29617,4,False,1,False,1,0,0.0,0.0,0.0,0.0,0,0,20.099,10.000645,129,298,AI solve exceeded 10.00s
2328,8973,29625,4,False,1,False,1,32,0.1115,0.0696,0.0002,10.8385,2,35,11.0252,10.021138,126,288,
2329,8975,29634,4,True,1,True,1,7,2.6609,0.0258,0.0,0.133,1,0,2.8243,10.020084,112,305,
2330,8976,29637,3,False,1,False,1,4,4.2258,0.0256,4.201,10.097,2,166,18.5731,10.020708,118,288,
2331,8977,29639,4,False,1,False,1,4,9.2489,0.0,9.1522,10.0788,2,329,28.5631,10.004601,124,288,
2332,8992,29686,4,False,1,False,1,14,1.8246,0.0,1.7464,10.2281,2,320,13.8322,10.009923,106,310,
2333,9009,29768,3,False,1,False,1,65,0.4622,0.0155,0.6069,10.9709,2,333,12.0777,10.027481,116,307,
2334,9010,29770,4,False,1,False,1,24,0.5045,0.0158,0.5776,10.3005,2,320,11.4188,10.008886,123,287,
2335,9011,29773,4,False,1,False,1,17,0.9191,0.0,0.9023,10.2752,2,312,12.1178,10.022367,124,285,
2336,9012,29776,4,False,1,False,1,17,0.6843,0.0,0.6625,10.2783,2,339,11.6486,10.046124,134,286,
2337,9015,29782,3,False,1,False,1,43,1.1821,0.0,1.1872,10.6686,2,332,13.1909,10.102692,125,302,
2338,9016,29789,3,False,1,False,1,39,2.4364,0.0159,2.3827,10.6012,2,328,15.4753,10.017879,124,306,
2339,9017,29789,4,False,1,False,1,39,7.6953,0.0,8.5773,10.6088,2,335,26.8843,10.045796,124,306,
2340,9022,29797,4,False,1,False,1,0,0.0,0.0,0.0,0.0,0,0,20.0416,10.006186,124,313,AI solve exceeded 10.00s
2341,9023,29799,4,False,1,False,1,36,7.7806,0.0,8.7705,10.5635,2,327,27.1553,10.016349,124,308,
2342,9025,29803,3,False,1,False,1,40,2.5201,0.0157,2.3975,10.6632,2,323,15.6351,10.029248,124,307,
2343,9030,29821,3,False,1,False,1,10,1.1955,0.0154,4.7266,10.0904,2,316,16.0624,10.013471,112,318,
2344,9031,29822,3,False,1,False,1,40,2.6505,0.0157,1.5385,10.4341,2,246,14.6723,10.008411,125,292,
2345,9032,29823,3,False,1,False,1,13,3.9012,0.0,6.5464,10.219,2,322,20.699,10.043258,118,308,
2346,9033,29825,3,False,1,False,1,17,3.3139,0.0,3.2459,10.3226,2,328,16.9438,10.020272,118,312,
2347,9037,29851,4,False,1,False,1,4,2.5142,0.0156,2.2267,10.0172,2,333,14.7906,10.017917,118,296,
2348,9040,29856,4,False,1,False,1,27,1.3132,0.0,1.1658,10.4201,2,218,12.9604,10.081957,136,284,
2349,9041,29857,3,True,1,False,1,26,1.688,0.0,1.5973,8.3824,1,265,11.9261,10.055497,136,283,
2350,9042,29865,4,False,1,False,1,18,1.2886,0.0,1.3257,10.2991,2,326,13.1605,10.008098,127,314,
2351,9068,29975,4,False,1,False,1,18,0.4666,0.0,0.6347,10.3208,2,295,11.4414,10.015066,123,297,
2352,9069,29977,3,False,1,False,1,43,0.4762,0.0159,0.6324,10.6637,2,310,11.8084,10.009373,123,299,
2353,9070,29977,4,False,1,False,1,43,0.4712,0.0,0.6582,10.6982,2,317,11.8307,10.016351,122,295,
2354,9072,29986,4,False,1,False,1,25,2.1075,0.0155,2.1534,10.1245,2,329,14.4758,10.012549,119,304,
2355,9073,29988,3,False,1,False,1,6,9.087,0.0157,9.1631,10.0181,2,333,28.3039,10.001537,124,312,
2356,9074,29990,3,False,1,False,1,14,1.5216,0.0161,1.5494,10.1451,2,224,13.2548,10.021334,113,318,
2357,9075,29994,3,False,1,False,1,10,1.3991,0.0156,1.4303,10.0833,2,329,12.9633,10.013407,134,292,
2358,9076,29994,4,False,1,False,1,21,1.4147,0.0,1.4333,10.3518,2,301,13.2028,10.006489,123,283,
2359,9078,29999,4,False,1,False,1,33,4.6021,0.0,3.8533,10.5375,2,337,19.1015,10.013884,118,277,
2360,9079,30000,4,False,1,False,1,24,8.3578,0.0,8.955,10.3906,2,316,27.797,10.036888,132,304,
2361,9082,30011,4,False,1,False,1,5,1.4416,0.0307,1.4245,10.065,2,174,12.967,10.017266,122,294,
2362,9084,30019,4,True,1,True,1,7,0.9175,0.0154,0.0,0.076,1,0,1.0115,10.013613,118,316,
2363,9086,30028,4,True,1,False,1,26,1.6592,0.0,1.6225,8.4288,1,265,11.952,10.075059,136,283,
2364,9117,30153,3,False,1,False,1,65,0.6223,0.0164,0.4499,11.0089,2,333,12.1161,10.008905,119,310,
2365,9118,30155,4,False,1,False,1,65,0.6332,0.0153,0.4876,10.7256,2,332,11.8819,10.084991,119,308,
2366,9121,30163,4,False,1,False,1,0,0.0,0.0,0.0,0.0,0,0,20.064,10.118071,131,279,AI solve exceeded 10.00s
2367,9122,30171,4,False,1,False,1,13,3.4594,0.0,4.1549,10.2503,2,158,17.8974,10.03335,111,302,
2368,9123,30172,4,False,1,False,1,36,4.9056,0.0,5.0911,11.0155,2,175,21.0649,10.000305,129,302,
2369,9124,30175,3,False,1,False,1,17,2.9831,0.0,2.4822,10.2836,2,319,15.8262,10.017576,130,328,
2370,9125,30176,3,False,1,False,1,13,3.6535,0.0,3.6771,10.2247,2,326,17.6134,10.024822,136,327,
2371,9133,30206,3,False,1,False,1,27,1.6803,0.0,1.7204,10.4271,2,265,14.1024,10.269094,155,321,
2372,9152,30245,4,False,1,False,1,70,1.8562,0.0158,1.8996,10.0201,2,326,13.8012,10.013998,134,327,
2373,9173,30317,4,False,1,False,1,18,0.8668,0.0,0.7796,10.3788,2,256,12.0475,10.358657,144,328,
2374,9177,30324,3,False,1,False,1,24,4.9876,0.0265,5.1441,10.2235,2,163,20.4887,10.002434,130,344,
2375,9178,30326,3,False,1,False,1,0,0.0,0.0,0.0,0.0,0,0,20.1124,10.012722,126,323,AI solve exceeded 10.00s
2376,9179,30326,4,False,1,False,1,24,1.9436,0.0,0.0,0.6694,,0,12.6199,10.420665,145,345,AI solve exceeded 10.00s
2377,9180,30329,3,False,1,False,1,24,3.1999,0.0,2.4072,10.8598,2,161,16.5686,10.019707,126,334,
2378,9181,30330,3,False,1,False,1,0,0.0,0.0,9.6332,10.0011,2,164,29.6651,10.082916,137,331,AI solve exceeded 10.00s
2379,9182,30332,3,False,1,False,1,15,4.6185,0.0263,4.5607,10.3245,2,115,19.5657,10.021599,123,329,
2380,9183,30332,4,False,1,False,1,1,5.527,0.0,4.6967,10.0497,2,132,20.2796,10.07262,102,288,
2381,9184,30334,4,False,1,False,1,55,3.7174,0.0,3.4529,10.8611,2,336,18.0526,10.008539,285,641,
2382,9185,30335,4,False,1,False,1,42,3.6124,0.0158,3.6919,10.4748,2,330,17.8273,10.028653,326,698,
2383,9186,30336,4,False,1,False,1,21,1.5759,0.0,4.3289,10.3265,2,328,16.2634,10.004436,322,677,
2384,9187,30337,3,False,1,False,1,44,4.2192,0.0,4.1841,10.7081,2,303,19.142,10.019521,295,656,
2385,9188,30339,3,False,1,False,1,15,5.0089,0.0158,8.805,10.0803,2,263,23.9646,10.006976,314,657,
2386,9189,30339,4,False,1,False,1,16,3.3316,0.0,3.4729,10.31,2,293,17.1174,10.012106,295,658,
2387,9190,30348,3,False,1,False,1,34,0.0564,0.0312,0.0153,10.5476,2,332,10.6536,10.147235,350,707,
2388,9195,30358,4,False,1,False,1,20,1.4659,0.0,1.0086,10.4774,2,314,12.9744,10.000484,329,745,
2389,9209,30395,4,False,1,False,1,18,2.5891,0.0,3.1231,10.3407,2,182,16.078,10.079892,183,475,
2390,9220,30445,3,False,1,False,1,6,0.6665,0.0305,1.6968,10.0754,2,202,12.4738,10.044456,328,757,
2391,9221,30447,3,False,1,False,1,31,0.67,0.0298,0.6692,10.4679,2,298,11.8417,10.004412,349,706,
2392,9227,30458,3,False,1,False,1,36,0.9625,0.0,1.8808,10.6307,2,340,13.4851,10.002963,348,752,
2393,9232,30466,4,False,1,False,1,17,3.3262,0.0,2.6838,10.2721,2,320,16.3458,10.006513,335,736,
2394,9233,30467,4,False,1,False,1,48,2.1203,0.0,2.1322,10.7531,2,283,15.067,10.009529,345,752,
2395,9234,30469,3,False,1,False,1,20,5.8354,0.0,6.2276,10.5358,2,328,22.6203,10.001421,340,746,
2396,9235,30472,3,False,1,False,1,10,4.2966,0.0159,4.3462,10.0827,2,316,18.772,10.008355,332,762,
2397,9236,30472,4,False,1,False,1,13,3.2288,0.0,3.3242,10.2204,2,325,16.7761,10.020772,338,758,
2398,9237,30473,3,False,1,False,1,42,1.6765,0.0157,1.6813,10.4893,2,334,13.8929,10.007396,350,749,
2399,9238,30476,4,False,1,False,1,14,1.9556,0.0158,2.859,10.0643,2,330,14.9558,10.005738,341,737,
2400,9241,30485,3,False,1,False,1,3,1.9928,0.0514,2.0039,10.063,2,31,14.1193,10.022407,300,632,
2401,9242,30485,4,False,1,False,1,0,0.0,0.0,0.0,0.0,0,0,20.0045,10.001062,324,687,AI solve exceeded 10.00s
2402,9243,30487,3,False,1,False,1,33,1.9747,0.0534,1.9975,10.8593,2,61,14.893,10.00858,322,691,
2403,9246,30497,3,False,1,False,1,4,5.1857,0.0277,5.3229,10.1275,2,164,20.696,10.003015,356,761,
2404,9267,30567,4,False,1,False,1,0,0.0,0.0,0.0,0.0,0,0,20.008,10.001203,268,669,AI solve exceeded 10.00s
2405,9268,30568,3,True,1,True,1,39,8.303,0.0169,0.0,0.1248,1,0,8.4488,10.004121,323,698,
2406,9271,30573,4,False,1,False,1,44,0.5719,0.0,0.104,10.6817,2,322,11.3689,10.002439,338,729,
2407,9273,30578,3,False,1,False,1,24,1.1096,0.0,1.1257,10.3784,2,261,12.667,10.003918,334,739,
2408,9274,30579,4,False,1,False,1,24,6.8151,0.0,4.545,10.3898,2,316,21.809,10.004988,333,745,
2409,9277,30582,4,False,1,False,1,25,2.0363,0.0161,2.0174,10.1185,2,293,14.2398,10.002897,333,732,
2410,9278,30589,3,False,1,False,1,10,1.664,0.0158,1.3198,10.0909,2,326,13.1196,10.004151,340,710,
2411,9279,30592,3,False,1,False,1,15,5.3889,0.0155,5.726,10.0883,2,332,21.2781,10.00703,346,708,
2412,9280,30592,4,False,1,False,1,16,5.0932,0.0,6.1147,10.4549,2,278,21.6677,10.020836,338,745,
2413,9284,30602,3,False,1,False,1,3,0.0567,0.0306,0.0002,10.0323,2,227,10.1227,10.008667,328,705,
2414,9296,30634,4,False,1,False,1,14,2.7975,0.0,2.3203,10.2245,2,337,15.6315,10.00371,343,721,
2415,9314,30672,4,False,1,False,1,13,1.0557,0.0,1.097,10.2175,2,319,12.4243,10.008486,339,714,
2416,9315,30673,4,False,1,False,1,49,1.9309,0.0,1.4474,10.7942,2,332,14.2322,10.012398,347,755,
2417,9317,30679,3,False,1,False,1,46,4.3098,0.0156,4.2796,10.623,2,330,19.2457,10.017526,345,740,
2418,9318,30683,4,False,1,False,1,13,2.9073,0.0,2.8198,10.2244,2,191,15.9784,10.00347,333,746,
2419,9319,30685,3,False,1,False,1,13,1.3533,0.0,1.2787,10.2256,2,321,12.885,10.006081,314,715,
2420,9320,30685,4,False,1,False,1,16,1.5016,0.0161,1.5848,10.0679,2,316,13.1733,10.004066,330,756,
2421,9321,30686,4,False,1,False,1,13,9.5612,0.0,9.4263,10.2271,2,291,29.281,10.007974,344,749,
2422,9353,30769,4,False,1,False,1,30,1.9555,0.0,2.5995,10.6769,2,316,15.3404,10.191544,371,747,
2423,9355,30772,4,False,1,False,1,18,1.0526,0.0,1.0586,10.3003,2,320,12.716,10.008269,357,786,
2424,9357,30776,4,False,1,False,1,18,1.0111,0.0,0.9563,10.3031,2,326,12.5632,10.005559,357,783,
2425,9395,30861,3,False,1,False,1,24,1.4644,0.0159,1.4325,10.1577,2,328,13.121,10.163293,308,681,
2426,9396,30861,4,False,1,False,1,24,0.6813,0.0,4.2792,10.3932,2,331,15.3565,10.001505,206,504,
2427,9397,30862,3,False,1,False,1,24,1.1281,0.0,1.1756,10.4242,2,328,12.7782,10.016496,171,412,
2428,9398,30866,4,False,1,False,1,25,1.6958,0.0163,1.6959,10.1124,2,323,13.5685,10.038834,132,318,
2429,9399,30871,4,False,1,False,1,44,2.8198,0.0164,2.8318,10.5267,2,340,16.2211,10.010424,200,438,
2430,9400,30872,4,False,1,False,1,21,0.5933,0.0,0.6006,10.3316,2,350,11.5525,10.009378,283,612,
2431,9401,30873,3,False,1,False,1,10,2.9072,0.016,2.9412,10.0779,2,342,15.9687,10.000993,312,666,
2432,9402,30874,4,False,1,False,1,44,2.7397,0.0156,2.9419,10.5284,2,334,16.2522,10.010139,304,655,
2433,9403,30875,4,False,1,False,1,26,0.61,0.0,0.574,10.4238,2,273,11.6334,10.002921,157,404,
2434,9404,30876,3,False,1,False,1,18,0.5692,0.0,0.5586,10.2815,2,281,11.4351,10.0261,240,636,
2435,9405,30878,4,False,1,False,1,37,5.1363,0.0,5.2025,10.5849,2,334,20.9935,10.006207,297,673,
2436,9444,30960,3,False,1,False,1,49,1.2374,0.0156,1.2762,10.7545,2,311,13.2872,10.008957,258,595,
2437,9445,30961,4,True,1,True,1,8,0.8097,0.0155,0.0,0.0892,1,0,0.9172,10.014979,304,636,
2438,9446,30962,4,False,1,False,1,49,1.2393,0.0149,1.4802,10.7013,2,281,13.4392,10.003021,258,601,
2439,9447,30963,4,False,1,False,1,42,1.9039,0.0,1.6178,11.1413,2,273,14.7798,10.010096,273,600,
2440,9448,30968,4,False,1,False,1,14,2.4957,0.0,2.4483,10.2125,2,349,15.4329,10.001574,301,630,
2441,9487,31048,4,False,1,False,1,13,1.1856,0.0,1.0856,10.2146,2,347,12.5319,10.003953,309,649,
2442,9488,31049,3,False,1,False,1,51,0.9826,0.0,1.0662,10.8057,2,336,12.904,10.003246,297,660,
2443,9489,31049,4,False,1,False,1,51,1.4598,0.0,1.3394,10.806,2,332,13.6081,10.000399,297,660,
2444,9491,31050,4,False,1,False,1,13,9.515,0.0,9.5238,10.2107,2,339,29.2896,10.015592,303,648,
2445,9492,31053,4,False,1,False,1,19,1.8549,0.0,1.8592,10.3099,2,342,14.0817,10.018921,304,656,
2446,9493,31054,3,False,1,False,1,52,1.257,0.0,1.0893,10.8626,2,332,13.2819,10.000741,308,669,
2447,9494,31054,4,False,1,False,1,52,1.0235,0.0,1.0947,10.8379,2,351,12.959,10.01933,263,596,
2448,9495,31057,3,False,1,False,1,11,4.7442,0.0,4.7399,10.2077,2,283,19.7184,10.002065,191,540,
2449,9496,31058,3,False,1,False,1,11,4.5447,0.0,4.5081,10.1917,2,168,19.2715,10.017075,204,495,
2450,9497,31061,3,False,1,False,1,44,0.9523,0.0158,0.8909,10.4964,2,320,12.38,10.021108,135,318,
2451,9516,31102,3,True,1,True,1,9,0.1129,0.0314,0.0,0.1291,1,0,0.2758,10.03522,128,286,
2452,9517,31104,4,False,1,False,1,8,0.62,0.0312,0.5138,10.0317,2,1,11.1999,10.036512,131,293,
2453,9537,31136,4,False,1,False,1,38,0.7628,0.0,0.6912,10.5691,2,342,12.0932,10.025696,116,285,
2454,9544,31172,3,False,1,False,1,14,4.5247,0.0154,4.7925,10.0686,2,337,19.4748,10.002422,126,293,
2455,9545,31173,3,False,1,False,1,31,1.5486,0.0,1.5094,10.4881,2,344,13.6217,10.003754,125,291,
2456,9562,31202,4,False,1,False,1,7,0.727,0.0,0.8,10.1275,2,352,11.7195,10.0111,133,286,
2457,9570,31220,4,False,1,False,1,36,0.3845,0.0157,0.3815,10.0213,2,323,10.8241,10.02197,118,284,
2458,9571,31221,3,True,1,False,1,39,0.6646,0.0,1.4948,7.8464,1,254,10.0167,10.02765,122,292,
2459,9574,31223,4,False,1,False,1,23,3.6672,0.0,3.7034,10.4481,2,350,17.849,10.008701,118,306,
2460,9576,31229,3,False,1,False,1,54,0.7531,0.0,0.7404,10.8324,2,336,12.3717,10.01944,120,305,
2461,9577,31231,4,False,1,False,1,15,0.9814,0.0,0.9498,10.2401,2,335,12.2234,10.004452,124,295,
2462,9578,31232,4,False,1,False,1,17,1.0823,0.0,1.3391,10.2756,2,338,12.7462,10.019443,127,299,
2463,9579,31235,4,False,1,False,1,14,1.6321,0.0152,1.4686,10.1006,2,333,13.29,10.000262,126,298,
2464,9580,31236,3,False,1,False,1,13,1.8318,0.0,1.5421,10.2108,2,333,13.6569,10.007046,118,303,
2465,9584,31243,4,True,1,True,1,9,0.2097,0.0311,0.0,0.1185,1,0,0.3618,10.039305,126,282,
2466,9589,31256,3,False,1,False,1,24,6.3646,0.0154,6.751,10.3471,2,300,23.5186,10.004151,123,290,
2467,9590,31256,4,False,1,False,1,24,2.8435,0.0,3.0435,10.5935,2,300,16.4833,10.011454,123,290,
2468,9591,31260,4,False,1,False,1,24,3.2108,0.0,3.1701,10.4928,2,296,16.9186,10.017877,126,297,
2469,9592,31262,4,True,1,False,1,24,2.1868,0.0152,1.4606,6.5026,1,203,10.2126,10.026641,128,291,
2470,9598,31285,3,False,1,False,1,56,0.7319,0.0,0.718,10.8587,2,336,12.3553,10.002707,120,300,
2471,9601,31289,3,False,1,False,1,57,1.0241,0.0,1.0287,10.8815,2,337,12.9843,10.091518,120,301,
2472,9602,31292,3,False,1,False,1,13,3.4162,0.0,3.3886,10.2212,2,339,17.0965,10.076983,118,299,
2473,9609,31309,4,False,1,False,1,24,2.6404,0.0163,2.5818,10.111,2,310,15.3925,10.003374,123,290,
2474,9610,31310,3,False,1,False,1,15,5.2747,0.0155,5.1768,10.081,2,348,20.6165,10.032447,130,283,
2475,9611,31312,4,False,1,False,1,36,1.9385,0.0,1.6995,10.553,2,344,14.2696,10.031854,129,299,
2476,9614,31326,4,False,1,False,1,13,9.0999,0.0,8.935,10.2218,2,355,28.2983,10.059869,133,287,
2477,9615,31329,3,False,1,False,1,13,8.9589,0.0153,8.8403,10.1986,2,354,28.0552,10.012995,125,280,
2478,9616,31330,3,False,1,False,1,14,6.8711,0.0156,6.7616,10.0679,2,354,23.7865,10.051727,108,302,
2479,9617,31330,4,False,1,False,1,13,4.9654,0.0,8.764,10.2034,2,352,23.9358,10.017706,118,302,
2480,9618,31332,3,False,1,False,1,13,3.9054,0.0,3.9998,10.212,2,349,18.1927,10.006744,118,305,
2481,9619,31332,4,False,1,False,1,10,7.5178,0.0,7.8263,10.1854,2,348,25.5323,10.011498,108,304,
2482,9621,31335,4,False,1,False,1,19,0.9156,0.0,0.8253,10.3198,2,362,12.2972,10.010484,114,303,
2483,9625,31343,3,False,1,False,1,24,1.4956,0.0155,1.522,10.1912,2,325,13.2678,10.002268,123,289,
2484,9626,31344,4,False,1,False,1,24,1.7266,0.0154,1.7224,10.157,2,325,13.6634,10.035175,123,286,
2485,9627,31345,4,False,1,False,1,0,0.0,0.0,0.0,0.0,0,0,20.0564,10.050462,127,274,AI solve exceeded 10.00s
2486,9628,31349,3,False,1,False,1,13,2.5008,0.0,2.6481,10.2087,2,362,15.3984,10.029239,127,282,
2487,9629,31352,4,False,1,False,1,37,0.8857,0.0,0.7685,10.5719,2,366,12.3055,10.011736,125,291,
2488,9632,31358,4,False,1,False,1,23,3.4446,0.0,3.5045,10.3516,2,359,17.3299,10.020061,130,297,
2489,9634,31359,4,True,1,False,1,24,1.6993,0.0,2.5378,4.0391,1,134,8.3041,10.006316,130,282,
2490,9635,31360,4,False,1,False,1,0,0.0,0.0,0.0,0.0,0,0,20.0481,10.009906,115,290,AI solve exceeded 10.00s
2491,9636,31364,4,False,1,False,1,60,2.4391,0.0,0.9168,10.8943,2,358,14.2959,10.018978,112,298,
2492,9637,31365,3,False,1,False,1,59,0.6808,0.0152,0.6233,10.8572,2,379,12.2271,10.018157,137,294,
2493,9642,31385,4,False,1,False,1,24,7.7333,0.015,7.6645,10.1032,2,319,25.5576,10.114527,131,301,
2494,9643,31388,3,False,1,False,1,16,4.4856,0.0149,2.7894,10.0602,2,370,17.4219,10.01798,130,290,
2495,9644,31389,3,False,1,False,1,35,2.5075,0.0,2.5151,10.5312,2,362,15.6287,10.097599,129,298,
2496,9645,31389,4,False,1,False,1,38,2.5561,0.0,1.4782,10.5718,2,362,14.6088,10.014476,125,293,
2497,9646,31393,3,False,1,False,1,26,2.2761,0.0149,2.2882,10.2666,2,362,14.8503,10.025802,132,295,
2498,9649,31404,3,False,1,False,1,62,2.1311,0.0,2.0127,10.9207,2,368,15.1106,10.129109,120,306,
2499,9650,31409,4,False,1,False,1,13,4.2062,0.0,4.4494,10.2049,2,349,18.9255,10.070707,118,308,
2500,9651,31410,4,False,1,False,1,16,1.2469,0.015,1.3618,10.0654,2,370,12.7535,10.016838,130,291,
2501,9657,31428,3,False,1,False,1,24,7.8829,0.016,7.8205,10.201,2,334,25.9626,10.04098,124,291,
2502,9659,31435,3,False,1,False,1,24,0.8459,0.0,0.8652,10.3731,2,325,12.1278,10.003818,120,280,
2503,9660,31435,4,False,1,False,1,24,1.7208,0.0155,1.7982,10.1052,2,325,13.6426,10.063867,123,286,
2504,9661,31438,4,False,1,False,1,44,0.9197,0.0,0.8616,10.6558,2,358,12.5015,10.077081,122,297,
2505,9662,31439,3,False,1,False,1,36,0.854,0.0,0.8422,10.5409,2,362,12.304,10.001868,123,286,
2506,9664,31441,3,False,1,False,1,19,0.9454,0.0147,0.9108,10.2272,2,357,12.1259,10.022567,130,293,
2507,9667,31444,4,True,1,True,1,44,0.2581,0.015,0.0,0.0588,1,0,0.3789,10.003635,124,297,
2508,9674,31460,4,False,1,False,1,64,3.1303,0.0,2.8886,11.0157,2,339,17.0798,10.0055,115,305,
2509,9675,31461,3,False,1,False,1,16,4.5128,0.0151,4.505,10.0651,2,348,19.1561,10.000563,208,508,
2510,9676,31462,3,False,1,False,1,18,0.6797,0.0,0.6328,10.3396,2,376,11.7144,10.056717,301,630,
2511,9681,31474,4,False,1,False,1,24,3.4275,0.0,3.3335,10.3692,2,320,17.1739,10.00548,292,666,
2512,9682,31475,3,False,1,False,1,24,0.6339,0.0,0.6299,10.3759,2,320,11.6807,10.025195,296,669,
2513,9683,31476,4,False,1,False,1,17,0.6723,0.0,0.6163,10.2665,2,342,11.6087,10.003282,293,677,
2514,9684,31477,3,False,1,False,1,16,7.7985,0.0151,7.5401,10.0674,2,362,25.4822,10.00501,312,655,
2515,9690,31487,3,True,1,True,1,50,1.289,0.0156,0.0,0.0614,1,0,1.4893,10.010392,315,660,
2516,9732,31593,4,False,1,False,1,23,0.5712,0.0,0.5733,10.3546,2,375,11.5843,10.001529,317,664,
2517,9733,31597,4,False,1,False,1,29,3.4356,0.0,3.3998,10.4452,2,374,17.397,10.010074,321,678,
2518,9734,31598,4,False,1,False,1,29,3.8972,0.0,3.3303,10.4437,2,377,17.7999,10.036911,254,542,
2519,9736,31600,4,False,1,False,1,28,1.7462,0.0,1.7921,10.433,2,379,14.115,10.01715,234,514,
2520,9737,31602,4,False,1,False,1,26,2.9955,0.0,2.9948,10.4562,2,393,16.5527,10.013592,130,312,
2521,9744,31621,4,False,1,False,1,26,3.0191,0.0,3.0342,10.4042,2,381,16.5645,10.018971,117,324,
2522,9773,31697,3,False,1,False,1,17,3.708,0.0153,3.6962,10.0787,2,384,17.5487,10.008937,130,289,
2523,9774,31698,3,False,1,False,1,16,0.7025,0.0151,6.8889,10.0629,2,374,17.7276,10.013423,129,292,
2524,9803,31771,4,False,1,False,1,13,3.7168,0.0,3.5463,10.2199,2,367,17.5341,10.007509,118,319,
2525,9804,31773,4,False,1,False,1,10,2.226,0.0,1.8924,10.164,2,360,14.3361,10.063628,108,317,
2526,9853,31878,4,False,1,False,1,19,3.3932,0.0,3.3681,10.2961,2,386,17.1022,10.039871,135,298,
2527,9854,31883,3,False,1,False,1,21,0.4263,0.0,0.4275,10.3246,2,400,11.221,10.019938,232,499,
2528,9897,31992,4,False,1,False,1,24,1.0409,0.0,1.0902,10.3567,2,393,12.5521,10.000573,180,410,
2529,9898,31996,4,False,1,False,1,25,1.0688,0.0,1.057,10.3833,2,391,12.5745,10.003464,248,556,
2530,9901,32004,4,False,1,False,1,24,1.0757,0.0,1.0578,10.3623,2,389,12.5507,10.012743,130,350,
2531,9904,32009,4,False,1,False,1,24,1.0599,0.0,1.0551,10.4438,2,173,12.6083,10.068141,46,190,
2532,9918,32047,3,False,1,False,1,16,3.1723,0.0146,3.1281,10.0623,2,380,16.4222,10.030088,98,297,
2533,9919,32049,3,False,1,False,1,13,4.6167,0.0,0.9779,10.2031,2,383,15.8447,10.035174,155,402,
2534,9934,32086,4,False,1,False,1,37,0.9517,0.0,0.8727,10.5727,2,404,12.4782,10.000665,294,632,
2535,9936,32087,4,False,1,False,1,95,0.6972,0.0,0.588,11.3847,2,388,12.7602,10.010192,286,661,
2536,9938,32094,4,False,1,False,1,31,1.273,0.0,1.7364,10.4782,2,403,13.5953,10.000158,304,669,
2537,9940,32097,4,False,1,False,1,31,1.3668,0.0,1.3171,10.4496,2,405,13.2367,10.004359,304,680,
2538,9942,32103,4,False,1,False,1,31,0.7472,0.0,0.7201,10.461,2,306,12.0236,10.003259,257,614,
2539,9944,32106,4,False,1,False,1,31,0.7799,0.0,0.7332,10.4726,2,236,12.0835,10.022002,105,312,
2540,9945,32107,4,False,1,False,1,31,0.7994,0.0,0.75,10.5332,2,240,12.1761,10.002988,128,340,
2541,9948,32112,4,False,1,False,1,31,0.7033,0.0,0.746,10.4926,2,321,12.0402,10.112464,165,439,
2542,9992,32214,3,False,1,False,1,15,1.2763,0.0,1.3041,10.23,2,403,12.8614,10.026952,279,584,
2543,9996,32222,4,False,1,False,1,25,1.6273,0.0,1.6045,10.3738,2,398,13.6894,10.000461,253,541,
