fault_index,gate_id,fault_val,classic_ok,classic_result_code,classic_backtracks,classic_recursive_calls,classic_backtrace_count,classic_backtrace_hops,classic_time_s
0,3853,4,True,1,0,5,0,4,0.06216
1,3874,3,True,1,12,56,0,615,0.663103
2,3874,4,True,1,12,56,0,614,0.650639
3,3878,3,True,1,0,8,0,29,0.084104
4,3895,3,True,1,0,33,0,287,0.321007
5,3913,3,False,2,342,741,0,4050,10.000386
6,3915,3,True,1,0,28,0,325,0.269063
7,3933,3,True,1,0,20,0,54,0.195091
8,3935,3,True,1,0,22,0,136,0.212384
9,3939,3,False,2,355,722,0,2036,10.006082
10,3964,3,True,1,28,84,0,277,1.046
11,3974,3,True,1,0,27,0,233,0.263704
12,3976,4,True,1,1,25,0,89,0.248456
13,3979,3,True,1,0,15,0,44,0.146688
14,3980,4,True,1,0,14,0,41,0.137136
15,3982,3,True,1,0,18,0,48,0.177073
16,3990,3,True,1,0,29,0,168,0.274859
17,3993,4,True,1,62,146,0,342,1.920363
18,3997,4,True,1,0,21,0,177,0.19943
19,3998,4,True,1,0,14,0,43,0.135284
20,4007,3,True,1,0,21,0,153,0.200863
21,4014,4,True,1,0,8,0,19,0.08093
22,4027,4,True,1,0,8,0,14,0.080868
23,4028,3,True,1,0,3,0,2,0.033885
24,4036,4,False,2,316,673,0,917,10.009816
25,4041,4,True,1,0,7,0,14,0.087354
26,4056,4,True,1,0,23,0,186,0.259364
27,4064,4,True,1,0,22,0,95,0.250354
28,4079,3,True,1,3,31,0,135,0.373749
29,4079,4,True,1,3,31,0,134,0.37582
30,4082,4,True,1,0,22,0,111,0.240386
31,4085,4,True,1,0,22,0,105,0.244431
32,4116,4,True,1,0,22,0,96,0.247328
33,4119,3,True,1,0,22,0,93,0.24299
34,4119,4,True,1,0,22,0,92,0.246264
35,4137,3,True,1,0,22,0,106,0.240581
36,4146,3,True,1,0,22,0,92,0.240339
37,4150,4,True,1,2,27,0,120,0.31997
38,4168,3,True,1,0,22,0,100,0.250386
39,4188,4,True,1,0,22,0,169,0.262314
40,4197,3,True,1,0,48,0,333,0.537967
41,4203,4,True,1,2,14,0,23,0.183952
42,4220,3,True,1,0,78,0,660,0.919873
43,4224,4,True,1,0,78,0,575,0.907153
44,4226,3,True,1,0,41,0,350,0.455687
45,4226,4,True,1,0,41,0,349,0.447982
46,4228,4,True,1,0,48,0,334,0.566984
47,4240,4,True,1,0,18,0,120,0.206914
48,4242,4,True,1,0,48,0,373,0.526974
49,4252,3,True,1,0,18,0,140,0.218631
50,4255,4,True,1,0,78,0,575,0.916784
51,4257,3,True,1,0,41,0,350,0.459343
52,4257,4,True,1,0,41,0,351,0.461156
53,4261,3,True,1,0,26,0,229,0.625349
54,4267,3,True,1,0,18,0,140,0.461323
55,4277,3,True,1,0,8,0,26,0.229831
56,4280,3,True,1,0,7,0,20,0.186476
57,4280,4,True,1,0,7,0,19,0.171667
58,4284,3,True,1,0,8,0,25,0.228719
59,4286,3,True,1,0,7,0,20,0.194144
60,4298,3,True,1,6,38,0,340,0.993668
61,4301,4,True,1,4,36,0,373,0.631508
62,4311,4,True,1,2,28,0,232,0.369165
63,4315,3,True,1,4,36,0,374,0.435225
64,4315,4,True,1,4,36,0,373,0.668075
65,4322,3,True,1,4,36,0,353,0.462511
66,4324,3,True,1,4,38,0,390,0.710459
67,4344,4,True,1,0,23,0,174,0.497894
68,4358,4,True,1,0,7,0,29,0.130584
69,4370,3,True,1,0,21,0,151,0.301088
70,4374,4,True,1,0,10,0,37,0.237131
71,4376,4,True,1,0,21,0,193,0.552677
72,4379,3,True,1,0,18,0,52,0.475294
73,4381,4,True,1,0,14,0,41,0.294687
74,4382,4,True,1,0,20,0,156,0.218781
75,4387,3,True,1,0,18,0,60,0.216888
76,4389,4,True,1,0,14,0,42,0.261387
77,4390,3,True,1,0,26,0,197,0.332855
78,4400,3,False,2,209,593,0,1085,10.001023
79,4440,3,True,1,146,318,0,712,6.131209
80,4440,4,True,1,146,318,0,711,4.932038
81,4442,4,True,1,3,30,0,144,0.356208
82,4445,3,True,1,0,13,0,44,0.146899
83,4445,4,True,1,0,13,0,43,0.145248
84,4454,4,True,1,0,24,0,253,0.263314
85,4458,3,True,1,0,24,0,254,0.265021
86,4476,3,True,1,0,9,0,33,0.104315
87,4496,3,True,1,0,24,0,281,0.278995
88,4496,4,True,1,0,26,0,288,0.295143
89,4503,4,True,1,0,34,0,125,0.384502
90,4540,3,True,1,0,3,0,4,0.046235
91,4548,4,True,1,0,9,0,34,0.155355
92,4549,4,True,1,0,8,0,34,0.128199
93,4571,4,True,1,0,12,0,36,0.225319
94,4572,4,True,1,0,12,0,37,0.244839
95,4595,3,False,2,274,594,0,3093,10.000122
96,4595,4,False,2,309,670,0,3698,10.016331
97,4598,4,False,2,294,655,0,783,10.051822
98,4637,4,True,1,1,41,0,122,0.843933
99,4638,3,True,1,1,41,0,124,0.808794
100,4648,4,True,1,0,21,0,157,0.516801
101,4651,4,True,1,2,32,0,160,0.806874
102,4671,4,False,2,234,544,0,1446,10.006573
103,4672,3,True,1,0,28,0,276,0.305354
104,4677,3,True,1,33,119,0,352,2.235336
105,4678,3,True,1,0,23,0,132,0.286955
106,4678,4,True,1,0,50,0,110,0.529456
107,4679,4,True,1,3,27,0,110,0.509142
108,4680,4,True,1,12,81,0,264,1.773884
109,4727,3,True,1,0,23,0,156,0.412588
110,4737,3,True,1,0,5,0,6,0.112075
111,4759,4,False,2,231,496,0,417,10.016993
112,4780,4,False,2,183,418,0,632,10.009443
113,4784,3,True,1,0,21,0,168,0.524763
114,4787,4,True,1,0,20,0,217,0.495054
115,4790,3,True,1,0,21,0,211,0.511835
116,4809,4,True,1,3,31,0,139,0.814696
117,4810,3,False,2,137,288,0,1019,10.034434
118,4811,4,True,1,0,22,0,110,0.53776
119,4816,4,True,1,0,22,0,99,0.529734
120,4819,4,True,1,1,26,0,117,0.644678
121,4821,4,True,1,1,27,0,129,0.661783
122,4822,3,True,1,0,22,0,117,0.529624
123,4829,3,True,1,0,23,0,114,0.554127
124,4833,4,True,1,0,22,0,112,0.537008
125,4844,4,True,1,2,27,0,105,0.702612
126,4847,3,True,1,2,28,0,129,0.737978
127,4849,3,True,1,2,28,0,126,0.727826
128,4849,4,True,1,2,27,0,121,0.709211
129,4852,4,True,1,2,29,0,136,0.745827
130,4856,3,False,0,7,15,0,22,0.53841
131,4862,3,True,1,0,8,0,19,0.221988
132,4863,3,True,1,0,8,0,20,0.212848
133,4863,4,True,1,0,11,0,33,0.294485
134,4899,4,True,1,0,9,0,23,0.233646
135,4908,4,True,1,0,9,0,21,0.233965
136,4909,3,True,1,0,7,0,13,0.188874
137,4911,3,True,1,0,9,0,37,0.233981
138,4911,4,True,1,0,9,0,37,0.238297
139,4916,4,True,1,2,15,0,52,0.427927
140,4934,4,True,1,0,6,0,9,0.16797
141,5013,4,True,1,0,21,0,172,0.510106
142,5017,4,False,2,93,298,0,1643,10.006015
143,5033,4,False,2,120,332,0,1571,10.031874
144,5034,4,True,1,0,14,0,43,0.365142
145,5037,4,False,2,232,617,0,2893,10.029265
146,5039,3,True,1,0,26,0,197,0.280817
147,5042,4,True,1,0,14,0,42,0.154522
148,5043,4,True,1,0,21,0,194,0.233795
149,5058,3,False,2,239,594,0,2373,10.00495
150,5061,4,True,1,0,29,0,254,0.324323
151,5062,3,True,1,0,31,0,276,0.557372
152,5063,4,True,1,1,32,0,249,0.35143
153,5064,3,True,1,0,30,0,248,0.474972
154,5065,3,True,1,0,30,0,246,0.324204
155,5066,4,True,1,1,32,0,248,0.358942
156,5073,4,False,2,301,649,0,5492,10.002035
157,5081,4,False,2,296,665,0,9982,10.008593
158,5082,3,False,2,275,619,0,9341,10.008382
159,5083,4,False,2,134,345,0,6045,10.008362
160,5084,4,False,2,248,567,0,4491,10.002728
161,5085,4,False,2,268,611,0,4987,10.001587
162,5086,3,False,2,289,653,0,5178,10.003571
163,5087,4,False,2,291,663,0,5221,10.001663
164,5089,3,False,2,296,662,0,5218,10.004833
165,5091,3,False,2,296,665,0,5337,10.000152
166,5099,3,False,2,289,648,0,4526,10.00323
167,5100,4,False,2,292,649,0,4199,10.017593
168,5101,4,False,2,292,649,0,4199,10.038238
169,5104,3,False,2,300,659,0,4243,10.070903
170,5105,3,False,2,288,641,0,4152,10.000329
171,5105,4,False,2,293,652,0,4198,10.041959
172,5107,3,False,2,300,659,0,4242,10.000312
173,5112,3,False,2,295,653,0,3954,10.000214
174,5114,4,False,2,214,494,0,3102,10.00724
175,5117,3,False,2,274,613,0,3564,10.009191
176,5118,4,False,2,172,404,0,2464,10.009749
177,5120,4,False,2,249,555,0,3240,10.068026
178,5123,4,False,2,219,503,0,2983,10.0029
179,5131,3,False,2,283,726,0,3240,10.020064
180,5132,3,True,1,0,31,0,219,0.344884
181,5132,4,True,1,0,23,0,166,0.254201
182,5133,3,True,1,0,26,0,182,0.280378
183,5134,4,True,1,0,14,0,44,0.150527
184,5137,3,True,1,0,42,0,455,0.43571
185,5138,4,True,1,0,14,0,44,0.150876
186,5139,3,False,2,290,742,0,3286,10.014034
187,5147,3,True,1,24,82,0,458,1.083451
188,5147,4,True,1,24,91,0,593,1.173015
189,5161,4,True,1,25,92,0,687,1.200803
190,5162,3,False,2,281,662,0,1876,10.00397
191,5175,3,True,1,3,32,0,149,0.394777
192,5185,4,True,1,3,31,0,151,0.375441
193,5188,4,True,1,0,14,0,46,0.167642
194,5189,3,True,1,0,14,0,46,0.162181
195,5218,4,True,1,0,5,0,5,0.067248
196,5262,3,True,1,65,157,0,540,2.31655
197,5264,4,True,1,0,5,0,6,0.067038
198,5267,3,True,1,0,34,0,127,0.387476
199,5269,4,True,1,0,5,0,7,0.067449
200,5295,4,False,0,11,23,0,46,0.818469
201,5303,3,True,1,0,33,0,289,0.621766
202,5306,3,True,1,0,9,0,27,0.110599
203,5306,4,True,1,0,9,0,23,0.11152
204,5331,4,True,1,0,26,0,246,0.303045
205,5332,4,True,1,0,25,0,226,0.339113
206,5335,3,True,1,0,68,0,488,0.91358
207,5337,4,False,2,299,659,0,505,10.009088
208,5338,3,False,2,306,667,0,3550,10.006942
209,5338,4,False,2,309,670,0,3700,10.004996
210,5348,3,False,2,153,385,0,1546,10.037449
211,5350,3,True,1,0,67,0,516,0.763353
212,5352,3,False,2,304,649,0,2064,10.006924
213,5353,3,False,2,273,586,0,1877,10.000536
214,5353,4,False,2,283,660,0,567,10.000405
215,5354,3,False,2,298,653,0,3454,10.005451
216,5354,4,True,1,171,394,0,2468,7.743929
217,5357,3,False,2,146,333,0,1135,10.045325
218,5358,4,True,1,0,31,0,257,0.753225
219,5359,3,False,2,128,302,0,1785,10.006199
220,5360,3,False,2,127,302,0,279,10.019032
221,5360,4,False,2,122,319,0,436,10.0029
222,5364,3,True,1,0,25,0,62,0.613587
223,5365,3,True,1,0,32,0,151,0.787295
224,5371,3,True,1,0,32,0,151,0.784269
225,5372,3,False,2,81,277,0,496,10.015495
226,5372,4,False,2,141,325,0,481,10.003537
227,5373,4,True,1,0,21,0,156,0.232607
228,5374,4,True,1,0,22,0,162,0.242016
229,5382,3,True,1,0,38,0,274,0.456397
230,5385,3,True,1,0,40,0,132,0.474381
231,5386,3,True,1,0,40,0,135,0.445678
232,5387,3,True,1,0,25,0,148,0.283907
233,5390,4,True,1,0,16,0,54,0.176903
234,5393,3,True,1,0,32,0,151,0.352384
235,5394,4,False,2,246,526,0,702,10.007066
236,5396,4,False,2,231,551,0,517,10.014492
237,5398,4,False,2,125,332,0,980,10.007376
238,5412,4,True,1,0,14,0,59,0.3422
239,5414,4,True,1,3,29,0,141,0.751489
240,5415,3,False,2,190,417,0,1381,10.021482
241,5415,4,False,2,209,509,0,515,10.068295
242,5418,3,True,1,0,39,0,208,0.634629
243,5419,3,True,1,0,38,0,272,0.571813
244,5425,4,False,2,276,601,0,3613,10.014189
245,5427,3,True,1,0,27,0,253,0.304185
246,5430,4,True,1,0,31,0,230,0.347613
247,5436,3,False,2,298,639,0,3313,10.113476
248,5436,4,False,2,272,609,0,3510,10.000809
249,5442,3,True,1,0,5,0,12,0.072
250,5454,3,True,1,0,4,0,11,0.057882
251,5455,3,True,1,0,4,0,11,0.057309
252,5459,3,True,1,0,4,0,11,0.065505
253,5460,3,True,1,0,22,0,156,0.245814
254,5471,3,True,1,0,11,0,31,0.134312
255,5473,4,True,1,0,27,0,122,0.305572
256,5474,3,True,1,0,5,0,8,0.064168
257,5477,3,True,1,0,10,0,31,0.117548
258,5492,4,True,1,11,48,0,381,0.641097
259,5497,3,False,2,256,606,0,4570,10.00728
260,5497,4,True,1,0,22,0,181,0.242905
261,5500,3,False,2,314,661,0,875,10.000229
262,5500,4,False,2,304,657,0,867,10.03067
263,5501,3,False,2,294,620,0,823,10.001916
264,5502,3,False,2,306,642,0,845,10.007666
265,5522,3,True,1,0,20,0,154,0.219716
266,5528,4,True,1,0,20,0,151,0.23004
267,5537,4,True,1,11,47,0,365,0.649249
268,5538,3,True,1,6,66,0,391,0.822332
269,5539,4,True,1,0,21,0,166,0.269757
270,5540,3,False,2,151,387,0,2893,10.00332
271,5541,3,False,2,85,255,0,1841,10.142462
272,5541,4,True,1,0,21,0,166,0.471763
273,5543,4,True,1,0,21,0,166,0.471053
274,5555,3,False,2,125,338,0,2643,10.007272
275,5555,4,True,1,11,48,0,380,1.110873
276,5556,4,True,1,11,48,0,380,1.40405
277,5558,3,False,2,99,278,0,2070,10.004484
278,5559,4,True,1,0,21,0,166,0.227803
279,5560,4,True,1,0,21,0,166,0.226988
280,5566,3,True,1,0,22,0,189,0.24579
281,5568,3,True,1,0,21,0,174,0.36721
282,5568,4,True,1,0,28,0,200,0.459833
283,5569,3,True,1,0,20,0,157,0.267974
284,5583,3,False,2,223,467,0,657,10.124984
285,5592,3,False,2,142,370,0,2865,10.021206
286,5595,3,False,2,111,302,0,2374,10.137583
287,5595,4,True,1,0,21,0,178,0.37326
288,5597,3,True,1,0,34,0,216,0.420646
289,5599,3,True,1,10,60,0,432,0.799133
290,5600,4,True,1,11,47,0,365,0.648688
291,5602,4,True,1,0,21,0,165,0.247298
292,5605,3,True,1,0,49,0,273,0.564125
293,5606,3,False,2,217,529,0,4023,10.003362
294,5619,4,True,1,0,11,0,31,0.125415
295,5620,4,True,1,0,9,0,27,0.104852
296,5622,3,True,1,0,22,0,98,0.251655
297,5622,4,True,1,3,29,0,117,0.352946
298,5626,3,True,1,2,27,0,127,0.315744
299,5627,4,True,1,0,23,0,115,0.249707
300,5629,4,True,1,0,23,0,118,0.432953
301,5630,4,True,1,2,28,0,133,0.364353
302,5632,4,True,1,2,29,0,142,0.333722
303,5634,4,True,1,3,29,0,133,0.341709
304,5636,3,True,1,0,22,0,108,0.319118
305,5645,3,True,1,0,8,0,22,0.212779
306,5671,4,True,1,0,22,0,164,0.291811
307,5718,3,True,1,0,9,0,39,0.172487
308,5719,3,True,1,0,10,0,47,0.116775
309,5762,3,True,1,2,28,0,232,0.435246
310,5762,4,True,1,2,28,0,233,0.622765
311,5766,4,True,1,4,36,0,374,0.903433
312,5767,3,True,1,4,36,0,373,0.865587
313,5767,4,True,1,4,36,0,374,0.435026
314,5809,3,True,1,0,11,0,53,0.129923
315,5812,3,True,1,0,11,0,53,0.131036
316,5813,4,True,1,0,3,0,4,0.084564
317,5815,4,True,1,0,3,0,4,0.065681
318,5816,4,True,1,0,3,0,4,0.041854
319,5819,3,True,1,0,11,0,53,0.126716
320,5827,3,True,1,0,11,0,53,0.250314
321,5828,3,True,1,0,11,0,53,0.245805
322,5829,3,True,1,0,11,0,53,0.226914
323,5833,3,True,1,0,11,0,53,0.168684
324,5834,4,True,1,0,3,0,4,0.08689
325,5836,3,True,1,0,11,0,53,0.187531
326,5837,4,True,1,0,3,0,4,0.092411
327,5838,4,True,1,0,3,0,4,0.095218
328,5886,4,True,1,0,3,0,4,0.065702
329,5888,4,True,1,0,3,0,4,0.039916
330,5890,4,True,1,0,3,0,5,0.0421
331,5909,3,True,1,0,10,0,39,0.220871
332,5910,3,True,1,0,9,0,28,0.133524
333,5910,4,True,1,0,10,0,42,0.11457
334,5914,3,True,1,0,42,0,460,0.44014
335,5915,3,True,1,0,18,0,57,0.259314
336,5916,3,False,2,131,423,0,2096,10.011547
337,5917,3,True,1,0,31,0,224,0.779069
338,5918,3,True,1,0,26,0,187,0.658809
339,5922,3,True,1,0,42,0,460,1.028826
340,5923,3,True,1,0,18,0,57,0.463298
341,5925,4,True,1,0,23,0,172,0.58417
342,5928,3,False,2,105,309,0,1555,10.004698
343,5929,3,False,2,104,304,0,1551,10.018397
344,5933,3,True,1,0,30,0,247,0.741578
345,5934,3,True,1,0,30,0,248,0.759471
346,5935,4,True,1,1,34,0,304,0.905296
347,5939,3,False,2,125,297,0,2579,10.023206
348,5941,3,False,2,119,289,0,2560,10.01438
349,5942,3,False,2,123,294,0,2568,10.047617
350,5945,3,False,2,127,301,0,2588,10.021424
351,5947,3,False,2,116,308,0,5314,10.002595
352,5949,3,False,2,114,306,0,5302,10.001236
353,5950,3,False,2,114,306,0,5303,10.01977
354,5951,3,False,2,117,313,0,5333,10.021949
355,5952,4,False,2,117,310,0,5317,10.002121
356,5954,3,False,2,131,298,0,2344,10.035126
357,5955,4,False,2,131,297,0,2341,10.057259
358,5956,3,False,2,154,357,0,3027,10.019442
359,5956,4,False,2,147,324,0,2437,10.001191
360,5958,3,False,2,174,389,0,3101,10.02463
361,5963,3,False,2,141,329,0,2722,10.012061
362,5964,4,False,2,254,577,0,4146,10.00483
363,5965,3,False,2,169,400,0,3177,10.002625
364,5971,4,False,2,242,543,0,3626,10.006871
365,5972,3,False,2,232,525,0,3535,10.0189
366,5977,3,False,2,258,580,0,3819,10.003328
367,5978,3,False,2,303,665,0,4020,10.006775
368,5979,4,False,2,307,676,0,4080,10.032181
369,5986,4,False,2,308,678,0,3916,10.007282
370,5988,4,False,2,309,681,0,3927,10.019189
371,5989,3,False,2,308,670,0,3859,10.025156
372,5991,3,False,2,308,670,0,3858,10.078733
373,5991,4,False,2,297,651,0,3758,10.020441
374,5997,3,True,1,0,28,0,227,0.675304
375,5998,3,True,1,0,31,0,252,0.742876
376,6000,4,True,1,0,30,0,251,0.720079
377,6003,3,False,2,127,299,0,2584,10.033075
378,6005,4,False,2,125,299,0,2586,10.01897
379,6006,3,False,2,209,476,0,4242,10.001082
380,6006,4,False,2,247,533,0,4374,10.00514
381,6011,3,False,2,303,681,0,10073,10.005601
382,6012,4,False,2,303,680,0,10066,10.016448
383,6017,4,False,2,209,492,0,7842,10.018271
384,6024,3,False,2,268,610,0,4974,10.027865
385,6031,3,False,2,297,667,0,4878,10.001355
386,6033,3,False,2,275,619,0,4387,10.000304
387,6035,3,False,2,208,481,0,3305,10.011276
388,6036,3,False,2,124,302,0,2337,10.004523
389,6036,4,False,2,119,302,0,2346,10.002397
390,6037,3,False,2,114,287,0,2267,10.02509
391,6037,4,False,2,114,289,0,2284,10.015632
392,6038,3,False,2,124,310,0,2395,10.02184
393,6043,3,False,2,118,300,0,2088,10.011492
394,6043,4,False,2,118,301,0,2095,10.004808
395,6046,3,False,2,123,305,0,2112,10.006387
396,6047,4,False,2,139,323,0,2198,10.152128
397,6048,3,False,2,141,325,0,2203,10.056874
398,6049,4,False,2,141,331,0,2243,10.009229
399,6050,3,False,2,141,344,0,2142,10.015894
400,6051,3,False,2,150,355,0,2197,10.083635
401,6054,4,False,2,286,619,0,3590,10.099508
402,6058,3,False,2,120,333,0,2001,10.074487
403,6059,3,True,1,24,82,0,457,1.12584
404,6059,4,False,2,152,357,0,414,10.004376
405,6063,3,False,2,120,340,0,1566,10.033841
406,6064,4,False,2,135,347,0,3184,10.024582
407,6068,4,False,2,135,332,0,2002,10.011672
408,6083,4,False,2,116,337,0,1440,10.010813
409,6084,4,False,2,118,341,0,2334,10.012096
410,6085,3,True,1,9,60,0,461,1.542259
411,6098,4,True,1,0,14,0,49,0.326523
412,6105,3,True,1,3,30,0,148,0.729046
413,6111,4,True,1,0,14,0,50,0.321165
414,6130,3,True,1,0,37,0,377,0.847083
415,6130,4,True,1,0,37,0,376,0.822963
416,6133,3,True,1,64,138,0,165,4.376865
417,6134,4,True,1,0,8,0,31,0.198184
418,6135,3,True,1,64,138,0,172,4.458277
419,6173,3,True,1,0,3,0,2,0.092573
420,6185,3,True,1,0,4,0,11,0.119047
421,6186,4,True,1,0,3,0,4,0.095704
422,6188,3,True,1,0,4,0,11,0.107199
423,6190,4,True,1,0,4,0,8,0.107494
424,6192,4,False,2,140,317,0,1018,10.018526
425,6201,3,True,1,0,34,0,128,0.794324
426,6204,3,True,1,0,8,0,29,0.20419
427,6205,3,True,1,0,15,0,95,0.367454
428,6241,3,True,1,0,7,0,26,0.166175
429,6241,4,True,1,0,5,0,11,0.123919
430,6242,3,True,1,0,14,0,74,0.312844
431,6242,4,True,1,0,7,0,12,0.166434
432,6244,3,True,1,0,8,0,29,0.181617
433,6246,4,True,1,0,10,0,41,0.21731
434,6248,4,True,1,0,10,0,68,0.228941
435,6251,3,True,1,0,5,0,8,0.125537
436,6256,4,True,1,0,5,0,7,0.123778
437,6266,3,True,1,0,21,0,175,0.444149
438,6278,4,True,1,0,11,0,34,0.237344
439,6287,4,True,1,0,13,0,48,0.239014
440,6289,3,True,1,0,39,0,212,0.699816
441,6291,4,True,1,0,27,0,276,0.507234
442,6292,3,True,1,0,40,0,219,0.83865
443,6292,4,True,1,0,26,0,252,0.434914
444,6293,4,True,1,0,25,0,232,0.353675
445,6298,4,False,2,334,705,0,4786,10.000444
446,6300,3,True,1,0,38,0,222,0.384086
447,6308,4,False,2,330,707,0,4478,10.053987
448,6311,3,True,1,0,67,0,516,0.674418
449,6315,4,False,2,326,716,0,2461,10.004454
450,6318,3,False,2,227,532,0,1913,10.160209
451,6323,3,False,2,142,364,0,1312,10.03438
452,6324,4,True,1,0,28,0,224,0.287622
453,6327,4,True,1,0,27,0,184,0.280312
454,6330,3,False,2,298,680,0,2214,10.002414
455,6331,4,False,2,173,401,0,2493,10.030156
456,6332,3,True,1,0,37,0,267,0.586005
457,6336,3,True,1,0,37,0,269,0.587077
458,6336,4,False,2,205,454,0,2941,10.01345
459,6341,3,True,1,0,39,0,207,0.752633
460,6342,3,True,1,0,39,0,208,0.561756
461,6346,3,True,1,0,67,0,484,0.754409
462,6351,4,True,1,0,25,0,167,0.269285
463,6354,3,False,2,326,733,0,2437,10.024873
464,6360,3,False,2,255,616,0,1453,10.00856
465,6365,3,True,1,0,39,0,207,0.374201
466,6367,4,False,2,349,750,0,4535,10.069453
467,6374,4,True,1,194,431,0,3052,5.687638
468,6379,4,False,2,160,401,0,1067,10.029311
469,6380,3,False,2,350,742,0,2340,10.00082
470,6381,3,True,1,63,165,0,1095,2.136565
471,6383,3,False,2,350,743,0,2341,10.007578
472,6383,4,False,2,334,759,0,2263,10.005506
473,6384,3,False,2,356,751,0,2361,10.011745
474,6385,3,True,1,99,236,0,1486,3.044562
475,6394,3,False,2,174,420,0,1645,10.017295
476,6395,3,True,1,0,38,0,274,0.358526
477,6397,3,True,1,0,68,0,488,0.63994
478,6397,4,False,2,355,752,0,4262,10.004656
479,6398,4,False,2,349,762,0,2621,10.000995
480,6399,4,True,1,0,28,0,249,0.266442
481,6411,3,False,2,323,762,0,1724,10.004563
482,6413,4,True,1,0,23,0,185,0.230675
483,6414,3,False,2,349,738,0,2322,10.002846
484,6415,3,False,2,344,733,0,2309,10.004307
485,6417,4,True,1,0,19,0,108,0.18471
486,6427,4,False,2,349,757,0,2587,10.001109
487,6430,4,True,1,0,25,0,201,0.239511
488,6431,3,False,2,342,740,0,2919,10.002812
489,6433,4,True,1,0,23,0,157,0.225105
490,6434,3,False,2,335,753,0,2509,10.003012
491,6435,4,False,2,344,756,0,2587,10.008116
492,6437,4,True,1,0,25,0,202,0.243661
493,6438,3,False,2,272,648,0,2320,10.077551
494,6441,4,True,1,0,23,0,157,0.219912
495,6444,4,False,2,306,695,0,3320,10.002817
496,6445,4,True,1,0,28,0,281,0.269161
497,6446,4,True,1,0,27,0,255,0.253529
498,6447,4,True,1,0,26,0,245,0.249229
499,6449,3,False,2,164,409,0,1637,10.066895
500,6454,3,True,1,0,38,0,272,0.362275
501,6463,3,True,1,0,41,0,238,0.390131
502,6468,3,True,1,0,68,0,488,0.637659
503,6468,4,False,2,358,759,0,4304,10.005444
504,6471,3,True,1,0,41,0,238,0.389565
505,6473,4,True,1,0,24,0,204,0.227889
506,6476,3,True,1,0,68,0,488,0.637086
507,6478,4,True,1,0,27,0,257,0.253995
508,6481,4,True,1,0,24,0,202,0.230325
509,6483,4,True,1,234,515,0,3920,6.739731
510,6486,4,True,1,0,27,0,258,0.253781
511,6487,4,True,1,0,26,0,248,0.247389
512,6490,3,True,1,0,38,0,274,0.362856
513,6490,4,True,1,0,23,0,187,0.21774
514,6491,3,True,1,0,67,0,516,0.628329
515,6491,4,True,1,234,515,0,3927,6.732523
516,6495,4,True,1,0,20,0,146,0.193164
517,6496,4,True,1,0,20,0,145,0.197029
518,6499,3,True,1,0,67,0,516,0.631265
519,6499,4,True,1,0,20,0,145,0.190928
520,6502,3,True,1,0,29,0,303,0.294142
521,6504,4,True,1,0,31,0,216,0.41295
522,6505,4,False,2,174,402,0,2489,10.014392
523,6508,4,False,2,269,600,0,3865,10.002262
524,6512,3,True,1,0,67,0,484,0.644208
525,6514,4,False,2,213,466,0,3223,10.125267
526,6515,3,True,1,0,39,0,207,0.741807
527,6516,3,True,1,0,39,0,208,0.732041
528,6518,3,True,1,0,37,0,269,0.706635
529,6518,4,False,2,182,414,0,2693,10.004474
530,6519,3,True,1,0,67,0,516,1.244411
531,6519,4,False,2,176,393,0,2531,10.014714
532,6523,3,True,1,0,6,0,10,0.12135
533,6529,3,True,1,0,4,0,7,0.089203
534,6531,4,True,1,0,6,0,17,0.125324
535,6535,3,True,1,0,24,0,172,0.454181
536,6535,4,True,1,0,22,0,158,0.41678
537,6540,3,True,1,0,3,0,7,0.070533
538,6546,3,True,1,0,6,0,15,0.12162
539,6546,4,True,1,0,10,0,26,0.197053
540,6549,3,True,1,6,66,0,391,1.293445
541,6552,4,True,1,0,21,0,165,0.385242
542,6553,3,True,1,0,49,0,273,0.90783
543,6556,3,False,2,88,260,0,2060,10.037034
544,6560,3,False,2,88,260,0,1884,10.032796
545,6562,3,False,2,203,505,0,3846,10.006568
546,6562,4,True,1,0,21,0,167,0.19757
547,6566,3,False,2,342,739,0,4723,10.012913
548,6568,3,False,2,169,426,0,3128,10.005269
549,6570,4,True,1,0,21,0,167,0.198335
550,6574,3,False,2,368,763,0,985,10.031965
551,6585,4,True,1,0,28,0,203,0.258786
552,6588,3,True,1,0,20,0,156,0.185392
553,6588,4,True,1,0,22,0,167,0.207965
554,6591,4,True,1,0,20,0,150,0.182087
555,6594,3,True,1,0,38,0,237,0.352805
556,6598,3,True,1,0,35,0,208,0.319503
557,6600,4,True,1,0,22,0,203,0.200569
558,6601,3,False,2,171,428,0,3308,10.067267
559,6602,4,True,1,11,48,0,385,0.529849
560,6603,4,True,1,0,21,0,171,0.191047
561,6604,4,True,1,0,21,0,171,0.192065
562,6607,4,True,1,0,21,0,171,0.193165
563,6610,3,True,1,0,21,0,171,0.192455
564,6615,3,False,2,377,816,0,2745,10.004569
565,6620,4,False,2,367,777,0,605,10.007638
566,6621,3,True,1,0,6,0,14,0.059017
567,6625,4,True,1,0,22,0,194,0.204766
568,6626,4,True,1,0,22,0,194,0.198865
569,6628,4,True,1,0,22,0,194,0.202415
570,6630,4,True,1,0,22,0,194,0.200293
571,6631,4,True,1,0,21,0,180,0.19118
572,6635,3,False,2,175,435,0,3320,10.04101
573,6637,3,True,1,10,60,0,432,0.627386
574,6640,4,True,1,0,21,0,179,0.192678
575,6641,3,False,2,367,773,0,5004,10.025699
576,6641,4,True,1,0,21,0,179,0.187326
577,6642,3,False,2,169,423,0,3289,10.050378
578,6642,4,True,1,0,21,0,179,0.204043
579,6644,3,True,1,0,34,0,216,0.31978
580,6645,3,True,1,10,60,0,432,0.617632
581,6646,4,True,1,0,21,0,179,0.189639
582,6647,3,True,1,0,20,0,159,0.180467
583,6648,3,True,1,0,19,0,151,0.16987
584,6678,3,True,1,0,34,0,220,0.3062
585,6681,3,True,1,0,11,0,43,0.100476
586,6687,3,True,1,0,11,0,43,0.101898
587,6688,4,True,1,0,11,0,34,0.105236
588,6689,3,True,1,1,12,0,34,0.120518
589,6692,3,True,1,0,22,0,100,0.196736
590,6695,3,True,1,0,11,0,40,0.102261
591,6698,3,True,1,0,9,0,24,0.084454
592,6698,4,True,1,1,14,0,47,0.137431
593,6704,3,True,1,0,11,0,43,0.103893
594,6704,4,True,1,0,8,0,42,0.078302
595,6715,3,True,1,0,78,0,574,0.75683
596,6733,4,True,1,0,22,0,170,0.195551
597,6736,4,True,1,0,48,0,373,0.421961
598,6739,3,True,1,0,13,0,75,0.117752
599,6757,4,True,1,0,38,0,300,0.33587
600,6763,3,True,1,0,18,0,140,0.168895
601,6763,4,True,1,0,18,0,141,0.167479
602,6775,4,True,1,0,8,0,27,0.076263
603,6778,3,True,1,0,7,0,20,0.067639
604,6781,4,True,1,0,8,0,26,0.076473
605,6813,4,True,1,0,3,0,4,0.031435
606,6815,3,True,1,0,5,0,17,0.050192
607,6818,4,True,1,0,3,0,4,0.03159
608,6819,4,True,1,0,3,0,4,0.030965
609,6822,3,True,1,0,5,0,17,0.051397
610,6825,3,True,1,0,5,0,17,0.049392
611,6826,3,True,1,0,5,0,17,0.051258
612,6827,3,True,1,0,5,0,17,0.0501
613,6830,4,True,1,0,3,0,4,0.033549
614,6831,4,True,1,0,3,0,4,0.034571
615,6832,3,True,1,0,5,0,17,0.055926
616,6832,4,True,1,0,3,0,4,0.034369
617,6833,4,True,1,0,3,0,4,0.032388
618,6835,4,True,1,0,3,0,4,0.031537
619,6840,3,True,1,0,5,0,17,0.049879
620,6861,3,True,1,4,38,0,390,0.378787
621,6865,3,True,1,0,5,0,10,0.050269
622,6900,4,True,1,0,23,0,194,0.213308
623,6902,3,True,1,0,24,0,200,0.236733
624,6906,4,False,2,365,755,0,6272,10.002961
625,6908,4,True,1,0,23,0,194,0.267939
626,6914,3,False,2,345,717,0,5970,10.000299
627,6914,4,False,2,359,747,0,6215,10.015274
628,6916,3,False,2,353,736,0,6120,10.000348
629,6918,4,False,2,246,519,0,4324,10.004191
630,6921,4,False,2,298,625,0,5215,10.004812
631,6923,4,False,2,211,444,0,3688,10.070647
632,6925,3,True,1,0,24,0,200,0.62484
633,6925,4,True,1,0,23,0,194,0.612505
634,6927,3,True,1,0,24,0,200,0.435669
635,6928,3,True,1,0,24,0,200,0.36891
636,6928,4,True,1,0,23,0,194,0.54536
637,6931,4,True,1,0,8,0,25,0.103453
638,6932,4,True,1,0,5,0,15,0.070808
639,6942,3,True,1,0,4,0,5,0.075422
640,6945,3,True,1,0,3,0,7,0.041559
641,6954,3,True,1,0,23,0,177,0.25578
642,6954,4,True,1,0,31,0,233,0.341038
643,6956,3,False,2,213,525,0,1638,10.003636
644,6957,4,False,2,271,648,0,1476,10.008956
645,6960,3,True,1,0,28,0,231,0.310089
646,6961,4,False,2,274,599,0,5163,10.005818
647,6965,4,False,2,147,329,0,2523,10.013792
648,6967,3,False,2,289,652,0,4562,10.008878
649,6968,4,False,2,289,648,0,4536,10.028808
650,6972,4,False,2,235,531,0,3329,10.00589
651,6974,3,False,2,242,546,0,3217,10.005769
652,6977,3,True,1,24,83,0,483,1.090682
653,6982,3,False,2,287,671,0,1747,10.004975
654,6984,3,False,2,271,638,0,1739,10.016296
655,6985,4,False,2,157,418,0,1587,10.067208
656,6994,4,False,2,140,330,0,2103,10.007129
657,6997,3,False,2,274,638,0,2973,10.020063
658,6998,4,True,1,25,84,0,532,1.172728
659,6999,4,True,1,26,85,0,521,1.184511
660,7001,4,True,1,28,87,0,502,1.242558
661,7002,4,True,1,29,88,0,494,1.232969
662,7005,3,False,2,292,668,0,3111,10.037165
663,7005,4,True,1,24,80,0,510,1.065075
664,7006,3,False,2,289,685,0,3801,10.026062
665,7010,4,True,1,24,80,0,494,1.095164
666,7011,4,True,1,25,81,0,487,1.134326
667,7014,3,False,2,278,661,0,3674,10.027684
668,7016,3,False,2,281,676,0,3906,10.00014
669,7016,4,True,1,27,85,0,491,1.159891
670,7019,3,False,2,304,677,0,1244,10.006658
671,7020,4,True,1,31,89,0,461,1.252928
672,7021,4,False,2,289,646,0,4194,10.015233
673,7023,3,False,2,159,413,0,2273,10.069369
674,7024,4,False,2,205,505,0,3016,10.119517
675,7027,4,False,2,209,465,0,2731,10.020307
676,7028,3,False,2,109,340,0,1917,10.009556
677,7030,3,False,2,107,322,0,1865,10.021396
678,7031,3,False,2,77,251,0,1371,10.022586
679,7033,3,False,2,301,667,0,3846,10.016234
680,7041,4,True,1,3,40,0,264,0.636945
681,7042,3,True,1,2,57,0,343,0.614891
682,7044,3,True,1,7,68,0,377,0.802778
683,7047,3,False,2,278,664,0,2831,10.008636
684,7048,4,True,1,3,51,0,398,0.585909
685,7051,3,False,2,303,685,0,1140,10.000761
686,7052,4,False,2,300,669,0,989,10.005562
687,7056,3,False,2,286,663,0,1738,10.04851
688,7057,3,True,1,9,60,0,465,0.73528
689,7060,4,False,2,136,356,0,3239,10.007284
690,7068,3,True,1,0,12,0,40,0.143171
691,7069,4,True,1,0,14,0,51,0.168332
692,7070,4,True,1,0,14,0,46,0.161669
693,7071,3,True,1,275,561,0,6416,9.67963
694,7071,4,True,1,0,22,0,138,0.23894
695,7080,3,True,1,0,12,0,40,0.137865
696,7081,4,True,1,0,14,0,52,0.160921
697,7083,3,True,1,0,13,0,55,0.152017
698,7097,3,True,1,5,24,0,91,0.320423
699,7099,3,True,1,0,8,0,34,0.096446
700,7100,4,True,1,0,5,0,16,0.063636
701,7142,3,True,1,0,28,0,222,0.307751
702,7142,4,True,1,0,27,0,216,0.295043
703,7145,3,True,1,0,28,0,222,0.30646
704,7148,3,True,1,115,256,0,2716,3.938038
705,7156,3,True,1,0,28,0,222,0.307131
706,7157,3,True,1,115,256,0,2716,4.050758
707,7159,4,True,1,115,255,0,2710,3.98831
708,7162,4,True,1,0,27,0,216,0.312562
709,7166,3,True,1,0,28,0,222,0.317826
710,7167,3,True,1,0,28,0,222,0.325422
711,7168,4,True,1,0,8,0,25,0.099204
712,7172,4,True,1,0,5,0,15,0.066556
713,7173,3,True,1,0,6,0,16,0.077195
714,7177,4,True,1,0,35,0,158,0.410482
715,7182,3,True,1,0,3,0,7,0.058459
716,7185,3,True,1,0,3,0,7,0.052046
717,7185,4,True,1,0,4,0,8,0.063291
718,7189,4,True,1,0,5,0,11,0.070452
719,7194,4,True,1,0,4,0,7,0.056746
720,7208,3,True,1,0,9,0,16,0.113874
721,7208,4,True,1,0,9,0,19,0.113709
722,7209,3,True,1,0,5,0,24,0.075396
723,7214,4,True,1,0,11,0,34,0.141506
724,7218,4,True,1,0,10,0,32,0.121397
725,7219,3,True,1,1,17,0,162,0.473149
726,7223,3,True,1,0,40,0,212,0.520588
727,7223,4,False,2,253,562,0,3412,10.011481
728,7224,3,True,1,0,37,0,267,0.406397
729,7225,3,True,1,0,39,0,207,0.423123
730,7226,4,False,2,310,664,0,4263,10.041214
731,7227,3,False,2,129,340,0,1538,10.049547
732,7227,4,False,2,212,486,0,3040,10.004805
733,7231,4,False,2,125,311,0,2072,10.023276
734,7232,3,True,1,0,37,0,267,0.932003
735,7238,3,True,1,0,67,0,484,1.643115
736,7239,3,False,2,94,267,0,992,10.033699
737,7245,3,True,1,0,37,0,172,0.931306
738,7250,4,True,1,0,26,0,203,0.659755
739,7252,4,False,2,114,306,0,859,10.018232
740,7253,3,True,1,0,37,0,172,0.962018
741,7255,4,False,2,125,302,0,1998,10.013228
742,7260,3,True,1,0,67,0,520,1.65827
743,7263,3,True,1,0,37,0,271,0.902796
744,7264,4,False,2,128,300,0,2305,10.049393
745,7270,4,False,2,120,306,0,1110,10.038023
746,7271,4,True,1,0,26,0,206,0.632722
747,7273,4,True,1,0,24,0,180,0.626881
748,7276,3,True,1,0,37,0,168,0.9572
749,7278,4,False,2,127,309,0,1115,10.07831
750,7282,4,True,1,0,25,0,166,0.62949
751,7284,3,True,1,0,37,0,168,0.91372
752,7284,4,True,1,0,22,0,136,0.540247
753,7285,3,False,2,116,301,0,771,10.039359
754,7286,3,True,1,0,40,0,212,0.998978
755,7288,3,True,1,0,39,0,207,0.94797
756,7289,3,False,2,129,343,0,1556,10.009101
757,7289,4,True,1,56,151,0,1266,2.213178
758,7291,4,True,1,83,205,0,1654,3.09321
759,7292,3,True,1,0,67,0,484,0.743897
760,7293,3,True,1,0,39,0,208,0.437238
761,7295,4,False,2,296,648,0,4420,10.004523
762,7297,3,True,1,0,38,0,222,0.441841
763,7298,3,False,2,165,408,0,1796,10.000126
764,7298,4,False,2,278,588,0,3499,10.03136
765,7300,3,True,1,0,67,0,516,0.724957
766,7305,4,True,1,0,24,0,180,0.264667
767,7307,4,False,2,205,472,0,1100,10.040669
768,7308,3,True,1,0,37,0,168,0.910361
769,7313,3,False,2,161,381,0,1361,10.00119
770,7313,4,True,1,0,24,0,181,0.264888
771,7316,3,True,1,0,37,0,168,0.415205
772,7322,3,False,2,129,340,0,1538,10.114816
773,7329,3,True,1,0,38,0,222,0.935852
774,7330,4,False,2,238,529,0,3263,10.062394
775,7337,3,True,1,0,28,0,138,0.316785
776,7337,4,True,1,215,461,0,1340,7.013119
777,7338,3,True,1,0,50,0,99,0.521027
778,7340,3,True,1,0,39,0,212,0.42219
779,7342,3,True,1,0,40,0,217,0.434627
780,7342,4,True,1,0,26,0,254,0.285828
781,7343,4,True,1,0,24,0,210,0.260809
782,7344,3,True,1,0,38,0,278,0.406624
783,7345,3,True,1,0,67,0,520,0.720828
784,7348,4,True,1,0,30,0,275,0.321706
785,7351,3,False,2,293,682,0,1550,10.045985
786,7352,3,True,1,0,37,0,168,0.392482
787,7353,4,True,1,0,25,0,209,0.264123
788,7354,4,True,1,0,28,0,249,0.299239
789,7355,4,False,2,309,683,0,2349,10.00435
790,7357,3,False,2,162,386,0,1366,10.022068
791,7357,4,True,1,0,23,0,165,0.572545
792,7359,3,False,2,247,542,0,2118,10.06905
793,7360,3,False,2,277,661,0,1518,10.001561
794,7365,3,True,1,0,14,0,49,0.16454
795,7373,3,True,1,0,22,0,112,0.25086
796,7374,3,True,1,0,22,0,179,0.25687
797,7377,4,True,1,0,24,0,180,0.266205
798,7381,4,True,1,0,22,0,136,0.248323
799,7383,4,False,2,293,647,0,2232,10.025585
800,7387,4,True,1,0,25,0,166,0.298432
801,7394,4,True,1,0,25,0,226,0.320457
802,7396,3,True,1,0,38,0,278,0.454316
803,7399,3,True,1,0,40,0,215,0.475441
804,7399,4,True,1,0,25,0,227,0.288056
805,7401,3,True,1,0,38,0,272,0.433002
806,7404,4,True,1,0,27,0,278,0.313156
807,7405,3,True,1,0,38,0,274,0.422292
808,7408,4,True,1,0,30,0,334,0.331488
809,7411,3,True,1,0,40,0,215,0.439608
810,7414,4,True,1,27,95,0,901,1.283723
811,7415,4,True,1,31,102,0,890,1.392407
812,7416,4,True,1,0,30,0,334,0.327475
813,7419,4,True,1,0,27,0,274,0.299582
814,7423,3,True,1,0,68,0,488,0.728856
815,7424,3,True,1,0,39,0,208,0.422232
816,7426,3,True,1,0,40,0,213,0.447837
817,7427,4,True,1,0,25,0,232,0.285081
818,7429,4,True,1,70,186,0,1789,2.691092
819,7430,3,True,1,0,68,0,488,0.730308
820,7430,4,True,1,102,250,0,2064,3.593924
821,7431,3,True,1,0,40,0,215,0.423794
822,7431,4,True,1,0,26,0,252,0.275423
823,7434,3,True,1,0,39,0,207,0.418673
824,7434,4,True,1,0,19,0,143,0.201512
825,7440,4,False,2,309,674,0,4003,10.008091
826,7445,4,False,2,308,672,0,4240,10.001254
827,7450,3,True,1,0,3,0,4,0.042922
828,7451,4,True,1,0,3,0,6,0.043451
829,7455,4,True,1,0,2,0,1,0.032607
830,7456,3,True,1,0,4,0,9,0.056379
831,7457,3,True,1,0,4,0,9,0.056951
832,7458,4,True,1,0,2,0,1,0.031939
833,7460,3,True,1,0,4,0,9,0.05371
834,7460,4,True,1,0,2,0,1,0.03141
835,7461,3,True,1,0,4,0,9,0.053225
836,7463,3,True,1,0,4,0,9,0.054551
837,7463,4,True,1,0,2,0,1,0.032837
838,7464,4,True,1,0,2,0,1,0.032482
839,7465,4,True,1,0,2,0,1,0.033107
840,7467,4,True,1,0,2,0,1,0.03177
841,7469,4,True,1,0,2,0,1,0.031485
842,7472,3,True,1,0,4,0,9,0.053597
843,7472,4,True,1,0,2,0,1,0.031743
844,7473,4,True,1,0,2,0,1,0.031523
845,7476,4,True,1,0,2,0,1,0.031863
846,7478,3,True,1,0,4,0,9,0.054074
847,7478,4,True,1,0,2,0,1,0.032028
848,7481,4,True,1,0,2,0,1,0.0336
849,7484,3,True,1,0,4,0,4,0.053347
850,7484,4,True,1,0,4,0,9,0.053385
851,7486,4,True,1,0,4,0,10,0.054042
852,7553,4,True,1,0,9,0,33,0.112788
853,7559,4,True,1,0,9,0,33,0.108083
854,7561,4,True,1,0,8,0,41,0.096836
855,7563,4,True,1,0,8,0,42,0.095605
856,7564,4,True,1,11,48,0,383,0.626754
857,7565,3,True,1,6,66,0,391,0.779111
858,7566,3,False,2,288,630,0,4046,10.001434
859,7567,3,False,2,138,361,0,2675,10.00431
860,7569,4,True,1,0,24,0,216,0.283275
861,7571,4,True,1,0,24,0,215,0.280143
862,7573,3,True,1,6,66,0,391,1.229023
863,7576,4,True,1,0,23,0,198,0.618665
864,7579,3,True,1,47,132,0,425,3.083395
865,7581,3,True,1,6,66,0,391,0.803998
866,7581,4,True,1,11,49,0,397,0.633515
867,7582,4,True,1,0,23,0,198,0.251507
868,7589,3,True,1,6,66,0,391,0.809026
869,7589,4,True,1,11,48,0,384,0.612531
870,7591,3,False,2,123,329,0,2461,10.024198
871,7592,3,False,2,111,306,0,2225,10.055939
872,7592,4,True,1,0,22,0,184,0.242708
873,7595,4,True,1,0,22,0,183,0.242826
874,7598,4,True,1,0,15,0,63,0.174577
875,7600,3,True,1,0,26,0,68,0.286335
876,7600,4,True,1,0,15,0,63,0.163746
877,7601,4,True,1,0,20,0,150,0.217025
878,7602,4,True,1,0,22,0,210,0.277884
879,7604,4,True,1,0,21,0,178,0.227057
880,7606,3,False,2,306,654,0,4230,10.00818
881,7607,3,False,2,154,395,0,3081,10.000804
882,7611,3,True,1,10,60,0,432,0.743007
883,7612,3,False,2,131,346,0,2702,10.058831
884,7616,4,True,1,0,20,0,166,0.223013
885,7617,4,True,1,0,20,0,166,0.216797
886,7620,4,True,1,1,23,0,173,0.257457
887,7624,3,False,2,158,400,0,3077,10.06624
888,7625,3,True,1,0,34,0,216,0.391893
889,7626,3,True,1,10,60,0,432,0.729186
890,7635,4,True,1,1,23,0,172,0.255635
891,7638,4,True,1,0,27,0,188,0.293337
892,7640,4,True,1,0,15,0,99,0.162862
893,7641,4,True,1,0,28,0,203,0.296954
894,7642,3,True,1,1,23,0,167,0.2559
895,7643,4,True,1,0,28,0,203,0.307552
896,7645,3,True,1,0,20,0,162,0.213625
897,7671,3,False,2,157,396,0,2889,10.07881
898,7672,3,True,1,0,49,0,273,0.536418
899,7673,4,True,1,0,20,0,162,0.217928
900,7675,4,True,1,11,48,0,371,0.612776
901,7676,3,True,1,6,66,0,391,0.770619
902,7677,4,True,1,0,22,0,172,0.23937
903,7700,4,True,1,11,48,0,385,0.61188
904,7701,4,True,1,11,48,0,385,0.61874
905,7702,3,False,2,304,663,0,4254,10.002673
906,7704,3,False,2,151,386,0,2830,10.055309
907,7705,4,True,1,0,21,0,171,0.232455
908,7706,3,False,2,282,661,0,4997,10.007653
909,7706,4,True,1,0,21,0,171,0.235626
910,7710,3,False,2,232,522,0,3339,10.022063
911,7710,4,True,1,0,23,0,185,0.270231
912,7712,4,True,1,0,23,0,185,0.269386
913,7715,4,True,1,0,23,0,184,0.269849
914,7721,4,True,1,0,20,0,164,0.236263
915,7722,3,False,2,151,385,0,3009,10.024204
916,7724,3,True,1,0,34,0,216,0.385017
917,7725,4,True,1,0,20,0,164,0.225613
918,7730,4,True,1,0,19,0,156,0.211468
919,7732,3,True,1,0,34,0,216,0.376329
920,7734,3,True,1,10,60,0,432,0.751015
921,7739,4,True,1,1,26,0,225,0.297875
922,7745,3,False,2,265,568,0,3687,10.008342
923,7746,4,True,1,1,25,0,207,0.305151
924,7748,3,True,1,0,34,0,216,0.399454
925,7750,4,True,1,1,25,0,207,0.483892
926,7755,3,True,1,0,36,0,228,0.397477
927,7759,3,True,1,0,26,0,68,0.291104
928,7759,4,True,1,0,15,0,61,0.170585
929,7760,3,True,1,0,35,0,208,0.385883
930,7766,4,True,1,0,23,0,190,0.279258
931,7776,3,True,1,0,11,0,37,0.127243
932,7778,3,True,1,0,8,0,25,0.096056
933,7779,4,True,1,0,11,0,39,0.131455
934,7781,4,True,1,0,9,0,33,0.107105
935,7784,3,True,1,0,9,0,29,0.110157
936,7784,4,True,1,0,9,0,29,0.108411
937,7785,4,True,1,0,8,0,24,0.098186
938,7786,4,True,1,0,12,0,46,0.144121
939,7787,3,True,1,0,9,0,22,0.109788
940,7788,3,True,1,0,8,0,21,0.097949
941,7789,3,True,1,0,22,0,97,0.244603
942,7789,4,True,1,0,22,0,92,0.247079
943,7791,3,True,1,0,22,0,108,0.251638
944,7836,3,True,1,0,5,0,12,0.068904
945,7857,4,True,1,2,28,0,232,0.330263
946,7862,3,True,1,4,36,0,373,0.434829
947,7872,3,True,1,0,4,0,9,0.055523
948,7873,3,True,1,0,4,0,9,0.053951
949,7874,3,True,1,0,4,0,9,0.054532
950,7874,4,True,1,0,2,0,1,0.035233
951,7880,4,True,1,0,2,0,1,0.033813
952,7884,4,True,1,0,2,0,1,0.032999
953,7885,4,True,1,0,2,0,1,0.033009
954,7886,3,True,1,0,4,0,9,0.054554
955,7886,4,True,1,0,2,0,1,0.031752
956,7888,4,True,1,0,2,0,1,0.031595
957,7889,3,True,1,0,4,0,9,0.053972
958,7890,4,True,1,0,2,0,1,0.031968
959,7891,4,True,1,0,2,0,1,0.031768
960,7898,3,True,1,0,4,0,9,0.053727
961,7970,3,True,1,0,29,0,175,0.319687
962,7971,3,False,2,297,639,0,1556,10.034718
963,7974,4,False,2,193,418,0,1225,10.007113
964,7976,3,True,1,0,27,0,137,0.300447
965,7982,4,True,1,0,23,0,114,0.34185
966,7983,3,True,1,0,32,0,163,0.354621
967,7983,4,True,1,0,18,0,90,0.201438
968,7986,4,True,1,0,17,0,72,0.187912
969,7990,3,True,1,0,60,0,626,0.639708
970,7991,4,False,2,303,659,0,1222,10.008527
971,7993,4,True,1,0,19,0,157,0.214078
972,7994,3,True,1,0,20,0,128,0.219903
973,7995,3,True,1,0,34,0,246,0.379297
974,7998,4,True,1,0,23,0,205,0.253727
975,7999,3,True,1,0,24,0,146,0.26899
976,8000,4,True,1,0,46,0,271,0.505513
977,8006,4,True,1,3,41,0,285,0.477495
978,8009,3,True,1,7,68,0,377,0.796026
979,8009,4,False,2,305,667,0,975,10.004784
980,8014,3,False,2,151,392,0,776,10.042513
981,8016,4,False,2,311,675,0,980,10.010789
982,8018,3,False,2,297,673,0,1194,10.00449
983,8021,3,False,2,293,683,0,1758,10.00669
984,8023,3,False,2,303,668,0,6006,10.007282
985,8023,4,False,2,178,404,0,3451,10.014989
986,8027,4,False,2,300,658,0,4251,10.059261
987,8029,3,False,2,300,664,0,3849,10.010603
988,8030,3,False,2,295,684,0,3194,10.004712
989,8031,3,False,2,272,652,0,3630,10.005936
990,8038,3,False,2,225,541,0,2530,10.005163
991,8040,4,False,2,247,555,0,3667,10.005792
992,8041,4,False,2,231,562,0,3364,10.007311
993,8045,3,False,2,244,607,0,3435,10.06537
994,8046,4,True,1,24,83,0,545,2.504561
995,8051,4,True,1,29,88,0,495,2.738765
996,8054,3,False,2,187,466,0,2191,10.009471
997,8055,4,True,1,15,65,0,435,0.826085
998,8061,4,True,1,21,71,0,384,0.939728
999,8064,4,False,2,309,688,0,3907,10.019092
1000,8076,4,True,1,3,47,0,331,0.510507
1001,8077,4,True,1,12,63,0,367,0.74648
1002,8079,3,False,2,303,688,0,1222,10.006296
1003,8080,3,False,2,303,677,0,879,10.00683
1004,8080,4,False,2,314,694,0,985,10.013475
1005,8081,3,False,2,293,693,0,2907,10.041594
1006,8081,4,False,2,151,393,0,2278,10.00527
1007,8085,3,False,2,124,326,0,752,10.015691
1008,8085,4,True,1,12,61,0,352,1.701659
1009,8088,3,False,2,122,313,0,495,10.007243
1010,8094,3,True,1,7,68,0,377,1.780011
1011,8100,4,False,2,104,322,0,1585,10.010629
1012,8101,4,False,2,82,246,0,1259,10.081183
1013,8103,3,False,2,145,364,0,2251,10.002349
1014,8106,4,False,2,117,308,0,889,10.039795
1015,8109,3,False,2,70,241,0,1324,10.000711
1016,8112,4,True,1,29,88,0,500,1.213088
1017,8113,3,False,2,304,677,0,1248,10.002962
1018,8114,3,False,2,222,573,0,3265,10.019451
1019,8115,3,False,2,123,334,0,1588,10.005248
1020,8116,3,False,2,115,337,0,1935,10.043174
1021,8117,3,False,2,96,292,0,1606,10.004702
1022,8119,3,False,2,282,635,0,3676,10.011999
1023,8119,4,False,2,308,671,0,3944,10.028758
1024,8124,4,False,2,312,675,0,4633,10.006029
1025,8125,4,False,2,304,666,0,4309,10.004766
1026,8128,4,False,2,303,641,0,3838,10.004807
1027,8129,3,False,2,304,686,0,1259,10.003465
1028,8131,3,False,2,289,690,0,2907,10.017838
1029,8132,3,False,2,166,399,0,772,10.034824
1030,8133,3,False,2,99,284,0,681,10.008468
1031,8135,3,False,2,228,529,0,952,10.000973
1032,8139,3,False,2,150,405,0,2191,10.079566
1033,8139,4,False,2,123,333,0,1928,10.020533
1034,8140,3,False,2,136,345,0,718,10.035259
1035,8140,4,True,1,0,42,0,343,0.907431
1036,8143,4,False,2,149,346,0,622,10.011422
1037,8144,3,True,1,7,68,0,377,1.601882
1038,8146,3,False,2,132,334,0,515,10.006505
1039,8147,3,False,2,166,443,0,2298,10.000274
1040,8148,3,False,2,314,705,0,1100,10.010227
1041,8149,4,True,1,3,39,0,242,0.4313
1042,8153,3,False,2,228,539,0,1072,10.007003
1043,8154,3,False,2,311,689,0,882,10.005123
1044,8155,3,False,2,254,584,0,6083,10.018783
1045,8161,3,False,2,197,490,0,2666,10.019857
1046,8170,4,True,1,23,81,0,538,1.34702
1047,8179,3,False,2,222,519,0,5380,10.006424
1048,8179,4,False,2,141,343,0,2141,10.02261
1049,8181,3,False,2,138,358,0,2225,10.064049
1050,8182,4,False,2,244,548,0,4491,10.007681
1051,8183,4,False,2,323,703,0,5519,10.006203
1052,8185,4,False,2,330,721,0,5344,10.018143
1053,8187,4,True,1,0,12,0,42,0.122225
1054,8188,4,True,1,0,12,0,41,0.120574
1055,8195,4,True,1,0,14,0,54,0.140128
1056,8197,4,True,1,0,13,0,46,0.130685
1057,8200,3,True,1,0,14,0,49,0.140147
1058,8209,3,True,1,74,160,0,229,2.251437
1059,8218,4,True,1,0,13,0,62,0.137127
1060,8219,4,True,1,0,13,0,62,0.132768
1061,8220,3,True,1,0,4,0,3,0.044739
1062,8222,4,True,1,0,13,0,62,0.131846
1063,8225,4,True,1,0,13,0,62,0.132723
1064,8229,3,True,1,0,4,0,3,0.045553
1065,8229,4,True,1,0,13,0,62,0.133566
1066,8230,4,True,1,0,13,0,62,0.130631
1067,8233,3,True,1,0,4,0,3,0.044587
1068,8237,3,True,1,0,4,0,3,0.044993
1069,8243,4,True,1,0,13,0,62,0.131239
1070,8244,3,True,1,0,4,0,3,0.04497
1071,8244,4,True,1,0,13,0,62,0.133494
1072,8245,3,True,1,0,4,0,3,0.044497
1073,8245,4,True,1,0,13,0,62,0.139099
1074,8280,3,True,1,0,4,0,10,0.046623
1075,8281,4,True,1,0,3,0,6,0.037424
1076,8282,3,True,1,0,4,0,9,0.046957
1077,8285,3,True,1,0,4,0,9,0.047258
1078,8287,3,True,1,0,4,0,9,0.045631
1079,8290,3,True,1,0,4,0,9,0.046215
1080,8291,3,True,1,0,4,0,9,0.04529
1081,8292,4,True,1,0,2,0,1,0.025565
1082,8293,3,True,1,0,4,0,9,0.045525
1083,8297,4,True,1,0,2,0,1,0.025312
1084,8301,4,True,1,0,2,0,1,0.025258
1085,8303,3,True,1,0,4,0,9,0.044669
1086,8303,4,True,1,0,2,0,1,0.025423
1087,8305,3,True,1,0,4,0,9,0.045066
1088,8305,4,True,1,0,2,0,1,0.025828
1089,8307,3,True,1,0,4,0,9,0.044535
1090,8307,4,True,1,0,2,0,1,0.025912
1091,8311,3,True,1,0,4,0,9,0.045477
1092,8313,3,True,1,0,4,0,7,0.045262
1093,8315,4,True,1,0,4,0,10,0.044186
1094,8380,3,True,1,0,4,0,7,0.044811
1095,8386,4,True,1,0,8,0,30,0.082829
1096,8401,4,True,1,0,8,0,18,0.085975
1097,8403,4,True,1,0,8,0,22,0.083956
1098,8412,4,True,1,0,12,0,42,0.124276
1099,8414,4,True,1,0,12,0,47,0.120794
1100,8416,3,True,1,0,25,0,124,0.241092
1101,8417,4,True,1,0,12,0,49,0.119922
1102,8422,3,True,1,0,39,0,212,0.374918
1103,8423,3,False,2,274,633,0,2203,10.007966
1104,8425,3,False,2,257,619,0,2173,10.006369
1105,8428,3,False,2,305,724,0,1677,10.004514
1106,8428,4,False,2,347,770,0,1681,10.06504
1107,8430,4,True,1,0,25,0,214,0.240245
1108,8432,3,False,2,274,629,0,2751,10.062147
1109,8433,4,True,1,0,24,0,185,0.243533
1110,8434,3,False,2,273,649,0,2324,10.00492
1111,8435,3,False,2,342,774,0,3057,10.001521
1112,8437,3,True,1,0,37,0,172,0.353471
1113,8437,4,True,1,0,22,0,141,0.213683
1114,8438,4,True,1,0,21,0,147,0.199307
1115,8441,3,True,1,0,39,0,211,0.367986
1116,8443,4,True,1,0,19,0,148,0.184807
1117,8445,4,True,1,0,19,0,148,0.197207
1118,8446,3,True,1,0,39,0,231,0.369565
1119,8448,4,False,2,352,754,0,4934,10.078739
1120,8454,3,True,1,0,22,0,107,0.209168
1121,8456,3,True,1,0,22,0,110,0.209241
1122,8463,4,True,1,0,22,0,172,0.211396
1123,8467,4,False,2,194,409,0,1745,10.002635
1124,8468,3,True,1,0,19,0,80,0.350766
1125,8468,4,True,1,0,33,0,218,0.60401
1126,8469,4,True,1,0,19,0,114,0.348858
1127,8474,3,True,1,0,39,0,256,0.707288
1128,8474,4,True,1,0,24,0,173,0.446319
1129,8475,4,True,1,0,23,0,222,0.437164
1130,8480,3,True,1,2,25,0,117,0.493935
1131,8482,3,True,1,0,66,0,589,1.175729
1132,8484,3,True,1,0,33,0,146,0.60358
1133,8489,3,False,2,205,441,0,2159,10.003543
1134,8491,4,True,1,0,29,0,188,0.269033
1135,8492,3,True,1,1,31,0,181,0.29528
1136,8493,3,True,1,0,16,0,56,0.152967
1137,8493,4,True,1,0,22,0,82,0.207781
1138,8496,4,True,1,33,98,0,268,1.195591
1139,8497,3,False,2,357,763,0,1790,10.026014
1140,8503,3,False,2,353,771,0,1780,10.004249
1141,8503,4,False,2,346,773,0,618,10.002685
1142,8505,3,False,2,355,760,0,1795,10.015612
1143,8506,3,False,2,347,762,0,1783,10.007556
1144,8510,3,True,1,0,40,0,217,0.379122
1145,8513,4,True,1,0,26,0,267,0.246111
1146,8514,3,True,1,0,67,0,520,0.642218
1147,8515,4,False,2,353,750,0,4264,10.004709
1148,8516,4,True,1,0,5,0,14,0.06073
1149,8519,3,True,1,0,5,0,19,0.064266
1150,8521,3,True,1,0,5,0,19,0.054381
1151,8523,3,True,1,0,5,0,19,0.055999
1152,8524,3,True,1,0,5,0,19,0.056442
1153,8529,3,True,1,0,5,0,19,0.055099
1154,8534,3,True,1,0,5,0,19,0.055315
1155,8536,4,True,1,0,4,0,6,0.047615
1156,8537,4,True,1,0,4,0,6,0.044438
1157,8539,3,True,1,0,5,0,19,0.054956
1158,8541,4,True,1,0,4,0,6,0.045075
1159,8542,4,True,1,0,4,0,6,0.04408
1160,8544,3,True,1,0,5,0,19,0.054966
1161,8553,3,True,1,0,11,0,63,0.115566
1162,8556,3,True,1,0,11,0,51,0.119868
1163,8559,4,True,1,0,7,0,37,0.075364
1164,8561,4,True,1,0,7,0,37,0.07252
1165,8563,4,True,1,11,48,0,388,0.560628
1166,8566,4,True,1,0,24,0,221,0.233413
1167,8569,4,True,1,0,24,0,221,0.2296
1168,8575,3,False,2,169,421,0,3217,10.031337
1169,8575,4,True,1,0,21,0,183,0.200373
1170,8576,3,True,1,0,34,0,220,0.322701
1171,8580,4,True,1,0,20,0,163,0.190405
1172,8582,3,False,2,169,421,0,3261,10.060755
1173,8584,3,True,1,0,34,0,216,0.320508
1174,8585,3,True,1,10,60,0,432,0.66219
1175,8586,4,True,1,0,20,0,163,0.19905
1176,8590,4,True,1,0,20,0,164,0.191607
1177,8591,3,False,2,160,404,0,3092,10.065624
1178,8591,4,True,1,0,20,0,164,0.201562
1179,8592,3,True,1,0,34,0,216,0.329731
1180,8593,4,True,1,0,20,0,164,0.196544
1181,8594,3,True,1,10,60,0,432,0.661945
1182,8595,3,False,2,169,421,0,3245,10.06529
1183,8595,4,True,1,0,20,0,165,0.189625
1184,8601,3,True,1,10,60,0,432,0.649152
1185,8609,3,True,1,10,60,0,432,0.670506
1186,8610,3,True,1,10,60,0,432,0.652559
1187,8610,4,True,1,0,20,0,164,0.191257
1188,8613,4,True,1,0,20,0,167,0.189236
1189,8615,4,True,1,0,20,0,167,0.193741
1190,8621,4,True,1,1,23,0,173,0.233213
1191,8622,3,False,2,151,385,0,3009,10.108264
1192,8625,4,True,1,1,23,0,173,0.44389
1193,8626,4,True,1,1,23,0,173,0.442466
1194,8627,3,False,2,240,578,0,4371,10.000772
1195,8627,4,True,1,1,24,0,179,0.231921
1196,8629,3,False,2,219,482,0,3128,10.001283
1197,8631,4,True,1,1,23,0,175,0.449873
1198,8635,3,False,2,151,405,0,3098,10.011342
1199,8636,3,True,1,0,34,0,215,0.673092
1200,8637,4,True,1,1,23,0,174,0.442189
1201,8641,4,True,1,1,23,0,174,0.446016
1202,8646,3,True,1,0,20,0,163,0.365707
1203,8647,4,True,1,0,20,0,161,0.365845
1204,8648,3,True,1,0,34,0,215,0.626312
1205,8650,4,True,1,0,19,0,157,0.358875
1206,8654,3,True,1,10,60,0,432,1.253015
1207,8655,3,False,2,151,406,0,3098,10.008091
1208,8658,3,False,2,160,406,0,3168,10.002773
1209,8660,3,True,1,0,34,0,216,0.326056
1210,8667,3,False,2,169,421,0,3213,10.044094
1211,8668,4,True,1,0,22,0,199,0.215108
1212,8669,3,True,1,10,60,0,432,0.66855
1213,8669,4,True,1,0,22,0,199,0.212091
1214,8673,4,True,1,0,22,0,198,0.210938
1215,8676,4,True,1,0,22,0,198,0.211285
1216,8677,3,True,1,10,60,0,432,0.661131
1217,8677,4,True,1,0,22,0,198,0.211415
1218,8679,3,True,1,0,21,0,178,0.200999
1219,8680,4,True,1,0,28,0,199,0.271144
1220,8683,4,True,1,0,22,0,176,0.209857
1221,8684,4,True,1,0,21,0,156,0.200532
1222,8687,3,True,1,0,26,0,68,0.25396
1223,8689,3,True,1,0,36,0,259,0.34451
1224,8689,4,True,1,0,22,0,203,0.210621
1225,8695,4,True,1,0,15,0,62,0.150827
1226,8698,3,True,1,0,36,0,259,0.347677
1227,8709,3,False,2,355,773,0,2613,10.015474
1228,8714,3,False,2,353,763,0,2557,10.002838
1229,8715,4,False,2,354,780,0,2627,10.012565
1230,8717,3,False,2,171,428,0,3308,10.056483
1231,8720,3,False,2,169,421,0,3265,10.042572
1232,8720,4,True,1,0,20,0,169,0.186786
1233,8721,4,True,1,0,20,0,169,0.191732
1234,8722,3,True,1,0,34,0,220,0.337514
1235,8723,3,True,1,10,60,0,436,0.646188
1236,8724,4,True,1,0,20,0,169,0.1889
1237,8727,4,True,1,0,20,0,223,0.187515
1238,8730,4,True,1,0,21,0,217,0.198051
1239,8731,4,True,1,0,36,0,244,0.340016
1240,8732,4,True,1,0,38,0,253,0.357144
1241,8735,3,True,1,0,15,0,66,0.143828
1242,8735,4,True,1,0,26,0,84,0.24723
1243,8738,4,True,1,0,36,0,275,0.340286
1244,8739,4,False,2,169,423,0,3293,10.054353
1245,8740,4,True,1,6,66,0,411,1.292673
1246,8741,4,False,2,163,380,0,2432,10.018329
1247,8743,4,False,2,89,261,0,1904,10.171566
1248,8746,4,True,1,47,132,0,445,3.222323
1249,8747,3,True,1,0,11,0,45,0.210547
1250,8749,3,True,1,0,11,0,46,0.234224
1251,8750,3,True,1,0,8,0,25,0.158937
1252,8751,3,True,1,0,8,0,25,0.165613
1253,8751,4,True,1,3,18,0,53,0.440583
1254,8752,3,True,1,0,8,0,20,0.161449
1255,8753,4,True,1,0,10,0,30,0.200553
1256,8754,3,True,1,0,11,0,38,0.210606
1257,8757,4,True,1,0,10,0,30,0.111241
1258,8761,3,True,1,0,9,0,32,0.095473
1259,8765,3,True,1,0,11,0,37,0.108759
1260,8765,4,True,1,0,8,0,23,0.082803
1261,8767,4,True,1,0,21,0,88,0.239231
1262,8769,4,True,1,0,22,0,96,0.337595
1263,8773,3,True,1,1,26,0,116,0.391991
1264,8774,3,True,1,0,22,0,113,0.445137
1265,8778,3,True,1,0,23,0,114,0.46421
1266,8780,4,True,1,0,22,0,112,0.294878
1267,8783,3,True,1,0,23,0,122,0.278712
1268,8786,3,True,1,0,22,0,118,0.289088
1269,8792,4,True,1,0,48,0,334,0.489355
1270,8795,4,True,1,0,18,0,115,0.366313
1271,8828,4,True,1,0,26,0,230,0.505428
1272,8842,4,True,1,2,15,0,31,0.306812
1273,8846,3,True,1,0,8,0,26,0.082344
1274,8868,4,True,1,4,38,0,391,0.390758
1275,8905,3,True,1,0,5,0,19,0.052825
1276,8913,4,True,1,0,4,0,6,0.042987
1277,8915,3,True,1,0,5,0,19,0.052988
1278,8915,4,True,1,0,4,0,6,0.044742
1279,8919,3,True,1,0,5,0,19,0.05284
1280,8922,4,True,1,0,4,0,6,0.04291
1281,8928,3,True,1,0,5,0,19,0.052005
1282,8933,3,True,1,0,5,0,19,0.053513
1283,8933,4,True,1,0,4,0,6,0.044605
1284,8935,3,True,1,0,32,0,180,0.307586
1285,8937,4,True,1,0,20,0,118,0.191311
1286,8943,3,True,1,0,37,0,362,0.348227
1287,8946,3,True,1,0,53,0,305,0.500587
1288,8948,3,True,1,0,9,0,36,0.088671
1289,8951,3,True,1,0,31,0,156,0.293863
1290,8952,4,True,1,0,28,0,162,0.264818
1291,8960,3,True,1,0,29,0,164,0.273693
1292,8961,3,True,1,0,30,0,154,0.284549
1293,8964,3,True,1,0,36,0,196,0.341409
1294,8964,4,True,1,0,17,0,77,0.163139
1295,8965,3,False,2,167,418,0,1396,10.063422
1296,8965,4,False,2,155,412,0,1389,10.024393
1297,8974,4,False,2,278,624,0,1546,10.000693
1298,8976,4,False,2,210,474,0,1487,10.009252
1299,8977,3,False,2,274,665,0,2388,10.014096
1300,8977,4,False,2,279,673,0,2424,10.006542
1301,8978,4,False,2,299,677,0,2328,10.028494
1302,8979,3,False,2,297,675,0,2282,10.026613
1303,8980,4,False,2,278,663,0,2262,10.045769
1304,8981,3,False,2,297,679,0,2250,10.000091
1305,8981,4,False,2,297,682,0,2270,10.006175
1306,8982,3,False,2,273,663,0,2218,10.021613
1307,8986,3,False,2,239,599,0,1940,10.016721
1308,8987,3,False,2,292,671,0,2122,10.077497
1309,8991,4,False,2,222,552,0,1144,10.009315
1310,8995,3,False,2,187,491,0,1528,10.003445
1311,8996,3,False,2,257,633,0,2015,10.002424
1312,8998,3,True,1,0,13,0,61,0.143509
1313,8998,4,True,1,0,17,0,74,0.193756
1314,9000,4,True,1,0,17,0,97,0.188106
1315,9005,4,True,1,0,34,0,263,0.36905
1316,9006,3,True,1,0,20,0,115,0.216671
1317,9008,3,True,1,0,23,0,106,0.252433
1318,9013,3,True,1,0,40,0,233,0.551353
1319,9017,4,True,1,0,21,0,150,0.284734
1320,9022,4,True,1,3,50,0,387,0.576958
1321,9030,3,False,2,278,630,0,1031,10.012933
1322,9031,4,True,1,3,40,0,258,0.479192
1323,9033,3,False,2,300,674,0,1125,10.011333
1324,9035,3,False,2,241,559,0,1094,10.020145
1325,9036,4,False,2,248,561,0,895,10.005053
1326,9037,3,True,1,0,41,0,344,0.452995
1327,9041,3,False,2,282,648,0,8656,10.020585
1328,9041,4,False,2,247,544,0,3699,10.032373
1329,9042,3,False,2,295,650,0,4657,10.005718
1330,9042,4,False,2,253,577,0,4380,10.010169
1331,9043,3,False,2,120,325,0,3977,10.006999
1332,9053,3,False,2,231,553,0,2590,10.009992
1333,9053,4,True,1,24,82,0,517,2.013228
1334,9054,3,False,2,286,674,0,3750,10.000346
1335,9056,3,False,2,283,679,0,3925,10.007446
1336,9057,3,False,2,200,472,0,2754,10.001197
1337,9059,4,True,1,30,88,0,467,1.391004
1338,9061,3,False,2,111,313,0,1479,10.021791
1339,9062,4,False,2,52,200,0,1298,10.044516
1340,9069,4,False,2,270,611,0,4010,10.009799
1341,9070,3,False,2,289,685,0,3801,10.017063
1342,9072,3,False,2,280,667,0,3849,10.020767
1343,9072,4,False,2,225,544,0,3249,10.140213
1344,9073,3,False,2,192,454,0,2675,10.004813
1345,9075,3,False,2,123,302,0,636,10.191045
1346,9076,3,False,2,93,315,0,1780,10.008479
1347,9080,4,False,2,95,279,0,1699,10.160004
1348,9081,3,False,2,136,344,0,2034,10.027425
1349,9081,4,False,2,121,299,0,1804,10.003738
1350,9085,3,False,2,110,329,0,1985,10.060155
1351,9086,3,False,2,113,301,0,688,10.018805
1352,9088,4,True,1,3,46,0,337,1.195115
1353,9089,3,False,2,114,307,0,746,10.005821
1354,9089,4,True,1,12,62,0,373,1.797877
1355,9091,4,False,2,121,309,0,628,10.059222
1356,9094,3,False,2,114,306,0,692,10.048868
1357,9095,4,True,1,3,41,0,280,1.12772
1358,9098,3,True,1,7,68,0,377,1.879501
1359,9100,3,False,2,117,306,0,495,10.028929
1360,9101,3,False,2,100,311,0,1953,10.002995
1361,9103,3,False,2,67,218,0,608,10.017401
1362,9105,4,True,1,12,62,0,363,1.898656
1363,9111,3,False,2,67,216,0,604,10.005898
1364,9113,4,False,2,126,303,0,591,10.014834
1365,9115,4,False,2,127,299,0,776,10.006546
1366,9116,4,False,2,124,317,0,636,10.020828
1367,9118,3,False,2,115,309,0,698,10.00572
1368,9118,4,True,1,3,48,0,363,1.27988
1369,9120,4,True,1,3,44,0,312,1.205884
1370,9122,3,True,1,7,68,0,377,1.882571
1371,9123,3,False,2,120,300,0,717,10.009292
1372,9124,3,False,2,112,297,0,486,10.004865
1373,9125,4,False,2,120,298,0,1904,10.073848
1374,9132,4,True,1,23,82,0,557,2.54313
1375,9134,4,True,1,17,76,0,656,2.298531
1376,9137,3,False,2,103,308,0,2037,10.010834
1377,9137,4,True,1,20,79,0,602,2.366032
1378,9141,4,False,2,117,293,0,1877,10.001414
1379,9146,3,False,2,101,304,0,1903,10.01449
1380,9146,4,False,2,119,293,0,2452,10.01632
1381,9154,3,False,2,100,297,0,1861,10.015598
1382,9154,4,False,2,121,302,0,2509,10.013317
1383,9156,4,False,2,111,295,0,2110,10.02177
1384,9160,3,False,2,117,297,0,1875,10.014977
1385,9160,4,False,2,95,279,0,1743,10.017099
1386,9164,4,False,2,104,294,0,1782,10.022156
1387,9166,4,False,2,120,295,0,639,10.015603
1388,9167,3,False,2,70,235,0,1282,10.119019
1389,9167,4,False,2,117,312,0,1850,10.062428
1390,9169,3,False,2,119,306,0,1780,10.008677
1391,9170,3,False,2,118,286,0,1766,10.008751
1392,9171,4,False,2,95,282,0,1669,10.088773
1393,9174,4,True,1,3,51,0,394,1.398307
1394,9183,3,False,2,108,300,0,1916,10.018879
1395,9184,3,False,2,44,177,0,1213,10.132673
1396,9186,3,False,2,103,305,0,1907,10.019262
1397,9196,3,False,2,210,538,0,3418,10.005384
1398,9198,3,True,1,0,13,0,54,0.145069
1399,9199,3,True,1,0,13,0,55,0.145104
1400,9201,3,True,1,0,9,0,29,0.104971
1401,9203,3,True,1,0,13,0,57,0.164232
1402,9207,3,True,1,99,224,0,474,3.35785
1403,9208,3,True,1,94,216,0,465,3.213558
1404,9211,4,True,1,0,22,0,107,0.230923
1405,9218,3,True,1,0,37,0,375,0.38986
1406,9222,3,True,1,74,161,0,235,2.454001
1407,9225,3,True,1,0,8,0,34,0.096813
1408,9228,4,True,1,0,4,0,6,0.05493
1409,9229,3,True,1,0,12,0,52,0.142327
1410,9234,4,True,1,0,4,0,6,0.053097
1411,9237,4,True,1,0,4,0,6,0.051332
1412,9241,3,True,1,0,12,0,52,0.139497
1413,9243,3,True,1,0,12,0,52,0.140777
1414,9246,3,True,1,0,12,0,52,0.141396
1415,9252,3,True,1,0,12,0,52,0.134603
1416,9255,4,True,1,0,4,0,6,0.051281
1417,9257,3,True,1,0,12,0,52,0.139154
1418,9258,3,True,1,0,5,0,19,0.067585
1419,9265,3,True,1,0,5,0,19,0.063572
1420,9267,4,True,1,0,4,0,6,0.052356
1421,9269,4,True,1,0,4,0,6,0.054347
1422,9271,3,True,1,0,5,0,19,0.06322
1423,9273,3,True,1,0,5,0,19,0.064402
1424,9273,4,True,1,0,4,0,6,0.052017
1425,9274,4,True,1,0,4,0,6,0.096426
1426,9280,4,True,1,0,4,0,6,0.120872
1427,9282,3,True,1,0,5,0,19,0.146577
1428,9285,3,True,1,0,5,0,19,0.144128
1429,9301,4,True,1,0,12,0,48,0.313008
1430,9304,3,True,1,0,25,0,124,0.609984
1431,9308,3,True,1,0,14,0,139,0.347993
1432,9311,3,True,1,0,12,0,45,0.303787
1433,9312,4,True,1,0,8,0,18,0.208493
1434,9317,4,True,1,0,8,0,21,0.160661
1435,9319,4,True,1,0,8,0,22,0.089273
1436,9321,4,False,2,205,491,0,1744,10.046252
1437,9324,4,False,2,206,471,0,1719,10.018732
1438,9326,3,False,2,250,583,0,1362,10.002014
1439,9328,3,True,1,0,22,0,155,0.243283
1440,9329,3,False,2,260,569,0,3407,10.007668
1441,9330,3,False,2,314,684,0,4669,10.00836
1442,9331,4,True,1,0,39,0,228,0.41524
1443,9332,3,False,2,305,673,0,4104,10.004734
1444,9334,4,True,1,0,67,0,536,0.715986
1445,9336,4,False,2,307,648,0,1826,10.009748
1446,9337,3,True,1,0,37,0,135,0.416382
1447,9339,3,True,1,0,23,0,132,0.273008
1448,9343,3,True,1,192,409,0,1458,6.27291
1449,9343,4,True,1,4,63,0,312,0.712147
1450,9344,4,False,2,285,675,0,514,10.006171
1451,9348,3,True,1,0,49,0,234,0.524683
1452,9351,3,True,1,0,26,0,213,0.281925
1453,9351,4,True,1,0,62,0,334,0.674698
1454,9357,3,True,1,0,27,0,221,0.303074
1455,9358,3,True,1,0,12,0,47,0.141625
1456,9360,4,True,1,0,33,0,155,0.364028
1457,9362,4,True,1,0,24,0,91,0.262658
1458,9365,4,False,2,285,666,0,874,10.015211
1459,9368,3,True,1,100,229,0,751,3.3884
1460,9369,4,True,1,0,64,0,603,0.667952
1461,9370,3,True,1,0,25,0,208,0.267763
1462,9373,4,True,1,0,35,0,172,0.37704
1463,9374,3,True,1,0,40,0,259,0.435087
1464,9377,3,True,1,0,23,0,235,0.267041
1465,9378,4,True,1,0,25,0,223,0.270681
1466,9379,3,True,1,0,34,0,187,0.368992
1467,9386,4,True,1,0,18,0,76,0.209239
1468,9387,4,True,1,0,18,0,81,0.203393
1469,9389,3,True,1,0,26,0,108,0.29042
1470,9391,3,True,1,0,19,0,88,0.218066
1471,9391,4,True,1,0,30,0,141,0.352904
1472,9392,3,False,2,305,692,0,2528,10.000315
1473,9392,4,True,1,89,208,0,1067,3.007541
1474,9398,3,False,2,227,537,0,1370,10.081998
1475,9400,4,False,2,291,667,0,1499,10.00053
1476,9404,3,False,2,295,675,0,1722,10.003565
1477,9405,4,False,2,279,627,0,2041,10.018609
1478,9406,4,False,2,241,514,0,1497,10.002166
1479,9408,4,False,2,291,663,0,1492,10.001225
1480,9411,3,False,2,193,471,0,912,10.002805
1481,9416,3,False,2,98,303,0,812,10.003158
1482,9417,4,False,2,254,577,0,1134,10.009541
1483,9419,4,False,2,282,619,0,1253,10.00727
1484,9421,3,False,2,302,676,0,2930,10.004111
1485,9422,3,False,2,228,538,0,1370,10.045192
1486,9426,3,False,2,297,679,0,3052,10.005893
1487,9427,4,False,2,301,674,0,1352,10.00855
1488,9428,3,False,2,295,687,0,1734,10.00781
1489,9428,4,False,2,311,681,0,1753,10.099931
1490,9431,3,False,2,304,681,0,2552,10.152587
1491,9432,3,False,2,241,574,0,1274,10.003479
1492,9433,3,False,2,276,619,0,2282,10.026079
1493,9441,4,False,2,323,680,0,1334,10.13881
1494,9444,3,False,2,295,684,0,1730,10.007038
1495,9446,3,False,2,227,536,0,1370,10.027786
1496,9447,3,False,2,234,541,0,2040,10.320592
1497,9447,4,False,2,270,635,0,2465,10.006872
1498,9452,4,False,2,311,681,0,1752,10.101737
1499,9455,3,False,2,286,668,0,2513,10.008955
1500,9457,4,False,2,309,677,0,2353,10.007604
1501,9461,4,False,2,227,531,0,2704,10.01812
1502,9462,4,False,2,171,418,0,2127,10.006933
1503,9463,4,False,2,235,544,0,1903,10.033175
1504,9464,4,False,2,214,507,0,1795,10.014988
1505,9467,4,True,1,0,38,0,292,0.955527
1506,9468,4,True,1,0,40,0,234,1.037225
1507,9473,3,False,2,88,256,0,2021,10.139394
1508,9475,3,False,2,154,346,0,2224,10.008467
1509,9476,3,False,2,123,329,0,2609,10.097157
1510,9477,4,True,1,0,20,0,168,0.477118
1511,9479,3,True,1,10,60,0,436,1.032871
1512,9481,3,False,2,187,460,0,3486,10.073437
1513,9489,4,True,1,0,21,0,171,0.54344
1514,9490,3,True,1,0,34,0,215,0.822834
1515,9494,3,True,1,0,34,0,216,0.58854
1516,9495,3,True,1,10,60,0,432,1.185818
1517,9497,3,False,2,187,466,0,3558,10.009355
1518,9498,4,True,1,0,20,0,167,0.442092
1519,9499,3,False,2,236,517,0,3365,10.00676
1520,9500,3,False,2,127,339,0,2659,10.154486
1521,9501,4,True,1,0,20,0,167,0.377004
1522,9504,4,True,1,0,20,0,167,0.459002
1523,9505,3,False,2,233,562,0,4255,10.011452
1524,9506,3,True,1,0,34,0,215,0.644708
1525,9506,4,True,1,0,20,0,169,0.512985
1526,9512,3,True,1,10,60,0,432,0.821021
1527,9513,3,False,2,240,576,0,4343,10.040343
1528,9514,3,True,1,0,34,0,215,0.367032
1529,9515,3,False,2,296,634,0,4117,10.006609
1530,9516,3,False,2,160,404,0,3140,10.016689
1531,9518,3,True,1,0,34,0,216,0.361982
1532,9518,4,True,1,0,20,0,168,0.217082
1533,9519,3,True,1,10,60,0,432,0.717126
1534,9519,4,True,1,0,20,0,168,0.209838
1535,9520,3,True,1,10,60,0,432,0.712874
1536,9520,4,True,1,0,20,0,168,0.210085
1537,9522,3,True,1,0,34,0,219,0.356068
1538,9524,3,False,2,171,428,0,3324,10.012668
1539,9527,3,True,1,10,60,0,436,0.727197
1540,9527,4,True,1,0,19,0,162,0.201757
1541,9532,4,True,1,0,21,0,183,0.224945
1542,9534,4,True,1,0,21,0,183,0.221254
1543,9539,4,True,1,0,21,0,179,0.218675
1544,9540,3,False,2,175,436,0,3381,10.003367
1545,9541,3,False,2,175,435,0,3320,10.055145
1546,9545,3,False,2,304,703,0,5278,10.021347
1547,9546,3,True,1,0,34,0,215,0.365005
1548,9546,4,True,1,0,21,0,181,0.217343
1549,9548,3,False,2,175,439,0,3434,10.008871
1550,9560,3,True,1,10,60,0,432,1.311072
1551,9560,4,True,1,0,21,0,180,0.221714
1552,9561,4,False,2,237,537,0,2204,10.013811
1553,9562,3,False,2,302,677,0,2464,10.039379
1554,9569,3,False,2,305,719,0,2121,10.002504
1555,9571,4,False,2,327,724,0,1398,10.005715
1556,9574,3,False,2,239,560,0,716,10.040156
1557,9580,3,False,2,131,342,0,547,10.005334
1558,9581,4,False,2,142,333,0,1133,10.075217
1559,9582,3,False,2,133,346,0,565,10.039009
1560,9582,4,False,2,133,333,0,509,10.007401
1561,9588,4,False,2,158,351,0,519,10.174593
1562,9592,3,False,2,158,386,0,501,10.003012
1563,9593,3,False,2,132,365,0,1041,10.009962
1564,9598,4,False,2,155,378,0,539,10.029315
1565,9599,3,False,2,149,374,0,543,10.062207
1566,9600,4,False,2,158,356,0,439,10.053811
1567,9601,4,False,2,171,406,0,1690,10.011401
1568,9602,4,False,2,175,411,0,1535,10.019836
1569,9605,3,False,2,265,606,0,1939,10.013526
1570,9611,3,False,2,185,449,0,608,10.012626
1571,9613,4,False,2,254,564,0,1817,10.005488
1572,9614,4,False,2,361,789,0,832,10.017952
1573,9621,4,False,2,356,788,0,2401,10.032397
1574,9624,3,False,2,355,789,0,754,10.012403
1575,9625,4,False,2,354,786,0,2659,10.002998
1576,9626,4,False,2,361,792,0,2673,10.002386
1577,9627,4,False,2,361,799,0,2707,10.000385
1578,9634,3,True,1,0,22,0,204,0.204634
1579,9637,4,False,2,164,416,0,3215,10.012283
1580,9638,3,True,1,0,22,0,204,0.409549
1581,9640,4,True,1,10,60,0,452,1.261074
1582,9641,4,True,1,0,8,0,23,0.158808
1583,9644,3,True,1,0,36,0,260,0.662502
1584,9645,3,True,1,0,15,0,75,0.286635
1585,9646,3,True,1,0,37,0,271,0.674227
1586,9651,3,True,1,0,96,0,615,1.847111
1587,9652,3,True,1,0,15,0,75,0.277128
1588,9652,4,True,1,0,8,0,23,0.15575
1589,9654,3,True,1,0,26,0,112,0.48167
1590,9655,4,True,1,0,49,0,247,0.90177
1591,9657,3,True,1,0,18,0,92,0.332471
1592,9659,3,True,1,1,35,0,143,0.685612
1593,9663,4,True,1,0,8,0,23,0.159276
1594,9665,4,True,1,0,23,0,218,0.421334
1595,9668,3,True,1,0,38,0,233,0.693372
1596,9672,3,True,1,0,41,0,307,0.742806
1597,9672,4,True,1,0,27,0,257,0.431921
1598,9674,3,False,2,357,753,0,3278,10.007358
1599,9674,4,True,1,0,26,0,240,0.240907
1600,9676,3,False,2,356,748,0,3014,10.012595
1601,9676,4,True,1,0,25,0,225,0.230644
1602,9680,3,True,1,0,37,0,252,0.344762
1603,9685,3,True,1,0,10,0,40,0.096509
1604,9686,3,True,1,0,11,0,40,0.107593
1605,9686,4,True,1,0,8,0,22,0.078953
1606,9688,3,True,1,0,9,0,29,0.087777
1607,9688,4,True,1,0,11,0,42,0.106337
1608,9691,4,True,1,0,11,0,38,0.108265
1609,9693,4,True,1,0,11,0,40,0.109572
1610,9694,4,True,1,0,11,0,40,0.106383
1611,9695,3,True,1,0,9,0,25,0.089246
1612,9698,4,True,1,0,9,0,35,0.103334
1613,9699,3,True,1,0,11,0,50,0.108526
1614,9700,3,True,1,0,12,0,48,0.120174
1615,9701,4,True,1,0,11,0,41,0.113078
1616,9708,4,True,1,0,23,0,118,0.217603
1617,9720,3,True,1,0,22,0,118,0.206696
1618,9721,3,True,1,0,22,0,111,0.210257
1619,9722,3,True,1,0,22,0,121,0.20959
1620,9723,4,True,1,0,22,0,110,0.212431
1621,9724,3,True,1,0,22,0,105,0.205329
1622,9724,4,True,1,0,22,0,105,0.205803
1623,9725,4,True,1,0,22,0,115,0.206414
1624,9761,3,True,1,0,78,0,575,0.774221
1625,9768,3,True,1,0,9,0,41,0.090137
1626,9769,3,True,1,0,9,0,42,0.089816
1627,9770,3,True,1,1,17,0,72,0.17266
1628,9784,3,True,1,2,28,0,232,0.278557
1629,9797,4,True,1,0,27,0,191,0.252666
1630,9800,4,True,1,0,22,0,135,0.208102
1631,9801,3,False,2,363,765,0,4079,10.023709
1632,9802,3,False,2,358,758,0,4506,10.000019
1633,9804,4,False,2,362,756,0,4180,10.128363
1634,9805,3,False,2,326,786,0,4501,10.036201
1635,9805,4,True,1,0,28,0,284,0.501705
1636,9806,3,True,1,0,27,0,249,0.252848
1637,9811,3,True,1,0,18,0,96,0.175671
1638,9813,3,True,1,3,27,0,131,0.31082
1639,9816,4,True,1,0,21,0,137,0.196371
1640,9817,4,True,1,0,20,0,127,0.2715
1641,9819,3,True,1,0,20,0,127,0.190061
1642,9824,4,True,1,0,25,0,195,0.241238
1643,9825,4,True,1,0,24,0,161,0.22764
1644,9826,4,True,1,1,20,0,96,0.202195
1645,9829,3,False,2,354,726,0,2919,10.000542
1646,9830,4,False,2,337,796,0,439,10.013326
1647,9833,4,True,1,207,444,0,1328,5.826477
1648,9834,4,True,1,0,26,0,231,0.242475
1649,9837,3,True,1,0,14,0,79,0.135074
1650,9842,4,True,1,0,10,0,38,0.100072
1651,9847,4,False,2,331,788,0,4416,10.007759
1652,9851,3,False,2,191,490,0,8439,10.036372
1653,9854,3,False,2,146,373,0,3834,10.006537
1654,9856,4,False,2,356,765,0,9180,10.023586
1655,9861,4,False,2,348,764,0,7492,10.000114
1656,9862,3,False,2,350,763,0,7340,10.020225
1657,9864,4,False,2,351,769,0,7024,10.017706
1658,9865,4,False,2,356,763,0,6922,10.003825
1659,9869,3,True,1,0,29,0,291,0.271047
1660,9870,4,False,2,351,756,0,5878,10.011884
1661,9871,3,True,1,0,29,0,291,0.272412
1662,9872,3,True,1,0,29,0,291,0.271917
1663,9874,4,True,1,0,25,0,213,0.237284
1664,9875,4,True,1,0,23,0,198,0.217433
1665,9876,4,False,2,352,735,0,3910,10.007128
1666,9878,4,True,1,0,67,0,257,0.622585
1667,9880,4,True,1,48,122,0,381,1.565699
1668,9884,4,True,1,0,7,0,15,0.070993
1669,9887,4,False,2,357,733,0,2994,10.015406
1670,9888,3,False,2,244,595,0,10458,10.016687
1671,9895,4,False,2,352,773,0,5022,10.009093
1672,9896,3,False,2,344,784,0,4330,10.026082
1673,9897,3,False,2,202,501,0,2776,10.046627
1674,9898,3,False,2,334,779,0,4492,10.011106
1675,9899,3,False,2,353,779,0,4543,10.003858
1676,9905,3,False,2,196,478,0,857,10.003944
1677,9909,4,False,2,343,753,0,1446,10.007505
1678,9911,3,False,2,359,793,0,8252,10.007841
1679,9915,4,False,2,362,789,0,6143,10.001622
1680,9918,4,False,2,361,794,0,5466,10.01136
1681,9921,3,False,2,365,810,0,4744,10.020015
1682,9922,4,False,2,376,811,0,6483,10.006868
1683,9923,4,False,2,372,799,0,6169,10.033484
1684,9926,4,False,2,376,814,0,5518,10.046593
1685,9929,3,False,2,387,860,0,5029,10.002872
1686,9931,4,False,2,394,852,0,6621,10.00783
1687,9935,3,False,2,386,849,0,8821,10.007087
1688,9938,3,False,2,168,428,0,2635,10.024327
1689,9938,4,False,2,390,838,0,6639,10.000332
1690,9940,3,False,2,348,795,0,4696,10.013234
1691,9942,4,False,2,383,841,0,5789,10.011373
1692,9952,4,True,1,17,78,0,704,0.775012
1693,9956,4,True,1,21,82,0,634,0.840133
1694,9958,3,False,2,386,888,0,5397,10.000496
1695,9960,4,True,1,17,72,0,586,0.69815
1696,9961,3,False,2,399,883,0,5166,10.000203
1697,9970,3,False,2,170,430,0,2635,10.042133
1698,9970,4,True,1,8,55,0,502,0.487292
1699,9973,4,True,1,9,56,0,481,0.502266
1700,9975,4,False,2,405,903,0,4237,10.000632
1701,9978,3,False,2,364,834,0,4908,10.004845
1702,9979,3,False,2,174,450,0,2643,10.038009
1703,9984,3,True,1,3,51,0,400,0.42342
1704,9985,3,True,1,3,41,0,267,0.343715
1705,9985,4,False,2,230,545,0,936,10.009152
1706,9986,3,True,1,3,47,0,341,0.389591
1707,9987,3,True,1,12,63,0,375,0.579077
1708,9988,4,True,1,7,68,0,397,0.587033
1709,9991,3,True,1,0,9,0,29,0.073419
1710,9992,3,True,1,0,9,0,30,0.073697
1711,9993,4,True,1,99,224,0,478,2.523812
1712,9994,3,True,1,94,216,0,465,2.426399
1713,9997,3,True,1,5,35,0,159,0.316979
1714,10007,4,True,1,10,34,0,177,0.351579
1715,10008,3,True,1,22,63,0,198,0.679591
1716,10016,3,True,1,0,8,0,29,0.067527
1717,10017,4,True,1,0,10,0,52,0.081815
1718,10026,3,True,1,0,33,0,287,0.260023
1719,10031,4,True,1,0,12,0,49,0.096988
1720,10039,3,True,1,0,8,0,18,0.065776
1721,10039,4,True,1,0,12,0,38,0.096901
1722,10042,3,True,1,0,25,0,124,0.19672
1723,10045,4,False,2,416,908,0,2085,10.022565
1724,10048,4,False,2,417,884,0,1012,10.072951
1725,10050,3,False,2,405,885,0,1386,10.001909
1726,10063,3,False,2,409,897,0,2808,10.003734
1727,10064,3,False,2,403,837,0,2309,10.008714
1728,10066,3,True,1,348,725,0,2104,8.210237
1729,10067,3,True,1,0,50,0,113,0.389696
1730,10067,4,True,1,0,37,0,135,0.290958
1731,10069,3,True,1,0,56,0,148,0.436438
1732,10071,4,True,1,0,56,0,152,0.439221
1733,10072,3,True,1,0,37,0,291,0.296873
1734,10075,3,True,1,0,53,0,365,0.425425
1735,10076,3,True,1,311,665,0,2195,7.549385
1736,10079,3,True,1,26,91,0,429,0.909868
1737,10079,4,True,1,0,20,0,139,0.160371
1738,10086,3,True,1,0,39,0,241,0.320112
1739,10089,3,True,1,0,39,0,241,0.31956
1740,10091,3,True,1,0,39,0,241,0.326097
1741,10094,3,True,1,0,39,0,241,0.312106
1742,10095,3,True,1,0,39,0,241,0.309626
1743,10096,3,True,1,0,39,0,241,0.311195
1744,10097,4,False,2,408,862,0,1818,10.013374
1745,10099,4,True,1,0,20,0,139,0.157385
1746,10100,3,True,1,0,39,0,241,0.309141
1747,10101,3,True,1,26,91,0,429,0.896494
1748,10101,4,True,1,0,20,0,139,0.156289
1749,10102,3,True,1,0,39,0,241,0.307456
1750,10103,3,True,1,26,91,0,429,1.119884
1751,10104,3,True,1,0,39,0,241,0.352799
1752,10104,4,True,1,0,20,0,137,0.182344
1753,10105,4,True,1,0,20,0,139,0.183984
1754,10108,3,True,1,90,228,0,778,2.781405
1755,10111,4,True,1,0,42,0,298,0.380593
1756,10118,3,True,1,103,240,0,1789,2.998898
1757,10121,4,True,1,0,18,0,86,0.164353
1758,10125,4,True,1,0,39,0,209,0.353024
1759,10129,4,False,2,366,755,0,2601,10.004413
1760,10131,3,True,1,0,24,0,140,0.215299
1761,10132,4,True,1,0,25,0,156,0.223761
1762,10135,3,True,1,0,49,0,270,0.443566
1763,10136,3,True,1,0,55,0,308,0.498252
1764,10137,3,True,1,297,635,0,2981,7.971428
1765,10149,3,True,1,0,19,0,105,0.170812
1766,10149,4,True,1,0,21,0,109,0.188045
1767,10151,4,False,2,380,790,0,3200,10.003547
1768,10154,3,True,1,0,23,0,107,0.206091
1769,10159,3,False,2,372,798,0,1087,10.001963
1770,10160,3,False,2,384,804,0,1135,10.002666
1771,10161,4,False,2,384,832,0,1667,10.100757
1772,10163,3,True,1,264,564,0,1637,6.966588
1773,10169,3,True,1,0,34,0,180,0.304556
1774,10171,3,False,2,376,806,0,1862,10.015631
1775,10174,4,True,1,0,18,0,80,0.177495
1776,10177,3,True,1,0,19,0,179,0.171578
1777,10178,3,True,1,0,24,0,136,0.217118
1778,10180,3,True,1,0,32,0,138,0.290805
1779,10181,3,True,1,16,61,0,245,0.68549
1780,10185,4,True,1,0,34,0,171,0.30859
1781,10188,4,False,2,357,803,0,1631,10.007206
1782,10190,3,False,2,356,805,0,3403,10.006153
1783,10191,3,False,2,239,560,0,1422,10.04341
1784,10192,4,False,2,360,795,0,3076,10.00473
1785,10194,3,False,2,368,800,0,2908,10.0456
1786,10195,3,False,2,375,823,0,3688,10.007346
1787,10196,3,False,2,373,822,0,1659,10.001544
1788,10196,4,False,2,373,816,0,1669,10.004351
1789,10197,3,False,2,367,836,0,2065,10.001097
1790,10201,3,False,2,287,651,0,1424,10.093538
1791,10204,3,False,2,373,842,0,1675,10.000118
1792,10208,4,False,2,390,826,0,1581,10.00529
1793,10210,3,False,2,378,829,0,3029,10.009103
1794,10214,4,False,2,382,816,0,2409,10.009428
1795,10218,4,False,2,383,805,0,1634,10.002253
1796,10220,3,False,2,373,840,0,1673,10.001406
1797,10223,4,False,2,393,817,0,2345,10.012668
1798,10224,3,False,2,372,837,0,3095,10.007287
1799,10225,3,False,2,287,651,0,1420,10.111694
1800,10228,4,False,2,354,778,0,1594,10.007332
1801,10232,3,False,2,361,794,0,2922,10.153102
1802,10233,3,False,2,265,607,0,1356,10.002572
1803,10236,3,False,2,354,782,0,1582,10.006436
1804,10238,3,False,2,356,783,0,3314,10.076467
1805,10239,3,False,2,238,559,0,1418,10.014123
1806,10241,4,False,2,364,824,0,1836,10.007748
1807,10242,3,False,2,369,809,0,2952,10.005291
1808,10243,4,False,2,377,815,0,3071,10.013387
1809,10245,3,False,2,367,837,0,2064,10.031288
1810,10245,4,False,2,383,831,0,2107,10.055337
1811,10246,3,False,2,374,824,0,3462,10.005622
1812,10247,4,False,2,387,808,0,2329,10.006289
1813,10252,4,False,2,373,828,0,1677,10.004108
1814,10256,4,False,2,369,830,0,3194,10.00202
1815,10257,3,False,2,272,650,0,1420,10.077156
1816,10257,4,False,2,381,828,0,1840,10.046921
1817,10259,4,False,2,378,820,0,3087,10.007632
1818,10262,4,False,2,384,824,0,2426,10.007685
1819,10263,4,False,2,399,824,0,2357,10.008174
1820,10264,4,False,2,390,855,0,3289,10.002103
1821,10265,4,False,2,403,871,0,1915,10.005714
1822,10267,3,True,1,0,34,0,219,0.276182
1823,10271,3,True,1,0,34,0,220,0.277964
1824,10271,4,True,1,0,20,0,172,0.161582
1825,10275,4,True,1,0,21,0,188,0.235958
1826,10278,4,True,1,0,21,0,188,0.200918
1827,10279,3,True,1,0,34,0,220,0.310579
1828,10280,3,True,1,10,60,0,436,0.628732
1829,10282,4,False,2,368,794,0,3283,10.011046
1830,10286,3,False,2,370,817,0,2504,10.002979
1831,10287,3,False,2,374,833,0,915,10.001419
1832,10291,3,False,2,373,820,0,2964,10.023819
1833,10294,4,False,2,379,815,0,2501,10.04221
1834,10296,4,False,2,390,847,0,863,10.007313
1835,10300,4,False,2,385,840,0,1795,10.006201
1836,10303,4,False,2,388,845,0,886,10.000314
1837,10312,4,False,2,392,848,0,835,10.005907
1838,10315,3,False,2,389,855,0,3079,10.000787
1839,10318,4,False,2,399,839,0,2574,10.006496
1840,10320,3,False,2,393,866,0,897,10.014355
1841,10321,3,False,2,389,849,0,789,10.008208
1842,10321,4,False,2,399,842,0,740,10.002368
1843,10322,4,False,2,393,845,0,3423,10.000576
1844,10323,4,False,2,396,856,0,3071,10.003971
1845,10324,3,False,2,375,840,0,966,10.003668
1846,10329,4,False,2,399,842,0,742,10.026811
1847,10333,4,False,2,396,849,0,972,10.002698
1848,10334,4,False,2,404,856,0,2627,10.006927
1849,10343,3,False,2,394,870,0,941,10.001849
1850,10344,3,False,2,371,823,0,866,10.002153
1851,10347,3,False,2,375,827,0,2985,10.005115
1852,10356,4,False,2,382,828,0,1743,10.001554
1853,10357,3,False,2,373,827,0,986,10.004952
1854,10361,4,False,2,374,816,0,738,10.001397
1855,10362,3,True,1,0,6,0,10,0.061015
1856,10365,4,True,1,0,15,0,84,0.139053
1857,10370,3,True,1,0,6,0,10,0.058994
1858,10371,4,True,1,0,15,0,84,0.135682
1859,10373,3,True,1,0,6,0,10,0.058508
1860,10375,3,True,1,0,6,0,10,0.058697
1861,10377,3,True,1,0,6,0,10,0.058417
1862,10378,3,True,1,0,21,0,193,0.188073
1863,10379,3,True,1,0,20,0,178,0.180148
1864,10379,4,True,1,0,50,0,329,0.449296
1865,10381,3,True,1,0,4,0,8,0.040862
1866,10384,3,True,1,0,6,0,10,0.058739
1867,10389,4,True,1,0,15,0,86,0.136106
1868,10392,4,True,1,0,15,0,84,0.137013
1869,10394,4,True,1,0,15,0,83,0.136626
1870,10395,3,True,1,0,6,0,10,0.060815
1871,10395,4,True,1,0,15,0,84,0.136998
1872,10399,4,True,1,0,37,0,287,0.333773
1873,10405,4,True,1,0,15,0,88,0.136666
1874,10411,4,True,1,0,15,0,86,0.136441
1875,10414,3,True,1,0,6,0,10,0.066183
1876,10415,4,True,1,0,15,0,86,0.149916
1877,10416,3,True,1,0,6,0,10,0.093479
1878,10417,3,True,1,0,6,0,10,0.126949
1879,10421,3,True,1,0,96,0,647,1.887182
1880,10422,4,True,1,5,51,0,239,1.043113
1881,10425,3,True,1,0,6,0,10,0.133978
1882,10429,3,True,1,0,6,0,10,0.126638
1883,10432,3,True,1,0,6,0,10,0.131463
1884,10432,4,True,1,0,15,0,89,0.308819
1885,10436,3,True,1,0,6,0,10,0.128169
1886,10446,3,True,1,0,6,0,10,0.134932
1887,10446,4,True,1,0,15,0,85,0.330022
1888,10447,4,True,1,0,15,0,84,0.311424
1889,10452,3,True,1,0,6,0,10,0.118714
1890,10454,4,True,1,0,15,0,86,0.147168
1891,10456,3,True,1,0,6,0,10,0.064614
1892,10463,3,True,1,0,6,0,10,0.064759
1893,10465,3,True,1,0,6,0,10,0.092511
1894,10466,4,True,1,0,15,0,83,0.148068
1895,10467,3,True,1,0,6,0,10,0.063696
1896,10470,4,True,1,0,15,0,89,0.145651
1897,10473,4,True,1,0,15,0,83,0.159761
1898,10479,3,False,2,206,551,0,988,10.007035
1899,10479,4,True,1,1,20,0,95,0.195299
1900,10487,3,True,1,0,6,0,10,0.06222
1901,10487,4,True,1,0,15,0,86,0.141451
1902,10488,3,True,1,0,6,0,10,0.061895
1903,10488,4,True,1,0,15,0,81,0.146857
1904,10490,4,True,1,0,15,0,84,0.142361
1905,10491,3,True,1,0,6,0,10,0.062635
1906,10494,4,True,1,0,15,0,81,0.142586
1907,10495,3,True,1,0,6,0,10,0.061433
1908,10495,4,True,1,0,15,0,85,0.143221
1909,10498,4,False,2,359,767,0,852,10.00569
1910,10505,4,True,1,0,15,0,83,0.143414
1911,10509,3,True,1,0,6,0,10,0.061995
1912,10516,4,True,1,0,15,0,84,0.142851
1913,10518,3,True,1,0,6,0,10,0.060205
1914,10519,3,True,1,0,6,0,10,0.061417
1915,10520,3,True,1,0,27,0,215,0.249391
1916,10524,3,True,1,0,8,0,24,0.079787
1917,10526,3,True,1,0,11,0,42,0.107321
1918,10527,4,True,1,0,9,0,31,0.088099
1919,10528,4,True,1,0,8,0,23,0.080372
1920,10534,3,True,1,0,11,0,39,0.108036
1921,10539,4,True,1,0,8,0,32,0.078499
1922,10540,4,True,1,0,22,0,98,0.20669
1923,10541,3,True,1,0,21,0,99,0.198032
1924,10542,3,True,1,0,22,0,100,0.204229
1925,10547,4,True,1,1,26,0,119,0.2477
1926,10548,4,True,1,0,23,0,112,0.212039
1927,10552,4,True,1,1,26,0,117,0.246851
1928,10555,3,True,1,1,26,0,121,0.247312
1929,10560,3,True,1,0,20,0,113,0.188718
1930,10564,3,True,1,0,20,0,105,0.189745
1931,10565,4,True,1,0,22,0,109,0.207052
1932,10575,3,True,1,0,63,0,420,0.642947
1933,10578,3,True,1,0,22,0,163,0.284578
1934,10587,4,True,1,0,48,0,373,0.790922
1935,10593,4,True,1,0,33,0,216,0.387981
1936,10602,4,True,1,0,33,0,240,0.546975
1937,10605,4,True,1,0,26,0,230,0.457719
1938,10608,4,True,1,0,38,0,300,0.538523
1939,10611,3,True,1,0,23,0,166,0.623491
1940,10614,3,True,1,0,18,0,140,0.479007
1941,10614,4,True,1,0,18,0,141,0.474144
1942,10619,3,True,1,0,6,0,7,0.172459
1943,10622,4,True,1,0,8,0,27,0.23138
1944,10624,3,True,1,4,26,0,98,0.800624
1945,10625,4,True,1,0,10,0,45,0.26655
1946,10628,4,True,1,0,7,0,21,0.1906
1947,10631,3,True,1,0,8,0,25,0.223763
1948,10649,4,True,1,0,20,0,119,0.497982
1949,10652,4,False,2,101,327,0,1950,10.015838
1950,10654,4,False,2,136,287,0,1350,10.001792
1951,10656,4,False,2,86,313,0,1784,10.002925
1952,10659,4,True,1,0,39,0,262,1.045464
1953,10660,4,True,1,0,15,0,84,0.400932
1954,10663,4,False,2,97,314,0,1575,10.014414
1955,10664,3,True,1,0,29,0,290,0.721429
1956,10666,4,False,2,97,323,0,1640,10.013041
1957,10669,3,True,1,0,14,0,51,0.352152
1958,10671,3,False,2,55,191,0,2268,10.084095
1959,10675,4,False,2,133,332,0,1872,10.001225
1960,10676,3,False,2,120,310,0,3573,10.005849
1961,10678,3,False,2,124,311,0,3115,10.034951
1962,10679,3,False,2,123,312,0,3062,10.021594
1963,10680,4,False,2,79,270,0,1109,10.01777
1964,10681,3,False,2,123,307,0,2928,10.055811
1965,10681,4,False,2,121,313,0,1701,10.020457
1966,10682,3,False,2,121,301,0,2797,10.072423
1967,10682,4,False,2,121,311,0,1661,10.050984
1968,10683,3,False,2,117,300,0,2555,10.003732
1969,10683,4,False,2,112,311,0,1664,10.000682
1970,10687,3,True,1,0,27,0,287,0.650428
1971,10688,3,True,1,0,27,0,287,0.649565
1972,10695,4,True,1,0,11,0,55,0.28516
1973,10696,3,False,2,128,295,0,1670,10.005493
1974,10699,4,True,1,0,14,0,62,0.367556
1975,10702,4,False,2,207,498,0,1031,10.03648
1976,10706,3,True,1,0,29,0,290,0.323399
1977,10706,4,False,2,273,637,0,1896,10.016484
1978,10707,3,True,1,0,32,0,309,0.34323
1979,10714,3,False,2,301,678,0,8469,10.005334
1980,10715,4,False,2,284,616,0,1481,10.051834
1981,10719,3,False,2,265,589,0,5797,10.0074
1982,10720,3,False,2,178,416,0,4091,10.000551
1983,10722,3,False,2,264,592,0,5623,10.005378
1984,10730,4,False,2,277,636,0,1296,10.010206
1985,10732,4,True,1,0,27,0,240,0.287252
1986,10734,4,True,1,0,22,0,111,0.268851
1987,10735,3,True,1,0,20,0,103,0.217449
1988,10735,4,False,2,249,523,0,1761,10.019178
1989,10737,3,True,1,0,34,0,206,0.855283
1990,10737,4,True,1,0,17,0,98,0.424469
1991,10740,3,True,1,0,9,0,26,0.254735
1992,10740,4,True,1,3,48,0,318,0.871433
1993,10741,3,False,2,287,608,0,1595,10.009987
1994,10743,3,True,1,0,17,0,100,0.192518
1995,10743,4,True,1,0,24,0,144,0.261988
1996,10746,4,True,1,0,21,0,141,0.233729
1997,10747,3,True,1,0,26,0,177,0.464358
1998,10747,4,True,1,0,11,0,53,0.281967
1999,10753,3,True,1,0,30,0,188,0.781057
2000,10753,4,True,1,0,15,0,78,0.37103
2001,10755,4,True,1,1,20,0,99,0.533913
2002,10759,3,True,1,67,158,0,713,5.31966
2003,10759,4,True,1,3,30,0,158,0.825148
2004,10764,3,True,1,0,6,0,17,0.17261
2005,10764,4,True,1,0,35,0,301,0.878363
2006,10766,3,False,2,117,307,0,3184,10.001182
2007,10768,3,False,2,117,320,0,2018,10.004558
2008,10768,4,False,2,123,312,0,2835,10.019708
2009,10769,4,False,2,124,311,0,2738,10.026727
2010,10782,3,False,2,121,311,0,2037,10.020282
2011,10788,4,False,2,127,298,0,3331,10.018245
2012,10793,4,False,2,143,319,0,669,10.439248
2013,10798,4,True,1,0,26,0,286,0.625947
2014,10800,3,False,2,112,323,0,722,10.010266
2015,10801,3,False,2,127,319,0,874,10.015409
2016,10809,3,True,1,8,74,0,385,1.969986
2017,10811,4,False,2,135,325,0,1203,10.364715
2018,10812,4,False,2,118,316,0,679,10.021947
2019,10814,3,True,1,0,10,0,39,0.252719
2020,10817,3,True,1,0,9,0,36,0.233918
2021,10818,3,True,1,6,61,0,264,1.652741
2022,10819,4,False,2,127,307,0,574,10.006403
2023,10822,4,False,2,127,310,0,579,10.015981
2024,10823,4,True,1,94,216,0,468,7.168377
2025,10825,3,True,1,94,216,0,470,7.087821
2026,10826,3,True,1,2,36,0,205,0.879561
2027,10827,4,True,1,43,110,0,343,3.430157
2028,10828,4,True,1,0,22,0,133,0.523317
2029,10829,3,True,1,4,33,0,154,0.853527
2030,10842,4,True,1,19,52,0,188,1.590185
2031,10860,4,False,2,141,299,0,1171,10.017548
2032,10861,3,False,2,139,318,0,648,10.021859
2033,10863,3,False,2,143,311,0,562,10.344595
2034,10867,3,True,1,0,7,0,35,0.183804
2035,10867,4,False,2,135,317,0,1035,10.005621
2036,10868,3,True,1,0,7,0,53,0.190667
2037,10869,4,False,2,137,314,0,547,10.155012
2038,10870,4,True,1,0,56,0,371,1.409439
2039,10875,4,True,1,1,54,0,89,1.317872
2040,10876,4,True,1,0,57,0,180,1.346051
2041,10877,4,True,1,0,55,0,135,1.297373
2042,10878,3,True,1,0,23,0,196,0.55641
2043,10879,3,True,1,0,4,0,9,0.10907
2044,10880,3,False,2,123,332,0,1280,10.009443
2045,10881,4,True,1,0,33,0,171,0.784637
2046,10882,3,False,2,135,308,0,1027,10.040964
2047,10883,3,True,1,42,114,0,677,3.738374
2048,10884,3,True,1,0,27,0,249,0.653275
2049,10884,4,True,1,0,37,0,261,0.909354
2050,10887,3,True,1,0,9,0,27,0.247678
2051,10889,3,True,1,0,30,0,209,0.734968
2052,10890,4,True,1,0,21,0,143,0.524055
2053,10896,4,False,2,118,318,0,1268,10.012819
2054,10898,3,False,2,133,306,0,2445,10.003156
2055,10899,3,False,2,125,319,0,1140,10.015073
2056,10900,3,True,1,0,29,0,304,0.699585
2057,10901,4,False,2,117,311,0,1196,10.005457
2058,10903,3,True,1,0,37,0,237,0.875759
2059,10903,4,True,1,28,108,0,528,3.377851
2060,10904,4,True,1,0,102,0,1049,2.577709
2061,10905,3,True,1,1,66,0,756,1.562778
2062,10905,4,False,2,120,318,0,2778,10.018704
2063,10908,4,False,2,115,313,0,1949,10.011627
2064,10912,3,True,1,8,74,0,633,1.8695
2065,10912,4,False,2,123,322,0,1733,10.003775
2066,10913,3,True,1,9,75,0,587,1.912128
2067,10914,3,True,1,10,76,0,582,1.876235
2068,10916,4,False,2,120,324,0,1546,10.02181
2069,10918,4,False,2,117,316,0,1429,10.00409
2070,10919,4,False,2,126,315,0,1399,10.243451
2071,10921,3,True,1,16,82,0,495,2.249248
2072,10921,4,False,2,128,315,0,1310,10.081011
2073,10928,4,True,1,31,111,0,516,3.397313
2074,10931,3,True,1,0,27,0,209,0.64936
2075,10931,4,True,1,0,26,0,135,0.636423
2076,10939,4,False,2,129,295,0,1439,10.051181
2077,10942,3,True,1,0,39,0,241,0.975854
2078,10945,4,True,1,2,57,0,316,1.46838
2079,10949,4,True,1,2,57,0,315,1.375105
2080,10950,4,True,1,0,53,0,307,1.277258
2081,10952,3,True,1,0,39,0,241,0.883564
2082,10953,3,True,1,0,39,0,241,0.9536
2083,10955,4,True,1,0,53,0,307,1.302742
2084,10957,3,True,1,0,39,0,241,0.880438
2085,10958,3,True,1,0,39,0,241,0.879031
2086,10958,4,True,1,0,53,0,307,1.245565
2087,10962,4,True,1,0,53,0,307,1.273998
2088,10968,4,True,1,0,53,0,307,1.248009
2089,10969,3,True,1,26,91,0,429,2.58057
2090,10971,3,True,1,0,52,0,350,1.208639
2091,10974,3,True,1,0,34,0,202,0.840617
2092,10975,3,False,2,141,321,0,1072,10.008889
2093,10978,3,True,1,0,28,0,340,0.643528
2094,10980,3,True,1,0,19,0,160,0.499962
2095,10990,4,False,2,138,334,0,823,10.409743
2096,10991,4,False,2,118,310,0,868,10.193734
2097,10993,4,False,2,116,302,0,1063,10.041378
2098,10995,4,False,2,164,432,0,1088,10.056212
2099,10997,4,False,2,278,635,0,1950,10.006476
2100,11001,3,True,1,0,27,0,187,0.285254
2101,11006,4,True,1,0,16,0,72,0.173634
2102,11011,3,False,2,283,627,0,2817,10.105731
2103,11012,3,False,2,282,631,0,1234,10.000776
2104,11014,3,False,2,148,361,0,1653,10.028396
2105,11016,4,False,2,131,297,0,642,10.099789
2106,11021,4,False,2,126,309,0,975,10.009414
2107,11022,4,False,2,129,290,0,1031,10.0137
2108,11023,3,False,2,117,309,0,845,10.019457
2109,11025,4,False,2,115,317,0,866,10.001952
2110,11028,3,True,1,0,20,0,177,0.540716
2111,11030,3,True,1,0,20,0,177,0.545699
2112,11031,4,True,1,0,34,0,236,0.861097
2113,11033,3,True,1,0,20,0,177,0.503806
2114,11039,3,False,2,161,403,0,610,10.014982
2115,11039,4,False,2,284,639,0,742,10.003861
2116,11047,3,False,2,292,665,0,797,10.007808
2117,11048,3,False,2,304,689,0,774,10.003197
2118,11052,3,True,1,0,17,0,92,0.190799
2119,11053,3,True,1,0,4,0,8,0.052945
2120,11056,4,True,1,0,51,0,330,0.56698
2121,11058,4,True,1,0,55,0,368,0.633093
2122,11059,4,True,1,0,17,0,95,0.194448
2123,11060,4,True,1,0,63,0,323,0.688991
2124,11062,4,True,1,0,14,0,77,0.155626
2125,11063,4,True,1,0,21,0,168,0.232348
2126,11072,3,True,1,0,19,0,106,0.218158
2127,11072,4,True,1,0,30,0,170,0.331063
2128,11078,3,True,1,0,12,0,52,0.142555
2129,11080,3,True,1,0,11,0,40,0.13074
2130,11083,3,True,1,0,8,0,25,0.101493
2131,11083,4,True,1,0,11,0,42,0.133884
2132,11084,4,True,1,0,23,0,103,0.293041
2133,11088,3,True,1,0,8,0,23,0.131763
2134,11088,4,True,1,0,11,0,39,0.131307
2135,11091,4,True,1,0,11,0,56,0.13383
2136,11094,3,True,1,0,12,0,56,0.147261
2137,11094,4,True,1,0,14,0,55,0.168257
2138,11099,3,True,1,0,22,0,91,0.263696
2139,11100,4,True,1,0,21,0,92,0.246383
2140,11103,3,True,1,0,22,0,114,0.253134
2141,11104,4,True,1,1,26,0,125,0.320948
2142,11106,4,True,1,0,21,0,103,0.259234
2143,11107,3,True,1,1,26,0,121,0.325428
2144,11113,3,True,1,1,27,0,133,0.331362
2145,11116,3,True,1,0,22,0,119,0.245615
2146,11116,4,True,1,0,22,0,120,0.248218
2147,11119,3,True,1,0,22,0,113,0.243008
2148,11155,4,True,1,0,78,0,576,0.937254
2149,11157,4,True,1,0,78,0,575,0.937263
2150,11173,3,True,1,6,38,0,340,0.478045
2151,11177,3,True,1,2,28,0,232,0.342843
2152,11177,4,True,1,2,28,0,233,0.328107
2153,11184,3,True,1,4,36,0,373,0.432728
2154,11191,3,True,1,2,36,0,185,0.42275
2155,11192,4,True,1,0,14,0,90,0.160524
2156,11200,4,False,2,293,670,0,3496,10.048281
2157,11203,4,False,2,98,300,0,1204,10.055631
2158,11209,4,False,2,294,644,0,1518,10.023904
2159,11210,3,False,2,294,659,0,7606,10.011025
2160,11212,3,False,2,301,664,0,6577,10.007619
2161,11213,3,False,2,283,632,0,6147,10.010492
2162,11216,3,False,2,263,591,0,5292,10.018944
2163,11217,3,False,2,249,549,0,4855,10.001914
2164,11220,3,True,1,0,27,0,289,0.288618
2165,11220,4,False,2,256,617,0,4873,10.007861
2166,11225,3,True,1,0,12,0,39,0.310743
2167,11227,4,True,1,0,21,0,176,0.509603
2168,11228,4,True,1,0,28,0,199,0.613679
2169,11229,3,True,1,0,20,0,180,0.365778
2170,11232,4,True,1,0,17,0,88,0.192845
2171,11233,3,False,2,165,411,0,891,10.031226
2172,11236,4,True,1,0,29,0,295,0.314493
2173,11237,4,True,1,0,29,0,295,0.314639
2174,11239,4,True,1,0,29,0,295,0.321707
2175,11240,3,False,2,207,497,0,1054,10.018392
2176,11243,3,False,2,135,298,0,1345,10.00159
2177,11248,3,True,1,0,52,0,446,1.250108
2178,11250,4,True,1,0,21,0,148,0.534339
2179,11251,4,False,2,134,286,0,1322,10.001152
2180,11252,4,True,1,0,21,0,214,0.520285
2181,11254,4,True,1,0,15,0,119,0.371624
2182,11255,4,False,2,180,418,0,210,10.009355
2183,11258,3,True,1,0,22,0,138,0.245517
2184,11259,3,True,1,0,29,0,201,0.31869
2185,11262,3,True,1,0,5,0,14,0.060212
2186,11265,4,False,2,286,652,0,3895,10.000189
2187,11266,4,False,2,66,220,0,1484,10.101066
2188,11268,4,False,2,267,621,0,3720,10.13223
2189,11269,3,True,1,12,61,0,484,0.751609
2190,11269,4,False,2,290,673,0,3617,10.001413
2191,11270,3,True,1,13,62,0,470,0.790529
2192,11270,4,False,2,291,700,0,4361,10.006502
2193,11273,3,False,2,160,429,0,2446,10.012235
2194,11273,4,False,2,71,235,0,1478,10.18524
2195,11275,3,False,2,112,341,0,1921,10.016738
2196,11276,3,False,2,106,334,0,1953,10.029118
2197,11279,3,False,2,114,341,0,1954,10.012252
2198,11284,4,False,2,138,315,0,1372,10.018682
2199,11289,4,False,2,146,296,0,1371,10.11381
2200,11291,3,False,2,117,333,0,1250,10.011251
2201,11294,3,True,1,0,9,0,37,0.24254
2202,11294,4,True,1,0,42,0,359,1.031733
2203,11297,4,True,1,0,21,0,115,0.523264
2204,11298,3,True,1,94,216,0,473,5.28707
2205,11300,4,True,1,4,33,0,158,0.570905
2206,11313,3,True,1,12,56,0,615,0.739629
2207,11329,4,True,1,0,30,0,361,0.33309
2208,11337,3,True,1,3,27,0,112,0.355763
2209,11339,3,True,1,0,59,0,186,0.636379
2210,11341,3,True,1,0,55,0,139,0.592807
2211,11342,4,True,1,0,23,0,208,0.250791
2212,11345,3,True,1,0,9,0,27,0.099787
2213,11345,4,False,2,273,621,0,1269,10.016031
2214,11350,3,False,2,288,604,0,2479,10.011749
2215,11351,3,False,2,294,630,0,4008,10.009167
2216,11351,4,True,1,0,26,0,233,0.284678
2217,11354,3,True,1,0,7,0,18,0.080894
2218,11356,3,False,2,302,631,0,1988,10.001329
2219,11357,4,False,2,308,639,0,2429,10.010114
2220,11358,4,False,2,300,686,0,2564,10.009804
2221,11361,3,True,1,0,37,0,239,0.414074
2222,11369,3,False,2,277,585,0,3650,10.001802
2223,11370,4,True,1,0,22,0,201,0.233217
2224,11372,3,True,1,0,20,0,115,0.211435
2225,11377,3,True,1,0,19,0,143,0.207926
2226,11377,4,True,1,0,39,0,243,0.413296
2227,11378,4,True,1,26,91,0,431,1.19927
2228,11380,3,True,1,0,19,0,143,0.211334
2229,11380,4,True,1,0,39,0,243,0.442418
2230,11385,3,True,1,0,19,0,143,0.211019
2231,11387,4,True,1,0,39,0,243,0.410257
2232,11392,4,False,2,300,664,0,1518,10.001128
2233,11393,4,True,1,0,39,0,243,0.411173
2234,11401,4,True,1,0,39,0,243,0.427768
2235,11404,3,True,1,0,17,0,133,0.191357
2236,11406,3,True,1,0,51,0,384,0.553656
2237,11406,4,True,1,0,28,0,346,0.29823
2238,11408,3,True,1,0,7,0,40,0.082075
2239,11409,3,True,1,263,562,0,1668,8.290346
2240,11410,4,True,1,0,38,0,243,0.408442
2241,11411,3,True,1,0,99,0,638,1.143784
2242,11412,3,True,1,46,116,0,747,1.705279
2243,11414,4,True,1,1,23,0,116,0.262691
2244,11415,3,True,1,0,39,0,354,0.424302
2245,11416,3,False,2,286,650,0,1278,10.003366
2246,11418,4,False,2,306,686,0,1741,10.030906
2247,11420,4,False,2,274,618,0,850,10.005472
2248,11422,3,True,1,0,14,0,58,0.154269
2249,11429,3,True,1,0,9,0,45,0.105145
2250,11429,4,True,1,0,20,0,128,0.218126
2251,11431,3,True,1,0,9,0,38,0.10339
2252,11443,4,False,2,277,622,0,2697,10.022268
2253,11444,4,False,2,196,476,0,1849,10.002356
2254,11446,4,False,2,210,504,0,1317,10.021943
2255,11448,3,False,2,287,605,0,1636,10.029401
2256,11449,4,True,1,11,47,0,386,0.596182
2257,11451,3,False,2,313,662,0,1206,10.009048
2258,11462,3,True,1,0,39,0,538,0.545322
2259,11464,3,True,1,0,22,0,149,0.349148
2260,11466,3,True,1,0,16,0,75,0.306168
2261,11467,3,True,1,0,48,0,258,0.499699
2262,11469,4,True,1,0,23,0,192,0.237711
2263,11471,3,True,1,0,53,0,335,0.574274
2264,11472,4,False,2,318,722,0,1105,10.004474
2265,11473,3,True,1,0,16,0,93,0.166198
2266,11475,3,True,1,0,48,0,333,0.4944
2267,11475,4,False,2,304,656,0,846,10.007974
2268,11476,4,False,2,318,677,0,797,10.006981
2269,11477,4,True,1,0,17,0,95,0.179898
2270,11482,3,True,1,0,50,0,268,0.540599
2271,11487,4,True,1,0,17,0,91,0.180612
2272,11489,3,True,1,0,6,0,10,0.071047
2273,11490,3,True,1,0,6,0,10,0.070267
2274,11493,3,True,1,0,6,0,10,0.070321
2275,11496,3,True,1,0,11,0,51,0.142087
2276,11503,3,True,1,0,10,0,35,0.11758
2277,11504,3,True,1,0,11,0,47,0.124772
2278,11506,3,True,1,0,11,0,46,0.119974
2279,11509,3,True,1,0,6,0,10,0.074132
2280,11509,4,True,1,0,10,0,53,0.114129
2281,11510,3,True,1,0,6,0,10,0.074524
2282,11511,3,True,1,0,6,0,10,0.07545
2283,11525,4,True,1,0,10,0,42,0.113098
2284,11528,4,True,1,0,10,0,42,0.110864
2285,11529,3,True,1,0,6,0,10,0.07053
2286,11537,4,True,1,0,10,0,46,0.112432
2287,11538,3,True,1,0,6,0,10,0.074178
2288,11539,4,True,1,0,10,0,46,0.112054
2289,11540,3,True,1,0,6,0,10,0.071453
2290,11543,4,True,1,0,9,0,40,0.099992
2291,11545,3,True,1,0,9,0,22,0.100068
2292,11547,3,True,1,0,22,0,101,0.227954
2293,11548,4,True,1,0,21,0,94,0.216013
2294,11554,4,True,1,0,22,0,116,0.230444
2295,11555,3,True,1,3,30,0,131,0.335478
2296,11557,3,True,1,3,31,0,140,0.339587
2297,11559,3,True,1,0,22,0,117,0.229404
2298,11560,3,True,1,0,20,0,107,0.210197
2299,11560,4,True,1,0,20,0,107,0.205182
2300,11561,4,True,1,0,22,0,110,0.229842
2301,11570,4,True,1,0,63,0,421,0.669558
2302,11579,3,True,1,0,22,0,169,0.250134
2303,11594,4,True,1,0,41,0,351,0.4367
2304,11600,3,True,1,0,26,0,229,0.269111
2305,11606,3,True,1,0,23,0,166,0.242079
2306,11614,3,True,1,0,25,0,276,0.262172
2307,11614,4,True,1,0,78,0,649,0.871549
2308,11615,4,True,1,0,78,0,648,0.890908
2309,11616,4,True,1,0,7,0,18,0.164128
2310,11646,4,True,1,0,24,0,165,0.426591
2311,11648,3,True,1,0,34,0,214,0.343583
2312,11650,4,True,1,0,23,0,173,0.236807
2313,11653,4,True,1,0,17,0,119,0.17884
2314,11657,3,True,1,0,7,0,15,0.077403
2315,11658,3,False,2,156,347,0,2070,10.014928
2316,11658,4,True,1,0,29,0,295,0.633307
2317,11661,3,False,2,118,358,0,2071,10.026536
2318,11661,4,True,1,0,32,0,314,0.76834
2319,11664,3,False,2,118,365,0,2118,10.016362
2320,11669,3,False,2,136,346,0,4266,10.037473
2321,11670,3,False,2,236,517,0,5774,10.003669
2322,11670,4,False,2,308,686,0,8112,10.002112
2323,11671,4,False,2,319,699,0,7962,10.009566
2324,11673,4,False,2,317,686,0,6660,10.010059
2325,11675,3,False,2,264,660,0,3760,10.000241
2326,11680,3,True,1,0,24,0,219,0.242016
2327,11685,3,True,1,0,8,0,18,0.085643
2328,11687,4,False,2,261,552,0,1918,10.024889
2329,11690,4,False,2,211,459,0,1928,10.019052
2330,11692,4,False,2,334,700,0,2715,10.002998
2331,11693,4,False,2,333,698,0,2608,10.00144
2332,11694,3,True,1,0,8,0,21,0.08792
2333,11694,4,True,1,0,13,0,69,0.14158
2334,11696,3,True,1,0,9,0,23,0.116742
2335,11698,4,True,1,0,47,0,402,0.471478
2336,11701,4,True,1,0,41,0,275,0.409404
2337,11709,3,True,1,7,47,0,220,0.529014
2338,11711,3,True,1,0,24,0,167,0.240098
2339,11712,4,True,1,8,47,0,300,0.539194
2340,11713,3,True,1,0,9,0,24,0.096595
2341,11714,3,False,2,312,719,0,2528,10.012002
2342,11718,3,True,1,0,4,0,7,0.046532
2343,11720,4,True,1,2,48,0,554,0.481837
2344,11722,3,False,2,332,736,0,3707,10.042
2345,11724,3,False,2,341,734,0,2802,10.010633
2346,11725,3,False,2,340,729,0,2762,10.022455
2347,11728,4,False,2,226,532,0,3125,10.015643
2348,11729,4,False,2,167,397,0,3310,10.010431
2349,11733,3,False,2,173,407,0,1646,10.013692
2350,11734,4,False,2,163,419,0,2476,10.009033
2351,11736,3,False,2,173,393,0,1377,10.084744
2352,11737,4,False,2,319,756,0,4367,10.000233
2353,11738,4,True,1,0,24,0,233,0.224132
2354,11740,4,False,2,351,738,0,1930,10.013965
2355,11742,3,False,2,332,790,0,4506,10.007332
2356,11743,3,True,1,0,29,0,298,0.268498
2357,11744,3,False,2,357,760,0,1256,10.022179
2358,11746,3,False,2,362,773,0,3194,10.001677
2359,11746,4,True,1,0,48,0,375,0.445962
2360,11748,3,True,1,0,29,0,298,0.265619
2361,11753,4,True,1,0,24,0,233,0.222747
2362,11754,3,False,2,335,804,0,4541,10.006326
2363,11758,3,False,2,334,792,0,4557,10.004108
2364,11758,4,False,2,336,789,0,2848,10.008625
2365,11759,3,True,1,0,37,0,321,0.347013
2366,11760,3,True,1,0,42,0,379,0.389929
2367,11760,4,True,1,0,9,0,39,0.088414
2368,11761,4,False,2,340,774,0,2691,10.003885
2369,11768,4,True,1,44,116,0,369,1.46895
2370,11770,3,True,1,0,24,0,156,0.22876
2371,11771,3,True,1,0,21,0,121,0.199379
2372,11772,3,True,1,12,51,0,228,0.58388
2373,11773,3,True,1,8,39,0,191,0.439598
2374,11773,4,True,1,5,35,0,178,0.390963
2375,11782,3,True,1,0,9,0,34,0.098574
2376,11783,3,True,1,64,140,0,203,1.89415
2377,11784,4,True,1,21,58,0,283,0.739459
2378,11789,4,True,1,0,14,0,96,0.137224
2379,11800,4,False,2,305,698,0,1477,10.009258
2380,11803,3,True,1,0,10,0,61,0.202175
2381,11805,3,True,1,0,7,0,36,0.143204
2382,11805,4,False,2,348,757,0,2888,10.004027
2383,11811,4,True,1,0,22,0,146,0.203876
2384,11812,4,True,1,0,38,0,159,0.366134
2385,11814,3,True,1,0,58,0,181,0.547398
2386,11816,4,True,1,0,39,0,280,0.37097
2387,11818,4,False,2,353,756,0,2916,10.007839
2388,11819,3,True,1,0,7,0,19,0.070708
2389,11820,3,False,2,353,742,0,2825,10.007828
2390,11822,3,False,2,364,758,0,3150,10.002755
2391,11822,4,True,1,0,18,0,103,0.183524
2392,11824,3,True,1,0,15,0,100,0.148536
2393,11824,4,False,2,357,739,0,4007,10.004314
2394,11825,3,True,1,0,27,0,299,0.247277
2395,11830,3,False,2,355,774,0,6818,10.003486
2396,11831,3,True,1,63,173,0,1033,2.113053
2397,11832,4,True,1,0,18,0,98,0.167988
2398,11834,4,True,1,0,19,0,150,0.176631
2399,11835,4,True,1,1,31,0,346,0.291474
2400,11838,3,True,1,0,39,0,245,0.361854
2401,11841,3,True,1,0,29,0,330,0.262793
2402,11842,3,True,1,0,39,0,245,0.362055
2403,11843,3,True,1,1,31,0,336,0.294646
2404,11843,4,True,1,1,31,0,346,0.287449
2405,11844,3,True,1,26,91,0,433,1.053012
2406,11859,3,True,1,0,29,0,330,0.264514
2407,11864,3,True,1,0,39,0,245,0.367802
2408,11865,3,True,1,0,29,0,330,0.272328
2409,11868,3,True,1,0,39,0,245,0.371544
2410,11872,3,False,2,346,750,0,1684,10.005814
2411,11872,4,False,2,346,735,0,1579,10.002176
2412,11873,3,True,1,0,29,0,334,0.270099
2413,11881,4,True,1,0,29,0,340,0.2699
2414,11882,4,True,1,0,19,0,150,0.180704
2415,11883,3,True,1,1,31,0,336,0.297445
2416,11884,3,True,1,26,91,0,433,1.066089
2417,11885,3,True,1,0,29,0,330,0.270311
2418,11887,3,True,1,1,31,0,336,0.294119
2419,11888,4,True,1,0,19,0,152,0.181015
2420,11889,4,True,1,0,29,0,340,0.270574
2421,11891,4,True,1,1,31,0,346,0.29919
2422,11892,4,True,1,0,19,0,152,0.180793
2423,11896,3,True,1,0,52,0,354,0.490412
2424,11896,4,True,1,0,17,0,140,0.160535
2425,11898,4,True,1,0,7,0,41,0.070813
2426,11900,4,True,1,0,16,0,77,0.152381
2427,11901,3,True,1,0,9,0,47,0.092411
2428,11902,3,True,1,0,53,0,186,0.490681
2429,11903,3,True,1,0,56,0,185,0.514712
2430,11905,3,True,1,0,39,0,168,0.360487
2431,11908,3,True,1,1,23,0,125,0.223454
2432,11917,3,False,2,361,744,0,2355,10.014277
2433,11920,3,True,1,5,40,0,297,0.410168
2434,11921,3,True,1,0,9,0,28,0.087909
2435,11928,4,False,2,349,778,0,1364,10.006343
2436,11930,3,False,2,342,757,0,1984,10.006315
2437,11937,3,False,2,332,764,0,5829,10.007128
2438,11939,4,True,1,0,21,0,187,0.206603
2439,11942,4,False,2,350,728,0,3178,10.030135
2440,11946,3,False,2,359,758,0,626,10.034161
2441,11949,3,False,2,364,769,0,600,10.007735
2442,11949,4,True,1,0,36,0,302,0.331344
2443,11951,3,False,2,358,777,0,1363,10.009931
2444,11952,4,True,1,0,34,0,275,0.310751
2445,11953,3,False,2,355,761,0,569,10.011043
2446,11956,4,True,1,0,28,0,214,0.257579
2447,11957,4,True,1,0,27,0,221,0.247933
2448,11963,3,False,2,283,662,0,969,10.001761
2449,11963,4,True,1,0,26,0,192,0.245444
2450,11968,4,True,1,0,23,0,178,0.22453
2451,11970,3,False,2,349,761,0,698,10.001585
2452,11971,3,True,1,2,44,0,259,0.810694
2453,11973,3,True,1,0,24,0,215,0.440208
2454,11976,3,False,2,126,352,0,749,10.114302
2455,11983,3,True,1,0,24,0,220,0.431913
2456,11986,4,True,1,0,47,0,372,0.83383
2457,11987,4,True,1,0,48,0,377,0.627685
2458,11988,3,True,1,0,51,0,469,0.462065
2459,11992,3,True,1,0,31,0,302,0.284598
2460,11995,4,True,1,0,78,0,648,0.791479
2461,11996,3,True,1,0,25,0,249,0.236137
2462,11999,3,True,1,0,31,0,302,0.294327
2463,11999,4,True,1,0,78,0,648,0.778205
2464,12000,3,True,1,0,31,0,303,0.284662
2465,12003,3,True,1,0,16,0,88,0.145502
2466,12004,3,True,1,0,28,0,167,0.25855
2467,12007,3,True,1,0,25,0,199,0.226588
2468,12011,3,True,1,0,38,0,263,0.348642
2469,12013,3,True,1,0,31,0,144,0.287953
2470,12015,3,True,1,0,30,0,149,0.275405
2471,12016,4,True,1,0,20,0,119,0.182717
2472,12017,3,True,1,2,30,0,245,0.288351
2473,12019,4,True,1,0,17,0,89,0.153881
2474,12029,3,True,1,0,6,0,10,0.059625
2475,12031,3,True,1,0,6,0,10,0.118967
2476,12031,4,True,1,0,11,0,62,0.129246
2477,12032,3,True,1,0,6,0,10,0.059607
2478,12032,4,True,1,0,11,0,62,0.107204
2479,12033,4,True,1,0,11,0,62,0.10851
2480,12034,3,True,1,0,6,0,10,0.121123
2481,12035,3,True,1,0,6,0,10,0.076783
2482,12035,4,True,1,0,11,0,62,0.106756
2483,12036,4,True,1,0,11,0,62,0.10466
2484,12038,3,True,1,0,6,0,10,0.059163
2485,12041,4,True,1,0,11,0,63,0.103985
2486,12043,4,True,1,0,11,0,63,0.106008
2487,12045,3,True,1,0,6,0,10,0.05838
2488,12047,4,True,1,0,11,0,62,0.106216
2489,12049,3,True,1,0,6,0,10,0.060001
2490,12052,4,True,1,0,11,0,62,0.10454
2491,12054,3,True,1,0,11,0,55,0.104152
2492,12054,4,True,1,0,11,0,37,0.105531
2493,12055,4,True,1,0,11,0,36,0.105379
2494,12056,3,True,1,1,14,0,64,0.14336
2495,12058,3,True,1,0,10,0,36,0.09693
2496,12060,3,True,1,0,11,0,40,0.113368
2497,12060,4,True,1,1,15,0,56,0.151327
2498,12064,3,True,1,0,11,0,36,0.10592
2499,12064,4,True,1,0,11,0,48,0.105888
2500,12066,3,True,1,0,10,0,35,0.10673
2501,12066,4,True,1,0,12,0,46,0.125776
2502,12067,4,True,1,0,12,0,45,0.125523
2503,12073,4,True,1,0,12,0,46,0.120568
2504,12075,4,True,1,0,12,0,48,0.121088
2505,12076,3,True,1,0,8,0,26,0.085226
2506,12078,3,True,1,0,19,0,103,0.192358
2507,12080,4,True,1,0,22,0,105,0.211217
2508,12081,3,True,1,0,20,0,97,0.193735
2509,12085,4,False,0,199,399,0,1655,6.144707
2510,12087,4,True,1,0,20,0,113,0.195047
2511,12091,4,False,0,199,399,0,1655,5.860915
2512,12096,4,True,1,0,19,0,117,0.232296
2513,12098,4,True,1,0,22,0,121,0.300471
2514,12100,3,True,1,0,22,0,112,0.415157
2515,12111,3,True,1,0,31,0,286,0.565156
2516,12114,3,True,1,0,31,0,286,0.570076
2517,12119,4,True,1,0,48,0,416,0.871613
2518,12139,4,True,1,0,23,0,180,0.42235
2519,12145,3,True,1,0,78,0,575,1.029595
2520,12145,4,True,1,0,78,0,576,0.815398
2521,12147,4,True,1,0,78,0,575,0.809759
2522,12152,3,True,1,0,4,0,5,0.044052
2523,12153,3,True,1,0,4,0,9,0.043651
2524,12154,3,True,1,0,6,0,18,0.061023
2525,12155,3,True,1,0,4,0,8,0.044325
2526,12170,3,True,1,6,38,0,340,0.442247
2527,12174,3,True,1,2,28,0,232,0.314619
2528,12188,3,True,1,0,18,0,130,0.176801
2529,12189,4,True,1,0,34,0,231,0.329825
2530,12191,4,True,1,0,17,0,127,0.167294
2531,12193,4,False,2,351,765,0,4579,10.201369
2532,12197,3,False,2,201,504,0,2918,10.002246
2533,12199,3,False,2,243,526,0,4396,10.005004
2534,12199,4,False,2,246,533,0,4340,10.000786
2535,12201,3,True,1,0,29,0,299,0.314444
2536,12202,4,False,2,243,556,0,2785,10.006787
2537,12206,4,True,1,2,60,0,833,0.663365
2538,12211,3,False,2,169,424,0,3973,10.013297
2539,12214,4,False,2,233,525,0,3386,10.006825
2540,12215,4,False,2,295,677,0,4609,10.002705
2541,12216,3,False,2,123,334,0,2544,10.018251
2542,12217,4,False,2,243,568,0,3861,10.021196
2543,12221,4,False,2,94,285,0,1685,10.380432
2544,12222,3,False,2,101,318,0,1282,10.010224
2545,12222,4,False,2,127,337,0,1254,10.014645
2546,12225,3,False,2,201,490,0,3177,10.167094
2547,12225,4,False,2,244,578,0,3705,10.001989
2548,12228,3,True,1,0,12,0,45,0.13875
2549,12229,3,True,1,0,39,0,314,0.421891
2550,12229,4,False,2,149,419,0,2465,10.006759
2551,12238,4,True,1,0,14,0,67,0.161689
2552,12242,4,True,1,8,74,0,402,1.273461
2553,12243,3,True,1,0,41,0,292,0.515973
2554,12245,4,True,1,6,61,0,281,0.738451
2555,12246,3,True,1,3,37,0,203,0.434413
2556,12247,3,True,1,0,40,0,272,0.438446
2557,12247,4,True,1,0,40,0,277,0.442104
2558,12248,3,True,1,0,41,0,277,0.451722
2559,12248,4,True,1,0,41,0,266,0.455879
2560,12249,4,True,1,0,36,0,210,0.400435
2561,12256,3,False,2,238,607,0,3511,10.031916
2562,12259,4,False,2,226,557,0,2033,10.014753
2563,12262,3,True,1,0,22,0,158,0.240888
2564,12262,4,True,1,0,49,0,90,0.519845
2565,12263,3,True,1,0,21,0,151,0.230998
2566,12264,3,False,2,302,676,0,4177,10.011053
2567,12264,4,False,2,290,653,0,5672,10.004195
2568,12267,3,True,1,2,48,0,561,0.583486
2569,12268,3,False,2,289,660,0,3876,10.00702
2570,12269,4,False,2,304,660,0,2541,10.029711
2571,12270,3,False,2,194,467,0,2815,10.005566
2572,12273,4,False,2,273,607,0,2296,10.018404
2573,12276,3,True,1,0,47,0,409,0.514112
2574,12277,4,False,2,151,315,0,1667,10.043011
2575,12281,3,True,1,0,35,0,299,0.841866
2576,12283,4,False,2,136,292,0,976,10.019987
2577,12286,4,True,1,8,39,0,195,0.727847
2578,12288,3,True,1,0,20,0,115,0.491249
2579,12289,3,True,1,12,51,0,243,0.812146
2580,12290,3,True,1,12,51,0,231,0.694503
2581,12297,3,True,1,64,143,0,271,2.597093
2582,12307,3,True,1,0,8,0,29,0.124008
2583,12314,3,True,1,0,21,0,174,0.377472
2584,12314,4,True,1,0,21,0,175,0.497104
2585,12317,3,True,1,0,33,0,287,0.829431
2586,12322,4,False,2,228,515,0,1042,10.002058
2587,12323,3,False,2,269,633,0,1583,10.008454
2588,12325,3,True,1,0,39,0,241,0.451049
2589,12325,4,True,1,0,26,0,200,0.283374
2590,12328,3,True,1,0,24,0,197,0.259033
2591,12331,4,True,1,0,20,0,90,0.222791
2592,12332,3,True,1,0,20,0,88,0.241275
2593,12332,4,True,1,0,23,0,103,0.252806
2594,12333,3,True,1,0,53,0,186,0.558671
2595,12335,3,False,2,275,580,0,4025,10.01668
2596,12335,4,True,1,0,20,0,155,0.399435
2597,12341,4,False,2,264,560,0,2492,10.009269
2598,12342,3,False,2,246,525,0,2170,10.008126
2599,12342,4,True,1,0,18,0,116,0.43872
2600,12344,3,True,1,0,26,0,292,0.645409
2601,12350,3,True,1,0,18,0,123,0.449921
2602,12353,3,True,1,0,19,0,157,0.454486
2603,12355,3,True,1,0,19,0,159,0.442497
2604,12356,4,True,1,0,29,0,338,0.685219
2605,12357,4,True,1,0,39,0,263,0.911255
2606,12361,3,True,1,0,19,0,157,0.458241
2607,12361,4,True,1,0,39,0,263,0.954688
2608,12363,4,True,1,26,91,0,451,2.780813
2609,12365,3,True,1,0,19,0,159,0.453427
2610,12371,4,True,1,26,91,0,449,2.713368
2611,12374,3,True,1,0,29,0,348,0.694827
2612,12374,4,True,1,0,29,0,338,0.717928
2613,12376,3,True,1,0,29,0,348,0.696728
2614,12376,4,True,1,0,29,0,338,0.683086
2615,12378,3,True,1,0,29,0,348,0.690799
2616,12380,3,True,1,0,29,0,348,0.705548
2617,12381,4,True,1,0,39,0,263,0.948667
2618,12383,4,True,1,0,39,0,263,0.924478
2619,12390,4,False,2,123,304,0,924,10.012739
2620,12392,3,True,1,0,29,0,353,0.717616
2621,12393,4,True,1,0,39,0,263,0.937497
2622,12398,3,True,1,1,31,0,354,0.75949
2623,12400,4,True,1,0,29,0,338,0.669447
2624,12403,3,True,1,0,19,0,159,0.46725
2625,12406,3,True,1,1,31,0,354,0.792963
2626,12408,4,True,1,0,29,0,338,0.716269
2627,12409,4,True,1,0,39,0,263,0.940821
2628,12410,3,True,1,1,31,0,354,0.772213
2629,12410,4,True,1,1,31,0,344,0.770819
2630,12418,3,True,1,0,24,0,102,0.557789
2631,12421,3,True,1,0,23,0,107,0.557348
2632,12421,4,True,1,0,34,0,219,0.829107
2633,12424,4,True,1,8,43,0,241,1.171432
2634,12425,3,True,1,0,8,0,26,0.20837
2635,12426,3,False,2,136,298,0,838,10.014498
2636,12428,4,True,1,0,23,0,119,0.545294
2637,12429,3,True,1,0,32,0,234,0.751721
2638,12436,3,False,2,113,319,0,1886,10.042561
2639,12438,3,False,2,112,322,0,2507,10.014357
2640,12438,4,False,2,127,315,0,847,10.073344
2641,12439,3,False,2,125,315,0,668,10.002877
2642,12440,4,False,2,130,302,0,692,10.020503
2643,12442,3,False,2,119,312,0,974,10.01679
2644,12444,3,False,2,197,487,0,2518,10.007864
2645,12447,3,False,2,310,651,0,1142,10.107312
2646,12449,4,False,2,291,655,0,1502,10.002784
2647,12450,3,False,2,241,579,0,3655,10.015698
2648,12451,3,False,2,306,666,0,1481,10.005882
2649,12451,4,False,2,243,517,0,1529,10.009667
2650,12453,3,True,1,11,49,0,411,0.758241
2651,12455,3,False,2,176,380,0,719,10.058171
2652,12461,4,True,1,0,68,0,376,1.622012
2653,12462,4,True,1,0,46,0,326,1.09742
2654,12463,4,True,1,0,30,0,246,0.719654
2655,12468,3,True,1,0,26,0,218,0.612123
2656,12468,4,False,2,124,300,0,579,10.052004
2657,12476,3,True,1,0,28,0,231,0.738294
2658,12476,4,False,2,124,301,0,588,10.022692
2659,12478,4,True,1,1,42,0,277,1.048658
2660,12480,4,True,1,0,27,0,231,0.649938
2661,12481,4,True,1,0,25,0,216,0.601091
2662,12483,4,True,1,2,52,0,338,1.289813
2663,12485,4,True,1,1,50,0,340,1.216369
2664,12490,3,True,1,0,20,0,162,0.495102
2665,12492,4,True,1,0,48,0,416,1.185777
2666,12494,3,True,1,0,31,0,286,0.771208
2667,12494,4,True,1,0,48,0,416,1.117232
2668,12495,3,True,1,0,38,0,256,0.91468
2669,12496,4,True,1,0,96,0,719,2.437272
2670,12504,4,True,1,0,22,0,161,0.551824
2671,12510,4,True,1,0,23,0,180,0.563561
2672,12517,3,True,1,0,34,0,361,0.850609
2673,12519,4,True,1,0,41,0,379,1.014702
2674,12520,4,True,1,0,41,0,379,1.025631
2675,12522,4,True,1,0,17,0,123,0.435611
2676,12523,4,True,1,0,47,0,415,1.200826
2677,12526,3,True,1,0,25,0,264,0.625687
2678,12528,3,True,1,0,31,0,304,0.803228
2679,12531,3,True,1,0,33,0,170,0.848584
2680,12537,4,True,1,0,18,0,128,0.455858
2681,12541,4,True,1,0,17,0,128,0.443966
2682,12544,3,True,1,0,25,0,258,0.646024
2683,12552,4,True,1,0,38,0,328,0.97665
2684,12553,3,True,1,0,31,0,286,0.803492
2685,12553,4,True,1,0,38,0,328,0.969472
2686,12557,4,True,1,0,23,0,179,0.584005
2687,12558,4,True,1,0,22,0,179,0.569294
2688,12559,3,True,1,0,48,0,490,1.199278
2689,12561,4,True,1,0,22,0,177,0.558898
2690,12567,3,True,1,0,51,0,448,1.250648
2691,12569,3,True,1,0,48,0,490,1.189535
2692,12570,3,True,1,0,26,0,270,0.658751
2693,12574,4,True,1,0,11,0,71,0.282194
2694,12575,4,True,1,0,11,0,71,0.303376
2695,12578,4,True,1,0,11,0,71,0.282377
2696,12579,3,True,1,0,6,0,12,0.166983
2697,12580,3,True,1,0,6,0,12,0.169363
2698,12586,4,True,1,0,11,0,72,0.283647
2699,12588,4,True,1,0,11,0,72,0.283993
2700,12596,4,True,1,0,11,0,73,0.283302
2701,12598,3,True,1,0,6,0,12,0.166717
2702,12598,4,True,1,0,11,0,72,0.283392
2703,12599,3,True,1,0,6,0,12,0.167027
2704,12602,3,True,1,0,6,0,12,0.168563
2705,12603,3,True,1,0,6,0,12,0.164738
2706,12606,3,True,1,0,6,0,10,0.16819
2707,12611,4,True,1,0,11,0,64,0.313564
2708,12612,3,True,1,0,6,0,10,0.16744
2709,12612,4,True,1,0,11,0,64,0.307638
2710,12614,3,True,1,0,6,0,10,0.176574
2711,12614,4,True,1,0,11,0,65,0.289602
2712,12615,3,True,1,0,6,0,10,0.175642
2713,12616,4,True,1,0,11,0,65,0.286394
2714,12622,4,True,1,1,14,0,77,0.399959
2715,12624,4,True,1,1,14,0,77,0.414163
2716,12628,4,True,1,1,14,0,77,0.414515
2717,12629,3,True,1,0,6,0,10,0.180557
2718,12629,4,True,1,1,14,0,75,0.39119
2719,12631,4,True,1,1,14,0,75,0.382058
2720,12632,3,True,1,0,6,0,10,0.170457
2721,12633,3,True,1,0,6,0,10,0.179051
2722,12639,4,True,1,0,11,0,63,0.311929
2723,12641,4,True,1,0,11,0,63,0.310559
2724,12645,4,True,1,0,11,0,64,0.310269
2725,12648,3,True,1,0,6,0,10,0.169614
2726,12650,3,True,1,0,6,0,10,0.169623
2727,12651,3,True,1,0,6,0,10,0.169292
2728,12653,3,True,1,0,6,0,10,0.171772
2729,12654,4,True,1,0,11,0,63,0.287172
2730,12655,3,True,1,0,6,0,10,0.167649
2731,12656,3,True,1,0,6,0,10,0.094286
2732,12656,4,True,1,0,11,0,63,0.167285
2733,12658,3,True,1,0,6,0,10,0.16872
2734,12658,4,True,1,0,11,0,63,0.289702
2735,12665,4,True,1,0,11,0,63,0.288383
2736,12667,3,True,1,0,6,0,10,0.162575
2737,12667,4,True,1,0,11,0,63,0.282423
2738,12677,3,True,1,0,6,0,10,0.167888
2739,12680,3,True,1,0,6,0,10,0.167232
2740,12681,3,True,1,0,6,0,10,0.168794
2741,12683,4,True,1,0,11,0,66,0.285773
2742,12688,3,True,1,0,6,0,10,0.166411
2743,12689,4,True,1,0,11,0,66,0.285403
2744,12690,4,True,1,0,11,0,66,0.288456
2745,12694,4,True,1,0,11,0,66,0.284927
2746,12695,3,True,1,0,10,0,34,0.265136
2747,12697,3,True,1,0,22,0,115,0.581091
2748,12701,3,True,1,3,30,0,155,0.818761
2749,12704,3,True,1,0,23,0,135,0.577336
2750,12707,3,True,1,3,31,0,164,0.846444
2751,12707,4,True,1,0,21,0,121,0.525668
2752,12708,3,True,1,0,19,0,119,0.476592
2753,12708,4,True,1,0,19,0,119,0.498035
2754,12709,3,True,1,0,22,0,131,0.548345
2755,12711,4,True,1,0,19,0,116,0.493801
2756,12714,4,True,1,0,48,0,334,1.170998
2757,12720,4,True,1,0,63,0,421,1.561279
2758,12729,4,True,1,0,22,0,170,0.543272
2759,12732,4,True,1,0,48,0,373,1.155174
2760,12735,3,True,1,0,13,0,75,0.328658
2761,12756,3,True,1,0,23,0,166,0.551688
2762,12759,3,True,1,0,18,0,140,0.454408
2763,12765,3,True,1,0,25,0,263,0.619739
2764,12765,4,True,1,0,78,0,648,2.111723
2765,12767,3,True,1,0,6,0,19,0.16825
2766,12770,3,True,1,0,4,0,11,0.126304
2767,12781,4,True,1,0,7,0,21,0.195848
2768,12784,3,True,1,0,8,0,25,0.218253
2769,12784,4,True,1,0,8,0,26,0.210491
2770,12803,3,True,1,0,40,0,407,0.994935
2771,12805,4,True,1,0,24,0,192,0.591174
2772,12806,3,True,1,0,40,0,407,0.992483
2773,12806,4,True,1,0,24,0,192,0.579592
2774,12808,4,True,1,0,24,0,192,0.619045
2775,12809,4,True,1,0,24,0,192,0.622436
2776,12820,3,True,1,0,40,0,407,1.041091
2777,12822,3,True,1,0,40,0,407,1.008041
2778,12826,4,True,1,0,24,0,192,0.608431
2779,12829,3,True,1,0,40,0,407,0.988986
2780,12832,4,True,1,0,24,0,193,0.599971
2781,12835,3,True,1,0,40,0,407,0.978463
2782,12836,3,True,1,0,40,0,407,0.975035
2783,12838,4,True,1,0,18,0,144,0.450599
2784,12844,3,True,1,0,40,0,407,0.971262
2785,12845,3,True,1,0,40,0,407,0.987333
2786,12852,3,True,1,0,40,0,407,1.023108
2787,12853,3,False,2,126,296,0,666,10.019982
2788,12855,4,True,1,0,18,0,144,0.43907
2789,12859,3,True,1,0,40,0,407,0.949282
2790,12860,3,True,1,0,40,0,407,0.98095
2791,12863,4,True,1,0,18,0,144,0.467432
2792,12865,3,True,1,0,71,0,485,1.770568
2793,12866,4,True,1,0,17,0,139,0.436374
2794,12869,3,True,1,0,26,0,287,0.653414
2795,12873,3,True,1,0,26,0,287,0.610193
2796,12874,4,False,2,111,312,0,1520,10.00418
2797,12882,3,False,2,95,307,0,1264,10.020027
2798,12886,4,True,1,0,27,0,249,0.664681
2799,12887,4,True,1,0,28,0,274,0.709697
2800,12889,3,True,1,0,17,0,127,0.425696
2801,12891,3,True,1,0,25,0,237,0.605266
2802,12892,4,True,1,0,23,0,169,0.306653
2803,12893,4,True,1,0,40,0,289,0.904618
2804,12894,4,True,1,0,41,0,309,0.594003
2805,12896,3,True,1,6,61,0,298,0.821733
2806,12898,4,True,1,0,66,0,386,1.224965
2807,12906,4,True,1,0,40,0,284,0.440917
2808,12911,3,True,1,7,47,0,240,0.915737
2809,12914,4,False,2,260,579,0,476,10.006055
2810,12916,4,True,1,0,15,0,89,0.3684
2811,12922,4,False,2,286,647,0,3403,10.007903
2812,12927,3,True,1,0,40,0,407,0.439499
2813,12928,4,True,1,0,22,0,171,0.252974
2814,12935,4,True,1,0,22,0,171,0.251807
2815,12940,4,True,1,0,22,0,171,0.258491
2816,12941,4,True,1,0,22,0,171,0.255984
2817,12942,3,True,1,0,40,0,407,0.453674
2818,12943,3,True,1,0,40,0,407,0.450957
2819,12949,3,True,1,0,40,0,407,0.435531
2820,12952,3,True,1,0,40,0,407,0.443418
2821,12957,4,False,2,295,653,0,4094,10.005316
2822,12958,3,False,2,269,613,0,3207,10.000388
2823,12962,3,False,2,189,470,0,3201,10.01901
2824,12965,4,False,2,203,446,0,2073,10.008022
2825,12967,3,False,2,151,394,0,2445,10.023917
2826,12968,3,True,1,0,40,0,330,0.89416
2827,12970,4,False,2,119,337,0,1289,10.004175
2828,12971,3,True,1,0,20,0,110,0.474383
2829,12972,3,True,1,0,19,0,110,0.445636
2830,12973,4,True,1,46,124,0,409,3.915079
2831,12975,3,True,1,1,34,0,230,0.803077
2832,12976,3,True,1,0,20,0,115,0.490431
2833,12986,4,True,1,0,8,0,32,0.209088
2834,13005,4,False,2,130,271,0,1374,10.018752
2835,13006,3,False,2,120,291,0,877,10.015129
2836,13010,4,False,2,120,336,0,872,10.018206
2837,13011,3,False,2,71,225,0,863,10.235237
2838,13013,4,False,2,133,314,0,693,10.005628
2839,13016,4,False,2,122,320,0,726,10.001913
2840,13017,3,True,1,0,26,0,209,0.662111
2841,13019,3,False,2,82,278,0,692,10.008814
2842,13020,3,True,1,0,23,0,112,0.540528
2843,13026,4,True,1,0,51,0,130,1.216363
2844,13029,4,False,2,130,319,0,840,10.013162
2845,13030,3,False,2,140,317,0,2059,10.040622
2846,13033,3,True,1,0,9,0,28,0.220944
2847,13033,4,True,1,60,212,0,1227,6.549979
2848,13035,4,False,2,91,266,0,1327,10.004493
2849,13037,3,False,2,128,295,0,2211,10.005623
2850,13038,4,True,1,4,36,0,318,0.953345
2851,13039,3,False,2,128,301,0,766,10.010681
2852,13044,3,True,1,28,107,0,758,3.175167
2853,13044,4,True,1,4,32,0,242,0.882735
2854,13045,3,False,2,116,298,0,6772,10.001799
2855,13045,4,True,1,4,59,0,1390,1.555798
2856,13048,4,False,2,124,302,0,820,10.040039
2857,13049,3,True,1,15,80,0,621,2.138052
2858,13053,4,True,1,4,54,0,1082,1.357387
2859,13056,3,False,2,122,296,0,4726,10.001576
2860,13056,4,True,1,4,51,0,878,1.409149
2861,13060,3,True,1,92,225,0,1266,7.310771
2862,13061,3,False,2,134,316,0,3844,10.033835
2863,13062,3,False,2,128,307,0,3468,10.012531
2864,13065,3,False,2,132,312,0,3222,10.093912
2865,13066,3,False,2,128,304,0,882,10.008705
2866,13070,4,True,1,4,41,0,454,1.04801
2867,13072,3,False,2,134,318,0,846,10.005223
2868,13078,3,False,2,137,310,0,1680,10.016975
2869,13080,4,True,1,0,17,0,154,0.400408
2870,13081,4,True,1,0,33,0,340,0.739927
2871,13083,3,True,1,0,37,0,188,0.816447
2872,13083,4,False,2,144,313,0,1923,10.044199
2873,13086,4,False,2,134,315,0,1026,10.011351
2874,13088,4,True,1,0,23,0,105,0.517986
2875,13092,4,True,1,111,253,0,899,7.867148
2876,13093,4,True,1,2,48,0,241,1.108752
2877,13099,4,True,1,0,32,0,165,0.709417
2878,13103,4,True,1,0,16,0,81,0.368691
2879,13105,4,False,2,142,324,0,650,10.271901
2880,13106,3,False,2,149,333,0,687,10.216005
2881,13106,4,False,2,123,344,0,2659,10.017231
2882,13108,3,False,2,136,330,0,515,10.000464
2883,13114,3,False,2,132,331,0,726,10.015334
2884,13116,3,False,2,142,323,0,664,10.016052
2885,13117,3,False,2,135,334,0,883,10.012365
2886,13123,4,True,1,0,21,0,187,0.501304
2887,13124,4,True,1,0,47,0,354,1.058337
2888,13125,4,False,2,135,334,0,435,10.019286
2889,13135,4,True,1,0,42,0,309,0.997567
2890,13144,3,True,1,0,26,0,238,0.623477
2891,13144,4,True,1,0,26,0,231,0.638918
2892,13145,4,True,1,0,42,0,300,0.995639
2893,13147,3,True,1,0,39,0,292,0.955899
2894,13153,3,False,2,138,315,0,1035,10.007291
2895,13155,4,True,1,0,22,0,188,0.543857
2896,13156,3,False,2,131,326,0,473,10.012119
2897,13157,3,True,1,0,24,0,203,0.542056
2898,13158,3,True,1,2,44,0,292,0.998341
2899,13158,4,True,1,0,24,0,218,0.538432
2900,13161,4,True,1,0,49,0,265,1.156373
2901,13162,3,True,1,0,77,0,656,1.713824
2902,13168,3,True,1,0,26,0,270,0.598516
2903,13169,4,True,1,0,63,0,479,1.355275
2904,13170,4,True,1,0,63,0,479,1.371644
2905,13173,3,True,1,0,25,0,150,0.570565
2906,13176,3,True,1,0,26,0,125,0.586076
2907,13176,4,True,1,4,34,0,266,0.824692
2908,13178,3,True,1,0,31,0,295,0.673517
2909,13179,4,True,1,0,25,0,237,0.577559
2910,13182,4,True,1,0,26,0,243,0.589606
2911,13186,4,True,1,0,26,0,243,0.582896
2912,13187,4,True,1,0,26,0,243,0.593083
2913,13189,3,True,1,0,51,0,450,1.143427
2914,13189,4,True,1,0,63,0,538,1.380642
2915,13192,3,True,1,0,26,0,272,0.579948
2916,13193,4,True,1,1,27,0,199,0.624313
2917,13194,3,True,1,26,93,0,664,2.676156
2918,13195,3,True,1,0,15,0,76,0.364447
2919,13196,3,True,1,0,17,0,146,0.387282
2920,13200,3,True,1,0,48,0,490,1.129004
2921,13204,4,True,1,0,22,0,183,0.49985
2922,13205,3,True,1,0,6,0,12,0.160022
2923,13205,4,True,1,0,11,0,74,0.260827
2924,13206,4,True,1,0,11,0,74,0.263481
2925,13209,3,True,1,0,6,0,12,0.164944
2926,13210,3,True,1,0,6,0,12,0.161345
2927,13211,3,True,1,0,6,0,12,0.15753
2928,13211,4,True,1,0,11,0,74,0.263984
2929,13215,4,True,1,0,11,0,75,0.290501
2930,13218,4,True,1,0,11,0,75,0.272123
2931,13221,4,True,1,1,14,0,88,0.35116
2932,13226,3,True,1,0,6,0,12,0.157214
2933,13227,4,True,1,1,14,0,88,0.368492
2934,13229,4,True,1,1,14,0,86,0.360526
2935,13230,3,True,1,0,6,0,12,0.159206
2936,13232,3,True,1,0,6,0,12,0.143735
2937,13235,3,True,1,0,6,0,12,0.15426
2938,13240,3,True,1,0,6,0,12,0.158421
2939,13241,3,True,1,0,6,0,12,0.153218
2940,13244,4,True,1,0,11,0,73,0.270272
2941,13246,4,True,1,0,11,0,74,0.290114
2942,13249,4,True,1,0,11,0,74,0.270053
2943,13251,4,True,1,0,11,0,74,0.259135
2944,13253,3,True,1,0,6,0,13,0.156682
2945,13259,3,True,1,0,6,0,13,0.16404
2946,13264,3,True,1,0,10,0,48,0.256486
2947,13267,3,True,1,0,6,0,10,0.16483
2948,13268,3,True,1,0,6,0,10,0.165421
2949,13268,4,True,1,0,11,0,66,0.295191
2950,13272,4,True,1,0,11,0,66,0.27483
2951,13274,4,True,1,0,11,0,73,0.264186
2952,13275,4,True,1,0,11,0,73,0.283448
2953,13279,3,True,1,0,6,0,13,0.159726
2954,13281,4,True,1,0,11,0,74,0.265862
2955,13282,4,True,1,0,11,0,74,0.282561
2956,13290,3,True,1,0,6,0,13,0.161589
2957,13292,3,True,1,0,6,0,13,0.151367
2958,13295,3,True,1,0,6,0,13,0.151973
2959,13296,3,True,1,0,6,0,13,0.149525
2960,13299,3,True,1,0,6,0,13,0.155955
2961,13304,3,True,1,0,6,0,13,0.157339
2962,13306,4,True,1,0,18,0,103,0.429094
2963,13311,4,True,1,0,20,0,130,0.485714
2964,13319,4,True,1,0,18,0,128,0.42783
2965,13324,4,True,1,0,22,0,177,0.504965
2966,13337,3,True,1,0,31,0,286,0.713765
2967,13343,4,True,1,0,41,0,379,0.948153
2968,13359,4,True,1,0,78,0,576,1.919136
2969,13365,3,True,1,26,70,0,370,2.145153
2970,13386,4,True,1,4,36,0,374,0.880053
2971,13387,4,True,1,4,36,0,374,0.871724
2972,13393,4,True,1,0,40,0,411,0.88714
2973,13399,3,True,1,0,18,0,160,0.442675
2974,13403,4,True,1,0,40,0,411,0.899441
2975,13404,3,True,1,0,18,0,160,0.407964
2976,13405,3,True,1,0,18,0,160,0.423323
2977,13408,3,True,1,0,18,0,160,0.43745
2978,13415,3,True,1,0,18,0,160,0.459082
2979,13416,4,True,1,0,40,0,411,0.935691
2980,13417,3,True,1,0,18,0,160,0.447092
2981,13422,3,True,1,0,18,0,167,0.420063
2982,13425,4,True,1,0,29,0,302,0.668305
2983,13430,3,True,1,0,32,0,321,0.751545
2984,13434,3,False,2,141,301,0,1313,10.002008
2985,13434,4,False,2,141,310,0,1440,10.001183
2986,13437,4,True,1,0,25,0,222,0.621356
2987,13439,3,True,1,3,104,0,641,2.534886
2988,13441,3,True,1,0,40,0,310,0.932972
2989,13445,4,False,2,138,319,0,572,10.040777
2990,13449,4,True,1,0,36,0,231,0.833203
2991,13452,4,True,1,6,49,0,250,1.202875
2992,13454,4,False,2,133,322,0,408,10.009656
2993,13457,4,False,2,131,336,0,793,10.038707
2994,13458,4,True,1,0,20,0,158,0.487612
2995,13460,3,True,1,0,71,0,485,1.588872
2996,13461,3,False,2,133,325,0,2269,10.001236
2997,13462,3,False,2,116,298,0,2083,10.024867
2998,13464,4,False,2,127,296,0,1402,10.019654
2999,13468,3,True,1,0,20,0,128,0.477781
3000,13470,3,True,1,0,20,0,115,0.230918
3001,13473,3,True,1,0,20,0,128,0.223555
3002,13489,3,False,2,256,581,0,2019,10.009614
3003,13489,4,True,1,0,13,0,74,0.331731
3004,13498,3,True,1,0,21,0,174,0.510937
3005,13504,3,True,1,0,30,0,360,0.477355
3006,13506,4,False,2,303,670,0,1479,10.043137
3007,13510,3,False,2,241,544,0,1326,10.057542
3008,13514,3,False,2,240,520,0,1370,10.006325
3009,13515,3,False,2,283,657,0,1564,10.003871
3010,13517,4,False,2,298,673,0,1557,10.007147
3011,13520,4,False,2,286,625,0,1098,10.008482
3012,13522,3,True,1,0,26,0,210,0.276493
3013,13524,3,True,1,0,23,0,178,0.24818
3014,13524,4,True,1,0,34,0,164,0.36009
3015,13528,4,True,1,263,562,0,1666,8.847859
3016,13529,3,False,2,244,548,0,3349,10.00539
3017,13530,4,False,2,293,622,0,3061,10.008923
3018,13535,3,False,2,307,653,0,4051,10.120013
3019,13536,3,False,2,241,524,0,3150,10.09727
3020,13547,4,False,2,283,601,0,3665,10.015348
3021,13549,3,False,2,269,574,0,2470,10.00611
3022,13550,3,True,1,0,20,0,182,0.211424
3023,13553,4,True,1,0,52,0,424,0.531391
3024,13555,3,True,1,0,59,0,240,0.595009
3025,13556,4,True,1,0,39,0,178,0.396238
3026,13558,4,True,1,0,27,0,183,0.286216
3027,13562,3,True,1,0,9,0,44,0.100524
3028,13565,3,True,1,0,8,0,29,0.088842
3029,13569,4,False,2,319,699,0,3010,10.156939
3030,13570,4,False,2,312,712,0,1714,10.007095
3031,13571,4,False,2,311,690,0,1388,10.002625
3032,13577,3,False,2,300,680,0,2070,10.003094
3033,13586,4,True,1,0,56,0,397,0.658699
3034,13591,4,False,2,286,633,0,608,10.018408
3035,13592,4,True,1,0,28,0,232,0.299598
3036,13606,3,True,1,0,42,0,335,0.451086
3037,13607,4,True,1,0,39,0,314,0.409316
3038,13609,3,False,2,309,665,0,3217,10.038025
3039,13610,4,False,2,307,665,0,3692,10.002352
3040,13612,3,False,2,286,624,0,3497,10.003062
3041,13617,3,True,1,0,28,0,247,0.294635
3042,13617,4,False,2,269,627,0,671,10.011558
3043,13619,4,True,1,0,25,0,226,0.265855
3044,13621,4,False,2,300,633,0,2024,10.021363
3045,13623,4,False,2,242,549,0,653,10.00479
3046,13624,4,False,2,327,685,0,2472,10.006915
3047,13625,3,False,2,328,689,0,2047,10.005431
3048,13626,4,True,1,1,42,0,310,0.43695
3049,13627,4,False,2,250,587,0,1023,10.014523
3050,13629,3,True,1,0,26,0,233,0.508923
3051,13629,4,True,1,0,39,0,275,0.787921
3052,13633,4,True,1,0,77,0,729,1.499648
3053,13634,4,True,1,0,78,0,734,1.009825
3054,13635,3,True,1,0,23,0,218,0.23587
3055,13636,3,True,1,0,25,0,262,0.252005
3056,13637,4,True,1,0,78,0,734,0.850727
3057,13639,3,True,1,0,31,0,286,0.326252
3058,13640,3,True,1,0,69,0,530,0.70553
3059,13641,4,True,1,0,63,0,538,0.653428
3060,13649,4,True,1,0,26,0,257,0.268368
3061,13652,3,True,1,0,22,0,217,0.230466
3062,13652,4,True,1,0,22,0,170,0.229506
3063,13656,3,True,1,0,34,0,364,0.34752
3064,13657,3,True,1,0,48,0,492,0.494376
3065,13662,4,True,1,0,12,0,60,0.132662
3066,13663,3,True,1,0,11,0,36,0.118536
3067,13663,4,True,1,0,12,0,59,0.130449
3068,13672,3,True,1,0,6,0,12,0.068165
3069,13673,4,True,1,0,11,0,76,0.121218
3070,13676,4,True,1,0,11,0,76,0.122827
3071,13679,3,True,1,0,6,0,12,0.068682
3072,13679,4,True,1,0,11,0,76,0.119476
3073,13680,3,True,1,0,18,0,105,0.190949
3074,13680,4,True,1,0,19,0,111,0.204072
3075,13681,4,True,1,0,21,0,118,0.216289
3076,13682,4,True,1,0,22,0,138,0.230057
3077,13683,4,True,1,0,20,0,109,0.212293
3078,13685,4,True,1,0,24,0,143,0.25055
3079,13686,3,True,1,0,34,0,231,0.353031
3080,13690,3,True,1,0,19,0,115,0.195924
3081,13691,4,True,1,0,20,0,121,0.207114
3082,13692,4,True,1,0,22,0,126,0.231269
3083,13693,3,True,1,0,34,0,230,0.347553
3084,13696,4,True,1,0,25,0,154,0.351801
3085,13700,4,True,1,0,19,0,127,0.200695
3086,13701,4,True,1,0,19,0,132,0.196447
3087,13703,3,True,1,0,13,0,68,0.134852
3088,13709,3,True,1,0,48,0,333,0.480592
3089,13710,3,True,1,0,31,0,304,0.310735
3090,13716,3,True,1,0,63,0,420,0.66464
3091,13716,4,True,1,0,63,0,421,0.673018
3092,13722,3,True,1,0,18,0,119,0.184534
3093,13725,3,True,1,0,22,0,169,0.226991
3094,13725,4,True,1,0,22,0,170,0.4335
3095,13729,3,True,1,0,31,0,288,0.682395
3096,13735,4,True,1,0,33,0,216,0.717549
3097,13750,4,True,1,0,38,0,300,0.815757
3098,13753,3,True,1,0,23,0,166,0.472668
3099,13761,3,True,1,0,25,0,264,0.517789
3100,13765,4,True,1,0,8,0,27,0.175727
3101,13766,3,True,1,0,17,0,107,0.361859
3102,13766,4,True,1,41,100,0,595,1.449375
3103,13790,4,True,1,4,36,0,354,0.431815
3104,13791,3,True,1,0,28,0,298,0.287954
3105,13792,3,True,1,0,27,0,278,0.300684
3106,13799,4,False,2,332,685,0,3426,10.009305
3107,13801,4,False,2,279,577,0,2843,10.002597
3108,13804,3,True,1,0,46,0,1000,0.440174
3109,13807,3,True,1,0,43,0,838,0.418324
3110,13808,3,True,1,0,42,0,788,0.402328
3111,13810,3,True,1,0,40,0,694,0.384122
3112,13812,4,False,2,340,751,0,1421,10.009784
3113,13814,4,False,2,337,740,0,1181,10.000719
3114,13815,4,True,1,0,37,0,622,0.358368
3115,13816,4,True,1,0,36,0,580,0.347756
3116,13818,3,True,1,0,35,0,494,0.339227
3117,13818,4,True,1,0,34,0,502,0.327754
3118,13819,3,True,1,0,34,0,460,0.332318
3119,13820,4,True,1,0,32,0,432,0.308284
3120,13825,3,True,1,0,20,0,139,0.195207
3121,13825,4,True,1,0,18,0,181,0.183422
3122,13828,3,True,1,11,75,0,388,0.826955
3123,13828,4,False,2,322,728,0,1139,10.009701
3124,13830,4,True,1,0,41,0,333,0.399289
3125,13834,4,False,2,322,721,0,1180,10.010798
3126,13835,4,True,1,6,57,0,328,0.590078
3127,13837,4,True,1,0,28,0,249,0.266525
3128,13838,3,False,2,315,748,0,2363,10.003532
3129,13838,4,False,2,304,652,0,1246,10.004465
3130,13841,4,True,1,0,19,0,139,0.51594
3131,13842,4,False,2,121,294,0,608,10.006118
3132,13846,3,True,1,0,17,0,161,0.441615
3133,13850,3,False,2,116,297,0,1976,10.148925
3134,13850,4,False,2,129,271,0,1319,10.009554
3135,13852,3,False,2,120,286,0,1519,10.023892
3136,13859,4,False,2,109,295,0,2003,10.00704
3137,13867,4,True,1,0,20,0,119,0.522485
3138,13872,4,True,1,0,24,0,255,0.620899
3139,13875,3,True,1,0,37,0,375,0.918253
3140,13875,4,True,1,0,37,0,376,0.951429
3141,13878,3,True,1,0,9,0,34,0.239301
3142,13879,4,True,1,0,10,0,44,0.283283
3143,13881,3,True,1,0,14,0,115,0.363766
3144,13881,4,True,1,26,68,0,297,2.292754
3145,13889,3,True,1,0,28,0,303,0.695626
3146,13899,4,False,2,129,310,0,1167,10.007286
3147,13901,4,False,2,121,312,0,862,10.006804
3148,13904,4,False,2,118,304,0,759,10.000247
3149,13905,3,False,2,110,313,0,2399,10.021666
3150,13906,4,False,2,124,313,0,855,10.003159
3151,13907,3,False,2,132,304,0,869,10.020213
3152,13908,4,False,2,118,319,0,772,10.012607
3153,13916,3,False,2,130,310,0,2305,10.085147
3154,13921,3,True,1,0,23,0,208,0.558419
3155,13923,3,True,1,0,21,0,164,0.523025
3156,13923,4,False,2,134,305,0,1898,10.007558
3157,13924,3,False,2,131,297,0,1583,10.021199
3158,13924,4,True,1,0,31,0,371,0.747711
3159,13925,3,False,2,131,292,0,1551,10.084761
3160,13928,3,True,1,0,29,0,320,0.714932
3161,13934,4,True,1,0,9,0,47,0.225496
3162,13935,4,True,1,0,21,0,189,0.540469
3163,13936,4,False,2,127,288,0,1499,10.014709
3164,13939,4,True,1,46,118,0,627,3.922707
3165,13943,3,True,1,0,13,0,108,0.339047
3166,13943,4,True,1,0,8,0,32,0.224277
3167,13944,3,True,1,0,12,0,67,0.306548
3168,13945,3,True,1,0,7,0,26,0.187884
3169,13946,3,False,2,103,301,0,1890,10.02149
3170,13949,3,True,1,0,24,0,216,0.597005
3171,13952,3,True,1,0,27,0,230,0.675805
3172,13952,4,False,2,124,301,0,653,10.149128
3173,13956,4,True,1,0,27,0,244,0.662207
3174,13957,3,True,1,0,28,0,262,0.679984
3175,13959,3,True,1,0,28,0,234,0.692643
3176,13960,3,True,1,0,28,0,239,0.679644
3177,13964,4,True,1,0,42,0,290,1.01731
3178,13966,4,False,2,131,301,0,363,10.025623
3179,13968,3,True,1,0,26,0,216,0.667443
3180,13968,4,False,2,130,290,0,1040,10.020525
3181,13969,4,False,2,130,293,0,830,10.015194
3182,13973,4,False,2,122,290,0,652,10.02743
3183,13978,3,True,1,0,26,0,235,0.686412
3184,13983,4,True,1,0,28,0,257,0.698815
3185,13985,4,True,1,0,26,0,244,0.691557
3186,13986,3,True,1,0,26,0,253,0.71364
3187,13988,3,False,2,125,283,0,1034,10.009952
3188,13992,3,True,1,0,25,0,217,0.63069
3189,13992,4,True,1,0,25,0,218,0.609235
3190,13993,4,True,1,0,39,0,335,0.929881
3191,13996,4,True,1,0,49,0,329,1.202873
3192,13998,3,True,1,0,20,0,164,0.484289
3193,13999,4,True,1,0,78,0,808,1.963543
3194,14004,3,True,1,0,57,0,546,1.381228
3195,14005,3,True,1,0,13,0,75,0.332081
3196,14005,4,True,1,0,40,0,292,0.987627
3197,14007,4,True,1,0,11,0,39,0.298581
3198,14008,3,True,1,0,12,0,53,0.314053
3199,14009,4,True,1,0,11,0,37,0.287656
3200,14010,4,True,1,0,10,0,34,0.270334
3201,14013,4,True,1,0,11,0,37,0.309663
3202,14017,3,True,1,0,11,0,64,0.306658
3203,14017,4,True,1,0,11,0,37,0.320181
3204,14018,4,True,1,0,10,0,34,0.282974
3205,14022,4,True,1,0,11,0,56,0.306927
3206,14025,3,True,1,0,11,0,37,0.3317
3207,14027,4,True,1,0,12,0,62,0.328346
3208,14028,4,True,1,0,12,0,64,0.315141
3209,14033,3,True,1,0,22,0,153,0.552417
3210,14034,3,True,1,0,16,0,112,0.400728
3211,14036,4,True,1,0,21,0,107,0.522846
3212,14038,3,True,1,0,21,0,106,0.517608
3213,14039,3,True,1,0,21,0,153,0.506672
3214,14041,4,True,1,0,18,0,129,0.45786
3215,14042,3,True,1,0,21,0,126,0.537669
3216,14044,4,True,1,0,33,0,259,0.786535
3217,14048,4,True,1,0,22,0,129,0.535755
3218,14050,3,True,1,0,19,0,114,0.473303
3219,14050,4,True,1,0,19,0,147,0.47796
3220,14055,3,True,1,0,26,0,271,0.66145
3221,14056,4,True,1,0,26,0,257,0.643067
3222,14077,4,True,1,0,13,0,84,0.33134
3223,14080,3,True,1,0,31,0,286,0.779317
3224,14080,4,True,1,0,33,0,244,0.791404
3225,14083,3,True,1,0,31,0,286,0.793941
3226,14083,4,True,1,0,78,0,734,2.022216
3227,14086,3,True,1,0,31,0,318,0.748793
3228,14089,3,True,1,0,31,0,334,0.792277
3229,14089,4,True,1,0,33,0,268,0.818517
3230,14098,3,True,1,0,31,0,318,0.772859
3231,14098,4,True,1,0,23,0,180,0.561565
3232,14107,4,True,1,0,78,0,575,2.010281
3233,14111,3,True,1,0,15,0,132,0.375179
3234,14120,4,True,1,6,38,0,342,1.058065
3235,14122,4,True,1,6,38,0,341,1.055228
3236,14144,3,True,1,0,20,0,104,0.507252
3237,14145,3,False,2,95,307,0,1027,10.007871
3238,14145,4,False,2,89,297,0,1013,10.013782
3239,14146,3,True,1,0,23,0,207,0.59542
3240,14147,3,True,1,0,34,0,306,0.860903
3241,14149,4,True,1,0,34,0,312,0.885131
3242,14151,3,True,1,0,23,0,107,0.608492
3243,14154,4,True,1,0,17,0,175,0.470209
3244,14155,4,True,1,0,18,0,174,0.479115
3245,14156,4,True,1,0,19,0,180,0.500971
3246,14165,4,False,2,226,478,0,2067,10.02545
3247,14171,3,True,1,0,26,0,274,0.654912
3248,14179,3,True,1,64,145,0,335,5.064108
3249,14181,4,True,1,28,68,0,228,2.390268
3250,14182,3,True,1,21,61,0,410,1.158845
3251,14191,3,True,1,25,94,0,478,1.270569
3252,14196,3,True,1,0,21,0,175,0.234099
3253,14201,3,True,1,0,33,0,287,0.359704
3254,14204,4,True,1,0,30,0,361,0.338812
3255,14207,3,False,2,286,620,0,1262,10.038708
3256,14212,4,False,2,286,640,0,1270,10.005813
3257,14213,3,False,2,282,623,0,1162,10.002682
3258,14215,3,False,2,303,626,0,3032,10.017956
3259,14219,4,False,2,181,428,0,818,10.010685
3260,14220,3,True,1,0,23,0,200,0.253359
3261,14227,3,True,1,0,21,0,162,0.233138
3262,14228,3,False,2,176,413,0,1046,10.002464
3263,14228,4,True,1,74,169,0,742,3.357855
3264,14231,4,False,2,309,649,0,857,10.009219
3265,14232,3,False,2,301,640,0,1059,10.023479
3266,14233,4,True,1,2,27,0,160,0.311517
3267,14236,4,True,1,0,8,0,44,0.091592
3268,14237,3,False,2,285,610,0,1865,10.004505
3269,14238,4,False,2,306,656,0,4463,10.00197
3270,14244,3,False,2,301,655,0,1154,10.061085
3271,14249,3,False,2,157,416,0,1000,10.02118
3272,14251,4,True,1,0,29,0,264,0.681988
3273,14254,4,True,1,0,29,0,249,0.68952
3274,14258,4,True,1,0,27,0,238,0.625383
3275,14259,4,False,2,97,287,0,605,10.02684
3276,14260,4,True,1,0,25,0,189,0.589689
3277,14261,3,False,2,127,308,0,1224,10.029913
3278,14263,3,False,2,172,404,0,825,10.000609
3279,14267,3,True,1,0,28,0,224,0.307755
3280,14270,3,False,2,300,656,0,3759,10.016809
3281,14273,3,False,2,298,651,0,3652,10.003916
3282,14276,3,False,2,315,681,0,636,10.010072
3283,14277,4,False,2,300,633,0,2658,10.015218
3284,14278,3,True,1,0,28,0,260,0.315431
3285,14280,4,True,1,0,45,0,378,0.494578
3286,14281,3,True,1,0,25,0,220,0.282038
3287,14283,3,True,1,0,32,0,330,0.360179
3288,14283,4,True,1,0,32,0,263,0.356237
3289,14284,4,True,1,0,33,0,268,0.3603
3290,14285,3,True,1,0,24,0,244,0.265509
3291,14292,3,True,1,0,32,0,330,0.348471
3292,14294,3,True,1,0,24,0,244,0.263741
3293,14295,3,True,1,0,26,0,257,0.295346
3294,14296,4,True,1,0,18,0,154,0.204966
3295,14297,4,True,1,0,18,0,154,0.203001
3296,14298,3,True,1,0,31,0,302,0.345703
3297,14299,3,True,1,0,26,0,271,0.287308
3298,14301,3,True,1,0,20,0,175,0.225714
3299,14303,4,True,1,0,13,0,84,0.147523
3300,14304,4,True,1,0,13,0,84,0.148607
3301,14305,3,True,1,0,25,0,262,0.271349
3302,14306,4,True,1,0,13,0,84,0.147438
3303,14308,3,True,1,0,31,0,302,0.332979
3304,14314,3,True,1,0,6,0,12,0.074008
3305,14317,3,True,1,0,6,0,12,0.072352
3306,14318,4,True,1,0,11,0,73,0.128871
3307,14320,4,False,0,13,27,0,90,0.463514
3308,14325,4,True,1,0,11,0,72,0.134657
3309,14326,3,True,1,0,6,0,12,0.077953
3310,14327,3,True,1,0,6,0,12,0.076042
3311,14328,4,True,1,0,11,0,72,0.131975
3312,14331,3,True,1,0,8,0,25,0.09985
3313,14335,4,True,1,0,11,0,73,0.134046
3314,14339,4,True,1,0,11,0,73,0.130553
3315,14340,4,False,0,13,27,0,92,0.462033
3316,14341,4,True,1,0,12,0,60,0.141775
3317,14351,3,True,1,0,8,0,26,0.10522
3318,14352,3,True,1,0,6,0,12,0.075341
3319,14354,3,True,1,0,6,0,12,0.077087
3320,14355,3,True,1,0,6,0,12,0.078125
3321,14355,4,True,1,0,11,0,74,0.128595
3322,14356,3,True,1,0,6,0,12,0.075217
3323,14356,4,True,1,0,11,0,74,0.133411
3324,14358,3,True,1,0,6,0,12,0.075797
3325,14359,3,True,1,0,6,0,12,0.184319
3326,14361,4,True,1,0,12,0,61,0.319802
3327,14362,3,True,1,0,6,0,12,0.081774
3328,14368,3,True,1,0,6,0,12,0.073606
3329,14368,4,True,1,0,11,0,74,0.127356
3330,14372,4,True,1,0,11,0,76,0.132012
3331,14374,4,True,1,0,11,0,76,0.158281
3332,14376,3,True,1,0,6,0,12,0.078958
3333,14377,3,True,1,0,6,0,12,0.073781
3334,14380,4,False,0,14,29,0,107,0.470505
3335,14382,3,True,1,0,6,0,12,0.075994
3336,14386,3,True,1,0,6,0,12,0.077073
3337,14389,4,True,1,0,11,0,75,0.130404
3338,14391,4,True,1,0,11,0,39,0.131293
3339,14392,4,True,1,0,10,0,51,0.118862
3340,14394,3,True,1,0,11,0,63,0.12604
3341,14397,4,True,1,0,11,0,38,0.129014
3342,14401,4,True,1,0,11,0,38,0.135612
3343,14406,4,True,1,0,10,0,33,0.119478
3344,14408,3,True,1,0,34,0,180,0.374965
3345,14408,4,True,1,0,18,0,100,0.200741
3346,14411,3,True,1,0,50,0,232,0.540999
3347,14413,4,True,1,0,36,0,191,0.391232
3348,14414,4,True,1,0,21,0,165,0.227785
3349,14415,3,True,1,0,21,0,124,0.23275
3350,14415,4,True,1,0,24,0,190,0.261012
3351,14417,4,True,1,0,25,0,195,0.277226
3352,14419,4,True,1,0,20,0,151,0.220445
3353,14421,4,True,1,0,19,0,162,0.21476
3354,14422,4,True,1,0,21,0,166,0.230743
3355,14430,4,True,1,0,18,0,115,0.19874
3356,14431,4,True,1,0,63,0,538,0.682207
3357,14434,4,True,1,0,63,0,421,0.680842
3358,14447,4,True,1,0,48,0,373,0.514085
3359,14451,4,True,1,0,13,0,76,0.149806
3360,14454,4,True,1,0,33,0,216,0.354306
3361,14457,3,True,1,0,78,0,660,0.894054
3362,14460,4,True,1,0,41,0,351,0.479019
3363,14466,3,True,1,0,26,0,229,0.280661
3364,14470,3,True,1,0,38,0,299,0.413584
3365,14482,3,True,1,0,25,0,275,0.272905
3366,14487,3,True,1,26,78,0,451,1.114344
3367,14488,3,True,1,0,15,0,141,0.167225
3368,14508,3,True,1,4,38,0,390,0.440888
3369,14511,3,True,1,4,36,0,353,0.42361
3370,14515,3,False,2,294,668,0,673,10.008814
3371,14517,3,True,1,0,33,0,225,0.361263
3372,14518,3,True,1,3,40,0,299,0.497154
3373,14520,3,False,2,310,640,0,2687,10.019652
3374,14521,3,True,1,0,32,0,238,0.342763
3375,14521,4,True,1,0,20,0,105,0.218732
3376,14522,3,True,1,0,19,0,110,0.210442
3377,14524,3,False,2,273,668,0,2157,10.003582
3378,14526,4,True,1,0,70,0,658,0.74188
3379,14527,4,True,1,0,66,0,644,0.703211
3380,14530,3,False,2,305,685,0,1468,10.000348
3381,14530,4,True,1,17,56,0,326,0.760089
3382,14531,4,True,1,0,65,0,642,0.687455
3383,14534,4,False,2,146,351,0,2428,10.020914
3384,14537,4,False,2,130,285,0,1299,10.015849
3385,14538,4,False,2,89,257,0,2231,10.002625
3386,14541,4,True,1,0,29,0,302,0.310858
3387,14545,3,True,1,0,20,0,149,0.217986
3388,14545,4,True,1,0,13,0,86,0.144715
3389,14548,3,True,1,0,35,0,212,0.479182
3390,14549,4,True,1,0,22,0,166,0.463933
3391,14555,4,True,1,0,37,0,376,0.795296
3392,14560,3,True,1,30,71,0,170,1.568699
3393,14560,4,True,1,36,90,0,663,1.343665
3394,14567,3,False,2,205,483,0,2445,10.011695
3395,14569,3,True,1,25,93,0,471,2.971371
3396,14580,3,False,2,127,291,0,524,10.088768
3397,14584,3,False,2,125,297,0,656,10.01758
3398,14587,4,True,1,0,25,0,196,0.645971
3399,14589,4,False,2,123,293,0,2170,10.076112
3400,14592,4,True,1,0,27,0,333,0.721531
3401,14596,4,True,1,0,19,0,134,0.521165
3402,14597,4,False,2,120,285,0,706,10.014476
3403,14599,3,True,1,45,111,0,639,3.622025
3404,14605,3,True,1,0,8,0,48,0.206659
3405,14606,4,False,2,131,302,0,1094,10.006053
3406,14607,4,True,1,11,48,0,401,1.389044
3407,14609,4,True,1,0,21,0,187,0.557903
3408,14614,3,True,1,0,39,0,380,0.956347
3409,14616,4,False,2,130,305,0,677,10.209227
3410,14617,3,True,1,0,40,0,403,0.979034
3411,14617,4,True,1,0,40,0,403,0.978896
3412,14618,3,True,1,0,31,0,303,0.771407
3413,14621,4,False,2,113,295,0,694,10.008214
3414,14622,3,True,1,66,201,0,938,6.383387
3415,14624,3,True,1,65,200,0,928,6.460424
3416,14628,3,False,2,119,290,0,513,10.046321
3417,14629,4,False,2,123,329,0,1028,10.005497
3418,14630,4,True,1,0,53,0,552,1.119652
3419,14640,3,True,1,0,49,0,576,1.200811
3420,14645,4,False,2,115,311,0,642,10.092579
3421,14650,3,False,2,122,282,0,1787,10.003274
3422,14653,3,False,2,111,306,0,3588,10.087605
3423,14653,4,False,2,120,316,0,3700,10.073686
3424,14654,4,False,2,123,326,0,3762,10.013498
3425,14656,3,False,2,119,315,0,3395,10.009923
3426,14658,3,False,2,124,321,0,3429,10.034046
3427,14660,4,False,2,122,315,0,2898,10.05779
3428,14667,4,False,2,119,308,0,2867,10.063545
3429,14668,3,False,2,122,299,0,3622,10.046789
3430,14671,3,False,2,132,325,0,3325,10.001749
3431,14674,3,False,2,274,604,0,5925,10.005524
3432,14676,3,False,2,273,595,0,5292,10.006232
3433,14677,3,False,2,224,506,0,3566,10.175809
3434,14677,4,False,2,262,593,0,4211,10.017198
3435,14678,3,False,2,276,605,0,4841,10.01765
3436,14689,3,True,1,0,27,0,253,0.290955
3437,14692,4,False,2,244,541,0,1018,10.001114
3438,14695,4,True,1,0,28,0,254,0.542483
3439,14698,3,True,1,0,29,0,256,0.656993
3440,14699,3,False,2,232,526,0,1862,10.0098
3441,14699,4,False,2,157,365,0,1372,10.077204
3442,14701,4,True,1,0,28,0,255,0.465463
3443,14705,4,True,1,0,35,0,254,0.403224
3444,14706,4,False,2,288,615,0,515,10.006171
3445,14707,4,False,2,188,461,0,818,10.144417
3446,14708,3,False,2,133,315,0,1241,10.104324
3447,14708,4,False,2,275,595,0,2266,10.03443
3448,14709,4,True,1,0,27,0,208,0.289317
3449,14711,4,False,2,267,591,0,2265,10.000651
3450,14716,4,True,1,0,31,0,273,0.33787
3451,14717,3,True,1,0,39,0,336,0.419664
3452,14718,4,False,2,304,666,0,655,10.003721
3453,14719,3,True,1,0,39,0,315,0.443223
3454,14719,4,False,2,286,595,0,2342,10.109293
3455,14720,4,True,1,0,40,0,346,0.886886
3456,14721,4,False,2,189,408,0,2823,10.004378
3457,14724,4,True,1,0,28,0,266,0.750298
3458,14725,4,True,1,0,26,0,255,0.671876
3459,14726,4,False,2,90,291,0,859,10.002419
3460,14734,4,True,1,0,18,0,168,0.198301
3461,14735,3,True,1,0,26,0,273,0.292647
3462,14735,4,True,1,0,18,0,168,0.199696
3463,14736,4,True,1,0,17,0,134,0.190485
3464,14737,3,True,1,0,17,0,144,0.201065
3465,14741,4,True,1,0,11,0,52,0.139868
3466,14743,4,True,1,0,11,0,83,0.150691
3467,14746,4,True,1,0,11,0,83,0.14393
3468,14751,4,True,1,0,11,0,45,0.128257
3469,14760,3,True,1,0,6,0,15,0.080013
3470,14761,4,True,1,0,11,0,47,0.133673
3471,14762,3,True,1,0,12,0,66,0.138158
3472,14764,3,True,1,0,6,0,15,0.074743
3473,14765,3,True,1,0,6,0,15,0.076251
3474,14767,3,True,1,0,6,0,15,0.075592
3475,14769,3,True,1,0,6,0,15,0.081325
3476,14775,3,True,1,0,6,0,15,0.077625
3477,14777,4,True,1,0,11,0,83,0.133654
3478,14782,4,True,1,0,8,0,29,0.098
3479,14785,4,True,1,0,11,0,84,0.125712
3480,14788,3,True,1,0,6,0,15,0.072717
3481,14789,4,True,1,0,11,0,84,0.124607
3482,14790,4,True,1,0,11,0,84,0.127952
3483,14793,3,True,1,0,6,0,15,0.072491
3484,14793,4,True,1,0,11,0,84,0.127832
3485,14794,3,True,1,0,6,0,15,0.075139
3486,14798,3,True,1,0,6,0,15,0.072818
3487,14801,3,True,1,0,27,0,147,0.293957
3488,14804,3,True,1,0,6,0,15,0.070971
3489,14805,3,True,1,0,6,0,15,0.073337
3490,14806,4,True,1,0,11,0,86,0.124885
3491,14807,4,True,1,0,11,0,86,0.125124
3492,14810,3,True,1,0,6,0,15,0.073731
3493,14815,3,True,1,0,6,0,15,0.077735
3494,14816,3,True,1,0,6,0,15,0.074909
3495,14817,3,True,1,0,6,0,15,0.074447
3496,14819,3,True,1,0,6,0,15,0.072629
3497,14820,3,True,1,0,6,0,15,0.07388
3498,14822,3,True,1,0,8,0,25,0.092676
3499,14822,4,True,1,0,12,0,54,0.134545
3500,14824,4,True,1,0,11,0,74,0.126662
3501,14825,4,True,1,0,11,0,74,0.125437
3502,14826,3,True,1,0,6,0,12,0.07283
3503,14828,4,True,1,0,11,0,74,0.125534
3504,14836,4,True,1,0,11,0,73,0.122965
3505,14837,3,True,1,0,6,0,12,0.074612
3506,14838,4,True,1,0,11,0,73,0.125995
3507,14840,3,True,1,0,6,0,12,0.072784
3508,14845,3,True,1,0,6,0,12,0.072057
3509,14849,4,True,1,0,11,0,74,0.127558
3510,14850,3,True,1,0,6,0,12,0.074239
3511,14850,4,True,1,0,11,0,74,0.130597
3512,14851,4,True,1,0,11,0,74,0.12129
3513,14858,4,True,1,0,11,0,74,0.126364
3514,14867,3,True,1,0,6,0,13,0.071834
3515,14868,3,True,1,0,6,0,13,0.071304
3516,14869,3,True,1,0,8,0,25,0.093899
3517,14870,3,True,1,0,6,0,13,0.072493
3518,14871,3,True,1,0,6,0,13,0.072568
3519,14872,3,True,1,0,6,0,13,0.071072
3520,14875,4,True,1,0,11,0,75,0.123151
3521,14876,3,True,1,0,6,0,13,0.076161
3522,14877,3,True,1,0,6,0,13,0.07325
3523,14877,4,True,1,0,11,0,75,0.126945
3524,14879,4,True,1,0,11,0,77,0.126104
3525,14880,4,True,1,0,11,0,77,0.228579
3526,14881,3,True,1,0,6,0,13,0.074273
3527,14882,3,True,1,0,6,0,13,0.074761
3528,14883,3,True,1,0,6,0,13,0.098936
3529,14884,3,True,1,0,6,0,13,0.151968
3530,14887,3,True,1,0,8,0,25,0.094049
3531,14891,3,True,1,0,6,0,13,0.074531
3532,14891,4,True,1,0,11,0,76,0.124854
3533,14893,4,True,1,0,11,0,76,0.127084
3534,14894,3,True,1,0,6,0,13,0.076115
3535,14896,4,True,1,0,12,0,63,0.136527
3536,14902,3,True,1,0,21,0,180,0.263339
3537,14905,3,True,1,0,4,0,3,0.052499
3538,14909,3,True,1,0,4,0,3,0.053437
3539,14909,4,True,1,0,3,0,4,0.042618
3540,14910,4,True,1,0,3,0,4,0.043814
3541,14911,3,True,1,0,4,0,3,0.052661
3542,14913,3,True,1,0,4,0,3,0.05138
3543,14917,4,True,1,0,3,0,4,0.043767
3544,14918,4,True,1,0,3,0,4,0.042495
3545,14919,4,True,1,0,3,0,4,0.045168
3546,14920,4,True,1,0,3,0,4,0.042631
3547,14921,3,True,1,0,4,0,3,0.0523
3548,14923,3,True,1,0,4,0,3,0.051944
3549,14928,3,True,1,0,4,0,3,0.053867
3550,14931,4,True,1,0,3,0,4,0.045053
3551,14936,3,True,1,0,13,0,71,0.15215
3552,14937,3,True,1,0,17,0,81,0.18546
3553,14938,3,True,1,0,21,0,190,0.420005
3554,14939,3,True,1,0,20,0,183,0.494838
3555,14940,4,True,1,0,3,0,4,0.09191
3556,14944,3,True,1,0,4,0,7,0.129764
3557,14948,4,True,1,0,3,0,4,0.105835
3558,14952,3,True,1,0,19,0,70,0.487321
3559,14952,4,True,1,0,3,0,4,0.091819
3560,14953,4,True,1,0,3,0,4,0.092086
3561,14955,4,True,1,0,3,0,4,0.096006
3562,14958,4,True,1,0,3,0,4,0.097276
3563,14960,3,True,1,0,19,0,70,0.409349
3564,14967,4,True,1,0,3,0,4,0.044033
3565,14968,3,True,1,0,4,0,11,0.055227
3566,14971,4,True,1,0,3,0,4,0.044194
3567,14974,3,True,1,0,31,0,334,0.335749
3568,14977,3,True,1,0,31,0,318,0.339761
3569,14980,4,True,1,0,63,0,479,0.945006
3570,14983,3,True,1,0,25,0,275,0.276173
3571,14992,4,True,1,0,48,0,416,0.505723
3572,14995,4,True,1,0,13,0,84,0.148691
3573,14998,4,True,1,0,33,0,244,0.411355
3574,15011,4,True,1,0,18,0,168,0.191232
3575,15017,4,True,1,0,23,0,180,0.243038
3576,15020,3,True,1,0,25,0,275,0.264572
3577,15026,3,True,1,0,78,0,574,0.880957
3578,15030,3,True,1,0,16,0,138,0.178119
3579,15030,4,True,1,0,17,0,149,0.370681
3580,15040,4,True,1,6,38,0,341,0.47121
3581,15046,3,True,1,2,28,0,231,0.328345
3582,15051,4,True,1,4,36,0,374,0.408297
3583,15056,3,True,1,0,65,0,392,0.687428
3584,15058,3,True,1,0,40,0,342,0.413435
3585,15059,3,True,1,0,40,0,345,0.415909
3586,15060,4,True,1,0,37,0,246,0.746858
3587,15061,4,True,1,3,39,0,317,0.954713
3588,15062,4,False,2,235,588,0,1814,10.002068
3589,15063,3,False,2,291,604,0,2685,10.003953
3590,15063,4,False,2,270,567,0,2659,10.026492
3591,15064,3,True,1,0,19,0,111,0.479375
3592,15069,4,False,2,169,388,0,773,10.018672
3593,15070,3,False,2,313,683,0,980,10.010565
3594,15072,3,True,1,0,12,0,56,0.135842
3595,15073,4,False,2,312,678,0,975,10.014629
3596,15075,4,False,2,207,524,0,2112,10.040894
3597,15077,3,False,2,313,684,0,4413,10.007735
3598,15078,4,False,2,307,665,0,3171,10.001156
3599,15080,3,False,2,305,665,0,2916,10.009757
3600,15082,3,False,2,301,671,0,4585,10.003897
3601,15084,4,True,1,2,44,0,423,0.520919
3602,15086,3,True,1,0,6,0,10,0.076749
3603,15087,4,True,1,0,24,0,189,0.262808
3604,15088,4,True,1,0,23,0,163,0.248693
3605,15090,4,True,1,0,18,0,144,0.205066
3606,15100,3,True,1,64,139,0,236,2.397407
3607,15101,4,True,1,98,215,0,881,3.218845
3608,15108,4,True,1,0,8,0,30,0.094918
3609,15124,4,True,1,0,30,0,361,0.318095
3610,15126,3,True,1,0,28,0,232,0.310103
3611,15127,3,True,1,0,25,0,203,0.266361
3612,15128,4,False,2,313,674,0,3579,10.000363
3613,15129,3,False,2,313,662,0,3434,10.004342
3614,15129,4,True,1,0,26,0,317,0.294806
3615,15132,3,True,1,0,27,0,325,0.289766
3616,15134,3,True,1,0,8,0,52,0.095288
3617,15134,4,True,1,0,24,0,253,0.269305
3618,15138,4,True,1,0,19,0,168,0.214468
3619,15139,3,True,1,12,47,0,281,0.638313
3620,15139,4,True,1,0,39,0,299,0.431104
3621,15143,3,True,1,0,23,0,106,0.247819
3622,15144,3,True,1,87,205,0,1180,3.013035
3623,15146,4,True,1,37,105,0,525,1.519907
3624,15151,3,True,1,0,21,0,193,0.2406
3625,15156,3,True,1,0,30,0,279,0.764019
3626,15157,4,True,1,0,38,0,372,1.022088
3627,15161,4,True,1,0,30,0,291,0.397479
3628,15164,4,True,1,0,30,0,289,0.352754
3629,15168,3,True,1,0,30,0,281,0.346753
3630,15168,4,True,1,0,30,0,293,0.355162
3631,15170,3,True,1,0,30,0,281,0.342086
3632,15170,4,True,1,0,30,0,293,0.338246
3633,15171,3,True,1,0,53,0,604,0.603614
3634,15173,3,True,1,0,52,0,596,0.617213
3635,15173,4,True,1,0,52,0,608,0.57906
3636,15178,4,True,1,0,30,0,292,0.360268
3637,15181,4,True,1,0,30,0,289,0.363258
3638,15187,3,True,1,0,30,0,281,0.344011
3639,15190,4,True,1,0,41,0,420,0.455695
3640,15191,3,True,1,0,30,0,281,0.337928
3641,15191,4,True,1,0,30,0,293,0.335664
3642,15196,3,True,1,0,33,0,309,0.366656
3643,15196,4,False,2,210,490,0,1309,10.013673
3644,15203,3,False,2,132,301,0,2163,10.061503
3645,15206,3,True,1,0,48,0,430,1.156135
3646,15207,3,True,1,0,32,0,309,0.747255
3647,15209,4,True,1,0,49,0,550,1.098462
3648,15210,3,True,1,0,49,0,589,1.173498
3649,15212,4,False,2,125,321,0,1052,10.002809
3650,15213,4,True,1,0,49,0,550,1.118793
3651,15215,3,True,1,46,171,0,1077,5.142001
3652,15216,3,True,1,0,36,0,330,0.877634
3653,15218,4,False,2,124,299,0,2627,10.015845
3654,15219,3,True,1,0,59,0,737,1.419721
3655,15219,4,True,1,0,59,0,739,1.439042
3656,15220,4,True,1,0,30,0,292,0.73202
3657,15226,4,True,1,0,30,0,293,0.75635
3658,15227,3,True,1,0,57,0,696,1.371042
3659,15227,4,True,1,0,57,0,708,1.437179
3660,15229,3,True,1,0,30,0,306,0.809663
3661,15230,3,True,1,0,54,0,626,1.448035
3662,15232,3,True,1,0,53,0,617,1.403125
3663,15234,3,True,1,0,52,0,609,1.363059
3664,15235,3,True,1,0,30,0,306,0.805629
3665,15236,3,True,1,0,51,0,659,1.278502
3666,15237,4,True,1,0,30,0,295,0.771024
3667,15238,4,True,1,0,30,0,293,0.763283
3668,15239,3,True,1,0,48,0,548,1.194511
3669,15240,4,True,1,0,30,0,293,0.780117
3670,15243,3,True,1,0,45,0,473,1.156325
3671,15246,3,True,1,0,30,0,306,0.722334
3672,15247,3,True,1,0,30,0,306,0.784341
3673,15250,3,True,1,0,30,0,305,0.759403
3674,15252,4,False,2,126,306,0,1290,10.005464
3675,15263,4,True,1,0,30,0,255,0.733555
3676,15264,4,True,1,0,29,0,265,0.721354
3677,15275,4,True,1,0,28,0,246,0.703438
3678,15277,3,True,1,0,27,0,260,0.681229
3679,15280,3,True,1,0,26,0,216,0.628489
3680,15280,4,True,1,0,28,0,234,0.646318
3681,15281,4,True,1,0,39,0,361,0.947781
3682,15284,3,True,1,0,39,0,386,0.976195
3683,15284,4,True,1,0,39,0,362,0.98512
3684,15285,3,True,1,0,21,0,206,0.561402
3685,15285,4,True,1,0,40,0,430,1.013117
3686,15287,4,True,1,0,27,0,257,0.676617
3687,15289,4,False,2,157,416,0,1036,10.075061
3688,15290,3,True,1,0,27,0,250,0.316918
3689,15293,4,True,1,2,41,0,344,0.45914
3690,15294,4,True,1,0,17,0,144,0.198631
3691,15299,4,True,1,0,27,0,148,0.297575
3692,15301,3,True,1,0,10,0,34,0.120501
3693,15305,4,True,1,0,27,0,148,0.311875
3694,15306,3,True,1,0,5,0,9,0.068295
3695,15308,4,True,1,0,11,0,47,0.125468
3696,15310,4,True,1,0,11,0,51,0.127492
3697,15312,3,True,1,0,5,0,9,0.072549
3698,15313,4,True,1,0,11,0,53,0.123837
3699,15314,4,True,1,0,8,0,28,0.093482
3700,15316,4,True,1,0,11,0,84,0.130538
3701,15319,4,True,1,0,11,0,84,0.130213
3702,15322,3,True,1,0,6,0,15,0.078125
3703,15322,4,True,1,0,11,0,84,0.138347
3704,15326,4,True,1,0,11,0,83,0.130121
3705,15328,4,True,1,0,11,0,83,0.132143
3706,15334,3,True,1,0,27,0,147,0.293686
3707,15334,4,True,1,0,11,0,48,0.124322
3708,15337,4,True,1,0,11,0,84,0.12509
3709,15341,4,True,1,0,11,0,84,0.123953
3710,15342,4,True,1,0,11,0,84,0.129389
3711,15343,3,True,1,0,6,0,15,0.076176
3712,15345,4,True,1,0,11,0,84,0.124759
3713,15347,4,True,1,0,11,0,84,0.124307
3714,15348,3,True,1,0,6,0,17,0.073581
3715,15349,3,True,1,0,6,0,17,0.074892
3716,15350,3,True,1,0,6,0,17,0.073758
3717,15351,4,True,1,0,11,0,84,0.127328
3718,15353,3,True,1,0,6,0,17,0.072858
3719,15354,3,True,1,0,6,0,17,0.07426
3720,15356,4,True,1,0,11,0,85,0.12684
3721,15361,4,True,1,0,8,0,28,0.095613
3722,15362,3,True,1,0,6,0,17,0.077646
3723,15369,3,True,1,0,6,0,17,0.082557
3724,15370,3,True,1,0,11,0,43,0.126216
3725,15373,3,True,1,0,6,0,17,0.148312
3726,15375,3,True,1,0,6,0,17,0.077519
3727,15377,4,True,1,0,11,0,87,0.127476
3728,15380,4,True,1,0,11,0,86,0.238955
3729,15382,3,True,1,0,6,0,17,0.08092
3730,15394,4,True,1,0,8,0,19,0.171747
3731,15398,4,True,1,0,5,0,3,0.138242
3732,15399,4,True,1,0,5,0,4,0.140235
3733,15403,4,True,1,0,13,0,67,0.168401
3734,15407,3,True,1,0,20,0,193,0.463877
3735,15415,3,True,1,0,18,0,114,0.460521
3736,15415,4,True,1,0,18,0,115,0.485305
3737,15422,3,True,1,0,22,0,163,0.547037
3738,15423,3,True,1,0,25,0,277,0.615788
3739,15423,4,True,1,0,41,0,408,0.978184
3740,15436,3,True,1,0,13,0,75,0.325915
3741,15442,3,True,1,0,78,0,660,1.994985
3742,15451,4,True,1,0,26,0,230,0.609438
3743,15458,4,True,1,0,23,0,167,0.531935
3744,15470,3,True,1,0,8,0,26,0.212801
3745,15471,3,True,1,0,9,0,40,0.231311
3746,15472,4,True,1,0,17,0,159,0.41674
3747,15494,3,True,1,4,38,0,390,0.972155
3748,15497,3,True,1,4,36,0,353,0.953885
3749,15501,3,False,2,134,308,0,626,10.008728
3750,15502,4,True,1,0,40,0,330,0.399997
3751,15503,4,True,1,0,35,0,365,0.344764
3752,15505,3,True,1,0,37,0,263,0.354804
3753,15506,3,True,1,0,41,0,316,0.393179
3754,15508,3,True,1,3,39,0,338,0.398352
3755,15508,4,True,1,14,55,0,355,0.651659
3756,15509,3,False,2,292,697,0,2125,10.006443
3757,15511,3,False,2,211,540,0,1703,10.002999
3758,15512,3,False,2,126,359,0,1198,10.002309
3759,15514,3,True,1,0,18,0,194,0.45156
3760,15517,4,True,1,0,7,0,18,0.207441
3761,15528,3,False,2,109,304,0,1172,10.005866
3762,15535,4,True,1,0,3,0,5,0.094706
3763,15536,3,True,1,0,5,0,8,0.143655
3764,15538,4,True,1,0,3,0,5,0.101717
3765,15539,3,True,1,0,5,0,8,0.14699
3766,15540,3,True,1,0,5,0,8,0.147134
3767,15541,3,True,1,0,5,0,8,0.144208
3768,15554,3,True,1,0,5,0,8,0.144367
3769,15555,3,True,1,0,5,0,8,0.144184
3770,15555,4,True,1,0,3,0,5,0.094918
3771,15556,4,True,1,0,3,0,5,0.09591
3772,15557,4,True,1,0,3,0,5,0.095355
3773,15559,3,True,1,0,5,0,8,0.143423
3774,15562,3,True,1,0,5,0,8,0.142709
3775,15567,3,True,1,0,24,0,254,0.630568
3776,15574,3,True,1,64,140,0,243,5.065142
3777,15584,3,False,2,127,279,0,2282,10.021559
3778,15595,3,True,1,0,26,0,317,0.666309
3779,15596,4,False,2,119,289,0,1655,10.008817
3780,15600,3,False,2,123,284,0,1942,10.008906
3781,15602,4,True,1,0,8,0,47,0.225804
3782,15603,3,False,2,136,296,0,2067,10.261126
3783,15610,3,True,1,0,19,0,177,0.458291
3784,15611,4,True,1,15,80,0,671,2.248278
3785,15612,4,True,1,0,39,0,305,0.919769
3786,15615,3,False,2,134,296,0,1651,10.001897
3787,15617,4,True,1,3,36,0,297,0.950757
3788,15618,3,False,2,129,294,0,1163,10.011054
3789,15621,3,True,1,0,26,0,244,0.672788
3790,15622,4,True,1,0,21,0,187,0.558389
3791,15624,4,True,1,0,40,0,408,0.975046
3792,15625,3,False,2,114,309,0,828,10.017818
3793,15628,4,True,1,0,27,0,247,0.677236
3794,15629,3,True,1,0,30,0,292,0.733847
3795,15630,3,True,1,0,26,0,252,0.623099
3796,15631,4,False,2,125,303,0,1281,10.000548
3797,15634,3,True,1,0,36,0,308,0.876927
3798,15635,4,False,2,116,314,0,560,10.007734
3799,15637,4,False,2,123,300,0,1352,10.009996
3800,15639,3,False,2,123,303,0,1418,10.006499
3801,15641,4,True,1,0,27,0,261,0.657151
3802,15642,3,False,2,168,406,0,774,10.003789
3803,15644,3,True,1,0,35,0,296,0.373038
3804,15645,4,True,1,0,34,0,272,0.363253
3805,15650,3,False,2,284,647,0,973,10.027275
3806,15650,4,False,2,288,644,0,739,10.004369
3807,15651,3,True,1,0,26,0,232,0.302244
3808,15655,3,True,1,0,27,0,258,0.304299
3809,15656,4,True,1,0,26,0,227,0.289571
3810,15661,4,True,1,0,26,0,238,0.290946
3811,15663,3,True,1,0,6,0,10,0.077944
3812,15666,3,True,1,0,23,0,224,0.257799
3813,15666,4,True,1,0,26,0,265,0.293532
3814,15668,3,False,2,177,444,0,1003,10.078961
3815,15668,4,True,1,0,29,0,277,0.517906
3816,15670,3,True,1,0,27,0,264,0.285409
3817,15672,4,True,1,6,91,0,805,1.099001
3818,15673,3,True,1,0,19,0,107,0.204062
3819,15674,3,True,1,0,18,0,77,0.199942
3820,15676,3,True,1,0,10,0,42,0.115359
3821,15680,3,True,1,0,6,0,15,0.074778
3822,15681,4,True,1,0,5,0,12,0.064497
3823,15682,3,True,1,0,6,0,15,0.072676
3824,15683,3,True,1,0,6,0,15,0.07269
3825,15688,3,True,1,0,6,0,15,0.075168
3826,15689,3,True,1,0,6,0,15,0.085138
3827,15691,3,True,1,0,6,0,15,0.075794
3828,15695,3,True,1,0,6,0,15,0.073925
3829,15695,4,True,1,0,5,0,13,0.060907
3830,15696,4,True,1,0,5,0,13,0.062181
3831,15697,4,True,1,0,5,0,13,0.063169
3832,15699,3,True,1,0,6,0,15,0.075179
3833,15699,4,True,1,0,5,0,13,0.063695
3834,15700,4,True,1,0,5,0,13,0.062915
3835,15711,4,True,1,0,5,0,13,0.064507
3836,15712,4,True,1,0,8,0,28,0.096284
3837,15713,4,True,1,0,5,0,12,0.064462
3838,15715,3,True,1,0,6,0,15,0.073809
3839,15717,4,True,1,0,5,0,12,0.065828
3840,15719,4,True,1,0,5,0,12,0.067944
3841,15721,3,True,1,0,10,0,36,0.11939
3842,15721,4,True,1,0,23,0,132,0.263089
3843,15722,3,True,1,0,6,0,15,0.077021
3844,15723,4,True,1,0,5,0,13,0.065703
3845,15726,4,True,1,0,5,0,13,0.063612
3846,15731,4,True,1,0,5,0,13,0.064497
3847,15733,4,True,1,0,5,0,13,0.063496
3848,15734,3,True,1,0,6,0,15,0.072937
3849,15735,4,True,1,0,5,0,13,0.062799
3850,15740,4,True,1,0,5,0,12,0.067611
3851,15741,4,True,1,0,5,0,12,0.068177
3852,15745,3,True,1,0,6,0,15,0.077239
3853,15748,3,True,1,0,10,0,38,0.121342
3854,15748,4,True,1,0,27,0,154,0.305723
3855,15751,3,True,1,0,10,0,33,0.121483
3856,15751,4,True,1,0,27,0,149,0.30899
3857,15753,3,True,1,0,10,0,35,0.120513
3858,15756,3,True,1,0,5,0,12,0.06562
3859,15758,4,True,1,0,11,0,52,0.133042
3860,15759,4,True,1,0,11,0,51,0.131284
3861,15760,3,True,1,0,3,0,3,0.043197
3862,15761,3,True,1,0,16,0,96,0.191193
3863,15761,4,True,1,0,35,0,221,0.395302
3864,15763,3,True,1,0,23,0,212,0.259269
3865,15763,4,True,1,0,21,0,104,0.246373
3866,15764,4,True,1,0,9,0,31,0.114716
3867,15767,3,True,1,0,6,0,11,0.076543
3868,15770,3,True,1,0,7,0,22,0.087556
3869,15771,3,True,1,0,6,0,12,0.075685
3870,15773,3,True,1,0,5,0,12,0.066677
3871,15775,3,True,1,0,5,0,12,0.065085
3872,15779,3,True,1,0,5,0,12,0.069184
3873,15780,4,True,1,0,7,0,26,0.09459
3874,15783,4,True,1,0,6,0,20,0.076721
3875,15784,4,True,1,0,6,0,20,0.079319
3876,15786,3,True,1,0,5,0,10,0.065717
3877,15787,4,True,1,0,6,0,20,0.077218
3878,15788,3,True,1,0,5,0,10,0.068652
3879,15789,3,True,1,0,5,0,10,0.067038
3880,15790,3,True,1,0,5,0,10,0.067088
3881,15790,4,True,1,0,6,0,20,0.077547
3882,15794,4,True,1,0,6,0,20,0.077929
3883,15795,3,True,1,0,5,0,10,0.068709
3884,15795,4,True,1,0,6,0,20,0.077182
3885,15796,3,True,1,0,5,0,10,0.067394
3886,15800,3,True,1,0,5,0,10,0.069364
3887,15804,4,True,1,0,6,0,20,0.079646
3888,15806,3,True,1,0,5,0,10,0.069319
3889,15809,4,True,1,0,6,0,20,0.079362
3890,15810,3,True,1,0,5,0,10,0.065307
3891,15811,3,True,1,0,5,0,10,0.065519
3892,15811,4,True,1,0,6,0,20,0.076136
3893,15815,4,True,1,0,4,0,13,0.054436
3894,15819,4,True,1,0,4,0,13,0.05541
3895,15821,4,True,1,0,4,0,13,0.056649
3896,15826,4,True,1,0,4,0,13,0.055748
3897,15829,4,True,1,0,4,0,13,0.054469
3898,15831,3,True,1,0,5,0,10,0.063842
3899,15832,3,True,1,0,5,0,10,0.064427
3900,15833,3,True,1,0,5,0,10,0.065874
3901,15834,4,True,1,0,4,0,13,0.055849
3902,15835,3,True,1,0,5,0,10,0.069957
3903,15835,4,True,1,0,4,0,13,0.056978
3904,15848,3,True,1,16,58,0,474,0.816031
3905,15848,4,True,1,0,5,0,6,0.073457
3906,15853,4,True,1,0,23,0,243,0.260964
3907,15854,4,True,1,0,23,0,243,0.259216
3908,15855,3,True,1,0,4,0,3,0.053544
3909,15864,4,True,1,0,23,0,243,0.256175
3910,15866,3,True,1,0,4,0,3,0.055537
3911,15870,4,True,1,0,5,0,14,0.065463
3912,15873,4,True,1,0,5,0,14,0.064263
3913,15874,4,True,1,0,5,0,14,0.064444
3914,15876,4,True,1,0,5,0,14,0.064776
3915,15877,4,True,1,0,5,0,14,0.066808
3916,15878,3,True,1,0,4,0,3,0.055639
3917,15880,3,True,1,0,4,0,3,0.053844
3918,15881,4,True,1,0,5,0,14,0.064749
3919,15882,3,True,1,0,4,0,3,0.053338
3920,15885,3,True,1,0,4,0,3,0.053811
3921,15885,4,True,1,0,5,0,14,0.064972
3922,15886,4,True,1,0,5,0,14,0.0653
3923,15887,4,True,1,0,5,0,14,0.06505
3924,15888,3,True,1,0,4,0,3,0.055694
3925,15890,3,True,1,0,4,0,3,0.055437
3926,15891,4,True,1,0,5,0,14,0.064091
3927,15893,3,True,1,0,4,0,3,0.054247
3928,15897,4,True,1,0,3,0,6,0.043146
3929,15898,4,True,1,0,3,0,6,0.043503
3930,15899,4,True,1,0,3,0,6,0.04453
3931,15903,4,True,1,0,3,0,6,0.044079
3932,15904,3,True,1,0,4,0,3,0.056402
3933,15906,4,True,1,0,3,0,6,0.043891
3934,15907,3,True,1,0,4,0,3,0.056148
3935,15912,4,True,1,0,3,0,6,0.043019
3936,15914,3,True,1,0,4,0,3,0.053739
3937,15914,4,True,1,0,3,0,6,0.043359
3938,15915,3,True,1,0,4,0,3,0.055614
3939,15915,4,True,1,0,3,0,6,0.044559
3940,15916,3,True,1,0,4,0,3,0.059256
3941,15916,4,True,1,0,3,0,6,0.042955
3942,15918,4,True,1,0,3,0,6,0.04246
3943,15924,4,True,1,0,3,0,6,0.04305
3944,15928,3,True,1,0,4,0,3,0.05461
3945,15933,4,True,1,0,24,0,261,0.283479
3946,15941,3,True,1,0,4,0,3,0.058093
3947,15948,3,True,1,0,4,0,3,0.055714
3948,15949,4,True,1,0,24,0,261,0.281317
3949,15950,4,True,1,0,24,0,261,0.281393
3950,15951,3,True,1,0,4,0,3,0.058608
3951,15952,4,True,1,0,24,0,261,0.286218
3952,15953,3,True,1,0,4,0,3,0.059071
3953,15957,3,True,1,0,4,0,3,0.058754
3954,15958,4,True,1,0,24,0,261,0.300291
3955,15959,3,True,1,0,4,0,3,0.055677
3956,15964,3,True,1,0,4,0,3,0.053287
3957,15966,3,True,1,0,4,0,3,0.054047
3958,15967,3,True,1,0,4,0,3,0.054745
3959,15968,4,True,1,0,25,0,262,0.278711
3960,15969,3,True,1,0,4,0,3,0.055355
3961,15971,4,True,1,0,25,0,262,0.290453
3962,15972,3,True,1,0,4,0,3,0.080806
3963,15973,4,True,1,0,25,0,262,0.275136
3964,15978,3,True,1,0,4,0,3,0.060422
3965,15978,4,True,1,0,25,0,262,0.665918
3966,15979,4,True,1,0,25,0,262,0.528683
3967,15981,3,True,1,0,4,0,3,0.088132
3968,15983,4,True,1,0,25,0,262,0.5406
3969,15984,4,True,1,0,25,0,262,0.471934
3970,15986,3,True,1,0,4,0,3,0.120737
3971,15990,4,True,1,0,13,0,75,0.258918
3972,15992,3,True,1,0,20,0,190,0.247206
3973,15995,4,False,2,222,464,0,1639,10.007427
3974,15996,3,False,2,257,549,0,2776,10.00281
3975,15997,3,True,1,0,4,0,7,0.053469
3976,15999,3,True,1,0,21,0,186,0.229389
3977,15999,4,True,1,2,27,0,253,0.316942
3978,16001,3,True,1,0,4,0,9,0.054746
3979,16002,4,True,1,2,28,0,258,0.327498
3980,16003,3,True,1,0,4,0,9,0.053667
3981,16005,3,True,1,0,4,0,9,0.053191
3982,16005,4,True,1,2,28,0,258,0.328568
3983,16008,3,True,1,0,19,0,73,0.215465
3984,16008,4,True,1,2,28,0,259,0.327924
3985,16009,4,True,1,2,28,0,258,0.325592
3986,16011,3,True,1,0,19,0,72,0.220785
3987,16013,3,True,1,0,19,0,72,0.214266
3988,16014,3,True,1,0,19,0,73,0.216268
3989,16016,3,True,1,0,19,0,73,0.219321
3990,16021,4,True,1,0,20,0,220,0.225872
3991,16026,3,True,1,0,18,0,65,0.20822
3992,16028,3,True,1,0,19,0,71,0.22055
3993,16028,4,True,1,0,22,0,225,0.248745
3994,16030,3,True,1,0,19,0,71,0.216548
3995,16031,4,True,1,0,22,0,225,0.237183
3996,16035,3,True,1,0,19,0,70,0.213481
3997,16036,3,True,1,0,19,0,71,0.217039
3998,16037,4,True,1,0,20,0,196,0.487969
3999,16039,3,True,1,0,19,0,70,0.488441
4000,16043,3,True,1,0,3,0,6,0.099193
4001,16043,4,True,1,0,21,0,232,0.510621
4002,16052,3,True,1,0,25,0,275,0.640362
4003,16055,4,True,1,0,22,0,177,0.530446
4004,16058,3,True,1,0,25,0,275,0.603887
4005,16070,3,True,1,0,25,0,275,0.602347
4006,16070,4,True,1,0,33,0,244,0.818286
4007,16073,3,True,1,0,25,0,263,0.618961
4008,16076,3,True,1,0,25,0,275,0.618965
4009,16076,4,True,1,0,41,0,379,0.973049
4010,16079,4,True,1,0,33,0,268,0.809392
4011,16082,3,True,1,0,25,0,275,0.614302
4012,16086,4,True,1,0,38,0,328,0.922998
4013,16098,3,True,1,0,78,0,574,2.018577
4014,16098,4,True,1,0,78,0,575,1.422505
4015,16103,3,True,1,0,10,0,49,0.119193
4016,16109,3,True,1,0,6,0,16,0.073403
4017,16115,4,True,1,6,38,0,341,0.474033
4018,16123,4,True,1,0,19,0,88,0.229072
4019,16134,3,True,1,0,61,0,388,0.705142
4020,16137,4,True,1,0,40,0,347,0.465342
4021,16138,4,True,1,0,31,0,251,0.344979
4022,16139,4,False,2,258,620,0,1901,10.055818
4023,16140,3,True,1,0,41,0,352,0.488137
4024,16142,3,True,1,0,29,0,219,0.321114
4025,16143,4,False,2,105,325,0,1095,10.007966
4026,16146,3,True,1,0,34,0,306,0.922123
4027,16146,4,False,2,276,613,0,1016,10.004129
4028,16148,3,True,1,0,17,0,140,0.206233
4029,16150,3,True,1,0,7,0,21,0.098994
4030,16153,4,False,2,258,576,0,4020,10.013494
4031,16155,3,False,2,106,321,0,4226,10.050417
4032,16155,4,False,2,204,454,0,2668,10.01021
4033,16160,4,True,1,0,24,0,251,0.353679
4034,16163,3,True,1,6,36,0,279,0.461417
4035,16171,3,True,1,64,147,0,411,3.261678
4036,16174,3,True,1,36,93,0,724,2.742753
4037,16174,4,False,2,210,471,0,513,10.005231
4038,16177,4,True,1,12,56,0,616,0.73208
4039,16196,3,True,1,0,30,0,360,0.331809
4040,16200,4,False,2,266,566,0,3934,10.002494
4041,16201,4,False,2,247,541,0,3299,10.007443
4042,16202,4,False,2,264,574,0,3702,10.007834
4043,16204,3,False,2,304,654,0,2495,10.104515
4044,16209,3,False,2,316,659,0,1330,10.006136
4045,16210,4,True,1,0,39,0,317,0.451666
4046,16211,3,True,1,0,39,0,287,0.439219
4047,16211,4,True,1,0,19,0,168,0.215803
4048,16217,3,False,2,287,645,0,1089,10.020285
4049,16220,3,True,1,11,48,0,407,0.678016
4050,16220,4,False,2,281,607,0,3476,10.000628
4051,16223,3,True,1,0,21,0,193,0.236768
4052,16224,3,False,2,294,642,0,3522,10.032971
4053,16224,4,False,2,288,633,0,3530,10.001698
4054,16225,3,False,2,226,529,0,3307,10.002745
4055,16226,3,False,2,130,308,0,1757,10.020881
4056,16229,4,False,2,125,301,0,319,10.010662
4057,16231,4,False,2,130,279,0,1433,10.009329
4058,16232,4,False,2,130,284,0,1521,10.023701
4059,16234,4,False,2,130,292,0,394,10.014883
4060,16235,3,False,2,120,298,0,1169,10.003231
4061,16237,4,True,1,0,30,0,259,0.764261
4062,16241,4,False,2,139,348,0,771,10.020098
4063,16242,4,False,2,297,641,0,2865,10.034582
4064,16245,4,True,1,0,29,0,237,0.317813
4065,16246,4,True,1,0,35,0,309,0.378903
4066,16247,3,True,1,0,28,0,248,0.30301
4067,16253,4,True,1,0,27,0,224,0.292321
4068,16255,3,False,2,231,551,0,803,10.030066
4069,16255,4,True,1,0,31,0,248,0.347142
4070,16260,3,True,1,0,25,0,212,0.282418
4071,16265,3,True,1,0,6,0,14,0.076884
4072,16269,4,False,2,298,650,0,3076,10.004102
4073,16270,4,False,2,236,563,0,1184,10.071085
4074,16271,3,False,2,286,633,0,3895,10.005802
4075,16272,3,False,2,286,634,0,4659,10.010248
4076,16272,4,False,2,293,648,0,4394,10.008257
4077,16274,4,True,1,26,93,0,739,1.292338
4078,16276,3,True,1,0,17,0,154,0.201834
4079,16279,4,True,1,0,10,0,51,0.119968
4080,16280,4,True,1,0,10,0,51,0.118955
4081,16281,4,True,1,0,10,0,51,0.116016
4082,16284,3,True,1,0,6,0,15,0.075381
4083,16284,4,True,1,0,10,0,51,0.118181
4084,16288,4,True,1,0,6,0,20,0.077148
4085,16289,3,True,1,0,4,0,13,0.054234
4086,16291,3,True,1,0,4,0,13,0.05364
4087,16293,4,True,1,0,10,0,46,0.115815
4088,16295,3,True,1,0,6,0,15,0.076989
4089,16296,4,True,1,0,10,0,46,0.120891
4090,16298,4,True,1,0,10,0,46,0.118884
4091,16302,3,True,1,0,4,0,14,0.054031
4092,16306,4,True,1,0,6,0,20,0.076382
4093,16308,4,True,1,0,6,0,20,0.077971
4094,16310,4,True,1,0,10,0,48,0.119508
4095,16311,4,True,1,0,10,0,48,0.119794
4096,16313,4,True,1,0,10,0,48,0.122081
4097,16314,4,True,1,0,10,0,48,0.117829
4098,16317,3,True,1,0,4,0,14,0.053424
4099,16318,4,True,1,0,6,0,20,0.075941
4100,16319,4,True,1,0,6,0,20,0.077045
4101,16320,3,True,1,0,4,0,14,0.053901
4102,16320,4,True,1,0,6,0,20,0.076744
4103,16321,4,True,1,0,6,0,20,0.076678
4104,16322,3,True,1,0,4,0,14,0.056767
4105,16323,3,True,1,0,4,0,14,0.055066
4106,16323,4,True,1,0,6,0,20,0.074659
4107,16324,4,True,1,0,6,0,20,0.075611
4108,16325,3,True,1,0,6,0,15,0.076249
4109,16326,3,True,1,0,6,0,15,0.078027
4110,16327,4,True,1,0,10,0,54,0.117948
4111,16329,4,True,1,0,10,0,54,0.118451
4112,16330,3,True,1,0,6,0,15,0.078088
4113,16333,3,True,1,0,4,0,14,0.075888
4114,16334,3,True,1,0,4,0,14,0.067627
4115,16335,3,True,1,0,4,0,14,0.054725
4116,16336,3,True,1,0,4,0,14,0.054312
4117,16338,3,True,1,0,4,0,14,0.055313
4118,16339,4,True,1,0,6,0,20,0.076183
4119,16340,4,True,1,0,6,0,20,0.074843
4120,16341,4,True,1,0,10,0,46,0.118194
4121,16343,3,True,1,0,6,0,15,0.074402
4122,16347,4,True,1,0,10,0,46,0.116259
4123,16349,4,True,1,0,6,0,20,0.072831
4124,16350,3,True,1,0,4,0,13,0.052344
4125,16351,4,True,1,0,6,0,20,0.076533
4126,16352,3,True,1,0,4,0,13,0.051894
4127,16352,4,True,1,0,6,0,20,0.073038
4128,16355,3,True,1,0,4,0,13,0.053533
4129,16355,4,True,1,0,6,0,20,0.074243
4130,16362,4,True,1,0,10,0,45,0.114575
4131,16363,3,True,1,0,6,0,15,0.072608
4132,16363,4,True,1,0,10,0,45,0.113258
4133,16364,4,True,1,0,10,0,45,0.115665
4134,16367,3,True,1,0,4,0,14,0.05337
4135,16368,4,True,1,0,6,0,20,0.075551
4136,16371,3,True,1,0,4,0,14,0.051362
4137,16371,4,True,1,0,6,0,20,0.072836
4138,16372,3,True,1,0,4,0,14,0.051973
4139,16372,4,True,1,0,6,0,20,0.076697
4140,16375,4,True,1,0,10,0,49,0.118609
4141,16376,3,True,1,0,6,0,15,0.076909
4142,16377,4,True,1,0,10,0,49,0.11666
4143,16379,3,True,1,0,6,0,15,0.07391
4144,16380,3,True,1,0,6,0,15,0.073143
4145,16383,3,True,1,0,4,0,14,0.054156
4146,16385,3,True,1,0,4,0,14,0.056156
4147,16385,4,True,1,0,6,0,20,0.076581
4148,16386,3,True,1,0,4,0,14,0.055065
4149,16387,3,True,1,0,4,0,14,0.053794
4150,16387,4,True,1,0,6,0,20,0.080657
4151,16389,4,True,1,0,10,0,57,0.118886
4152,16393,4,True,1,0,10,0,57,0.120696
4153,16398,3,True,1,0,4,0,13,0.054537
4154,16406,3,True,1,0,6,0,15,0.077893
4155,16406,4,True,1,0,5,0,13,0.067782
4156,16407,3,True,1,0,6,0,15,0.074489
4157,16408,4,True,1,0,5,0,13,0.063723
4158,16410,4,True,1,0,5,0,13,0.066619
4159,16411,3,True,1,0,6,0,15,0.077263
4160,16416,4,True,1,0,5,0,13,0.06512
4161,16417,3,True,1,0,6,0,15,0.073782
4162,16418,3,True,1,0,6,0,15,0.073703
4163,16423,3,True,1,0,6,0,15,0.073898
4164,16426,4,True,1,0,5,0,13,0.065755
4165,16429,4,True,1,0,5,0,13,0.064832
4166,16430,4,True,1,0,5,0,13,0.063315
4167,16432,3,True,1,0,6,0,15,0.07452
4168,16433,3,True,1,0,6,0,17,0.075258
4169,16439,4,True,1,0,5,0,15,0.064152
4170,16440,4,True,1,0,5,0,15,0.062094
4171,16443,3,True,1,0,6,0,17,0.073419
4172,16452,3,True,1,0,6,0,17,0.074003
4173,16452,4,True,1,0,5,0,14,0.063904
4174,16453,4,True,1,0,5,0,14,0.064408
4175,16455,4,True,1,0,5,0,14,0.064087
4176,16466,4,True,1,0,5,0,15,0.066132
4177,16471,3,True,1,0,6,0,17,0.076799
4178,16474,4,True,1,1,42,0,369,0.472894
4179,16480,3,True,1,0,15,0,89,0.168633
4180,16480,4,True,1,0,26,0,278,0.285288
4181,16484,4,True,1,0,7,0,26,0.084317
4182,16487,3,True,1,0,6,0,16,0.074224
4183,16488,3,True,1,0,6,0,16,0.071939
4184,16491,3,True,1,0,6,0,16,0.073804
4185,16493,4,True,1,0,8,0,32,0.093749
4186,16495,3,True,1,0,6,0,16,0.073281
4187,16503,4,True,1,0,8,0,33,0.094939
4188,16506,3,True,1,0,5,0,14,0.061858
4189,16508,3,True,1,0,6,0,15,0.073228
4190,16510,4,True,1,0,14,0,67,0.162346
4191,16515,3,True,1,0,5,0,15,0.063118
4192,16516,4,True,1,0,4,0,10,0.054849
4193,16517,4,True,1,0,20,0,228,0.223075
4194,16518,3,True,1,0,24,0,149,0.268862
4195,16523,3,True,1,0,4,0,5,0.055184
4196,16528,3,True,1,0,4,0,5,0.05431
4197,16530,3,True,1,0,4,0,5,0.054731
4198,16533,4,True,1,4,34,0,339,0.416175
4199,16536,4,True,1,0,4,0,6,0.055225
4200,16539,4,True,1,0,4,0,6,0.056522
4201,16541,3,True,1,0,23,0,265,0.259967
4202,16542,4,True,1,0,4,0,6,0.054814
4203,16544,3,True,1,0,23,0,265,0.255642
4204,16546,4,True,1,0,4,0,6,0.054254
4205,16548,4,True,1,0,4,0,6,0.055841
4206,16549,4,True,1,0,4,0,6,0.054583
4207,16551,4,True,1,0,5,0,18,0.067637
4208,16557,3,True,1,0,4,0,5,0.059305
4209,16561,4,True,1,0,5,0,18,0.066502
4210,16562,3,True,1,0,4,0,5,0.053538
4211,16562,4,True,1,0,5,0,18,0.077147
4212,16565,3,True,1,0,4,0,5,0.054553
4213,16566,3,True,1,0,24,0,284,0.271345
4214,16570,4,True,1,0,4,0,6,0.054907
4215,16581,3,True,1,0,24,0,284,0.270813
4216,16582,4,True,1,0,4,0,6,0.056137
4217,16583,4,True,1,0,4,0,6,0.055817
4218,16585,3,True,1,0,24,0,284,0.269884
4219,16586,3,True,1,0,24,0,284,0.267259
4220,16590,3,True,1,0,24,0,284,0.261057
4221,16591,3,True,1,0,24,0,284,0.267481
4222,16591,4,True,1,0,4,0,6,0.056626
4223,16597,3,True,1,0,12,0,65,0.138783
4224,16598,3,True,1,0,3,0,2,0.040418
4225,16601,3,True,1,0,20,0,69,0.226013
4226,16603,3,True,1,0,20,0,71,0.223813
4227,16607,4,True,1,0,3,0,4,0.044456
4228,16609,3,True,1,0,20,0,72,0.227769
4229,16609,4,True,1,0,3,0,4,0.043144
4230,16610,3,True,1,0,20,0,71,0.222393
4231,16612,3,True,1,0,20,0,71,0.225554
4232,16616,4,True,1,0,3,0,4,0.041785
4233,16618,4,True,1,0,3,0,4,0.042304
4234,16624,4,True,1,0,3,0,4,0.043549
4235,16625,4,True,1,0,3,0,4,0.043359
4236,16629,4,True,1,0,3,0,4,0.041774
4237,16631,4,True,1,0,3,0,4,0.04329
4238,16635,4,False,2,264,563,0,2644,10.010429
4239,16636,3,True,1,0,20,0,239,0.230225
4240,16638,3,True,1,0,20,0,239,0.236002
4241,16639,3,True,1,0,20,0,239,0.239365
4242,16639,4,True,1,0,4,0,10,0.054883
4243,16645,3,True,1,0,3,0,6,0.046913
4244,16645,4,True,1,0,19,0,89,0.228771
4245,16649,4,True,1,0,19,0,89,0.224315
4246,16652,4,True,1,0,19,0,88,0.226213
4247,16653,4,True,1,0,19,0,89,0.222557
4248,16656,3,True,1,0,48,0,333,0.539135
4249,16663,4,True,1,0,63,0,421,0.69474
4250,16667,4,True,1,0,41,0,408,0.443701
4251,16673,3,True,1,0,22,0,169,0.250385
4252,16714,3,True,1,0,8,0,26,0.104211
4253,16716,4,True,1,54,129,0,1023,2.04403
4254,16723,4,True,1,0,8,0,26,0.096395
4255,16745,3,True,1,0,48,0,420,0.545921
4256,16746,3,True,1,58,141,0,755,2.146487
4257,16746,4,True,1,0,20,0,117,0.221986
4258,16752,4,True,1,1,25,0,162,0.284309
4259,16753,4,False,2,209,528,0,1651,10.007154
4260,16755,3,True,1,0,36,0,339,0.410573
4261,16755,4,True,1,1,26,0,174,0.295951
4262,16756,3,False,2,229,571,0,1767,10.017192
4263,16756,4,False,2,297,670,0,1184,10.003061
4264,16758,3,False,2,95,302,0,1027,10.0003
4265,16759,4,True,1,0,18,0,149,0.211738
4266,16760,4,True,1,0,34,0,307,0.392999
4267,16761,3,True,1,0,18,0,159,0.225991
4268,16769,4,False,2,190,482,0,2630,10.083921
4269,16772,3,False,2,193,486,0,2580,10.192906
4270,16772,4,False,2,154,442,0,2505,10.017552
4271,16781,3,False,2,263,577,0,3159,10.000534
4272,16782,4,False,2,154,421,0,2462,10.058762
4273,16785,4,False,2,186,395,0,2615,10.067533
4274,16787,4,True,1,0,24,0,223,0.568753
4275,16789,4,True,1,0,24,0,223,0.599264
4276,16791,3,True,1,0,5,0,8,0.142736
4277,16793,3,True,1,0,5,0,8,0.141517
4278,16795,3,True,1,0,5,0,8,0.129188
4279,16796,3,True,1,0,5,0,8,0.135465
4280,16797,3,True,1,0,5,0,8,0.133026
4281,16797,4,True,1,0,24,0,223,0.409933
4282,16798,3,True,1,0,5,0,8,0.067407
4283,16800,3,True,1,0,5,0,8,0.066461
4284,16803,3,True,1,0,5,0,8,0.063687
4285,16805,4,True,1,0,24,0,223,0.271575
4286,16806,4,True,1,0,24,0,223,0.262811
4287,16810,3,True,1,0,5,0,8,0.064272
4288,16811,3,True,1,0,5,0,8,0.064266
4289,16811,4,True,1,0,24,0,223,0.26579
4290,16813,4,True,1,0,24,0,223,0.266248
4291,16817,3,True,1,0,5,0,8,0.065111
4292,16818,3,True,1,0,5,0,8,0.062541
4293,16819,3,True,1,0,5,0,8,0.062755
4294,16820,3,True,1,0,5,0,8,0.064066
4295,16821,3,True,1,0,5,0,8,0.077149
4296,16823,4,True,1,0,21,0,210,0.235277
4297,16825,3,True,1,0,5,0,8,0.065179
4298,16826,4,True,1,0,21,0,210,0.238434
4299,16831,4,True,1,0,21,0,210,0.233151
4300,16837,3,True,1,0,5,0,8,0.063043
4301,16839,3,True,1,0,5,0,8,0.064795
4302,16839,4,True,1,0,21,0,210,0.23011
4303,16846,4,True,1,0,21,0,210,0.231481
4304,16847,4,True,1,0,21,0,210,0.226808
4305,16850,3,True,1,0,24,0,254,0.261804
4306,16859,4,True,1,55,131,0,1103,2.010743
4307,16866,3,True,1,0,20,0,199,0.213176
4308,16868,4,False,2,299,665,0,2694,10.017972
4309,16870,4,False,2,294,612,0,3786,10.006721
4310,16881,4,True,1,0,30,0,387,0.325735
4311,16882,4,True,1,0,29,0,371,0.327995
4312,16884,4,True,1,0,10,0,89,0.116128
4313,16885,3,False,2,307,640,0,4083,10.010668
4314,16886,3,False,2,288,652,0,3346,10.007609
4315,16887,3,False,2,300,677,0,2565,10.006916
4316,16887,4,True,1,0,22,0,146,0.236519
4317,16891,4,False,2,312,660,0,4401,10.020592
4318,16892,3,False,2,309,655,0,4688,10.009345
4319,16894,4,False,2,206,451,0,2770,10.145213
4320,16896,4,False,2,289,598,0,802,10.009064
4321,16899,3,True,1,4,34,0,285,0.635199
4322,16902,3,True,1,0,19,0,175,0.323696
4323,16902,4,True,1,0,39,0,305,0.46027
4324,16910,4,False,2,295,644,0,2744,10.00778
4325,16914,4,False,2,302,652,0,3527,10.00649
4326,16915,3,True,1,0,56,0,362,0.634949
4327,16915,4,True,1,0,21,0,187,0.242478
4328,16918,4,False,2,305,642,0,2971,10.076839
4329,16921,4,False,2,301,663,0,518,10.003797
4330,16923,4,False,2,295,642,0,2693,10.006196
4331,16925,4,True,1,0,29,0,282,0.318363
4332,16926,4,False,2,242,554,0,970,10.004451
4333,16928,3,False,2,281,621,0,2937,10.006563
4334,16930,3,False,2,289,629,0,3099,10.002543
4335,16932,3,False,2,293,632,0,3201,10.021262
4336,16933,4,False,2,291,632,0,2882,10.007851
4337,16939,4,False,2,292,646,0,2613,10.004372
4338,16942,3,False,2,233,552,0,805,10.069239
4339,16943,3,True,1,0,24,0,231,0.27136
4340,16943,4,True,1,0,28,0,276,0.324855
4341,16946,3,True,1,0,48,0,493,0.5441
4342,16948,4,True,1,0,63,0,597,0.708338
4343,16950,4,True,1,0,7,0,34,0.091696
4344,16951,3,True,1,0,32,0,316,0.380609
4345,16953,3,False,2,246,550,0,1192,10.003686
4346,16953,4,True,1,0,29,0,264,0.325652
4347,16954,3,False,2,178,413,0,1965,10.044033
4348,16959,4,True,1,0,17,0,150,0.436021
4349,16967,3,True,1,0,6,0,15,0.17884
4350,16969,4,True,1,0,6,0,20,0.169386
4351,16971,4,True,1,0,6,0,20,0.166095
4352,16973,3,True,1,0,4,0,14,0.119139
4353,16975,4,True,1,0,6,0,20,0.164665
4354,16978,3,True,1,0,6,0,15,0.179873
4355,16981,3,True,1,0,6,0,15,0.171149
4356,16981,4,True,1,0,10,0,47,0.257878
4357,16983,3,True,1,0,6,0,15,0.164454
4358,16988,3,True,1,0,4,0,14,0.117688
4359,16990,3,True,1,0,4,0,14,0.116119
4360,16991,3,True,1,0,4,0,14,0.119866
4361,16992,3,True,1,0,4,0,14,0.121814
4362,16994,4,True,1,0,10,0,49,0.256979
4363,16996,4,True,1,0,10,0,49,0.265226
4364,16997,3,True,1,0,6,0,15,0.166176
4365,16997,4,True,1,0,10,0,49,0.292003
4366,16998,4,True,1,0,10,0,49,0.260903
4367,16999,4,True,1,0,10,0,49,0.260711
4368,17003,4,True,1,0,6,0,20,0.174662
4369,17006,3,True,1,0,4,0,14,0.119139
4370,17011,3,True,1,0,4,0,14,0.120841
4371,17012,3,True,1,0,4,0,14,0.120836
4372,17013,4,True,1,0,6,0,22,0.171478
4373,17017,3,True,1,0,4,0,14,0.120905
4374,17018,3,True,1,0,4,0,14,0.120953
4375,17020,3,True,1,0,4,0,14,0.0474
4376,17020,4,True,1,0,6,0,22,0.062692
4377,17021,4,True,1,0,6,0,22,0.067882
4378,17022,4,True,1,0,6,0,22,0.066624
4379,17031,4,True,1,0,6,0,22,0.067763
4380,17033,4,True,1,0,6,0,22,0.066979
4381,17034,4,True,1,0,6,0,22,0.063051
4382,17035,3,True,1,0,4,0,14,0.044454
4383,17038,3,True,1,0,4,0,14,0.044627
4384,17039,4,True,1,0,6,0,22,0.063414
4385,17041,3,True,1,0,4,0,14,0.046831
4386,17043,4,True,1,0,6,0,22,0.066849
4387,17045,4,True,1,0,6,0,22,0.066124
4388,17050,3,True,1,0,7,0,32,0.073184
4389,17051,3,True,1,0,7,0,32,0.072701
4390,17052,3,True,1,26,77,0,694,0.950125
4391,17053,4,True,1,0,8,0,23,0.079642
4392,17061,4,True,1,0,13,0,68,0.128505
4393,17062,3,True,1,0,8,0,20,0.081486
4394,17065,4,True,1,0,17,0,146,0.165254
4395,17071,4,True,1,0,23,0,314,0.221967
4396,17073,4,True,1,0,25,0,386,0.24363
4397,17074,3,True,1,0,8,0,20,0.081467
4398,17075,4,True,1,0,27,0,466,0.262211
4399,17077,4,True,1,0,29,0,554,0.289744
4400,17079,3,True,1,0,7,0,14,0.073499
4401,17081,4,True,1,0,33,0,754,0.3202
4402,17084,3,True,1,0,7,0,14,0.090784
4403,17084,4,True,1,0,36,0,925,0.348555
4404,17087,4,True,1,0,38,0,1079,0.396267
4405,17088,4,True,1,0,6,0,25,0.063928
4406,17093,3,True,1,0,9,0,30,0.091368
4407,17095,3,True,1,0,8,0,20,0.085925
4408,17095,4,True,1,0,6,0,25,0.066007
4409,17100,3,True,1,0,8,0,20,0.083196
4410,17102,3,True,1,0,8,0,20,0.082526
4411,17103,4,True,1,0,6,0,25,0.063696
4412,17107,3,True,1,0,8,0,20,0.083621
4413,17109,3,True,1,0,7,0,14,0.076773
4414,17110,3,True,1,0,7,0,14,0.097041
4415,17110,4,True,1,0,6,0,25,0.125944
4416,17112,3,True,1,0,7,0,14,0.149304
4417,17112,4,True,1,0,6,0,25,0.130405
4418,17116,3,True,1,0,7,0,14,0.120607
4419,17122,4,True,1,0,4,0,11,0.043818
4420,17126,4,True,1,0,4,0,8,0.043975
4421,17131,4,True,1,0,4,0,8,0.04276
4422,17133,3,True,1,0,20,0,223,0.274089
4423,17135,3,True,1,0,20,0,223,0.194428
4424,17137,4,True,1,0,4,0,8,0.062391
4425,17141,4,True,1,0,12,0,75,0.224947
4426,17145,4,True,1,0,10,0,37,0.100831
4427,17148,3,True,1,0,4,0,10,0.045669
4428,17148,4,True,1,0,4,0,12,0.043563
4429,17150,3,True,1,0,9,0,60,0.089985
4430,17153,3,True,1,0,4,0,15,0.044354
4431,17160,3,True,1,0,25,0,275,0.240149
4432,17166,4,True,1,0,22,0,177,0.210579
4433,17172,3,True,1,0,25,0,263,0.445938
4434,17184,3,True,1,0,25,0,263,0.462786
4435,17187,4,True,1,0,41,0,379,0.42036
4436,17194,4,True,1,0,18,0,168,0.173434
4437,17214,3,True,1,0,18,0,184,0.236093
4438,17217,3,True,1,0,5,0,12,0.104698
4439,17217,4,True,1,0,7,0,26,0.138997
4440,17224,4,True,1,6,38,0,342,0.529326
4441,17232,3,True,1,2,28,0,231,0.28475
4442,17233,3,True,1,0,3,0,6,0.035244
4443,17234,4,True,1,0,19,0,88,0.185222
4444,17245,4,False,2,353,755,0,1264,10.005186
4445,17247,3,False,2,349,727,0,4873,10.005255
4446,17252,3,True,1,0,36,0,379,0.364366
4447,17255,3,True,1,0,18,0,116,0.211707
4448,17256,3,False,2,234,580,0,1831,10.004147
4449,17261,4,False,2,300,674,0,1164,10.011799
4450,17262,4,False,2,310,673,0,1231,10.005264
4451,17264,3,True,1,0,20,0,116,0.22068
4452,17265,3,False,2,320,667,0,1868,10.037095
4453,17268,4,False,2,308,644,0,3497,10.006582
4454,17271,3,False,2,321,668,0,3564,10.114647
4455,17271,4,False,2,236,573,0,3307,10.144479
4456,17272,3,False,2,276,698,0,3192,10.004809
4457,17273,3,False,2,244,513,0,2733,10.18783
4458,17276,4,True,1,0,7,0,26,0.182505
4459,17278,3,False,2,176,451,0,2430,10.034397
4460,17284,3,False,2,306,660,0,3562,10.039257
4461,17305,3,True,1,0,21,0,230,0.225677
4462,17307,3,True,1,0,21,0,230,0.230665
4463,17307,4,True,1,0,5,0,12,0.06369
4464,17308,3,True,1,0,21,0,230,0.234967
4465,17314,4,True,1,0,5,0,12,0.064329
4466,17315,4,True,1,0,5,0,12,0.063467
4467,17317,4,True,1,0,5,0,12,0.067069
4468,17319,4,True,1,0,5,0,12,0.065191
4469,17328,4,True,1,117,255,0,1350,3.932014
4470,17329,4,True,1,37,94,0,506,1.410325
4471,17335,3,True,1,0,8,0,29,0.097968
4472,17335,4,True,1,0,8,0,30,0.097231
4473,17338,3,False,2,249,519,0,4889,10.031031
4474,17340,3,False,2,175,443,0,2104,10.007772
4475,17340,4,False,2,294,665,0,5654,10.004412
4476,17353,3,False,2,314,658,0,5300,10.013737
4477,17356,4,False,2,310,645,0,3918,10.082108
4478,17359,3,True,1,17,50,0,264,0.72047
4479,17359,4,False,2,112,304,0,1813,10.062084
4480,17362,4,False,2,272,628,0,3690,10.008747
4481,17363,3,False,2,158,405,0,934,10.008832
4482,17364,4,False,2,139,292,0,1609,10.013912
4483,17365,4,True,1,0,3,0,6,0.090557
4484,17367,4,False,2,131,320,0,1328,10.401327
4485,17368,4,True,1,0,16,0,96,0.381297
4486,17369,3,False,2,266,562,0,3620,10.013652
4487,17371,4,False,2,284,607,0,4520,10.060281
4488,17375,4,False,2,127,281,0,1994,10.044786
4489,17378,3,False,2,127,286,0,2310,10.018902
4490,17381,3,False,2,131,287,0,2149,10.004662
4491,17381,4,True,1,2,35,0,253,0.884122
4492,17384,4,True,1,0,19,0,168,0.458972
4493,17385,4,True,1,0,39,0,299,0.951891
4494,17386,4,True,1,0,19,0,166,0.465897
4495,17389,3,True,1,33,96,0,442,3.110538
4496,17394,4,False,2,130,298,0,1290,10.030049
4497,17395,3,False,2,126,296,0,986,10.02057
4498,17396,3,True,1,4,47,0,339,1.233828
4499,17399,3,True,1,0,35,0,227,0.89589
4500,17399,4,True,1,0,28,0,267,0.692674
4501,17405,3,False,2,131,288,0,1711,10.000743
4502,17405,4,False,2,125,273,0,1616,10.013257
4503,17408,4,True,1,0,26,0,248,0.679509
4504,17412,3,False,2,115,290,0,1186,10.005107
4505,17412,4,True,1,0,28,0,243,0.70119
4506,17414,3,True,1,0,28,0,252,0.715237
4507,17417,3,True,1,0,26,0,246,0.652698
4508,17417,4,True,1,0,26,0,254,0.635098
4509,17418,4,True,1,0,63,0,597,1.568902
4510,17419,4,True,1,0,6,0,25,0.172053
4511,17420,3,True,1,0,25,0,254,0.6471
4512,17422,3,True,1,0,6,0,16,0.168328
4513,17423,3,True,1,0,27,0,249,0.673629
4514,17424,3,False,2,119,306,0,1457,10.107929
4515,17426,3,True,1,0,63,0,738,1.600334
4516,17428,4,True,1,0,20,0,180,0.520852
4517,17431,4,True,1,0,5,0,9,0.14465
4518,17432,4,True,1,0,18,0,149,0.461631
4519,17435,3,True,1,0,5,0,7,0.14435
4520,17441,4,True,1,0,21,0,229,0.522413
4521,17442,3,True,1,0,9,0,34,0.23715
4522,17443,3,True,1,0,8,0,28,0.218477
4523,17443,4,False,2,134,291,0,2474,10.025174
4524,17444,3,True,1,0,5,0,5,0.142796
4525,17448,4,True,1,0,21,0,255,0.524913
4526,17451,3,True,1,0,10,0,29,0.263032
4527,17457,3,True,1,0,8,0,22,0.214731
4528,17458,4,True,1,0,6,0,30,0.168261
4529,17459,3,True,1,0,8,0,22,0.215025
4530,17464,4,True,1,0,6,0,30,0.170797
4531,17469,3,True,1,0,8,0,22,0.219702
4532,17470,3,True,1,0,7,0,16,0.191674
4533,17471,3,True,1,0,7,0,16,0.194481
4534,17475,3,True,1,0,7,0,16,0.197362
4535,17481,3,True,1,0,37,0,1155,0.928175
4536,17484,3,True,1,0,3,0,5,0.097034
4537,17491,4,True,1,6,38,0,377,1.08099
4538,17496,4,True,1,6,38,0,377,1.053358
4539,17497,3,True,1,0,20,0,74,0.499507
4540,17501,4,True,1,6,38,0,378,1.051388
4541,17503,3,True,1,0,20,0,90,0.499846
4542,17504,3,True,1,0,20,0,89,0.502852
4543,17504,4,True,1,6,38,0,377,1.076907
4544,17505,4,True,1,6,38,0,378,1.113071
4545,17507,4,True,1,6,38,0,378,1.111881
4546,17519,3,True,1,0,20,0,74,0.501785
4547,17523,3,True,1,0,20,0,74,0.531352
4548,17524,4,True,1,11,48,0,450,1.443428
4549,17525,3,True,1,0,20,0,74,0.507148
4550,17525,4,True,1,11,48,0,450,1.458755
4551,17527,3,True,1,0,20,0,72,0.548854
4552,17533,3,True,1,0,21,0,73,0.577055
4553,17533,4,True,1,11,46,0,421,1.420101
4554,17534,3,True,1,0,21,0,72,0.552276
4555,17536,3,True,1,0,20,0,71,0.52272
4556,17541,3,True,1,0,3,0,6,0.111114
4557,17541,4,False,2,130,283,0,1798,10.019191
4558,17542,3,True,1,0,3,0,6,0.095419
4559,17543,4,False,2,133,290,0,2115,10.150027
4560,17546,4,True,1,0,48,0,334,1.199199
4561,17556,4,True,1,0,22,0,164,0.561968
4562,17557,3,True,1,0,25,0,265,0.646228
4563,17557,4,True,1,0,41,0,408,1.043419
4564,17567,3,True,1,0,25,0,265,0.632911
4565,17570,3,True,1,0,13,0,75,0.330677
4566,17573,4,True,1,0,33,0,216,0.820804
4567,17579,4,True,1,0,41,0,351,1.02745
4568,17586,4,True,1,0,26,0,257,0.599222
4569,17595,4,True,1,0,18,0,141,0.450927
4570,17604,3,True,1,0,8,0,26,0.208863
4571,17605,4,True,1,109,240,0,1907,8.586342
4572,17622,4,True,1,2,28,0,258,0.753643
4573,17631,4,True,1,4,36,0,354,1.003776
4574,17634,4,False,2,126,275,0,1443,10.004374
4575,17639,4,False,2,185,399,0,2673,10.021335
4576,17640,3,True,1,42,109,0,775,3.537975
4577,17640,4,True,1,1,27,0,187,0.641215
4578,17643,4,False,2,75,259,0,896,10.003114
4579,17651,4,True,1,0,34,0,329,0.797955
4580,17653,3,True,1,0,24,0,220,0.569591
4581,17654,4,False,2,199,445,0,2316,10.008979
4582,17658,4,False,2,152,333,0,1448,10.000433
4583,17659,3,False,2,114,305,0,1941,10.013448
4584,17666,4,False,2,122,309,0,3320,10.005984
4585,17669,4,False,2,52,190,0,4008,10.181912
4586,17671,3,False,2,285,635,0,4234,10.026044
4587,17675,4,False,2,162,450,0,2637,10.056365
4588,17682,4,True,1,0,37,0,376,0.558459
4589,17694,4,False,2,139,301,0,1661,10.012412
4590,17695,4,False,2,199,499,0,2182,10.003316
4591,17696,3,True,1,20,86,0,492,1.162928
4592,17708,3,True,1,0,14,0,79,0.173893
4593,17708,4,False,2,293,618,0,4208,10.00877
4594,17709,3,True,1,0,14,0,79,0.158654
4595,17711,4,False,2,305,643,0,4579,10.01748
4596,17716,3,False,2,303,634,0,5359,10.003985
4597,17718,3,False,2,301,636,0,4068,10.004145
4598,17720,3,False,2,261,545,0,3316,10.03552
4599,17720,4,True,1,0,30,0,224,0.31917
4600,17724,4,True,1,0,15,0,87,0.167005
4601,17725,3,True,1,0,14,0,48,0.159517
4602,17726,3,True,1,0,14,0,49,0.160668
4603,17728,3,True,1,0,5,0,24,0.064687
4604,17728,4,True,1,0,18,0,144,0.19957
4605,17732,3,False,2,300,690,0,1552,10.006762
4606,17736,3,True,1,0,49,0,456,0.522408
4607,17736,4,True,1,12,53,0,370,0.690902
4608,17739,3,True,1,4,35,0,317,0.414408
4609,17739,4,True,1,199,452,0,3315,8.340661
4610,17744,3,False,2,201,424,0,609,10.267822
4611,17744,4,False,2,134,347,0,787,10.022173
4612,17748,4,True,1,0,56,0,345,1.330539
4613,17749,3,True,1,0,49,0,327,1.192393
4614,17749,4,True,1,0,21,0,187,0.533164
4615,17752,3,False,2,123,301,0,1400,10.036722
4616,17752,4,False,2,122,296,0,1403,10.04224
4617,17754,4,False,2,122,295,0,1455,10.002832
4618,17756,4,False,2,122,298,0,1579,10.020822
4619,17759,3,False,2,118,295,0,1361,10.04357
4620,17759,4,False,2,118,295,0,1393,10.022345
4621,17761,4,False,2,121,302,0,1445,10.024615
4622,17767,3,True,1,0,5,0,10,0.140941
4623,17768,4,True,1,0,26,0,272,0.636071
4624,17770,3,True,1,0,13,0,93,0.347151
4625,17771,3,False,2,124,299,0,1980,10.01547
4626,17773,4,False,2,125,304,0,1984,10.052959
4627,17782,3,True,1,0,5,0,14,0.146561
4628,17783,3,True,1,0,28,0,215,0.739298
4629,17783,4,True,1,0,18,0,160,0.49825
4630,17784,3,True,1,0,4,0,5,0.128288
4631,17787,3,True,1,0,4,0,5,0.127138
4632,17787,4,True,1,0,6,0,24,0.164129
4633,17789,4,True,1,0,6,0,24,0.161323
4634,17790,4,True,1,0,6,0,24,0.163491
4635,17791,4,True,1,0,6,0,24,0.169991
4636,17792,4,True,1,0,6,0,24,0.172733
4637,17795,3,True,1,0,4,0,5,0.121497
4638,17802,4,True,1,0,6,0,24,0.167634
4639,17803,4,True,1,0,6,0,24,0.165157
4640,17805,4,True,1,0,6,0,24,0.167875
4641,17806,3,True,1,0,4,0,5,0.12172
4642,17809,3,True,1,0,4,0,5,0.126789
4643,17812,3,True,1,0,4,0,5,0.133172
4644,17816,3,True,1,0,18,0,158,0.479148
4645,17818,3,True,1,0,4,0,5,0.115586
4646,17820,3,True,1,0,4,0,5,0.119413
4647,17820,4,True,1,0,4,0,13,0.121442
4648,17821,3,True,1,0,4,0,5,0.13915
4649,17826,4,True,1,0,4,0,13,0.138022
4650,17831,3,True,1,0,4,0,5,0.13461
4651,17832,4,True,1,0,4,0,13,0.130363
4652,17833,3,True,1,0,4,0,5,0.12509
4653,17833,4,True,1,0,4,0,13,0.121467
4654,17834,3,True,1,0,4,0,5,0.126979
4655,17838,4,True,1,0,4,0,13,0.131193
4656,17844,4,True,1,0,4,0,13,0.131337
4657,17845,3,True,1,0,4,0,5,0.127709
4658,17849,3,True,1,4,38,0,396,1.064886
4659,17849,4,True,1,0,8,0,14,0.227762
4660,17850,3,True,1,0,7,0,12,0.207829
4661,17851,3,True,1,4,35,0,375,1.001819
4662,17854,3,True,1,0,13,0,57,0.346822
4663,17855,4,True,1,4,36,0,387,0.991912
4664,17857,4,True,1,4,36,0,387,0.966817
4665,17858,4,True,1,4,36,0,387,0.945231
4666,17859,3,True,1,0,8,0,28,0.208076
4667,17859,4,True,1,4,36,0,387,0.945804
4668,17860,3,True,1,0,8,0,28,0.202769
4669,17860,4,True,1,4,36,0,387,0.940033
4670,17864,4,True,1,4,36,0,387,0.956767
4671,17865,3,True,1,0,8,0,28,0.230343
4672,17878,3,True,1,0,21,0,89,0.569477
4673,17880,4,True,1,0,22,0,253,0.582176
4674,17885,4,True,1,0,22,0,253,0.575802
4675,17889,3,True,1,0,6,0,14,0.188336
4676,17890,4,True,1,0,22,0,253,0.604245
4677,17891,4,True,1,0,22,0,253,0.608261
4678,17893,4,True,1,0,21,0,281,0.53342
4679,17895,3,True,1,0,20,0,73,0.530423
4680,17897,3,True,1,0,20,0,74,0.502318
4681,17905,4,True,1,0,21,0,281,0.379559
4682,17907,4,True,1,0,21,0,281,0.308508
4683,17910,4,True,1,14,52,0,555,0.728344
4684,17913,3,True,1,0,21,0,90,0.23321
4685,17915,4,True,1,14,52,0,555,0.680118
4686,17918,3,True,1,0,5,0,10,0.063988
4687,17920,3,True,1,0,6,0,13,0.07449
4688,17921,3,True,1,0,6,0,14,0.073157
4689,17923,3,True,1,0,3,0,8,0.042166
4690,17924,3,True,1,0,20,0,71,0.225302
4691,17924,4,True,1,0,3,0,6,0.041578
4692,17928,4,True,1,0,3,0,6,0.042342
4693,17930,3,True,1,0,20,0,74,0.230884
4694,17930,4,True,1,0,3,0,6,0.039948
4695,17932,4,True,1,0,3,0,6,0.040786
4696,17936,4,True,1,0,4,0,12,0.051622
4697,17939,3,True,1,0,21,0,301,0.224031
4698,17939,4,True,1,0,20,0,92,0.213937
4699,17944,4,True,1,0,20,0,92,0.212599
4700,17955,3,True,1,0,21,0,90,0.226534
4701,17955,4,True,1,0,3,0,6,0.039644
4702,17956,3,True,1,0,21,0,89,0.231889
4703,17956,4,True,1,0,3,0,6,0.040308
4704,17959,3,True,1,0,3,0,8,0.040736
4705,17960,4,True,1,0,3,0,6,0.041756
4706,17966,3,True,1,0,25,0,263,0.274111
4707,17966,4,True,1,0,48,0,377,0.507717
4708,17969,4,True,1,0,18,0,128,0.204079
4709,17972,3,True,1,0,25,0,263,0.270945
4710,17972,4,True,1,0,63,0,479,0.655901
4711,17981,4,True,1,0,22,0,183,0.231808
4712,17987,4,True,1,0,13,0,84,0.145268
4713,17993,3,True,1,0,25,0,263,0.274239
4714,17996,4,True,1,0,41,0,379,0.428135
4715,17999,3,True,1,0,31,0,318,0.323388
4716,18009,3,True,1,0,31,0,318,0.3575
4717,18022,4,True,1,76,173,0,1417,2.5962
4718,18024,4,True,1,0,9,0,42,0.10172
4719,18036,4,True,1,6,38,0,341,0.467102
4720,18044,3,True,1,0,3,0,6,0.040746
4721,18044,4,True,1,0,19,0,88,0.210111
4722,18055,4,False,2,227,500,0,1550,10.007116
4723,18059,3,True,1,0,19,0,116,0.206317
4724,18061,3,False,2,229,575,0,1817,10.014245
4725,18063,3,True,1,0,20,0,137,0.352524
4726,18066,4,False,2,130,309,0,499,10.039398
4727,18070,3,True,1,0,24,0,146,0.595285
4728,18073,3,False,2,118,297,0,1584,10.010842
4729,18075,3,True,1,0,11,0,56,0.284892
4730,18078,3,False,2,123,317,0,1671,10.014392
4731,18082,3,False,2,123,324,0,1744,10.01289
4732,18083,4,False,2,121,307,0,1611,10.004689
4733,18092,3,False,2,107,304,0,5712,10.018392
4734,18092,4,False,2,125,302,0,3166,10.012368
4735,18094,4,False,2,121,301,0,4208,10.017969
4736,18099,4,True,1,0,29,0,310,0.704931
4737,18106,3,True,1,64,149,0,499,5.101655
4738,18107,4,False,2,128,271,0,1630,10.017029
4739,18115,4,True,1,0,8,0,30,0.217149
4740,18116,3,False,2,117,300,0,1419,10.036439
4741,18123,4,True,1,0,21,0,176,0.525346
4742,18125,3,True,1,0,21,0,174,0.525101
4743,18128,3,True,1,0,33,0,287,0.810437
4744,18128,4,True,1,0,33,0,288,0.794312
4745,18131,4,True,1,0,30,0,361,0.703547
4746,18133,3,True,1,0,31,0,428,0.739274
4747,18134,3,True,1,0,14,0,51,0.367229
4748,18134,4,True,1,0,14,0,80,0.360964
4749,18135,4,True,1,0,14,0,80,0.382716
4750,18136,3,True,1,0,14,0,49,0.371427
4751,18138,3,False,2,135,288,0,2157,10.030728
4752,18141,3,True,1,0,12,0,50,0.309654
4753,18142,3,False,2,118,298,0,1425,10.014419
4754,18143,4,True,1,0,22,0,165,0.524695
4755,18145,3,False,2,118,320,0,815,10.011731
4756,18145,4,False,2,133,292,0,457,10.000559
4757,18147,3,True,1,0,11,0,63,0.279587
4758,18149,3,False,2,124,287,0,2128,10.019787
4759,18152,4,True,1,0,14,0,80,0.373143
4760,18153,4,False,2,129,291,0,2081,10.010854
4761,18154,4,False,2,133,303,0,2433,10.008352
4762,18156,3,True,1,0,4,0,22,0.13614
4763,18161,3,False,2,118,311,0,757,10.024035
4764,18162,4,False,2,118,328,0,1554,10.003651
4765,18163,4,True,1,0,13,0,46,0.321414
4766,18165,4,True,1,0,13,0,44,0.321441
4767,18168,3,False,2,140,299,0,1809,10.036412
4768,18168,4,True,1,0,13,0,44,0.291964
4769,18173,3,True,1,0,10,0,70,0.234428
4770,18174,4,False,2,138,326,0,1289,10.197368
4771,18175,4,True,1,0,10,0,76,0.248692
4772,18177,4,True,1,0,19,0,168,0.432425
4773,18191,3,False,2,128,323,0,1817,10.002662
4774,18192,3,True,1,0,31,0,306,0.754318
4775,18193,3,False,2,125,315,0,1430,10.042938
4776,18194,3,True,1,0,25,0,211,0.590568
4777,18195,4,False,2,128,318,0,1548,10.026221
4778,18197,3,True,1,0,5,0,14,0.143137
4779,18198,3,True,1,0,4,0,5,0.115592
4780,18199,3,True,1,0,4,0,5,0.117222
4781,18204,3,True,1,84,205,0,858,5.115169
4782,18205,3,True,1,0,17,0,170,0.421388
4783,18206,3,True,1,2,35,0,263,0.890372
4784,18207,4,True,1,0,22,0,225,0.554528
4785,18212,3,True,1,0,4,0,16,0.118093
4786,18215,3,True,1,0,4,0,7,0.118192
4787,18217,3,True,1,0,4,0,7,0.117846
4788,18220,3,True,1,0,4,0,7,0.123176
4789,18221,4,True,1,0,17,0,168,0.438694
4790,18222,3,True,1,0,4,0,5,0.123745
4791,18225,4,True,1,0,4,0,8,0.121528
4792,18227,4,True,1,0,4,0,16,0.128291
4793,18228,3,True,1,0,5,0,6,0.158184
4794,18229,3,True,1,0,13,0,54,0.359474
4795,18229,4,True,1,4,37,0,421,0.966301
4796,18231,4,True,1,4,38,0,426,0.957681
4797,18232,3,True,1,0,7,0,22,0.203102
4798,18233,3,True,1,0,8,0,25,0.216574
4799,18234,3,True,1,0,8,0,26,0.212836
4800,18236,4,True,1,4,38,0,426,1.002796
4801,18237,3,True,1,0,8,0,26,0.199538
4802,18237,4,True,1,4,38,0,426,0.91951
4803,18239,4,True,1,4,38,0,426,0.978559
4804,18240,4,True,1,4,38,0,426,0.946137
4805,18244,4,True,1,39,106,0,560,3.237999
4806,18245,3,True,1,0,9,0,27,0.240595
4807,18247,3,True,1,0,8,0,25,0.225873
4808,18249,4,True,1,109,246,0,1256,8.118547
4809,18253,3,True,1,0,8,0,26,0.201005
4810,18258,4,False,2,134,314,0,2121,10.019201
4811,18260,4,False,2,145,315,0,2325,10.016912
4812,18264,4,False,2,137,297,0,2439,10.016561
4813,18268,3,True,1,0,5,0,9,0.13528
4814,18274,3,True,1,0,22,0,274,0.534923
4815,18274,4,True,1,0,21,0,109,0.495505
4816,18278,4,True,1,0,21,0,109,0.504835
4817,18280,4,True,1,0,20,0,108,0.488397
4818,18281,3,True,1,0,21,0,301,0.515709
4819,18289,4,True,1,0,63,0,538,1.475008
4820,18305,3,True,1,0,48,0,372,1.068673
4821,18306,3,True,1,0,25,0,265,0.583658
4822,18306,4,True,1,0,78,0,808,2.04592
4823,18312,3,True,1,0,33,0,215,0.758596
4824,18315,3,True,1,0,78,0,660,1.990302
4825,18321,3,True,1,0,33,0,239,0.764621
4826,18325,3,True,1,0,31,0,320,0.74863
4827,18328,3,True,1,0,38,0,299,0.861023
4828,18328,4,True,1,0,38,0,300,0.855017
4829,18331,3,True,1,0,23,0,166,0.531076
4830,18331,4,True,1,0,23,0,167,0.539508
4831,18343,4,True,1,0,8,0,27,0.209213
4832,18344,3,True,1,0,10,0,43,0.261813
4833,18344,4,True,1,77,176,0,1600,5.658144
4834,18345,3,True,1,64,162,0,1249,5.066106
4835,18345,4,True,1,77,177,0,1606,5.728024
4836,18349,4,True,1,0,7,0,21,0.183702
4837,18352,3,True,1,0,8,0,25,0.203915
4838,18352,4,True,1,0,8,0,26,0.205216
4839,18357,4,True,1,6,38,0,378,1.006272
4840,18370,4,True,1,4,38,0,391,0.923346
4841,18376,3,False,2,76,252,0,657,10.090086
4842,18376,4,False,2,138,303,0,582,10.018764
4843,18381,3,False,2,124,349,0,1174,10.218033
4844,18382,4,False,2,156,421,0,1365,10.000723
4845,18384,3,False,2,186,420,0,626,10.012484
4846,18386,3,True,1,0,18,0,194,0.457188
4847,18388,4,False,2,124,309,0,2228,10.001742
4848,18389,3,False,2,226,557,0,1559,10.003966
4849,18391,4,False,2,310,684,0,1209,10.005286
4850,18392,3,False,2,303,680,0,1437,10.005377
4851,18393,4,False,2,290,637,0,1220,10.050982
4852,18395,3,False,2,201,476,0,1966,10.034788
4853,18395,4,False,2,130,313,0,842,10.078787
4854,18396,3,False,2,130,307,0,534,10.034881
4855,18398,3,True,1,0,28,0,271,0.659077
4856,18400,3,False,2,119,316,0,841,10.007732
4857,18402,4,False,2,122,310,0,817,10.021611
4858,18403,4,False,2,116,304,0,1588,10.007322
4859,18406,4,False,2,114,304,0,1648,10.001485
4860,18409,3,False,2,121,309,0,1752,10.012772
4861,18409,4,True,1,0,12,0,42,0.30254
4862,18410,3,True,1,0,19,0,97,0.462894
4863,18411,3,False,2,120,310,0,750,10.042487
4864,18412,4,False,2,124,303,0,887,10.056292
4865,18413,4,False,2,119,301,0,866,10.011353
4866,18414,3,False,2,101,298,0,1005,10.018992
4867,18414,4,False,2,249,564,0,1286,10.022627
4868,18415,4,False,2,280,617,0,1281,10.012372
4869,18416,4,False,2,211,479,0,841,10.004973
4870,18417,4,False,2,208,472,0,837,10.013056
4871,18418,3,False,2,70,229,0,713,10.015808
4872,18421,3,False,2,158,327,0,1683,10.031569
4873,18422,3,False,2,258,533,0,2809,10.016166
4874,18429,4,False,2,171,447,0,8597,10.14942
4875,18431,4,False,2,239,616,0,11838,10.003618
4876,18436,3,False,2,313,674,0,6495,10.017106
4877,18437,4,False,2,160,431,0,2535,10.072279
4878,18440,4,False,2,182,403,0,3335,10.021151
4879,18443,3,True,1,0,24,0,254,0.284127
4880,18443,4,True,1,0,24,0,255,0.519603
4881,18450,4,True,1,0,20,0,253,0.3782
4882,18453,4,True,1,41,94,0,406,2.899816
4883,18458,3,False,2,147,333,0,1965,10.311063
4884,18459,4,False,2,141,303,0,1662,10.016573
4885,18460,4,False,2,124,338,0,1575,10.000531
4886,18461,3,True,1,19,85,0,516,2.009616
4887,18461,4,True,1,19,99,0,646,2.404673
4888,18470,4,True,1,0,31,0,407,0.634044
4889,18475,4,False,2,157,340,0,2381,10.003128
4890,18478,4,True,1,0,10,0,37,0.23368
4891,18482,3,True,1,27,93,0,466,2.576004
4892,18483,3,False,2,136,358,0,1487,10.011395
4893,18485,4,False,2,145,328,0,2672,10.013071
4894,18490,3,True,1,0,14,0,50,0.310544
4895,18492,3,True,1,0,30,0,237,0.630437
4896,18493,3,False,2,146,356,0,1415,10.292999
4897,18494,4,False,2,146,362,0,1458,10.006332
4898,18497,4,False,2,183,388,0,586,10.331238
4899,18500,3,False,2,171,388,0,612,10.015851
4900,18503,3,False,2,157,395,0,958,10.010983
4901,18504,3,False,2,157,392,0,1320,10.011228
4902,18504,4,False,2,164,401,0,645,10.008912
4903,18512,4,True,1,0,40,0,225,0.736168
4904,18515,4,True,1,0,31,0,350,0.559883
4905,18520,3,True,1,0,24,0,224,0.447685
4906,18522,4,True,1,0,33,0,387,0.59684
4907,18526,3,False,2,167,412,0,768,10.064749
4908,18527,4,False,2,186,394,0,3001,10.15639
4909,18534,3,False,2,171,398,0,512,10.00118
4910,18534,4,True,1,0,26,0,219,0.483625
4911,18536,4,True,1,0,26,0,219,0.481643
4912,18537,4,False,2,320,696,0,3644,10.001407
4913,18540,3,True,1,0,13,0,93,0.130395
4914,18542,4,True,1,0,26,0,248,0.245547
4915,18545,4,True,1,0,38,0,395,0.352207
4916,18550,4,True,1,0,6,0,26,0.063455
4917,18556,3,True,1,216,458,0,3332,6.219125
4918,18560,3,True,1,0,7,0,26,0.070509
4919,18560,4,True,1,4,36,0,434,0.373355
4920,18562,4,True,1,4,36,0,434,0.373723
4921,18567,4,True,1,4,36,0,436,0.380038
4922,18573,4,True,1,6,41,0,492,0.437926
4923,18574,3,True,1,0,8,0,29,0.079513
4924,18575,4,True,1,6,41,0,492,0.433587
4925,18578,4,True,1,6,41,0,492,0.432667
4926,18579,3,True,1,0,8,0,28,0.079196
4927,18579,4,True,1,6,41,0,492,0.432472
4928,18580,3,True,1,0,8,0,28,0.079183
4929,18586,3,True,1,0,8,0,28,0.081867
4930,18586,4,True,1,6,41,0,492,0.432495
4931,18589,3,True,1,0,7,0,19,0.070346
4932,18590,3,True,1,0,7,0,19,0.071101
4933,18591,4,True,1,6,41,0,492,0.432825
4934,18593,3,True,1,0,7,0,19,0.070262
4935,18595,4,True,1,6,41,0,492,0.430729
4936,18599,3,True,1,0,7,0,19,0.070775
4937,18600,4,True,1,4,67,0,1585,0.645361
4938,18603,3,True,1,0,31,0,318,0.293494
4939,18609,3,True,1,0,31,0,318,0.295735
4940,18643,3,True,1,0,25,0,275,0.235504
4941,18649,4,True,1,0,18,0,154,0.170183
4942,18659,3,True,1,89,202,0,1673,2.690876
4943,18659,4,True,1,89,200,0,1664,2.671197
4944,18674,4,True,1,0,5,0,14,0.052254
4945,18678,3,True,1,2,28,0,232,0.278486
4946,18680,3,True,1,2,28,0,231,0.281788
4947,18690,3,True,1,0,8,0,26,0.079362
4948,18694,4,False,2,287,681,0,3895,10.00651
4949,18696,4,False,2,295,665,0,2863,10.013935
4950,18704,3,False,2,150,417,0,1716,10.014695
4951,18706,3,False,2,172,426,0,1609,10.002901
4952,18706,4,False,2,320,719,0,2416,10.032279
4953,18709,4,False,2,184,472,0,1697,10.013886
4954,18711,4,False,2,169,457,0,1598,10.009345
4955,18712,3,False,2,315,725,0,2325,10.007067
4956,18715,3,False,2,157,431,0,1452,10.012986
4957,18715,4,False,2,136,385,0,1317,10.007081
4958,18720,3,False,2,175,399,0,982,10.119471
4959,18721,3,False,2,174,464,0,1499,10.002233
4960,18722,3,False,2,226,557,0,1780,10.001737
4961,18723,3,False,2,229,568,0,1793,10.021199
4962,18728,4,False,2,352,736,0,2564,10.001924
4963,18729,3,False,2,350,758,0,6117,10.034468
4964,18730,4,False,2,349,761,0,3052,10.036627
4965,18731,3,False,2,359,777,0,1130,10.01021
4966,18731,4,False,2,338,769,0,2044,10.017799
4967,18732,3,True,1,0,13,0,43,0.127154
4968,18732,4,True,1,0,11,0,52,0.108768
4969,18735,4,False,2,330,764,0,2044,10.006514
4970,18737,3,False,2,344,747,0,5918,10.006009
4971,18749,4,True,1,0,28,0,273,0.260933
4972,18751,4,False,2,325,781,0,4529,10.002815
4973,18752,3,False,2,351,767,0,4166,10.008696
4974,18752,4,True,1,0,28,0,288,0.256027
4975,18754,3,False,2,355,745,0,2776,10.009212
4976,18754,4,True,1,0,12,0,39,0.122311
4977,18762,3,False,2,353,753,0,4944,10.028013
4978,18764,3,True,1,0,9,0,45,0.088455
4979,18767,3,False,2,352,775,0,1567,10.007478
4980,18769,3,False,2,273,632,0,1495,10.086256
4981,18770,3,False,2,350,770,0,1514,10.000257
4982,18771,4,False,2,362,787,0,1223,10.0122
4983,18780,4,False,2,366,789,0,1533,10.00092
4984,18781,3,False,2,362,794,0,1205,10.00643
4985,18786,4,False,2,344,827,0,4741,10.001477
4986,18792,4,False,2,360,781,0,1622,10.0071
4987,18794,4,False,2,373,802,0,1204,10.001004
4988,18795,4,False,2,378,820,0,1226,10.008082
4989,18796,4,False,2,367,799,0,1569,10.001961
4990,18797,3,False,2,385,787,0,2662,10.007418
4991,18798,3,False,2,399,819,0,4214,10.0045
4992,18799,4,False,2,399,819,0,4897,10.016665
4993,18804,4,True,1,360,745,0,4474,9.115173
4994,18807,3,False,2,194,487,0,6491,10.023758
4995,18808,4,False,2,384,824,0,6247,10.001187
4996,18810,4,False,2,388,829,0,6283,10.011123
4997,18822,4,True,1,140,303,0,1983,3.71603
4998,18823,3,True,1,0,20,0,256,0.171859
4999,18831,3,False,2,392,815,0,7466,10.003592
5000,18842,3,True,1,0,33,0,287,0.882075
5001,18845,4,True,1,0,30,0,361,0.543674
5002,18846,4,True,1,0,13,0,47,0.151672
5003,18850,3,False,2,133,299,0,540,10.001897
5004,18851,4,False,2,198,448,0,987,10.003449
5005,18856,3,False,2,112,302,0,494,10.021493
5006,18858,4,False,2,111,307,0,904,10.019906
5007,18859,3,False,2,120,287,0,820,10.070471
5008,18860,3,True,1,0,39,0,287,0.994877
5009,18861,4,True,1,0,39,0,299,0.983472
5010,18867,4,True,1,0,25,0,248,0.623211
5011,18868,3,True,1,0,20,0,120,0.532231
5012,18875,4,True,1,0,25,0,248,0.616851
5013,18876,3,True,1,0,20,0,120,0.493656
5014,18876,4,True,1,0,25,0,248,0.622469
5015,18881,3,True,1,0,20,0,120,0.501761
5016,18882,4,True,1,0,25,0,248,0.62048
5017,18883,4,True,1,0,25,0,248,0.62101
5018,18884,4,True,1,0,25,0,248,0.610438
5019,18886,3,True,1,0,20,0,120,0.477893
5020,18891,3,True,1,0,20,0,120,0.492064
5021,18892,4,True,1,0,25,0,248,0.595121
5022,18893,3,True,1,0,20,0,120,0.481924
5023,18893,4,True,1,0,25,0,248,0.578777
5024,18897,4,True,1,0,22,0,200,0.513304
5025,18900,3,True,1,0,54,0,607,1.239039
5026,18900,4,True,1,0,25,0,270,0.568379
5027,18905,3,True,1,9,51,0,447,1.404684
5028,18906,4,True,1,0,6,0,7,0.162634
5029,18914,4,False,2,127,308,0,301,10.009397
5030,18917,3,False,2,133,291,0,2453,10.07323
5031,18918,4,False,2,128,294,0,2840,10.020919
5032,18921,3,True,1,0,25,0,222,0.615265
5033,18923,4,False,2,122,313,0,1676,10.006995
5034,18927,4,False,2,126,313,0,768,10.081126
5035,18929,3,True,1,0,30,0,333,0.71233
5036,18932,3,True,1,0,4,0,15,0.1206
5037,18932,4,True,1,0,4,0,13,0.116308
5038,18934,4,True,1,0,24,0,130,0.59467
5039,18943,3,True,1,0,18,0,114,0.4424
5040,18947,3,True,1,0,63,0,420,1.494899
5041,18951,4,True,1,0,41,0,408,0.989664
5042,18957,3,True,1,0,22,0,169,0.526605
5043,18960,4,True,1,0,48,0,373,1.146401
5044,18967,3,True,1,0,33,0,215,0.7867
5045,18970,3,True,1,0,78,0,660,1.989775
5046,18973,3,True,1,0,41,0,350,0.986664
5047,18973,4,True,1,0,41,0,351,0.990319
5048,18976,3,True,1,0,33,0,239,0.784802
5049,18980,3,True,1,0,25,0,265,0.601756
5050,19003,3,True,1,0,7,0,20,0.183498
5051,19003,4,True,1,0,7,0,21,0.188164
5052,19011,3,True,1,0,6,0,17,0.191868
5053,19012,4,True,1,6,38,0,377,1.037483
5054,19027,4,True,1,4,36,0,434,0.953019
5055,19030,3,True,1,4,36,0,353,0.94659
5056,19032,3,True,1,8,77,0,900,1.98952
5057,19034,3,True,1,64,187,0,988,5.808
5058,19034,4,True,1,64,187,0,1003,5.820581
5059,19035,4,False,2,127,314,0,1137,10.02384
5060,19037,4,False,2,122,304,0,1272,10.030065
5061,19040,4,False,2,121,307,0,1004,10.018073
5062,19041,4,False,2,116,311,0,1258,10.019985
5063,19042,3,False,2,116,312,0,957,10.021412
5064,19044,3,False,2,112,305,0,1173,10.027765
5065,19045,4,False,2,118,312,0,1168,10.005808
5066,19046,3,False,2,114,316,0,1183,10.011593
5067,19047,3,False,2,114,317,0,861,10.013196
5068,19047,4,False,2,111,312,0,1145,10.000819
5069,19049,3,False,2,106,304,0,812,10.028578
5070,19049,4,False,2,110,308,0,1108,10.008757
5071,19054,3,False,2,68,239,0,866,10.02337
5072,19055,4,False,2,190,475,0,1045,10.008993
5073,19058,3,False,2,272,650,0,2027,10.023064
5074,19067,3,False,2,232,551,0,1312,10.107495
5075,19069,3,False,2,124,317,0,857,10.072382
5076,19071,4,False,2,253,561,0,4898,10.044112
5077,19085,4,False,2,282,618,0,1398,10.036603
5078,19087,4,False,2,203,474,0,1157,10.041107
5079,19090,4,False,2,123,306,0,732,10.023497
5080,19095,4,False,2,122,302,0,900,10.006763
5081,19096,3,False,2,116,306,0,886,10.022719
5082,19096,4,False,2,122,301,0,881,10.05181
5083,19097,3,False,2,105,307,0,968,10.005621
5084,19098,3,False,2,244,572,0,1398,10.003335
5085,19099,4,False,2,301,662,0,1349,10.001247
5086,19100,4,False,2,312,678,0,1064,10.004637
5087,19102,3,False,2,152,396,0,952,10.050426
5088,19103,3,False,2,229,483,0,1836,10.017538
5089,19107,3,False,2,215,523,0,1272,10.029602
5090,19111,3,False,2,265,576,0,3833,10.003954
5091,19113,3,False,2,292,655,0,3033,10.008906
5092,19113,4,True,1,0,12,0,39,0.13355
5093,19117,3,False,2,232,547,0,1302,10.009601
5094,19120,3,False,2,298,670,0,1088,10.035687
5095,19120,4,False,2,190,440,0,818,10.002186
5096,19125,4,False,2,123,303,0,868,10.007665
5097,19127,3,False,2,104,293,0,932,10.292531
5098,19130,3,False,2,121,313,0,723,10.042614
5099,19131,3,False,2,122,296,0,2025,10.044811
5100,19134,3,True,1,0,18,0,90,0.378691
5101,19136,4,False,2,266,586,0,1013,10.009744
5102,19137,4,False,2,231,522,0,929,10.01505
5103,19138,4,False,2,294,648,0,1121,10.00649
5104,19140,4,False,2,276,609,0,970,10.005999
5105,19141,4,False,2,307,672,0,1027,10.006313
5106,19142,3,False,2,126,340,0,875,10.005243
5107,19145,3,True,1,0,13,0,44,0.148338
5108,19148,4,False,2,237,532,0,752,10.044748
5109,19152,3,False,2,279,599,0,3208,10.001402
5110,19154,4,True,1,0,27,0,270,0.538064
5111,19155,3,True,1,0,26,0,266,0.554284
5112,19159,3,False,2,261,544,0,2952,10.469481
5113,19160,3,False,2,232,538,0,2878,10.009098
5114,19161,4,False,2,294,610,0,2383,10.018075
5115,19162,3,False,2,136,290,0,1797,10.010913
5116,19162,4,False,2,135,285,0,2262,10.0256
5117,19163,4,False,2,129,281,0,2045,10.010088
5118,19170,4,True,1,0,29,0,299,0.734067
5119,19172,3,False,2,128,286,0,1135,10.018564
5120,19176,3,True,1,0,24,0,254,0.587397
5121,19193,3,False,2,128,297,0,1849,10.000198
5122,19203,3,False,2,117,320,0,645,10.004568
5123,19208,3,False,2,118,318,0,779,10.013801
5124,19212,3,False,2,118,302,0,779,10.231291
5125,19214,4,True,1,12,57,0,466,1.617795
5126,19215,4,False,2,277,598,0,5363,10.008852
5127,19216,3,True,1,0,19,0,177,0.20432
5128,19218,4,True,1,0,39,0,305,0.418925
5129,19222,3,True,1,0,22,0,118,0.245649
5130,19223,3,True,1,0,22,0,118,0.247038
5131,19223,4,True,1,0,27,0,269,0.301621
5132,19224,3,True,1,0,22,0,118,0.244192
5133,19226,3,True,1,0,22,0,118,0.235473
5134,19227,3,True,1,0,22,0,118,0.237774
5135,19227,4,True,1,0,27,0,269,0.29839
5136,19231,3,True,1,0,22,0,118,0.240426
5137,19231,4,True,1,0,27,0,269,0.293085
5138,19232,4,True,1,0,27,0,269,0.284185
5139,19234,4,True,1,0,27,0,269,0.294265
5140,19236,4,True,1,0,27,0,269,0.294611
5141,19239,4,True,1,0,27,0,269,0.2864
5142,19240,3,True,1,0,22,0,118,0.236896
5143,19242,3,True,1,0,22,0,118,0.23314
5144,19243,4,True,1,0,27,0,269,0.293517
5145,19245,4,True,1,0,27,0,269,0.296784
5146,19246,3,True,1,0,22,0,118,0.232674
5147,19248,4,True,1,0,27,0,269,0.286005
5148,19251,3,True,1,0,22,0,118,0.234127
5149,19254,3,True,1,0,22,0,118,0.254031
5150,19262,4,True,1,0,24,0,260,0.261085
5151,19265,4,True,1,0,24,0,260,0.262473
5152,19267,4,True,1,0,24,0,260,0.255354
5153,19271,4,True,1,0,24,0,260,0.261804
5154,19274,4,True,1,0,24,0,260,0.255937
5155,19275,4,True,1,0,24,0,260,0.254316
5156,19276,3,True,1,0,22,0,118,0.237433
5157,19277,3,True,1,0,22,0,118,0.241525
5158,19279,4,True,1,0,24,0,260,0.254261
5159,19281,4,True,1,0,20,0,139,0.219923
5160,19282,4,True,1,0,20,0,139,0.222667
5161,19284,3,True,1,0,5,0,14,0.061432
5162,19288,3,True,1,0,5,0,14,0.063973
5163,19294,4,True,1,0,20,0,139,0.224983
5164,19295,3,True,1,0,5,0,14,0.065139
5165,19295,4,True,1,0,20,0,139,0.220886
5166,19299,3,True,1,0,5,0,14,0.06169
5167,19300,4,True,1,0,20,0,139,0.226023
5168,19302,3,True,1,0,5,0,14,0.068085
5169,19303,4,True,1,0,20,0,139,0.229185
5170,19304,4,True,1,0,20,0,139,0.219976
5171,19305,4,True,1,0,20,0,139,0.220417
5172,19308,4,True,1,0,20,0,139,0.295792
5173,19309,3,True,1,0,5,0,14,0.062098
5174,19309,4,True,1,0,20,0,139,0.220247
5175,19310,3,True,1,0,5,0,14,0.062721
5176,19312,4,True,1,0,23,0,248,0.247766
5177,19313,3,True,1,0,37,0,233,0.504333
5178,19314,4,True,1,0,7,0,17,0.127347
5179,19316,4,True,1,0,51,0,279,1.001516
5180,19320,4,True,1,0,27,0,266,0.598908
5181,19322,3,True,1,0,4,0,6,0.100416
5182,19323,3,True,1,0,6,0,17,0.149153
5183,19324,4,True,1,0,31,0,420,0.6036
5184,19325,4,False,2,161,348,0,3752,10.023382
5185,19326,3,True,1,0,5,0,9,0.141747
5186,19328,3,True,1,0,41,0,311,0.979881
5187,19331,3,True,1,0,13,0,107,0.323554
5188,19332,3,False,2,226,483,0,4485,10.012447
5189,19335,3,False,2,311,662,0,4373,10.003737
5190,19337,4,False,2,317,667,0,4283,10.012399
5191,19341,4,True,1,0,23,0,208,0.243086
5192,19343,4,True,1,0,23,0,208,0.244109
5193,19346,4,True,1,0,25,0,231,0.260906
5194,19348,3,False,2,315,675,0,3909,10.00874
5195,19348,4,False,2,278,598,0,3377,10.031196
5196,19349,4,False,2,261,597,0,5273,10.01664
5197,19351,3,True,1,0,13,0,93,0.16163
5198,19357,4,True,1,0,48,0,455,0.52044
5199,19362,4,True,1,27,88,0,504,1.23281
5200,19373,4,True,1,0,63,0,479,0.681641
5201,19379,3,True,1,0,25,0,275,0.345858
5202,19388,3,True,1,0,25,0,263,0.341278
5203,19388,4,True,1,0,13,0,84,0.147717
5204,19391,4,True,1,0,33,0,244,0.360677
5205,19394,3,True,1,0,25,0,263,0.271885
5206,19400,3,True,1,0,25,0,263,0.275023
5207,19407,4,True,1,0,38,0,328,0.404183
5208,19422,4,True,1,103,229,0,2124,4.30637
5209,19423,4,True,1,0,22,0,284,0.261189
5210,19424,4,True,1,0,9,0,42,0.104501
5211,19430,3,True,1,0,6,0,16,0.075373
5212,19435,3,True,1,6,38,0,340,0.540647
5213,19442,3,True,1,2,28,0,231,0.403414
5214,19446,4,True,1,4,36,0,374,0.762444
5215,19450,4,True,1,4,38,0,426,0.51295
5216,19458,4,False,2,230,579,0,1850,10.011697
5217,19460,3,True,1,0,20,0,166,0.227395
5218,19460,4,False,2,272,595,0,805,10.015801
5219,19462,4,True,1,0,40,0,428,0.434852
5220,19463,3,True,1,0,13,0,85,0.149106
5221,19465,3,False,2,292,655,0,1387,10.018227
5222,19476,3,False,2,303,673,0,1129,10.004193
5223,19478,3,False,2,205,501,0,1246,10.02128
5224,19479,3,False,2,191,472,0,1265,10.043258
5225,19483,3,False,2,138,368,0,918,10.05454
5226,19484,3,True,1,1,16,0,95,0.190372
5227,19486,4,False,2,225,519,0,4066,10.004901
5228,19489,3,False,2,306,683,0,1137,10.006966
5229,19489,4,False,2,298,653,0,5492,10.002387
5230,19491,3,False,2,244,584,0,1368,10.013497
5231,19491,4,False,2,307,655,0,5385,10.005944
5232,19495,3,False,2,311,663,0,4345,10.004077
5233,19498,4,True,1,0,12,0,48,0.137107
5234,19499,3,False,2,250,572,0,1038,10.001392
5235,19500,4,False,2,236,532,0,1220,10.007522
5236,19501,4,False,2,309,685,0,1430,10.010304
5237,19507,3,True,1,0,9,0,44,0.104016
5238,19508,4,True,1,0,12,0,48,0.134346
5239,19512,3,False,2,245,586,0,1433,10.013938
5240,19514,4,False,2,314,685,0,1121,10.001839
5241,19524,4,False,2,316,690,0,1080,10.006886
5242,19526,4,False,2,292,653,0,1333,10.000063
5243,19531,3,True,1,0,26,0,286,0.277184
5244,19533,4,False,2,287,586,0,3541,10.044391
5245,19534,3,False,2,263,545,0,1898,10.037595
5246,19539,3,False,2,274,688,0,4023,10.010731
5247,19539,4,False,2,279,582,0,3146,10.008078
5248,19540,4,False,2,296,608,0,3493,10.029479
5249,19544,4,False,2,325,667,0,4361,10.018703
5250,19546,3,False,2,324,670,0,3741,10.016866
5251,19546,4,False,2,325,665,0,4412,10.017689
5252,19547,4,False,2,320,658,0,3097,10.002339
5253,19548,4,False,2,326,677,0,2922,10.005355
5254,19549,4,False,2,323,665,0,5060,10.006
5255,19550,3,True,1,147,321,0,2520,5.878729
5256,19552,4,True,1,3,56,0,510,0.62621
5257,19553,4,True,1,0,41,0,388,0.432769
5258,19554,3,True,1,3,56,0,535,0.627453
5259,19555,4,True,1,0,29,0,299,0.307436
5260,19566,4,True,1,0,23,0,320,0.247477
5261,19568,3,True,1,0,10,0,51,0.114631
5262,19576,3,False,2,277,620,0,2325,10.003788
5263,19576,4,False,2,305,639,0,6594,10.002075
5264,19577,3,True,1,2,43,0,325,0.488616
5265,19578,3,False,2,321,677,0,3484,10.000859
5266,19582,3,True,1,0,21,0,175,0.223824
5267,19584,3,True,1,0,21,0,174,0.225275
5268,19587,3,True,1,0,33,0,287,0.3511
5269,19587,4,True,1,0,33,0,288,0.343005
5270,19590,4,True,1,0,30,0,361,0.315677
5271,19591,3,False,2,309,702,0,1115,10.007154
5272,19592,3,True,1,0,10,0,84,0.114166
5273,19593,3,False,2,308,683,0,928,10.006801
5274,19594,4,False,2,308,638,0,884,10.000101
5275,19596,3,True,1,0,39,0,287,0.43086
5276,19601,4,True,1,0,22,0,121,0.259351
5277,19605,4,True,1,0,22,0,121,0.272633
5278,19609,4,True,1,0,22,0,121,0.271598
5279,19611,4,True,1,0,22,0,121,0.251408
5280,19612,4,True,1,0,22,0,121,0.263405
5281,19613,3,True,1,0,24,0,279,0.272884
5282,19615,4,True,1,0,22,0,121,0.252346
5283,19617,3,True,1,0,24,0,279,0.266461
5284,19617,4,True,1,0,22,0,121,0.257736
5285,19620,3,True,1,0,24,0,279,0.269763
5286,19623,3,True,1,0,24,0,279,0.259385
5287,19625,3,True,1,0,24,0,279,0.277329
5288,19626,4,True,1,0,22,0,121,0.274128
5289,19627,4,True,1,0,22,0,121,0.250312
5290,19628,3,True,1,0,24,0,279,0.299714
5291,19631,3,True,1,0,7,0,29,0.092016
5292,19635,3,True,1,0,4,0,10,0.057074
5293,19636,3,True,1,0,17,0,86,0.219705
5294,19637,3,True,1,0,3,0,2,0.048283
5295,19637,4,True,1,0,51,0,343,0.594776
5296,19638,3,True,1,66,187,0,1499,2.676773
5297,19640,3,True,1,0,10,0,50,0.117825
5298,19643,4,True,1,103,259,0,2121,3.654249
5299,19646,3,True,1,0,26,0,285,0.279299
5300,19647,4,True,1,0,5,0,12,0.062148
5301,19648,4,True,1,0,12,0,42,0.146542
5302,19650,4,True,1,0,24,0,124,0.266547
5303,19651,4,False,2,302,655,0,2015,10.004209
5304,19652,3,False,2,317,665,0,5004,10.021316
5305,19654,4,False,2,313,657,0,1610,10.019251
5306,19655,3,False,2,312,664,0,4658,10.001914
5307,19655,4,False,2,305,647,0,1799,10.005028
5308,19658,3,False,2,290,617,0,3190,10.007352
5309,19658,4,False,2,311,649,0,4893,10.031723
5310,19660,4,False,2,204,443,0,3120,10.022606
5311,19663,3,True,1,0,23,0,231,0.595203
5312,19665,3,True,1,0,23,0,206,0.574936
5313,19666,3,False,2,137,304,0,2568,10.002598
5314,19667,4,True,1,0,23,0,211,0.247002
5315,19668,3,True,1,0,23,0,210,0.273394
5316,19669,4,False,2,251,529,0,5370,10.000167
5317,19670,4,False,2,276,582,0,5910,10.007793
5318,19672,3,True,1,0,28,0,246,0.302488
5319,19672,4,True,1,91,231,0,455,4.185899
5320,19677,4,True,1,0,30,0,318,0.492306
5321,19680,3,True,1,5,51,0,357,0.731068
5322,19683,3,False,2,284,597,0,3593,10.027635
5323,19683,4,False,2,227,479,0,2257,10.103787
5324,19691,4,True,1,0,63,0,538,1.501251
5325,19698,3,True,1,0,25,0,277,0.536112
5326,19701,4,True,1,0,18,0,120,0.387763
5327,19711,4,True,1,0,13,0,76,0.29147
5328,19723,3,True,1,0,33,0,239,0.697757
5329,19726,4,True,1,0,26,0,230,0.54942
5330,19736,3,True,1,0,18,0,140,0.385817
5331,19745,3,True,1,89,216,0,1898,6.596238
5332,19749,3,True,1,0,7,0,20,0.173287
5333,19756,4,True,1,6,38,0,377,0.927779
5334,19760,4,True,1,2,28,0,258,0.64022
5335,19774,3,True,1,12,49,0,345,1.305602
5336,19776,3,False,2,97,297,0,1028,10.003541
5337,19776,4,False,2,124,350,0,1081,10.018259
5338,19778,4,True,1,0,40,0,419,0.882872
5339,19779,4,True,1,0,18,0,176,0.39991
5340,19780,3,True,1,0,13,0,86,0.294064
5341,19781,3,False,2,136,342,0,776,10.029699
5342,19782,4,False,2,140,336,0,948,10.008496
5343,19785,4,False,2,140,339,0,894,10.004438
5344,19787,3,False,2,142,323,0,2147,10.002979
5345,19787,4,False,2,140,342,0,729,10.013952
5346,19793,3,False,2,214,547,0,3172,10.053465
5347,19795,4,False,2,205,429,0,1765,10.017745
5348,19797,3,False,2,224,468,0,2843,10.007848
5349,19801,4,False,2,238,510,0,2930,10.003128
5350,19802,4,False,2,339,709,0,4411,10.007503
5351,19810,4,False,2,310,637,0,3952,10.008391
5352,19812,4,False,2,341,694,0,4510,10.000701
5353,19814,3,False,2,336,694,0,4554,10.017738
5354,19818,4,False,2,332,683,0,3151,10.016724
5355,19829,4,True,1,0,29,0,299,0.312532
5356,19831,3,False,2,337,703,0,2850,10.006017
5357,19833,4,True,1,0,29,0,303,0.281133
5358,19840,3,True,1,0,37,0,375,0.358907
5359,19840,4,True,1,0,37,0,376,0.355132
5360,19845,3,True,1,48,107,0,296,1.494929
5361,19854,3,True,1,0,24,0,314,0.235711
5362,19863,3,False,2,345,756,0,1546,10.000832
5363,19863,4,False,2,356,735,0,1050,10.01163
5364,19864,3,False,2,354,757,0,1519,10.134729
5365,19866,3,False,2,336,722,0,1730,10.002359
5366,19867,3,True,1,0,49,0,456,0.467948
5367,19870,3,True,1,4,41,0,461,0.430924
5368,19873,4,True,1,0,24,0,302,0.226526
5369,19874,4,True,1,0,24,0,302,0.224982
5370,19875,3,True,1,0,5,0,14,0.052313
5371,19878,4,True,1,0,24,0,302,0.227278
5372,19880,3,True,1,0,5,0,14,0.054213
5373,19883,4,True,1,0,24,0,302,0.230258
5374,19884,4,True,1,0,24,0,302,0.227994
5375,19886,4,True,1,0,24,0,302,0.231805
5376,19888,3,True,1,0,5,0,14,0.052971
5377,19889,3,True,1,0,5,0,14,0.053471
5378,19901,4,True,1,0,24,0,302,0.231527
5379,19903,3,True,1,0,4,0,6,0.044345
5380,19903,4,True,1,0,21,0,163,0.198146
5381,19907,4,True,1,0,6,0,22,0.062044
5382,19915,3,True,1,0,6,0,12,0.062354
5383,19916,3,True,1,0,6,0,12,0.061312
5384,19919,3,True,1,0,6,0,12,0.06146
5385,19921,3,True,1,0,6,0,12,0.062965
5386,19921,4,True,1,0,6,0,22,0.067414
5387,19923,4,True,1,0,6,0,22,0.065502
5388,19925,4,True,1,0,6,0,22,0.064911
5389,19927,3,True,1,0,6,0,12,0.063144
5390,19928,3,True,1,0,6,0,12,0.063813
5391,19928,4,True,1,0,6,0,22,0.064919
5392,19933,4,True,1,0,6,0,22,0.063092
5393,19936,4,True,1,0,7,0,30,0.071956
5394,19940,4,True,1,0,8,0,36,0.078933
5395,19943,4,True,1,0,8,0,36,0.07933
5396,19944,4,True,1,0,8,0,36,0.080053
5397,19945,3,True,1,0,6,0,14,0.062162
5398,19958,3,True,1,0,6,0,12,0.061495
5399,19958,4,True,1,0,4,0,13,0.04247
5400,19959,3,True,1,0,6,0,12,0.06782
5401,19961,3,True,1,0,6,0,12,0.061621
5402,19964,3,True,1,0,6,0,12,0.061885
5403,19965,4,True,1,0,4,0,13,0.043724
5404,19966,4,True,1,0,4,0,13,0.042196
5405,19967,4,True,1,0,4,0,13,0.041994
5406,19977,3,True,1,0,6,0,12,0.058995
5407,19978,3,True,1,0,6,0,12,0.059041
5408,19979,3,True,1,0,6,0,12,0.060673
5409,19980,4,True,1,0,4,0,13,0.041805
5410,19984,4,True,1,0,17,0,93,0.158919
5411,19989,4,True,1,0,3,0,5,0.032973
5412,19990,4,True,1,0,3,0,5,0.033533
5413,19993,4,True,1,0,3,0,5,0.033255
5414,19996,4,True,1,0,3,0,5,0.033323
5415,20001,4,True,1,0,3,0,5,0.034787
5416,20003,4,True,1,0,3,0,5,0.03337
5417,20005,4,True,1,0,3,0,5,0.03377
5418,20006,3,True,1,0,19,0,87,0.181868
5419,20008,3,True,1,0,19,0,87,0.188621
5420,20010,3,True,1,0,19,0,87,0.181368
5421,20010,4,True,1,0,3,0,5,0.032666
5422,20013,4,True,1,0,3,0,5,0.032915
5423,20014,3,True,1,0,19,0,87,0.178032
5424,20015,3,True,1,0,19,0,87,0.183803
5425,20016,4,True,1,0,3,0,5,0.033363
5426,20021,3,True,1,0,26,0,284,0.240463
5427,20026,3,True,1,0,5,0,32,0.052221
5428,20027,4,True,1,0,26,0,310,0.244049
5429,20037,4,True,1,0,10,0,35,0.097122
5430,20038,3,True,1,0,13,0,61,0.123405
5431,20043,3,True,1,0,14,0,139,0.13353
5432,20043,4,True,1,0,5,0,10,0.051405
5433,20045,3,True,1,1,17,0,161,0.169964
5434,20046,4,True,1,0,5,0,9,0.051563
5435,20050,3,True,1,0,14,0,143,0.131851
5436,20054,4,True,1,0,5,0,9,0.053705
5437,20058,3,True,1,0,6,0,8,0.061548
5438,20060,3,True,1,0,18,0,136,0.167786
5439,20060,4,False,2,355,747,0,3923,10.007667
5440,20066,3,False,2,364,774,0,5743,10.002273
5441,20068,3,False,2,363,759,0,3200,10.008211
5442,20070,3,False,2,357,757,0,4885,10.000099
5443,20070,4,False,2,362,763,0,4446,10.001261
5444,20072,4,True,1,0,23,0,236,0.213382
5445,20085,3,True,1,0,36,0,281,0.332827
5446,20086,3,True,1,0,28,0,270,0.266267
5447,20086,4,True,1,0,28,0,258,0.262387
5448,20087,3,True,1,0,31,0,289,0.288688
5449,20087,4,False,2,357,758,0,7358,10.006827
5450,20088,3,True,1,0,5,0,10,0.050439
5451,20089,3,True,1,0,13,0,93,0.123867
5452,20091,4,True,1,0,4,0,8,0.042367
5453,20096,3,True,1,0,30,0,291,0.272757
5454,20100,4,True,1,2,45,0,386,0.431519
5455,20101,3,True,1,0,44,0,495,0.395639
5456,20103,3,True,1,0,6,0,16,0.061137
5457,20104,4,False,2,357,749,0,4991,10.005107
5458,20107,4,True,1,0,48,0,377,0.440742
5459,20110,4,True,1,0,18,0,128,0.165232
5460,20119,4,True,1,0,18,0,133,0.168823
5461,20125,4,True,1,0,48,0,416,0.44277
5462,20150,4,True,1,0,23,0,180,0.210477
5463,20156,3,True,1,0,78,0,574,0.787719
5464,20159,3,True,1,0,5,0,14,0.051739
5465,20161,3,True,1,0,22,0,300,0.209634
5466,20161,4,True,1,0,23,0,317,0.219287
5467,20164,3,True,1,0,5,0,12,0.050369
5468,20172,4,True,1,0,6,0,18,0.060661
5469,20175,3,True,1,2,28,0,231,0.277207
5470,20177,3,True,1,0,3,0,6,0.03341
5471,20177,4,True,1,0,4,0,14,0.042464
5472,20184,3,True,1,0,8,0,26,0.078804
5473,20184,4,True,1,4,38,0,426,0.384687
5474,20193,3,False,2,206,511,0,1666,10.000267
5475,20193,4,False,2,206,506,0,1659,10.040482
5476,20194,3,True,1,0,20,0,166,0.193852
5477,20195,3,True,1,0,25,0,264,0.240826
5478,20196,4,True,1,0,40,0,428,0.380747
5479,20201,4,False,2,356,779,0,1547,10.005134
5480,20208,4,False,2,362,753,0,4681,10.007801
5481,20210,3,False,2,357,744,0,3753,10.004866
5482,20211,4,False,2,369,751,0,5197,10.024052
5483,20213,4,False,2,363,742,0,2601,10.00265
5484,20214,4,False,2,365,747,0,4719,10.005615
5485,20219,4,False,2,360,760,0,4323,10.006844
5486,20220,3,False,2,369,753,0,4510,10.003144
5487,20222,4,False,2,368,756,0,4970,10.00745
5488,20226,4,False,2,368,763,0,4987,10.006513
5489,20234,4,False,2,356,745,0,7625,10.000777
5490,20243,4,True,1,49,122,0,798,1.58585
5491,20252,4,False,2,355,732,0,4677,10.008353
5492,20254,3,False,2,363,749,0,3808,10.099514
5493,20254,4,False,2,368,764,0,7903,10.001971
5494,20257,3,True,1,0,21,0,174,0.194265
5495,20260,4,True,1,0,33,0,288,0.299781
5496,20263,4,True,1,0,30,0,361,0.272966
5497,20269,4,False,2,367,771,0,5791,10.001204
5498,20271,3,True,1,0,15,0,156,0.143983
5499,20272,4,False,2,364,763,0,5961,10.008128
5500,20274,3,True,1,0,8,0,27,0.091357
5501,20276,3,False,2,344,735,0,1788,10.021538
5502,20288,4,True,1,0,5,0,18,0.053738
5503,20289,3,True,1,0,20,0,158,0.197851
5504,20290,3,True,1,0,20,0,158,0.195978
5505,20296,3,True,1,0,20,0,158,0.196982
5506,20299,3,True,1,0,20,0,158,0.196823
5507,20301,4,True,1,0,5,0,18,0.053298
5508,20302,4,True,1,0,5,0,18,0.053825
5509,20306,4,True,1,0,5,0,18,0.053665
5510,20311,3,True,1,0,7,0,16,0.071035
5511,20312,4,True,1,0,5,0,12,0.052603
5512,20313,3,True,1,0,5,0,12,0.05175
5513,20319,3,True,1,0,17,0,152,0.174558
5514,20321,3,True,1,94,216,0,2194,2.816036
5515,20321,4,True,1,0,5,0,6,0.052311
5516,20323,3,True,1,0,4,0,3,0.043184
5517,20325,3,True,1,0,4,0,3,0.043468
5518,20327,4,True,1,0,26,0,309,0.242513
5519,20328,4,True,1,0,26,0,309,0.247649
5520,20335,4,True,1,0,26,0,309,0.245517
5521,20338,4,True,1,0,5,0,14,0.052627
5522,20340,3,True,1,0,4,0,3,0.043492
5523,20341,3,True,1,0,4,0,3,0.044282
5524,20342,3,True,1,0,4,0,3,0.043895
5525,20344,3,True,1,0,4,0,3,0.044973
5526,20345,3,True,1,0,4,0,3,0.043878
5527,20347,3,True,1,0,4,0,3,0.044644
5528,20349,3,True,1,0,4,0,3,0.044501
5529,20349,4,True,1,0,5,0,14,0.053109
5530,20353,4,True,1,0,5,0,14,0.052866
5531,20354,4,True,1,0,5,0,14,0.053124
5532,20355,3,True,1,0,4,0,3,0.043545
5533,20355,4,True,1,0,5,0,14,0.05275
5534,20357,4,True,1,0,5,0,14,0.052248
5535,20359,3,True,1,0,4,0,3,0.043242
5536,20368,3,True,1,0,4,0,3,0.044192
5537,20368,4,True,1,0,5,0,14,0.053022
5538,20369,3,True,1,0,3,0,6,0.036388
5539,20371,3,True,1,0,4,0,3,0.043489
5540,20374,4,True,1,0,3,0,6,0.034925
5541,20375,3,True,1,0,4,0,3,0.042973
5542,20376,3,True,1,0,4,0,3,0.042852
5543,20376,4,True,1,0,3,0,6,0.03399
5544,20378,3,True,1,0,4,0,3,0.044259
5545,20381,4,True,1,0,3,0,6,0.034597
5546,20384,3,True,1,0,4,0,3,0.04337
5547,20384,4,True,1,0,3,0,6,0.034378
5548,20385,4,True,1,0,3,0,6,0.034305
5549,20386,4,True,1,0,3,0,6,0.034855
5550,20387,3,True,1,0,4,0,3,0.04679
5551,20387,4,True,1,0,3,0,6,0.034852
5552,20390,4,True,1,0,3,0,6,0.034783
5553,20393,3,True,1,0,4,0,3,0.045057
5554,20393,4,True,1,0,3,0,6,0.034167
5555,20394,4,True,1,0,3,0,6,0.034275
5556,20396,3,True,1,0,4,0,3,0.043935
5557,20398,3,True,1,0,4,0,3,0.044193
5558,20407,3,True,1,0,14,0,126,0.137337
5559,20412,3,True,1,0,14,0,139,0.136514
5560,20420,4,True,1,0,14,0,55,0.138957
5561,20426,3,True,1,0,27,0,336,0.25421
5562,20427,4,True,1,0,3,0,5,0.034138
5563,20428,3,True,1,0,5,0,13,0.054174
5564,20431,3,True,1,0,5,0,13,0.053526
5565,20434,3,True,1,0,5,0,13,0.055821
5566,20434,4,True,1,0,3,0,5,0.034392
5567,20437,3,True,1,0,5,0,13,0.054089
5568,20438,3,True,1,0,5,0,13,0.052301
5569,20442,3,True,1,0,5,0,13,0.052448
5570,20442,4,True,1,0,3,0,5,0.033395
5571,20443,4,True,1,0,3,0,5,0.033938
5572,20450,3,True,1,0,7,0,19,0.072089
5573,20457,3,True,1,0,7,0,19,0.071422
5574,20461,3,True,1,0,6,0,33,0.061906
5575,20463,3,True,1,0,6,0,32,0.061577
5576,20465,3,True,1,0,7,0,14,0.071315
5577,20465,4,True,1,0,6,0,10,0.062159
5578,20467,4,False,2,360,750,0,7346,10.012599
5579,20470,4,True,1,0,9,0,19,0.089053
5580,20472,3,True,1,0,10,0,25,0.096699
5581,20472,4,True,1,0,10,0,22,0.097582
5582,20475,4,False,2,365,762,0,6343,10.031427
5583,20479,4,True,1,0,34,0,256,0.323808
5584,20480,3,True,1,0,24,0,237,0.228955
5585,20481,3,True,1,0,26,0,232,0.239147
5586,20483,4,False,2,361,752,0,889,10.007427
5587,20484,4,False,2,304,640,0,3396,10.023553
5588,20485,4,False,2,190,414,0,4516,10.003153
5589,20488,3,True,1,0,36,0,284,0.660672
5590,20488,4,True,1,0,36,0,283,0.709441
5591,20490,3,True,1,0,36,0,283,0.477069
5592,20491,3,True,1,0,28,0,283,0.354397
5593,20492,4,True,1,0,63,0,597,0.805501
5594,20496,3,True,1,0,30,0,333,0.421469
5595,20497,4,True,1,0,30,0,320,0.420492
5596,20500,3,True,1,2,45,0,330,0.642369
5597,20502,3,True,1,0,30,0,334,0.383549
5598,20502,4,True,1,0,30,0,321,0.419973
5599,20503,3,True,1,43,127,0,423,2.279832
5600,20505,3,True,1,0,30,0,334,0.557765
5601,20509,4,True,1,0,48,0,334,0.880072
5602,20512,3,True,1,0,18,0,114,0.345029
5603,20513,3,True,1,0,25,0,277,0.260566
5604,20513,4,True,1,0,63,0,538,0.572808
5605,20519,4,True,1,0,22,0,164,0.198814
5606,20523,4,True,1,0,18,0,120,0.163802
5607,20526,3,True,1,0,22,0,169,0.202405
5608,20526,4,True,1,0,22,0,170,0.199481
5609,20530,3,True,1,0,25,0,265,0.22964
5610,20533,3,True,1,0,13,0,75,0.120528
5611,20565,4,True,1,209,444,0,4503,6.081127
5612,20566,3,True,1,0,22,0,316,0.204574
5613,20578,4,True,1,2,28,0,258,0.269332
5614,20580,3,True,1,4,96,0,2109,0.958229
5615,20591,4,False,2,144,388,0,1344,10.015415
5616,20593,3,False,2,369,764,0,1737,10.001335
5617,20593,4,True,1,0,18,0,134,0.164122
5618,20596,4,False,2,377,776,0,4533,10.001939
5619,20597,3,False,2,374,766,0,4262,10.012781
5620,20597,4,True,1,170,365,0,2989,4.647884
5621,20599,3,False,2,377,774,0,2616,10.026419
5622,20604,4,False,2,381,818,0,1713,10.000929
5623,20605,3,False,2,376,813,0,1732,10.013092
5624,20606,3,False,2,281,652,0,1615,10.024136
5625,20606,4,False,2,123,309,0,935,10.014809
5626,20608,4,False,2,124,303,0,882,10.009375
5627,20609,3,False,2,96,276,0,702,10.011292
5628,20609,4,False,2,271,604,0,1068,10.001759
5629,20610,3,False,2,245,562,0,916,10.002023
5630,20614,4,False,2,112,345,0,2061,10.057881
5631,20621,4,False,2,145,311,0,2241,10.070895
5632,20623,4,False,2,146,307,0,1662,10.019007
5633,20628,4,False,2,144,298,0,2018,10.076887
5634,20629,4,False,2,137,295,0,2040,10.031211
5635,20630,3,False,2,135,289,0,2074,10.023418
5636,20634,4,False,2,135,286,0,2046,10.027544
5637,20639,4,False,2,140,302,0,2181,10.021535
5638,20641,3,False,2,143,303,0,2375,10.027517
5639,20645,3,True,1,0,9,0,46,0.23834
5640,20647,3,True,1,0,37,0,337,0.885099
5641,20650,3,True,1,0,28,0,284,0.675862
5642,20654,4,True,1,0,24,0,255,0.577471
5643,20660,4,True,1,0,8,0,32,0.206888
5644,20668,4,True,1,0,8,0,36,0.212899
5645,20677,4,False,2,140,308,0,524,10.19914
5646,20679,4,False,2,125,318,0,838,10.014102
5647,20680,4,False,2,127,325,0,529,10.008885
5648,20694,4,True,1,12,61,0,578,1.623002
5649,20696,3,True,1,0,19,0,177,0.447981
5650,20698,3,True,1,0,19,0,175,0.469147
5651,20702,4,True,1,0,5,0,21,0.145585
5652,20703,3,True,1,0,6,0,21,0.168311
5653,20708,3,True,1,0,3,0,5,0.104296
5654,20710,3,True,1,0,3,0,6,0.102386
5655,20711,3,True,1,0,3,0,7,0.093822
5656,20715,3,True,1,0,3,0,7,0.097144
5657,20718,3,True,1,0,3,0,7,0.09905
5658,20723,3,True,1,0,3,0,7,0.094955
5659,20723,4,True,1,0,18,0,176,0.472581
5660,20726,3,True,1,0,3,0,7,0.105966
5661,20728,4,True,1,2,32,0,360,0.80471
5662,20730,4,True,1,2,32,0,360,0.774589
5663,20733,3,True,1,0,4,0,5,0.127188
5664,20735,3,True,1,0,4,0,5,0.120899
5665,20736,3,True,1,0,4,0,5,0.109522
5666,20737,4,True,1,2,32,0,360,0.806996
5667,20741,3,True,1,0,4,0,5,0.1229
5668,20749,3,True,1,0,26,0,334,0.625759
5669,20749,4,True,1,0,4,0,6,0.118825
5670,20753,3,True,1,0,26,0,334,0.640493
5671,20757,4,True,1,0,4,0,6,0.117189
5672,20759,4,True,1,0,5,0,18,0.137528
5673,20770,3,True,1,0,4,0,5,0.113247
5674,20770,4,True,1,0,5,0,18,0.135191
5675,20773,3,True,1,0,4,0,5,0.116121
5676,20773,4,True,1,0,5,0,18,0.138129
5677,20777,3,True,1,0,4,0,9,0.110162
5678,20779,4,True,1,0,14,0,72,0.343592
5679,20780,3,True,1,0,10,0,42,0.248049
5680,20781,3,True,1,0,10,0,41,0.24721
5681,20782,3,True,1,0,10,0,42,0.250637
5682,20783,3,True,1,0,10,0,42,0.243072
5683,20784,4,True,1,0,14,0,75,0.333634
5684,20786,4,True,1,0,14,0,72,0.318908
5685,20787,3,True,1,0,10,0,42,0.242576
5686,20797,4,True,1,0,14,0,69,0.328587
5687,20799,4,True,1,0,14,0,75,0.372889
5688,20800,4,True,1,0,14,0,75,0.360481
5689,20802,3,True,1,0,10,0,42,0.258167
5690,20803,3,True,1,0,10,0,42,0.257717
5691,20804,4,True,1,0,14,0,73,0.353845
5692,20805,3,True,1,0,10,0,41,0.257454
5693,20813,4,True,1,0,14,0,68,0.348241
5694,20815,4,True,1,0,14,0,74,0.343202
5695,20817,3,True,1,0,10,0,41,0.253877
5696,20821,3,True,1,0,10,0,41,0.25096
5697,20824,4,True,1,0,14,0,71,0.340376
5698,20825,4,True,1,0,14,0,68,0.335069
5699,20826,4,True,1,0,14,0,71,0.338781
5700,20828,4,True,1,0,14,0,72,0.333155
5701,20831,4,True,1,0,14,0,75,0.337155
5702,20832,3,True,1,0,10,0,42,0.247277
5703,20833,3,True,1,0,10,0,41,0.253193
5704,20833,4,True,1,0,14,0,72,0.327132
5705,20834,3,True,1,0,10,0,42,0.243508
5706,20834,4,True,1,0,14,0,72,0.332185
5707,20839,3,True,1,0,10,0,42,0.247424
5708,20841,3,True,1,0,10,0,41,0.254907
5709,20842,3,True,1,0,10,0,42,0.259063
5710,20843,4,True,1,0,14,0,72,0.351692
5711,20846,3,True,1,0,10,0,42,0.261655
5712,20846,4,True,1,0,14,0,74,0.345461
5713,20851,4,True,1,0,14,0,73,0.352233
5714,20852,3,True,1,0,10,0,42,0.253166
5715,20856,3,True,1,0,17,0,209,0.431636
5716,20856,4,True,1,0,14,0,72,0.337553
5717,20858,4,True,1,0,14,0,68,0.353778
5718,20863,3,True,1,0,10,0,42,0.26413
5719,20866,3,True,1,0,10,0,42,0.26533
5720,20866,4,True,1,0,14,0,69,0.350367
5721,20868,3,True,1,0,10,0,42,0.252313
5722,20868,4,True,1,0,14,0,70,0.337634
5723,20869,4,True,1,0,14,0,67,0.339087
5724,20870,3,True,1,0,17,0,209,0.41933
5725,20870,4,True,1,0,14,0,68,0.378945
5726,20873,4,True,1,0,14,0,66,0.356568
5727,20877,4,True,1,0,14,0,65,0.375207
5728,20881,4,True,1,0,14,0,68,0.368251
5729,20884,3,True,1,0,10,0,42,0.270452
5730,20887,3,True,1,0,10,0,42,0.28245
5731,20887,4,True,1,0,14,0,68,0.392495
5732,20889,4,True,1,0,14,0,65,0.389347
5733,20892,3,True,1,0,10,0,42,0.290964
5734,20895,4,True,1,0,14,0,75,0.386264
5735,20896,3,True,1,0,10,0,42,0.290944
5736,20897,3,True,1,0,10,0,41,0.285339
5737,20898,4,True,1,0,14,0,72,0.384812
5738,20899,3,True,1,0,10,0,42,0.285591
5739,20905,4,True,1,0,14,0,69,0.397648
5740,20909,4,True,1,0,6,0,16,0.174705
5741,20910,3,True,1,0,4,0,15,0.1213
5742,20911,4,True,1,0,6,0,38,0.169247
5743,20915,3,True,1,0,23,0,81,0.61447
5744,20916,4,True,1,0,9,0,23,0.248373
5745,20917,4,True,1,0,9,0,25,0.25037
5746,20919,3,True,1,0,10,0,25,0.268526
5747,20922,3,True,1,0,100,0,1150,2.690386
5748,20924,3,True,1,0,33,0,229,0.846458
5749,20925,3,True,1,0,24,0,238,0.5959
5750,20926,4,True,1,0,26,0,234,0.636663
5751,20927,4,True,1,0,34,0,316,0.838525
5752,20928,3,True,1,0,5,0,7,0.143964
5753,20928,4,True,1,0,25,0,292,0.642513
5754,20929,4,True,1,0,24,0,209,0.577484
5755,20932,4,True,1,0,23,0,207,0.56181
5756,20935,3,True,1,0,25,0,263,0.620829
5757,20936,3,True,1,0,6,0,16,0.16503
5758,20939,3,True,1,0,30,0,277,0.749101
5759,20941,3,True,1,0,36,0,285,0.892153
5760,20942,4,True,1,0,28,0,285,0.671783
5761,20946,3,True,1,0,4,0,16,0.115434
5762,20950,3,True,1,0,6,0,16,0.16533
5763,20956,4,True,1,0,45,0,502,1.085796
5764,20962,3,True,1,0,25,0,275,0.635008
5765,20965,4,True,1,0,18,0,128,0.446484
5766,20968,4,True,1,0,63,0,479,1.582429
5767,20974,4,True,1,0,18,0,133,0.465178
5768,20977,3,True,1,0,31,0,318,0.780798
5769,20995,3,True,1,0,31,0,302,0.782964
5770,20998,4,True,1,0,26,0,243,0.652258
5771,21002,4,True,1,0,38,0,328,0.951796
5772,21016,3,True,1,118,263,0,2840,9.528823
5773,21019,4,True,1,0,7,0,26,0.191253
5774,21024,4,True,1,6,38,0,341,1.076076
5775,21027,3,True,1,2,28,0,231,0.740804
5776,21032,3,True,1,0,8,0,26,0.216194
5777,21037,4,False,2,113,318,0,1125,10.064227
5778,21038,4,False,2,104,299,0,1082,10.025949
5779,21039,3,False,2,127,373,0,1316,10.008286
5780,21040,4,False,2,86,260,0,991,10.00002
5781,21044,4,False,2,287,599,0,1200,10.002892
5782,21048,4,True,1,0,6,0,7,0.082104
5783,21051,3,True,1,0,22,0,181,0.245556
5784,21054,4,False,2,264,579,0,817,10.02651
5785,21056,3,True,1,0,18,0,192,0.398655
5786,21059,4,False,2,212,512,0,1423,10.075597
5787,21060,3,False,2,284,631,0,1459,10.000401
5788,21063,3,False,2,140,342,0,788,10.01661
5789,21065,4,False,2,207,460,0,4188,10.007705
5790,21067,4,False,2,268,655,0,3803,10.000063
5791,21068,3,False,2,208,549,0,3321,10.003283
5792,21071,3,False,2,251,627,0,3652,10.013759
5793,21074,3,True,1,142,316,0,2520,4.742937
5794,21076,3,False,2,303,630,0,3598,10.009268
5795,21077,3,False,2,299,623,0,4261,10.002117
5796,21084,3,False,2,306,645,0,2899,10.003406
5797,21084,4,False,2,297,639,0,2839,10.010179
5798,21086,3,True,1,0,28,0,284,0.315475
5799,21094,3,True,1,64,153,0,711,2.362857
5800,21094,4,True,1,0,25,0,394,0.277564
5801,21097,3,True,1,105,237,0,2602,3.691854
5802,21100,4,True,1,12,56,0,616,0.720115
5803,21106,4,False,2,298,661,0,2538,10.020839
5804,21119,4,False,2,298,666,0,1608,10.010187
5805,21120,4,False,2,115,307,0,874,10.018698
5806,21127,3,False,2,135,288,0,1845,10.105669
5807,21130,3,True,1,0,50,0,275,1.291431
5808,21133,3,True,1,0,26,0,236,0.669518
5809,21133,4,True,1,0,10,0,43,0.264288
5810,21134,4,True,1,17,50,0,488,1.687948
5811,21138,3,False,2,132,287,0,2095,10.016552
5812,21142,4,False,2,131,296,0,2223,10.08618
5813,21143,3,True,1,9,28,0,279,0.927261
5814,21143,4,False,2,128,293,0,2342,10.001952
5815,21147,4,True,1,0,16,0,172,0.426683
5816,21149,4,True,1,0,33,0,214,0.815395
5817,21153,4,True,1,0,19,0,166,0.488433
5818,21154,4,True,1,0,7,0,13,0.195306
5819,21158,4,True,1,0,11,0,64,0.303972
5820,21162,3,True,1,0,8,0,19,0.227925
5821,21164,4,True,1,0,12,0,75,0.325149
5822,21165,3,True,1,0,8,0,19,0.234333
5823,21167,3,True,1,0,8,0,19,0.225636
5824,21168,3,True,1,0,8,0,19,0.234983
5825,21172,4,True,1,0,12,0,77,0.170813
5826,21173,3,True,1,0,8,0,19,0.096663
5827,21175,4,True,1,0,27,0,592,0.303994
5828,21176,4,True,1,0,28,0,626,0.314596
5829,21181,4,True,1,0,33,0,924,0.359354
5830,21182,4,True,1,0,34,0,986,0.36663
5831,21184,4,True,1,0,36,0,1116,0.389978
5832,21185,3,True,1,0,7,0,15,0.085757
5833,21186,3,True,1,0,7,0,15,0.085101
5834,21186,4,True,1,0,37,0,1215,0.413583
5835,21188,4,True,1,60,144,0,1202,2.209553
5836,21192,3,True,1,0,13,0,56,0.158905
5837,21192,4,False,2,253,535,0,4022,10.023015
5838,21194,4,True,1,0,6,0,26,0.078614
5839,21199,4,True,1,0,6,0,26,0.078953
5840,21200,3,True,1,0,8,0,19,0.096165
5841,21206,4,True,1,0,6,0,26,0.080417
5842,21207,3,True,1,0,8,0,19,0.098833
5843,21208,4,True,1,0,6,0,26,0.073745
5844,21210,3,True,1,0,8,0,19,0.097874
5845,21212,3,True,1,0,8,0,19,0.101354
5846,21213,4,True,1,0,6,0,26,0.076953
5847,21214,4,True,1,0,6,0,26,0.076697
5848,21215,4,True,1,0,6,0,26,0.077108
5849,21216,4,True,1,0,6,0,26,0.077708
5850,21217,4,True,1,0,6,0,26,0.079392
5851,21218,3,True,1,0,7,0,14,0.086359
5852,21220,4,True,1,0,6,0,26,0.072989
5853,21226,3,True,1,0,4,0,8,0.054476
5854,21227,4,True,1,0,4,0,11,0.054476
5855,21228,3,True,1,0,9,0,56,0.106517
5856,21229,3,True,1,0,3,0,8,0.040808
5857,21231,4,True,1,0,4,0,8,0.055558
5858,21234,3,True,1,0,13,0,122,0.155136
5859,21236,4,True,1,0,4,0,8,0.054274
5860,21242,4,True,1,0,4,0,8,0.053319
5861,21244,3,True,1,0,13,0,122,0.152163
5862,21247,4,True,1,0,8,0,40,0.098354
5863,21248,4,True,1,0,13,0,99,0.149664
5864,21250,4,True,1,0,6,0,28,0.077541
5865,21257,4,True,1,0,6,0,28,0.080794
5866,21259,4,True,1,0,6,0,28,0.074701
5867,21260,3,True,1,0,5,0,10,0.059866
5868,21260,4,True,1,0,6,0,28,0.072095
5869,21264,4,True,1,0,6,0,28,0.07362
5870,21273,3,True,1,0,5,0,10,0.059495
5871,21274,3,True,1,0,5,0,10,0.059513
5872,21275,4,True,1,0,6,0,28,0.073305
5873,21279,3,True,1,0,5,0,10,0.063433
5874,21280,4,True,1,0,6,0,28,0.073713
5875,21281,4,True,1,0,4,0,12,0.05171
5876,21282,4,True,1,0,4,0,12,0.051122
5877,21284,3,True,1,0,5,0,10,0.063692
5878,21285,3,True,1,0,5,0,10,0.063994
5879,21289,4,True,1,0,4,0,12,0.053035
5880,21291,4,True,1,0,4,0,12,0.052083
5881,21292,4,True,1,0,4,0,12,0.052823
5882,21293,4,True,1,0,4,0,12,0.053092
5883,21295,3,True,1,0,5,0,10,0.061633
5884,21295,4,True,1,0,4,0,12,0.052166
5885,21297,3,True,1,0,5,0,10,0.066337
5886,21302,3,True,1,0,5,0,10,0.061507
5887,21302,4,True,1,0,4,0,12,0.051815
5888,21303,4,True,1,0,4,0,12,0.051153
5889,21304,4,True,1,0,4,0,12,0.05014
5890,21305,4,True,1,0,4,0,12,0.053074
5891,21306,4,True,1,0,4,0,12,0.052703
5892,21308,3,True,1,0,5,0,10,0.063536
5893,21308,4,True,1,0,4,0,12,0.052193
5894,21309,3,True,1,0,5,0,10,0.063273
5895,21315,3,True,1,0,7,0,19,0.085153
5896,21316,4,True,1,0,28,0,270,0.328158
5897,21321,3,True,1,0,7,0,19,0.085369
5898,21323,4,True,1,0,28,0,270,0.312038
5899,21327,3,True,1,0,7,0,19,0.086766
5900,21331,3,True,1,0,5,0,13,0.06516
5901,21333,3,True,1,0,5,0,13,0.064845
5902,21334,4,True,1,0,27,0,383,0.305321
5903,21343,3,True,1,0,5,0,13,0.064434
5904,21345,3,True,1,0,7,0,19,0.085926
5905,21348,3,True,1,0,7,0,19,0.093948
5906,21351,3,True,1,0,7,0,19,0.082268
5907,21352,4,True,1,115,256,0,2971,4.357711
5908,21354,4,True,1,115,256,0,2971,3.956749
5909,21357,4,True,1,115,256,0,2971,4.277675
5910,21358,4,True,1,115,256,0,2971,4.072743
5911,21359,4,True,1,115,256,0,2971,4.019443
5912,21360,4,False,2,300,629,0,6504,10.006474
5913,21363,3,False,2,302,641,0,6075,10.01959
5914,21363,4,True,1,4,18,0,57,0.245632
5915,21364,3,True,1,1,14,0,70,0.169722
5916,21365,4,True,1,0,8,0,30,0.092712
5917,21369,4,True,1,0,33,0,230,0.361926
5918,21370,4,True,1,0,26,0,245,0.28588
5919,21377,4,True,1,0,23,0,210,0.2575
5920,21378,4,True,1,0,32,0,447,0.357911
5921,21379,3,True,1,0,25,0,267,0.2921
5922,21381,3,True,1,0,36,0,285,0.392004
5923,21384,4,True,1,0,36,0,320,0.412721
5924,21387,4,True,1,0,28,0,306,0.308829
5925,21388,4,True,1,0,6,0,25,0.076963
5926,21391,4,True,1,0,78,0,882,0.902967
5927,21395,4,True,1,0,30,0,303,0.32385
5928,21403,4,True,1,0,18,0,115,0.194901
5929,21404,3,True,1,0,25,0,277,0.273281
5930,21404,4,True,1,0,63,0,538,0.689084
5931,21410,4,True,1,0,22,0,164,0.240898
5932,21417,3,True,1,0,22,0,169,0.240866
5933,21417,4,True,1,0,22,0,170,0.246064
5934,21424,3,True,1,0,13,0,75,0.146711
5935,21446,4,True,1,0,23,0,167,0.252063
5936,21450,4,True,1,4,87,0,684,1.265429
5937,21453,4,True,1,0,8,0,27,0.102586
5938,21455,4,True,1,135,297,0,3342,4.691273
5939,21456,4,True,1,0,24,0,369,0.269685
5940,21464,4,True,1,2,28,0,258,0.330179
5941,21467,3,True,1,4,38,0,390,0.458057
5942,21468,3,True,1,0,8,0,30,0.097495
5943,21476,3,False,2,295,659,0,2115,10.047452
5944,21480,4,False,2,315,653,0,5733,10.025185
5945,21482,4,True,1,0,19,0,161,0.207885
5946,21486,4,False,2,308,642,0,3144,10.026752
5947,21488,3,True,1,0,4,0,5,0.052955
5948,21493,4,False,2,305,675,0,2521,10.017294
5949,21494,3,False,2,286,642,0,1572,10.033437
5950,21494,4,False,2,307,676,0,1547,10.009532
5951,21498,3,True,1,12,80,0,544,0.947789
5952,21500,4,False,2,291,639,0,961,10.018176
5953,21502,4,False,2,297,658,0,1387,10.006956
5954,21503,3,True,1,4,56,0,456,0.647151
5955,21504,4,False,2,300,663,0,1036,10.031498
5956,21505,3,False,2,300,638,0,2104,10.002701
5957,21505,4,False,2,302,636,0,4359,10.000153
5958,21506,4,True,1,4,46,0,347,0.546173
5959,21507,3,False,2,285,646,0,2663,10.027905
5960,21508,4,False,2,302,667,0,1363,10.008347
5961,21509,3,False,2,282,659,0,3925,10.048749
5962,21509,4,False,2,273,625,0,2181,10.0034
5963,21510,3,False,2,222,563,0,3372,10.001341
5964,21512,4,False,2,260,636,0,3672,10.000697
5965,21513,3,False,2,260,636,0,3681,10.019137
5966,21514,3,False,2,223,481,0,4406,10.040692
5967,21515,3,False,2,261,551,0,3936,10.065752
5968,21515,4,False,2,111,330,0,2288,10.153078
5969,21518,3,False,2,308,650,0,5174,10.001506
5970,21526,3,False,2,298,617,0,3128,10.004355
5971,21532,3,False,2,315,669,0,3107,10.009493
5972,21533,4,True,1,0,28,0,271,0.304662
5973,21534,3,True,1,0,28,0,284,0.291305
5974,21535,3,False,2,243,520,0,3796,10.018463
5975,21544,3,True,1,0,9,0,34,0.239363
5976,21544,4,True,1,0,8,0,32,0.184963
5977,21545,4,True,1,0,24,0,393,0.259728
5978,21553,4,True,1,0,8,0,36,0.093142
5979,21554,4,True,1,0,24,0,248,0.290794
5980,21555,3,False,2,279,630,0,2537,10.005472
5981,21558,3,False,2,137,313,0,1831,10.0204
5982,21565,4,True,1,0,30,0,389,0.56275
5983,21569,3,False,2,262,569,0,1182,10.077496
5984,21570,4,False,2,287,674,0,1462,10.006644
5985,21571,3,False,2,240,552,0,1295,10.003359
5986,21571,4,False,2,139,354,0,693,10.012061
5987,21578,4,False,2,131,292,0,1453,10.025552
5988,21581,3,False,2,130,280,0,2019,10.022329
5989,21583,3,True,1,7,26,0,274,0.863596
5990,21583,4,False,2,127,291,0,2317,10.013644
5991,21593,3,True,1,0,10,0,42,0.253351
5992,21593,4,True,1,0,14,0,139,0.345455
5993,21594,3,True,1,0,10,0,42,0.256714
5994,21594,4,True,1,0,14,0,139,0.340788
5995,21597,4,True,1,0,14,0,139,0.34424
5996,21601,3,True,1,0,17,0,209,0.424031
5997,21603,4,True,1,0,14,0,140,0.349345
5998,21604,3,True,1,0,17,0,209,0.420992
5999,21606,4,True,1,0,14,0,140,0.36404
6000,21611,4,True,1,17,50,0,482,1.655572
6001,21613,3,False,2,132,293,0,2304,10.113518
6002,21616,4,True,1,7,30,0,301,0.883547
6003,21618,4,True,1,7,30,0,301,0.890895
6004,21622,4,True,1,0,15,0,141,0.386672
6005,21627,3,True,1,0,10,0,42,0.268488
6006,21629,4,True,1,0,15,0,141,0.366662
6007,21631,3,False,2,119,287,0,810,10.06557
6008,21638,4,True,1,0,22,0,155,0.559985
6009,21641,3,True,1,0,19,0,175,0.506484
6010,21642,4,True,1,0,30,0,389,0.770035
6011,21643,4,True,1,0,30,0,389,0.769135
6012,21645,4,True,1,0,30,0,389,0.761593
6013,21647,3,True,1,0,5,0,13,0.156217
6014,21647,4,True,1,0,30,0,389,0.763297
6015,21650,3,True,1,0,5,0,13,0.147269
6016,21650,4,True,1,0,30,0,389,0.745256
6017,21652,4,True,1,0,30,0,389,0.746942
6018,21658,4,True,1,0,32,0,314,0.792627
6019,21663,3,True,1,0,5,0,14,0.140034
6020,21665,4,True,1,0,33,0,319,0.786371
6021,21668,4,True,1,0,33,0,319,0.787226
6022,21669,3,True,1,0,5,0,14,0.14133
6023,21670,3,True,1,0,5,0,14,0.138722
6024,21672,4,True,1,0,33,0,319,0.793761
6025,21674,3,True,1,0,5,0,14,0.149117
6026,21674,4,True,1,0,33,0,319,0.819798
6027,21675,3,True,1,0,5,0,14,0.144442
6028,21677,4,True,1,0,21,0,194,0.527462
6029,21678,3,True,1,0,5,0,14,0.148269
6030,21679,4,True,1,0,21,0,194,0.519472
6031,21680,4,True,1,0,21,0,194,0.503197
6032,21684,3,True,1,0,5,0,14,0.13263
6033,21686,4,True,1,0,21,0,194,0.303935
6034,21687,3,True,1,0,5,0,15,0.062814
6035,21687,4,True,1,0,21,0,195,0.221286
6036,21688,3,True,1,0,5,0,14,0.06367
6037,21690,3,True,1,0,5,0,14,0.061437
6038,21692,3,True,1,0,5,0,14,0.060921
6039,21694,4,True,1,0,21,0,194,0.226298
6040,21697,4,True,1,0,21,0,195,0.229889
6041,21698,3,True,1,0,5,0,14,0.065359
6042,21702,3,True,1,0,5,0,14,0.065722
6043,21702,4,True,1,0,21,0,194,0.229087
6044,21703,4,True,1,0,21,0,195,0.233268
6045,21704,3,True,1,0,5,0,14,0.063439
6046,21706,4,True,1,0,21,0,194,0.227976
6047,21709,3,True,1,0,4,0,9,0.053464
6048,21712,3,True,1,0,4,0,9,0.05436
6049,21714,4,False,2,300,632,0,4837,10.021131
6050,21716,3,True,1,0,4,0,9,0.108934
6051,21727,4,True,1,0,6,0,33,0.097942
6052,21730,3,True,1,0,5,0,12,0.064247
6053,21730,4,True,1,0,6,0,33,0.074651
6054,21732,3,True,1,0,5,0,12,0.131277
6055,21734,4,True,1,0,6,0,33,0.080854
6056,21735,4,True,1,0,6,0,33,0.074554
6057,21736,4,True,1,0,6,0,33,0.074925
6058,21741,4,True,1,0,6,0,33,0.07427
6059,21742,4,True,1,0,6,0,33,0.076177
6060,21743,3,True,1,0,5,0,12,0.064798
6061,21744,3,True,1,0,5,0,12,0.081265
6062,21746,3,True,1,0,5,0,12,0.114204
6063,21746,4,True,1,0,6,0,33,0.167338
6064,21747,3,True,1,0,5,0,12,0.13059
6065,21747,4,True,1,0,6,0,33,0.154247
6066,21749,3,True,1,0,5,0,12,0.079409
6067,21750,3,True,1,0,5,0,12,0.128276
6068,21750,4,True,1,0,6,0,33,0.151525
6069,21751,3,True,1,0,5,0,12,0.090818
6070,21752,4,True,1,0,6,0,33,0.075103
6071,21753,3,True,1,0,5,0,12,0.066123
6072,21753,4,True,1,0,6,0,33,0.073203
6073,21755,3,True,1,0,5,0,12,0.063555
6074,21756,3,True,1,0,5,0,12,0.063394
6075,21759,4,True,1,0,23,0,86,0.282501
6076,21761,4,True,1,0,7,0,25,0.083118
6077,21762,4,True,1,8,45,0,519,0.941362
6078,21767,3,True,1,0,23,0,208,0.342386
6079,21768,3,True,1,0,25,0,276,0.509614
6080,21772,4,True,1,0,23,0,231,0.364922
6081,21775,3,True,1,0,32,0,327,0.348388
6082,21779,4,True,1,0,63,0,597,0.83128
6083,21785,3,True,1,0,13,0,93,0.169253
6084,21786,4,False,2,271,595,0,6386,10.046995
6085,21787,3,True,1,0,6,0,16,0.163374
6086,21787,4,True,1,0,24,0,244,0.353466
6087,21790,3,True,1,0,30,0,316,0.458226
6088,21794,4,True,1,0,30,0,334,0.320004
6089,21795,4,True,1,0,29,0,320,0.30893
6090,21796,3,True,1,0,24,0,112,0.26371
6091,21802,3,True,1,0,31,0,318,0.336847
6092,21802,4,True,1,0,18,0,128,0.265502
6093,21805,4,True,1,0,63,0,479,0.947499
6094,21823,3,True,1,0,31,0,318,0.339155
6095,21832,4,True,1,0,33,0,268,0.368279
6096,21844,3,True,1,0,25,0,275,0.484066
6097,21855,3,True,1,0,6,0,16,0.175518
6098,21856,4,True,1,0,4,0,10,0.108708
6099,21857,3,True,1,0,3,0,6,0.085463
6100,21857,4,True,1,0,3,0,8,0.052479
6101,21865,3,False,2,281,657,0,2152,10.005046
6102,21867,4,False,2,173,463,0,1609,10.01244
6103,21868,4,False,2,206,501,0,1690,10.000083
6104,21870,4,False,2,297,652,0,2027,10.009625
6105,21871,3,False,2,276,632,0,1985,10.002607
6106,21872,3,False,2,284,597,0,2824,10.004772
6107,21873,3,False,2,297,627,0,3342,10.033361
6108,21875,3,False,2,224,530,0,1689,10.005361
6109,21877,4,False,2,291,618,0,2918,10.011283
6110,21879,4,True,1,0,33,0,290,0.359787
6111,21882,4,True,1,0,4,0,21,0.05334
6112,21883,4,True,1,0,12,0,42,0.140568
6113,21886,4,True,1,0,22,0,188,0.245657
6114,21887,3,True,1,4,37,0,327,0.444821
6115,21889,3,False,2,233,496,0,3235,10.004415
6116,21892,3,True,1,0,5,0,11,0.064087
6117,21894,4,True,1,0,6,0,13,0.075036
6118,21897,4,True,1,0,28,0,324,0.310253
6119,21898,3,True,1,0,18,0,192,0.204368
6120,21899,3,False,2,226,531,0,1274,10.021425
6121,21899,4,False,2,83,243,0,733,10.097875
6122,21900,4,False,2,151,377,0,2524,10.059157
6123,21901,4,False,2,268,599,0,1309,10.021006
6124,21903,3,False,2,294,655,0,1470,10.006783
6125,21905,4,False,2,261,555,0,1866,10.035614
6126,21907,4,False,2,291,658,0,1312,10.009714
6127,21914,4,False,2,299,639,0,5673,10.098533
6128,21915,3,False,2,216,473,0,3771,10.035933
6129,21915,4,False,2,193,424,0,3420,10.092724
6130,21916,3,False,2,115,345,0,2061,10.010594
6131,21919,3,False,2,145,312,0,2391,10.065753
6132,21920,3,False,2,297,633,0,5242,10.006613
6133,21923,4,True,1,218,465,0,3649,7.422528
6134,21924,3,False,2,302,631,0,3651,10.11938
6135,21924,4,False,2,228,572,0,3356,10.020752
6136,21925,3,False,2,263,564,0,5095,10.034861
6137,21926,3,False,2,240,512,0,4130,10.022178
6138,21927,4,False,2,255,547,0,5046,10.002194
6139,21928,3,False,2,268,556,0,4039,10.005339
6140,21929,4,False,2,196,402,0,2993,10.000682
6141,21932,3,False,2,196,414,0,3263,10.001506
6142,21934,3,False,2,190,392,0,3218,10.030255
6143,21941,3,True,1,0,29,0,299,0.311738
6144,21943,4,False,2,215,472,0,5666,10.020134
6145,21951,3,False,2,152,308,0,3163,10.235389
6146,21966,3,True,1,0,5,0,16,0.136073
6147,21971,3,False,2,127,324,0,944,10.004147
6148,21972,4,False,2,126,337,0,854,10.017046
6149,21973,4,False,2,144,340,0,841,10.170386
6150,21978,4,True,1,0,9,0,47,0.214499
6151,21979,3,False,2,140,396,0,850,10.0056
6152,21981,3,False,2,309,715,0,1553,10.018121
6153,21985,3,True,1,0,8,0,29,0.091365
6154,21988,4,False,2,316,674,0,1615,10.00727
6155,21992,4,True,1,0,14,0,140,0.152683
6156,21997,4,True,1,0,14,0,140,0.151545
6157,21998,4,True,1,0,14,0,140,0.148636
6158,22000,4,True,1,0,14,0,137,0.151331
6159,22004,4,True,1,0,14,0,137,0.152609
6160,22011,3,True,1,0,17,0,209,0.183467
6161,22012,4,True,1,15,45,0,472,0.616837
6162,22016,3,True,1,0,10,0,41,0.11415
6163,22016,4,True,1,1,17,0,156,0.18512
6164,22017,3,True,1,0,10,0,41,0.10579
6165,22018,3,True,1,0,10,0,41,0.106112
6166,22020,3,True,1,0,10,0,41,0.108293
6167,22023,3,True,1,0,9,0,44,0.097332
6168,22027,3,True,1,0,50,0,388,0.514012
6169,22028,3,True,1,0,25,0,250,0.261444
6170,22029,3,True,1,0,25,0,252,0.255467
6171,22031,3,False,2,326,690,0,4606,10.024702
6172,22032,3,False,2,319,674,0,4838,10.009676
6173,22037,4,True,1,0,21,0,169,0.218819
6174,22039,4,True,1,0,18,0,175,0.191394
6175,22042,4,True,1,0,21,0,158,0.223168
6176,22046,3,True,1,0,4,0,10,0.050284
6177,22048,4,True,1,0,6,0,38,0.071232
6178,22049,3,True,1,0,5,0,15,0.059689
6179,22050,4,True,1,0,6,0,38,0.068528
6180,22054,4,True,1,0,6,0,38,0.068638
6181,22055,3,True,1,0,5,0,15,0.061095
6182,22056,3,True,1,0,5,0,15,0.060103
6183,22060,3,True,1,0,5,0,15,0.060382
6184,22061,3,True,1,0,5,0,15,0.061458
6185,22061,4,True,1,0,6,0,38,0.072373
6186,22063,3,True,1,0,5,0,17,0.060179
6187,22071,3,True,1,0,5,0,18,0.059894
6188,22072,3,True,1,0,5,0,17,0.057917
6189,22076,4,True,1,0,21,0,214,0.218282
6190,22077,3,True,1,0,5,0,17,0.058589
6191,22077,4,True,1,0,21,0,215,0.21967
6192,22080,3,True,1,0,5,0,17,0.05795
6193,22082,3,True,1,0,18,0,146,0.186959
6194,22085,4,True,1,0,50,0,415,0.515251
6195,22087,3,True,1,0,5,0,7,0.060631
6196,22087,4,True,1,0,7,0,35,0.082786
6197,22089,3,True,1,0,20,0,220,0.217859
6198,22092,3,True,1,0,23,0,206,0.244138
6199,22094,4,True,1,0,23,0,211,0.23963
6200,22104,3,True,1,0,25,0,263,0.382313
6201,22104,4,True,1,0,22,0,192,0.320728
6202,22105,3,True,1,0,5,0,10,0.057984
6203,22106,4,True,1,0,6,0,21,0.069113
6204,22109,4,True,1,0,18,0,175,0.194517
6205,22111,3,False,2,295,655,0,5062,10.009649
6206,22111,4,True,1,0,45,0,503,0.702249
6207,22115,3,True,1,0,30,0,333,0.3163
6208,22116,4,True,1,0,24,0,132,0.256265
6209,22126,3,True,1,0,63,0,420,0.662078
6210,22139,4,True,1,0,48,0,373,0.507893
6211,22140,4,True,1,0,78,0,808,0.884873
6212,22146,4,True,1,0,33,0,216,0.355386
6213,22149,3,True,1,0,78,0,660,0.880885
6214,22152,3,True,1,0,41,0,350,0.429898
6215,22155,3,True,1,0,33,0,239,0.351089
6216,22159,3,True,1,0,25,0,277,0.264315
6217,22168,4,True,1,0,18,0,141,0.188102
6218,22171,3,True,1,0,8,0,26,0.089545
6219,22173,3,True,1,0,24,0,388,0.251931
6220,22173,4,True,1,0,25,0,407,0.262383
6221,22179,4,True,1,0,8,0,26,0.088181
6222,22182,3,True,1,4,38,0,390,0.43621
6223,22183,3,True,1,0,8,0,30,0.095638
6224,22187,3,False,2,267,615,0,1985,10.006336
6225,22190,3,False,2,291,687,0,2122,10.000073
6226,22192,3,False,2,274,610,0,5008,10.018082
6227,22198,3,False,2,241,554,0,5469,10.010654
6228,22199,3,False,2,308,667,0,5496,10.002203
6229,22205,4,True,1,0,3,0,4,0.087023
6230,22209,4,True,1,0,3,0,4,0.080709
6231,22211,4,True,1,0,3,0,4,0.078973
6232,22214,3,True,1,0,3,0,6,0.08068
6233,22216,3,True,1,0,3,0,6,0.083808
6234,22218,3,True,1,0,3,0,6,0.08261
6235,22220,4,True,1,0,3,0,4,0.080469
6236,22221,4,True,1,0,3,0,4,0.079752
6237,22222,3,True,1,0,3,0,6,0.085195
6238,22223,3,True,1,0,3,0,6,0.072438
6239,22223,4,True,1,0,3,0,4,0.045586
6240,22226,4,True,1,0,3,0,4,0.042471
6241,22230,3,True,1,0,3,0,6,0.039714
6242,22230,4,True,1,0,3,0,4,0.041243
6243,22231,4,True,1,0,3,0,4,0.039787
6244,22232,3,True,1,0,3,0,6,0.04009
6245,22232,4,True,1,0,3,0,4,0.040747
6246,22233,3,True,1,0,3,0,6,0.040359
6247,22235,3,True,1,0,3,0,2,0.047928
6248,22238,3,True,1,0,14,0,52,0.316009
6249,22240,3,True,1,0,13,0,61,0.292531
6250,22241,3,True,1,0,13,0,61,0.36676
6251,22243,3,True,1,0,13,0,61,0.256565
6252,22246,4,True,1,0,10,0,35,0.168828
6253,22247,4,True,1,0,8,0,51,0.101622
6254,22251,3,True,1,0,13,0,85,0.158827
6255,22251,4,True,1,0,8,0,52,0.099011
6256,22253,3,True,1,1,16,0,102,0.191987
6257,22258,3,True,1,0,13,0,90,0.148915
6258,22259,4,True,1,0,8,0,51,0.101014
6259,22261,4,True,1,0,8,0,51,0.100076
6260,22265,4,False,2,297,623,0,2434,10.008776
6261,22267,4,False,2,303,625,0,2915,10.009513
6262,22268,3,True,1,0,8,0,61,0.110288
6263,22270,4,True,1,4,37,0,334,0.472396
6264,22273,4,True,1,28,85,0,526,1.159488
6265,22278,3,True,1,0,3,0,6,0.040695
6266,22281,4,True,1,0,3,0,4,0.041146
6267,22282,4,True,1,0,3,0,4,0.040169
6268,22283,4,True,1,0,3,0,4,0.041266
6269,22284,4,True,1,0,3,0,4,0.041165
6270,22285,4,True,1,0,3,0,4,0.04093
6271,22287,4,True,1,0,3,0,4,0.039733
6272,22288,4,True,1,0,3,0,4,0.040532
6273,22293,4,True,1,0,3,0,4,0.041095
6274,22295,3,True,1,0,7,0,18,0.08497
6275,22295,4,True,1,0,3,0,4,0.041837
6276,22297,4,True,1,0,3,0,4,0.041921
6277,22307,4,True,1,0,5,0,4,0.063974
6278,22311,3,True,1,0,27,0,253,0.291141
6279,22311,4,True,1,0,22,0,159,0.237647
6280,22314,3,True,1,0,5,0,12,0.062209
6281,22315,3,True,1,0,6,0,20,0.07257
6282,22316,3,True,1,0,5,0,13,0.061492
6283,22318,3,True,1,0,3,0,4,0.041167
6284,22322,3,False,2,276,625,0,963,10.057573
6285,22323,4,False,2,168,357,0,1628,10.008043
6286,22329,3,False,2,253,576,0,988,10.002512
6287,22331,3,False,2,248,590,0,3509,10.060608
6288,22331,4,False,2,134,339,0,1235,10.012565
6289,22332,3,False,2,109,326,0,1984,10.156605
6290,22333,4,False,2,191,502,0,2983,10.004155
6291,22336,4,False,2,304,646,0,5678,10.00438
6292,22340,4,False,2,155,350,0,3366,10.048023
6293,22342,4,False,2,314,652,0,4744,10.004348
6294,22343,4,False,2,318,664,0,5124,10.02833
6295,22345,3,False,2,251,616,0,3580,10.00337
6296,22346,4,True,1,218,465,0,3663,9.919269
6297,22347,3,False,2,134,287,0,1231,10.108845
6298,22350,3,False,2,131,286,0,1907,10.003302
6299,22351,3,False,2,130,286,0,1223,10.006363
6300,22353,4,False,2,138,288,0,1902,10.028355
6301,22354,3,False,2,124,271,0,1839,10.019264
6302,22354,4,True,1,44,105,0,791,3.64883
6303,22355,4,False,2,133,281,0,2156,10.037987
6304,22359,4,False,2,131,276,0,2283,10.039471
6305,22361,3,True,1,44,103,0,803,3.553204
6306,22361,4,False,2,135,289,0,2030,10.006934
6307,22363,4,False,2,126,270,0,2161,10.068065
6308,22365,3,False,2,130,280,0,1193,10.006695
6309,22368,3,False,2,132,278,0,1513,10.043143
6310,22370,4,False,2,133,281,0,2170,10.033776
6311,22371,3,False,2,96,294,0,2030,10.000735
6312,22382,4,True,1,0,37,0,376,0.923077
6313,22386,3,True,1,64,140,0,371,5.030383
6314,22387,3,False,2,123,289,0,521,10.008326
6315,22397,3,True,1,15,80,0,567,2.411765
6316,22398,3,False,2,90,287,0,1549,10.021075
6317,22398,4,False,2,116,281,0,2283,10.014885
6318,22402,3,True,1,0,5,0,14,0.147157
6319,22402,4,True,1,0,33,0,319,0.814128
6320,22405,4,True,1,0,30,0,389,0.739011
6321,22407,3,False,2,92,266,0,1541,10.052051
6322,22408,3,False,2,109,311,0,935,10.017872
6323,22409,3,False,2,123,299,0,759,10.016115
6324,22411,4,False,2,124,295,0,660,10.046043
6325,22415,4,False,2,111,293,0,844,10.016033
6326,22418,3,True,1,0,9,0,40,0.250642
6327,22430,4,True,1,0,8,0,39,0.228375
6328,22431,4,False,2,128,278,0,1976,10.011376
6329,22434,3,True,1,15,45,0,432,1.439188
6330,22438,4,True,1,0,15,0,144,0.38642
6331,22439,4,True,1,0,15,0,130,0.387303
6332,22441,3,True,1,15,46,0,440,1.52231
6333,22442,3,True,1,8,28,0,291,0.922028
6334,22443,3,True,1,0,14,0,165,0.369057
6335,22444,4,False,2,127,292,0,2405,10.011964
6336,22446,3,True,1,0,39,0,318,0.967517
6337,22446,4,True,1,120,270,0,1514,9.638728
6338,22449,3,True,1,114,258,0,1533,9.179474
6339,22449,4,True,1,114,258,0,1516,8.853748
6340,22450,3,True,1,114,260,0,1655,4.617279
6341,22451,3,True,1,0,8,0,33,0.09499
6342,22455,4,True,1,0,51,0,396,0.556506
6343,22458,3,True,1,0,8,0,29,0.096308
6344,22460,3,True,1,0,25,0,263,0.272037
6345,22460,4,True,1,0,51,0,395,0.565081
6346,22463,4,True,1,0,39,0,305,0.431159
6347,22464,4,True,1,0,8,0,21,0.095792
6348,22465,4,True,1,167,363,0,2431,5.642736
6349,22467,4,False,2,307,635,0,3901,10.003592
6350,22469,3,True,1,0,7,0,18,0.213797
6351,22472,4,False,2,305,633,0,4848,10.081877
6352,22474,3,True,1,0,7,0,18,0.088454
6353,22480,3,True,1,0,7,0,18,0.08952
6354,22482,3,True,1,0,8,0,22,0.105393
6355,22482,4,False,2,235,535,0,6374,10.009825
6356,22483,4,False,2,239,551,0,6548,10.018089
6357,22484,4,False,2,280,636,0,8211,10.001748
6358,22490,3,True,1,0,9,0,29,0.255972
6359,22494,3,True,1,0,8,0,23,0.232823
6360,22494,4,True,1,12,56,0,669,1.544084
6361,22495,3,True,1,0,8,0,23,0.095099
6362,22496,4,True,1,12,56,0,669,0.735042
6363,22498,3,True,1,0,8,0,23,0.101467
6364,22500,3,True,1,0,8,0,23,0.097996
6365,22500,4,True,1,12,56,0,669,1.376502
6366,22503,4,True,1,12,56,0,669,1.593043
6367,22504,4,True,1,0,4,0,12,0.117111
6368,22505,3,True,1,0,53,0,495,1.262539
6369,22505,4,True,1,0,18,0,161,0.443226
6370,22507,4,True,1,0,7,0,15,0.186349
6371,22508,4,True,1,0,10,0,48,0.246979
6372,22509,3,False,2,137,298,0,2120,10.004426
6373,22509,4,True,1,0,7,0,29,0.196972
6374,22512,3,True,1,0,3,0,7,0.093366
6375,22512,4,True,1,0,26,0,323,0.64831
6376,22514,4,True,1,30,89,0,812,2.699728
6377,22516,3,True,1,0,23,0,210,0.555301
6378,22517,3,True,1,0,23,0,208,0.532197
6379,22517,4,True,1,0,23,0,208,0.517278
6380,22519,4,True,1,0,23,0,232,0.517252
6381,22520,3,True,1,0,31,0,318,0.723331
6382,22521,3,True,1,0,6,0,16,0.152829
6383,22521,4,True,1,0,23,0,232,0.531689
6384,22523,3,True,1,0,6,0,16,0.15668
6385,22523,4,True,1,0,23,0,232,0.535813
6386,22524,3,True,1,0,36,0,283,0.819597
6387,22525,3,True,1,0,36,0,281,0.817866
6388,22525,4,True,1,0,36,0,371,0.809698
6389,22526,3,True,1,0,35,0,352,0.818241
6390,22526,4,True,1,0,35,0,371,0.82725
6391,22530,3,True,1,0,36,0,284,0.849394
6392,22532,3,True,1,0,5,0,14,0.139814
6393,22532,4,True,1,0,4,0,16,0.114734
6394,22533,3,True,1,0,25,0,267,0.615969
6395,22535,3,True,1,0,4,0,16,0.113813
6396,22536,3,True,1,0,4,0,16,0.115131
6397,22539,4,True,1,2,45,0,350,1.086311
6398,22541,4,True,1,32,140,0,1132,3.974646
6399,22542,4,True,1,32,141,0,1139,4.014324
6400,22544,3,True,1,0,30,0,304,0.720834
6401,22545,4,True,1,0,48,0,580,1.161795
6402,22549,4,True,1,0,53,0,573,1.323089
6403,22550,3,True,1,0,6,0,18,0.177059
6404,22553,4,True,1,0,48,0,377,1.189232
6405,22568,3,True,1,0,25,0,275,0.621181
6406,22574,3,True,1,0,25,0,275,0.634493
6407,22586,4,True,1,0,33,0,268,0.811724
6408,22589,4,True,1,0,26,0,243,0.668759
6409,22599,3,True,1,0,25,0,263,0.653951
6410,22603,3,False,2,134,287,0,3067,10.009165
6411,22605,3,False,2,134,285,0,3205,10.006763
6412,22605,4,True,1,0,9,0,42,0.226818
6413,22608,4,True,1,0,7,0,26,0.194439
6414,22614,4,True,1,4,38,0,426,0.980265
6415,22618,4,False,2,117,319,0,886,10.002858
6416,22622,3,False,2,112,318,0,1200,10.010428
6417,22625,3,False,2,117,306,0,995,10.003793
6418,22626,4,False,2,128,296,0,1421,10.024796
6419,22627,3,False,2,126,298,0,1686,10.008779
6420,22627,4,False,2,133,304,0,1677,10.001197
6421,22629,3,False,2,223,518,0,1634,10.007963
6422,22629,4,False,2,219,507,0,1303,10.00251
6423,22631,3,False,2,301,637,0,3218,10.017693
6424,22632,4,False,2,299,638,0,3704,10.003485
6425,22633,3,False,2,159,353,0,666,10.004779
6426,22634,3,False,2,131,281,0,1141,10.033436
6427,22634,4,True,1,0,5,0,15,0.139535
6428,22644,3,True,1,0,13,0,87,0.332723
6429,22650,3,True,1,0,13,0,87,0.321843
6430,22655,4,True,1,0,16,0,128,0.403569
6431,22656,4,True,1,0,11,0,71,0.324768
6432,22657,3,True,1,105,230,0,1011,7.746241
6433,22657,4,True,1,0,11,0,63,0.28221
6434,22659,3,True,1,148,314,0,1428,9.174343
6435,22659,4,True,1,0,10,0,49,0.262282
6436,22660,3,True,1,128,274,0,1254,7.396332
6437,22662,3,True,1,129,277,0,1289,4.524253
6438,22662,4,True,1,0,10,0,56,0.117708
6439,22666,3,True,1,0,14,0,61,0.155475
6440,22666,4,True,1,0,17,0,95,0.190279
6441,22667,3,True,1,0,14,0,61,0.155339
6442,22669,4,True,1,0,17,0,95,0.189664
6443,22673,3,True,1,0,4,0,10,0.052977
6444,22673,4,False,2,312,657,0,4772,10.001013
6445,22674,4,True,1,0,7,0,54,0.083012
6446,22675,3,True,1,0,22,0,235,0.245168
6447,22675,4,False,2,303,629,0,4360,10.044438
6448,22678,3,False,2,282,599,0,5106,10.023267
6449,22686,3,True,1,1,26,0,265,0.673936
6450,22687,3,False,2,205,427,0,3285,10.011279
6451,22687,4,True,1,0,16,0,122,0.292827
6452,22690,4,True,1,0,5,0,14,0.06115
6453,22693,3,True,1,0,4,0,3,0.052575
6454,22696,3,True,1,0,4,0,3,0.052949
6455,22697,4,True,1,0,5,0,14,0.063244
6456,22698,4,True,1,0,5,0,14,0.061885
6457,22700,3,True,1,0,4,0,3,0.053214
6458,22700,4,True,1,0,5,0,14,0.061756
6459,22701,4,True,1,0,5,0,14,0.065275
6460,22702,3,True,1,0,4,0,3,0.05095
6461,22705,3,True,1,0,4,0,3,0.052041
6462,22705,4,True,1,0,5,0,14,0.062963
6463,22708,3,True,1,0,4,0,3,0.053451
6464,22709,3,True,1,0,4,0,3,0.053729
6465,22711,3,True,1,0,4,0,3,0.053253
6466,22716,4,True,1,0,5,0,14,0.061342
6467,22718,3,True,1,0,4,0,3,0.052377
6468,22721,3,True,1,0,4,0,3,0.054275
6469,22721,4,True,1,0,23,0,260,0.26118
6470,22724,4,True,1,0,23,0,260,0.252142
6471,22730,3,True,1,0,4,0,3,0.054365
6472,22731,4,True,1,0,23,0,260,0.246549
6473,22732,3,True,1,0,4,0,3,0.048336
6474,22736,3,True,1,0,4,0,3,0.048734
6475,22736,4,True,1,0,23,0,231,0.243905
6476,22737,3,True,1,0,4,0,3,0.050629
6477,22743,3,True,1,0,4,0,3,0.050567
6478,22746,4,True,1,0,23,0,231,0.240526
6479,22747,3,True,1,0,4,0,3,0.078578
6480,22747,4,True,1,0,23,0,231,0.261429
6481,22749,3,True,1,0,4,0,3,0.063616
6482,22751,4,True,1,0,2,0,1,0.030978
6483,22752,4,True,1,0,4,0,12,0.051262
6484,22753,3,True,1,0,4,0,3,0.049134
6485,22753,4,True,1,0,4,0,12,0.048861
6486,22754,3,True,1,0,4,0,3,0.048715
6487,22757,3,True,1,0,4,0,3,0.092315
6488,22757,4,True,1,0,4,0,12,0.115019
6489,22759,3,True,1,0,4,0,3,0.111043
6490,22760,3,True,1,0,4,0,3,0.111009
6491,22762,3,True,1,0,4,0,3,0.113207
6492,22763,3,True,1,0,4,0,3,0.102319
6493,22766,4,True,1,0,4,0,12,0.108676
6494,22768,4,True,1,0,4,0,12,0.110299
6495,22770,3,True,1,0,4,0,3,0.103894
6496,22772,4,True,1,0,4,0,12,0.107936
6497,22779,3,True,1,0,4,0,3,0.1186
6498,22781,3,True,1,0,4,0,3,0.110226
6499,22781,4,True,1,0,4,0,12,0.112501
6500,22783,3,True,1,0,27,0,271,0.631869
6501,22783,4,True,1,0,25,0,152,0.622511
6502,22784,4,True,1,0,22,0,202,0.502182
6503,22787,4,True,1,0,9,0,40,0.211531
6504,22789,4,True,1,0,10,0,49,0.231343
6505,22795,4,True,1,0,12,0,68,0.286136
6506,22796,4,True,1,0,18,0,187,0.413935
6507,22799,3,True,1,0,8,0,20,0.194559
6508,22799,4,True,1,0,12,0,68,0.282877
6509,22800,4,True,1,0,22,0,307,0.487069
6510,22802,4,True,1,0,24,0,394,0.530762
6511,22805,4,True,1,0,12,0,71,0.271425
6512,22809,3,True,1,0,7,0,12,0.166485
6513,22810,4,True,1,0,32,0,747,0.744226
6514,22811,3,True,1,0,7,0,11,0.183167
6515,22812,4,True,1,0,34,0,859,0.791433
6516,22813,3,True,1,0,7,0,11,0.176151
6517,22815,3,True,1,0,7,0,11,0.099146
6518,22815,4,True,1,0,12,0,68,0.137539
6519,22817,4,True,1,0,37,0,1130,0.41564
6520,22818,3,True,1,0,8,0,18,0.096526
6521,22819,3,True,1,0,8,0,18,0.094251
6522,22819,4,True,1,0,6,0,25,0.072833
6523,22825,4,True,1,0,6,0,25,0.114202
6524,22830,4,True,1,0,6,0,25,0.073596
6525,22833,4,True,1,0,6,0,25,0.073332
6526,22838,4,True,1,0,6,0,25,0.075668
6527,22843,3,True,1,0,7,0,11,0.088706
6528,22843,4,True,1,0,6,0,25,0.075539
6529,22847,3,True,1,0,7,0,11,0.08162
6530,22849,3,True,1,0,6,0,9,0.070601
6531,22852,3,True,1,0,16,0,100,0.181283
6532,22854,3,True,1,0,20,0,166,0.218467
6533,22855,4,True,1,0,29,0,347,0.319554
6534,22856,4,True,1,0,40,0,428,0.46715
6535,22857,3,False,2,261,582,0,1313,10.003867
6536,22858,4,False,2,165,400,0,952,10.016457
6537,22860,3,False,2,223,544,0,1692,10.016537
6538,22861,3,True,1,0,38,0,355,0.926831
6539,22866,4,False,2,180,412,0,4674,10.000988
6540,22867,4,False,2,249,604,0,3625,10.003981
6541,22871,4,False,2,226,480,0,2913,10.01352
6542,22872,3,False,2,298,624,0,6489,10.010299
6543,22873,3,False,2,281,589,0,5915,10.016068
6544,22873,4,False,2,308,662,0,3263,10.073744
6545,22874,4,False,2,291,616,0,6501,10.009732
6546,22875,3,True,1,0,34,0,362,0.376529
6547,22876,3,False,2,298,634,0,6885,10.00164
6548,22880,4,False,2,296,629,0,5990,10.001422
6549,22885,3,True,1,0,13,0,86,0.166871
6550,22888,3,True,1,0,13,0,86,0.160774
6551,22888,4,True,1,0,13,0,99,0.162508
6552,22891,4,True,1,0,13,0,99,0.157217
6553,22892,4,False,2,281,582,0,3050,10.007759
6554,22894,3,True,1,0,13,0,86,0.161729
6555,22894,4,True,1,0,13,0,100,0.151942
6556,22899,4,True,1,0,13,0,100,0.15851
6557,22904,3,True,1,0,13,0,86,0.152996
6558,22905,4,True,1,0,13,0,99,0.149493
6559,22910,3,True,1,0,22,0,112,0.242824
6560,22911,3,True,1,0,13,0,93,0.149442
6561,22911,4,True,1,0,13,0,99,0.164179
6562,22913,3,True,1,0,13,0,93,0.160194
6563,22915,3,True,1,0,13,0,93,0.154365
6564,22921,4,True,1,0,13,0,100,0.155931
6565,22922,3,True,1,0,11,0,60,0.131871
6566,22924,3,True,1,0,11,0,60,0.135458
6567,22926,4,True,1,0,13,0,100,0.153335
6568,22930,3,True,1,0,13,0,93,0.154314
6569,22931,4,True,1,0,13,0,103,0.152952
6570,22932,3,True,1,0,13,0,93,0.150446
6571,22933,3,True,1,0,13,0,93,0.155667
6572,22933,4,True,1,0,13,0,103,0.159106
6573,22934,4,True,1,0,13,0,103,0.153255
6574,22935,4,True,1,0,13,0,103,0.15351
6575,22936,4,True,1,0,13,0,103,0.157542
6576,22937,4,False,2,313,651,0,4076,10.006231
6577,22939,3,True,1,0,13,0,89,0.145292
6578,22942,3,True,1,0,13,0,89,0.145311
6579,22944,4,True,1,0,13,0,100,0.152742
6580,22945,3,True,1,0,13,0,89,0.151201
6581,22948,4,True,1,0,13,0,102,0.150532
6582,22953,3,True,1,0,13,0,93,0.147604
6583,22953,4,True,1,0,13,0,102,0.151586
6584,22954,4,True,1,0,13,0,102,0.147077
6585,22956,4,False,2,212,438,0,2974,10.124309
6586,22957,3,False,2,253,526,0,4086,10.001952
6587,22957,4,False,2,309,643,0,3110,10.007094
6588,22959,3,False,2,177,374,0,2531,10.006171
6589,22960,3,False,2,130,285,0,1245,10.013817
6590,22960,4,False,2,137,289,0,2230,10.036687
6591,22963,3,False,2,134,288,0,1983,10.002647
6592,22967,4,False,2,133,294,0,2260,10.000404
6593,22968,4,False,2,137,294,0,1583,10.006115
6594,22970,4,False,2,135,290,0,1915,10.014016
6595,22985,3,True,1,64,155,0,835,5.279139
6596,22991,4,True,1,12,56,0,615,1.636798
6597,22999,3,False,2,124,299,0,3442,10.022532
6598,23002,4,True,1,0,33,0,288,0.791355
6599,23013,3,False,2,120,308,0,990,10.004631
6600,23018,4,False,2,132,298,0,695,10.00181
6601,23020,3,False,2,124,314,0,886,10.070465
6602,23021,3,False,2,131,301,0,1209,10.018293
6603,23023,4,True,1,0,37,0,309,0.907007
6604,23026,4,True,1,5,24,0,138,0.733123
6605,23033,4,False,2,124,287,0,1102,10.001438
6606,23037,3,False,2,118,305,0,700,10.015933
6607,23037,4,False,2,128,375,0,886,10.000042
6608,23038,4,True,1,27,93,0,490,1.542141
6609,23041,4,True,1,85,201,0,1538,4.230003
6610,23043,4,False,2,129,317,0,874,10.062945
6611,23045,3,True,1,83,197,0,1556,6.656828
6612,23055,4,True,1,0,14,0,140,0.362846
6613,23057,4,True,1,0,14,0,140,0.355764
6614,23058,3,True,1,0,10,0,42,0.261545
6615,23060,4,True,1,0,14,0,140,0.354235
6616,23064,3,True,1,0,10,0,41,0.26711
6617,23064,4,True,1,0,14,0,137,0.37727
6618,23065,3,True,1,0,10,0,41,0.276636
6619,23068,4,True,1,0,14,0,137,0.366358
6620,23069,3,True,1,0,10,0,41,0.281697
6621,23072,3,False,2,132,279,0,2147,10.047157
6622,23077,3,True,1,0,10,0,42,0.255573
6623,23078,4,True,1,0,14,0,142,0.34243
6624,23082,4,True,1,0,15,0,148,0.369319
6625,23083,4,True,1,0,15,0,148,0.372925
6626,23088,3,True,1,0,10,0,42,0.264882
6627,23092,4,True,1,1,17,0,163,0.435151
6628,23094,3,True,1,0,10,0,42,0.261903
6629,23095,3,True,1,0,10,0,42,0.261309
6630,23096,3,True,1,0,10,0,42,0.257909
6631,23096,4,True,1,1,17,0,163,0.454854
6632,23104,4,True,1,1,17,0,159,0.453948
6633,23105,4,True,1,0,39,0,342,0.939046
6634,23106,4,True,1,0,36,0,293,0.887314
6635,23107,3,True,1,0,39,0,343,0.894953
6636,23108,4,True,1,0,36,0,294,0.861737
6637,23112,4,True,1,0,8,0,33,0.216441
6638,23114,3,True,1,0,51,0,435,1.230431
6639,23117,3,True,1,0,39,0,285,0.945125
6640,23122,3,True,1,0,7,0,15,0.1962
6641,23122,4,True,1,12,55,0,663,1.587525
6642,23123,3,True,1,0,7,0,15,0.196865
6643,23125,3,True,1,0,8,0,23,0.212167
6644,23127,3,True,1,0,8,0,22,0.218152
6645,23129,3,True,1,0,8,0,22,0.212666
6646,23129,4,True,1,12,55,0,663,1.586077
6647,23131,4,True,1,12,55,0,663,1.621332
6648,23132,3,True,1,0,8,0,22,0.22597
6649,23134,3,True,1,0,8,0,22,0.216018
6650,23135,3,True,1,0,8,0,22,0.134497
6651,23137,4,True,1,12,55,0,663,1.004273
6652,23138,4,True,1,12,55,0,663,0.716157
6653,23141,3,True,1,0,7,0,18,0.081468
6654,23143,4,True,1,12,55,0,663,0.690236
6655,23144,3,True,1,0,7,0,18,0.085188
6656,23145,3,True,1,0,7,0,18,0.085135
6657,23146,3,True,1,0,7,0,18,0.08487
6658,23149,4,True,1,12,55,0,663,0.697966
6659,23152,3,True,1,0,7,0,20,0.134982
6660,23152,4,True,1,12,54,0,655,0.851462
6661,23157,3,True,1,0,7,0,20,0.166434
6662,23159,4,True,1,12,54,0,654,1.435733
6663,23169,3,True,1,0,5,0,10,0.126596
6664,23169,4,True,1,0,7,0,22,0.125742
6665,23172,4,True,1,0,7,0,35,0.080718
6666,23173,4,False,2,286,602,0,5746,10.006994
6667,23177,4,False,2,256,557,0,1134,10.008408
6668,23181,3,True,1,0,38,0,396,0.43364
6669,23183,3,True,1,0,36,0,283,0.43113
6670,23185,3,True,1,0,5,0,10,0.067287
6671,23186,3,True,1,0,36,0,283,0.446234
6672,23189,4,True,1,0,31,0,336,0.342332
6673,23191,3,True,1,0,13,0,93,0.150843
6674,23194,3,True,1,0,30,0,306,0.327266
6675,23197,4,True,1,0,34,0,332,0.360158
6676,23198,3,True,1,3,47,0,353,0.54342
6677,23203,3,True,1,0,4,0,3,0.051654
6678,23204,4,True,1,0,5,0,15,0.061763
6679,23211,3,True,1,0,25,0,277,0.263792
6680,23218,4,True,1,0,41,0,408,0.436222
6681,23227,3,True,1,0,48,0,372,0.506476
6682,23227,4,True,1,0,48,0,373,0.505842
6683,23228,4,True,1,0,78,0,808,0.882161
6684,23231,4,True,1,0,13,0,76,0.148922
6685,23237,3,True,1,0,78,0,660,0.879214
6686,23256,4,True,1,0,18,0,141,0.201485
6687,23260,4,True,1,170,368,0,4537,5.768863
6688,23265,3,True,1,0,7,0,20,0.084856
6689,23265,4,True,1,0,7,0,21,0.085546
6690,23272,4,True,1,4,36,0,436,0.424906
6691,23275,3,True,1,4,36,0,353,0.42453
6692,23276,3,False,2,283,652,0,2116,10.005447
6693,23277,3,False,2,265,649,0,2221,10.018278
6694,23277,4,False,2,172,450,0,1670,10.111022
6695,23280,3,False,2,113,306,0,1099,10.009414
6696,23281,3,False,2,136,332,0,3227,10.033582
6697,23284,3,False,2,131,322,0,3130,10.004693
6698,23285,3,False,2,178,417,0,3906,10.079311
6699,23288,4,False,2,126,341,0,1105,10.013296
6700,23289,4,False,2,123,314,0,1008,10.023432
6701,23292,4,False,2,158,343,0,2599,10.006047
6702,23293,4,False,2,271,564,0,4341,10.003959
6703,23295,4,False,2,296,625,0,4938,10.002206
6704,23296,4,False,2,279,597,0,5210,10.004858
6705,23297,3,True,1,0,3,0,6,0.071632
6706,23298,3,True,1,0,3,0,6,0.043144
6707,23300,3,True,1,0,3,0,6,0.043602
6708,23300,4,False,2,285,608,0,4536,10.00185
6709,23305,4,False,2,233,494,0,3612,10.071241
6710,23306,4,False,2,254,537,0,3418,10.005208
6711,23311,3,True,1,0,4,0,12,0.054643
6712,23318,4,True,1,4,23,0,164,0.369539
6713,23319,3,True,1,0,13,0,86,0.140872
6714,23320,4,True,1,1,16,0,118,0.181651
6715,23321,3,True,1,0,13,0,93,0.139856
6716,23322,3,True,1,0,11,0,55,0.119722
6717,23324,3,True,1,0,11,0,55,0.141708
6718,23329,3,True,1,0,13,0,93,0.142596
6719,23331,4,True,1,0,14,0,92,0.150352
6720,23332,4,True,1,1,16,0,107,0.18341
6721,23335,3,True,1,0,13,0,86,0.175546
6722,23338,4,True,1,4,24,0,140,0.293247
6723,23340,4,True,1,1,17,0,104,0.191126
6724,23342,3,True,1,0,13,0,86,0.144455
6725,23343,4,True,1,0,13,0,101,0.177195
6726,23346,3,True,1,0,11,0,55,0.252171
6727,23347,3,True,1,0,11,0,55,0.145679
6728,23348,4,True,1,0,13,0,101,0.159982
6729,23350,4,True,1,4,24,0,140,0.327075
6730,23355,4,True,1,0,14,0,92,0.152777
6731,23362,3,True,1,0,11,0,55,0.123152
6732,23364,4,True,1,1,17,0,104,0.212816
6733,23365,4,True,1,1,16,0,101,0.188285
6734,23368,3,True,1,0,13,0,86,0.144589
6735,23372,4,True,1,0,13,0,101,0.143087
6736,23380,4,True,1,1,16,0,107,0.189553
6737,23381,3,True,1,0,13,0,93,0.142105
6738,23382,3,True,1,0,13,0,86,0.140586
6739,23384,4,True,1,1,17,0,104,0.192998
6740,23388,3,True,1,0,11,0,55,0.122495
6741,23388,4,True,1,1,17,0,104,0.194341
6742,23392,3,True,1,0,13,0,86,0.144185
6743,23392,4,True,1,1,16,0,118,0.181995
6744,23397,3,True,1,0,13,0,93,0.142927
6745,23399,3,True,1,0,13,0,86,0.144657
6746,23399,4,True,1,4,23,0,139,0.284678
6747,23401,4,True,1,0,13,0,85,0.143225
6748,23403,3,True,1,0,13,0,93,0.144387
6749,23404,4,True,1,1,16,0,107,0.183706
6750,23405,4,True,1,1,16,0,105,0.185536
6751,23407,4,True,1,4,23,0,140,0.282734
6752,23409,3,True,1,0,13,0,93,0.142026
6753,23410,4,True,1,4,24,0,140,0.317916
6754,23411,4,True,1,4,23,0,139,0.288427
6755,23412,3,True,1,0,11,0,55,0.118073
6756,23415,4,True,1,0,13,0,101,0.148232
6757,23417,3,True,1,0,13,0,93,0.1354
6758,23419,4,True,1,0,13,0,104,0.142812
6759,23428,3,True,1,0,13,0,89,0.162116
6760,23430,3,True,1,0,13,0,86,0.144423
6761,23431,3,True,1,0,13,0,86,0.140749
6762,23431,4,True,1,4,23,0,140,0.282608
6763,23434,4,True,1,4,24,0,140,0.284044
6764,23436,3,True,1,0,11,0,55,0.124185
6765,23437,4,True,1,1,16,0,101,0.177757
6766,23441,4,True,1,0,13,0,100,0.137138
6767,23443,3,True,1,0,11,0,55,0.124506
6768,23444,3,True,1,0,11,0,55,0.121403
6769,23445,3,True,1,0,13,0,93,0.138741
6770,23447,3,True,1,0,13,0,86,0.144777
6771,23450,4,True,1,0,13,0,91,0.135289
6772,23453,4,True,1,1,16,0,105,0.171862
6773,23457,4,True,1,0,13,0,86,0.135846
6774,23459,4,True,1,4,23,0,139,0.270339
6775,23460,4,True,1,1,17,0,104,0.186071
6776,23466,3,True,1,0,11,0,55,0.116859
6777,23467,3,True,1,0,11,0,55,0.114416
6778,23467,4,True,1,0,13,0,104,0.132958
6779,23468,3,True,1,0,11,0,55,0.11604
6780,23469,3,True,1,0,13,0,93,0.13659
6781,23469,4,True,1,0,13,0,103,0.133903
6782,23470,3,True,1,0,13,0,86,0.138896
6783,23473,3,True,1,0,13,0,93,0.136842
6784,23477,4,True,1,1,16,0,105,0.171783
6785,23480,4,True,1,1,17,0,104,0.182319
6786,23484,4,True,1,1,17,0,104,0.185702
6787,23485,4,True,1,1,16,0,101,0.174831
6788,23486,3,True,1,0,13,0,86,0.138574
6789,23491,4,True,1,0,13,0,104,0.236889
6790,23493,3,True,1,0,13,0,93,0.296085
6791,23493,4,True,1,0,13,0,103,0.295488
6792,23495,3,True,1,0,13,0,86,0.288903
6793,23496,3,True,1,0,13,0,86,0.288803
6794,23500,4,True,1,1,16,0,107,0.368453
6795,23501,4,True,1,1,16,0,105,0.391409
6796,23502,3,True,1,0,13,0,86,0.290301
6797,23506,4,True,1,4,24,0,140,0.594889
6798,23509,3,True,1,0,13,0,93,0.297527
6799,23513,3,True,1,0,9,0,30,0.20559
6800,23516,3,True,1,0,9,0,30,0.204801
6801,23517,4,True,1,103,223,0,1026,6.83831
6802,23518,3,True,1,0,13,0,86,0.287955
6803,23521,4,True,1,0,14,0,72,0.307083
6804,23524,3,True,1,0,13,0,89,0.293036
6805,23524,4,True,1,0,14,0,78,0.323356
6806,23530,4,True,1,0,14,0,74,0.328578
6807,23534,3,True,1,0,13,0,86,0.30174
6808,23535,4,True,1,0,14,0,75,0.190886
6809,23536,3,True,1,0,13,0,86,0.191094
6810,23538,4,True,1,0,14,0,77,0.321209
6811,23539,4,True,1,0,14,0,78,0.311349
6812,23542,4,True,1,0,14,0,75,0.268039
6813,23543,3,True,1,0,13,0,86,0.301656
6814,23550,4,True,1,0,14,0,74,0.332186
6815,23555,3,True,1,0,13,0,93,0.294124
6816,23560,3,True,1,0,13,0,86,0.300438
6817,23561,4,True,1,0,14,0,73,0.307834
6818,23562,4,True,1,0,14,0,74,0.30985
6819,23564,4,True,1,0,14,0,75,0.307163
6820,23565,3,True,1,0,13,0,93,0.294673
6821,23572,4,True,1,0,14,0,78,0.315069
6822,23579,3,True,1,0,11,0,55,0.254028
6823,23580,3,True,1,0,11,0,55,0.253384
6824,23586,4,True,1,0,14,0,77,0.308655
6825,23592,3,True,1,0,13,0,86,0.302769
6826,23599,4,True,1,0,14,0,75,0.315543
6827,23600,4,True,1,0,14,0,75,0.311785
6828,23601,3,True,1,0,13,0,93,0.30582
6829,23608,4,True,1,0,14,0,76,0.313784
6830,23611,4,True,1,0,14,0,75,0.313342
6831,23612,4,True,1,0,14,0,75,0.316332
6832,23616,4,True,1,0,14,0,75,0.313468
6833,23617,4,True,1,0,14,0,72,0.311094
6834,23621,3,True,1,0,13,0,93,0.301609
6835,23623,3,True,1,0,13,0,86,0.307771
6836,23623,4,True,1,0,14,0,76,0.147153
6837,23624,4,True,1,0,14,0,76,0.152672
6838,23630,4,True,1,0,14,0,74,0.14872
6839,23632,3,True,1,0,13,0,86,0.138609
6840,23640,3,True,1,0,13,0,86,0.142232
6841,23641,4,True,1,0,14,0,73,0.275386
6842,23643,3,True,1,0,11,0,55,0.260034
6843,23644,4,True,1,0,14,0,75,0.299907
6844,23645,4,True,1,0,14,0,72,0.2915
6845,23647,4,True,1,0,4,0,12,0.110136
6846,23653,4,True,1,0,22,0,238,0.46797
6847,23659,3,False,2,173,371,0,2626,10.000885
6848,23665,4,False,2,327,687,0,4741,10.008281
6849,23667,3,True,1,0,3,0,6,0.038841
6850,23669,4,False,2,328,690,0,6471,10.018645
6851,23670,4,False,2,320,683,0,6907,10.003337
6852,23672,4,False,2,322,689,0,7568,10.009809
6853,23673,4,False,2,321,688,0,7870,10.001738
6854,23676,4,False,2,322,701,0,8984,10.007679
6855,23677,4,False,2,319,704,0,9973,10.002335
6856,23679,3,True,1,0,3,0,7,0.039379
6857,23681,3,True,1,0,3,0,7,0.041407
6858,23682,3,True,1,0,3,0,7,0.040328
6859,23688,3,True,1,0,5,0,18,0.062509
6860,23688,4,True,1,0,4,0,6,0.050774
6861,23690,3,True,1,0,5,0,18,0.061347
6862,23691,3,True,1,0,5,0,18,0.060056
6863,23691,4,True,1,0,4,0,6,0.051323
6864,23693,3,True,1,0,5,0,18,0.060945
6865,23694,3,True,1,0,5,0,18,0.065501
6866,23695,3,True,1,0,5,0,18,0.061084
6867,23696,4,True,1,0,4,0,6,0.051326
6868,23697,4,True,1,0,4,0,6,0.051813
6869,23698,3,True,1,0,5,0,18,0.061327
6870,23699,3,True,1,0,5,0,18,0.104526
6871,23707,4,True,1,0,4,0,6,0.11591
6872,23708,3,True,1,0,5,0,18,0.14388
6873,23709,3,True,1,0,5,0,18,0.111128
6874,23714,4,True,1,0,4,0,6,0.050843
6875,23715,3,True,1,0,27,0,292,0.752048
6876,23716,4,True,1,0,22,0,262,0.553245
6877,23720,3,True,1,0,5,0,12,0.136827
6878,23721,3,True,1,0,5,0,12,0.144057
6879,23722,4,False,2,136,295,0,2487,10.022389
6880,23723,4,False,2,132,290,0,2250,10.020849
6881,23724,3,True,1,0,5,0,18,0.151596
6882,23725,4,True,1,0,6,0,30,0.178044
6883,23730,4,True,1,0,6,0,30,0.170154
6884,23733,3,True,1,0,8,0,21,0.211
6885,23738,3,True,1,0,8,0,22,0.206995
6886,23738,4,True,1,0,6,0,30,0.16206
6887,23741,3,True,1,0,8,0,25,0.184472
6888,23745,3,True,1,0,7,0,16,0.169133
6889,23746,4,True,1,0,6,0,30,0.154134
6890,23748,3,True,1,0,7,0,14,0.174094
6891,23751,4,True,1,0,6,0,30,0.155047
6892,23756,4,True,1,0,6,0,30,0.14604
6893,23758,3,True,1,0,40,0,421,0.888835
6894,23760,4,False,2,128,323,0,957,10.007057
6895,23763,3,False,2,114,332,0,1054,10.000191
6896,23763,4,False,2,85,285,0,740,10.006131
6897,23764,4,False,2,126,318,0,727,10.014337
6898,23765,3,False,2,129,326,0,727,10.009483
6899,23774,3,False,2,127,317,0,1157,10.008904
6900,23776,3,False,2,131,300,0,3255,10.021354
6901,23778,4,False,2,126,306,0,1885,10.022066
6902,23779,3,False,2,129,281,0,2960,10.001712
6903,23782,3,True,1,0,3,0,6,0.092517
6904,23783,3,True,1,0,34,0,352,0.821873
6905,23783,4,False,2,130,293,0,3088,10.004075
6906,23786,4,False,2,142,307,0,2258,10.098929
6907,23794,3,True,1,0,13,0,91,0.30054
6908,23794,4,True,1,0,14,0,87,0.322359
6909,23797,3,True,1,0,13,0,91,0.308864
6910,23798,3,True,1,0,13,0,91,0.314312
6911,23800,3,True,1,0,13,0,91,0.323881
6912,23802,4,True,1,0,14,0,88,0.327108
6913,23806,3,True,1,0,13,0,91,0.30873
6914,23807,3,True,1,0,13,0,91,0.308625
6915,23809,4,True,1,0,14,0,88,0.323939
6916,23816,4,True,1,0,14,0,85,0.331117
6917,23819,4,True,1,0,14,0,85,0.333942
6918,23820,3,True,1,0,13,0,98,0.318579
6919,23822,3,True,1,0,13,0,98,0.329923
6920,23827,4,True,1,0,14,0,90,0.345325
6921,23830,4,True,1,0,14,0,90,0.349541
6922,23831,3,True,1,0,11,0,65,0.297617
6923,23831,4,True,1,0,14,0,90,0.348825
6924,23834,3,True,1,0,13,0,98,0.306081
6925,23835,4,True,1,0,14,0,91,0.344423
6926,23840,3,True,1,0,13,0,98,0.330613
6927,23842,3,True,1,0,13,0,94,0.32937
6928,23850,4,True,1,0,22,0,118,0.529298
6929,23851,3,True,1,0,13,0,98,0.338128
6930,23854,3,True,1,0,13,0,98,0.305311
6931,23854,4,True,1,0,14,0,88,0.33878
6932,23855,4,True,1,0,14,0,88,0.364386
6933,23859,4,True,1,0,11,0,72,0.276539
6934,23869,4,False,2,136,297,0,2152,10.012524
6935,23872,4,True,1,0,11,0,63,0.278564
6936,23873,4,False,2,137,299,0,1419,10.00253
6937,23874,4,True,1,0,10,0,56,0.267881
6938,23878,3,False,2,121,332,0,2346,10.011856
6939,23884,3,True,1,0,24,0,254,0.575974
6940,23897,3,True,1,0,7,0,15,0.198036
6941,23901,4,True,1,0,26,0,307,0.691243
6942,23904,4,False,2,127,298,0,2370,10.016246
6943,23913,3,True,1,0,26,0,263,0.637651
6944,23914,4,True,1,0,35,0,505,0.842375
6945,23920,4,True,1,0,29,0,339,0.694808
6946,23924,3,False,2,137,296,0,2776,10.006228
6947,23928,3,True,1,0,54,0,491,1.332356
6948,23930,3,True,1,0,52,0,505,1.194777
6949,23930,4,True,1,0,35,0,208,0.883124
6950,23931,3,True,1,0,26,0,265,0.660976
6951,23932,3,True,1,0,26,0,266,0.621613
6952,23934,3,True,1,0,26,0,264,0.631154
6953,23937,3,True,1,0,26,0,264,0.638258
6954,23938,3,True,1,0,26,0,264,0.643697
6955,23940,3,True,1,0,26,0,263,0.641021
6956,23940,4,True,1,0,51,0,461,1.312832
6957,23943,3,False,2,119,309,0,660,10.001538
6958,23949,3,False,2,120,318,0,1418,10.02523
6959,23950,4,True,1,0,43,0,363,1.014753
6960,23963,3,True,1,0,12,0,99,0.316515
6961,23963,4,True,1,2,43,0,349,1.123981
6962,23965,4,True,1,0,12,0,103,0.304462
6963,23970,4,False,2,119,302,0,1479,10.060587
6964,23976,3,False,2,118,301,0,712,10.010764
6965,23976,4,False,2,122,304,0,712,10.004192
6966,23978,3,True,1,3,77,0,685,1.946495
6967,23980,3,False,2,139,306,0,2665,10.072772
6968,23983,4,False,2,136,299,0,2392,10.06973
6969,23984,3,False,2,139,309,0,2682,10.074767
6970,23986,3,True,1,0,13,0,169,0.311701
6971,23991,4,True,1,0,14,0,145,0.320656
6972,23993,3,True,1,0,10,0,42,0.238808
6973,23993,4,True,1,0,14,0,145,0.342757
6974,23994,4,True,1,0,14,0,145,0.334095
6975,23995,4,True,1,0,27,0,268,0.508033
6976,23996,3,True,1,0,8,0,35,0.106077
6977,24008,3,False,2,138,304,0,1632,10.011019
6978,24011,3,True,1,0,8,0,43,0.216736
6979,24016,4,True,1,0,23,0,206,0.60883
6980,24020,3,True,1,0,25,0,275,0.632386
6981,24020,4,True,1,0,40,0,294,0.994412
6982,24021,4,True,1,0,23,0,232,0.598903
6983,24022,3,True,1,0,36,0,283,0.918435
6984,24023,3,True,1,0,36,0,281,0.468517
6985,24023,4,True,1,0,38,0,417,1.004635
6986,24025,4,True,1,0,36,0,286,0.943515
6987,24028,3,True,1,0,5,0,14,0.149381
6988,24028,4,True,1,0,4,0,16,0.127182
6989,24032,4,True,1,0,18,0,175,0.488547
6990,24034,3,True,1,0,32,0,346,0.815709
6991,24037,3,True,1,0,30,0,317,0.788495
6992,24040,3,True,1,0,34,0,349,0.8809
6993,24043,3,True,1,0,54,0,701,1.400842
6994,24044,3,True,1,0,30,0,304,0.79299
6995,24049,3,True,1,0,6,0,16,0.175488
6996,24052,3,True,1,0,13,0,93,0.355852
6997,24059,3,True,1,0,25,0,275,0.663742
6998,24062,3,True,1,0,25,0,275,0.651991
6999,24068,4,True,1,0,18,0,133,0.475392
7000,24071,4,True,1,0,22,0,183,0.559321
7001,24074,3,True,1,0,25,0,275,0.656921
7002,24075,3,True,1,0,25,0,279,0.655577
7003,24078,4,True,1,0,13,0,84,0.353391
7004,24081,3,True,1,0,25,0,275,0.681217
7005,24084,3,True,1,0,25,0,275,0.657874
7006,24084,4,True,1,0,78,0,734,2.116628
7007,24096,4,True,1,0,38,0,328,0.945073
7008,24099,3,True,1,0,25,0,251,0.629215
7009,24102,3,True,1,0,25,0,251,0.643884
7010,24113,4,True,1,0,8,0,32,0.214321
7011,24123,4,False,2,97,313,0,1302,10.009298
7012,24124,4,False,2,112,308,0,1213,10.124086
7013,24125,4,False,2,208,463,0,2078,10.00983
7014,24128,3,False,2,167,385,0,1978,10.01529
7015,24128,4,False,2,245,542,0,2924,10.003491
7016,24129,3,False,2,285,612,0,3835,10.004229
7017,24131,3,False,2,296,644,0,2022,10.04525
7018,24133,3,False,2,294,635,0,3423,10.030773
7019,24133,4,False,2,253,549,0,2931,10.019992
7020,24138,4,True,1,0,3,0,8,0.088275
7021,24139,4,True,1,0,3,0,8,0.101803
7022,24142,3,True,1,0,3,0,6,0.099319
7023,24145,3,True,1,0,3,0,6,0.069661
7024,24145,4,True,1,0,3,0,8,0.103331
7025,24149,4,True,1,0,14,0,86,0.38131
7026,24151,3,True,1,0,11,0,60,0.288879
7027,24151,4,True,1,0,14,0,88,0.259162
7028,24155,3,True,1,0,13,0,91,0.316534
7029,24155,4,True,1,0,14,0,89,0.355074
7030,24156,3,True,1,0,13,0,91,0.214081
7031,24156,4,True,1,0,14,0,89,0.35017
7032,24158,3,True,1,0,11,0,60,0.242388
7033,24161,4,True,1,0,14,0,85,0.168051
7034,24162,4,True,1,0,14,0,88,0.28122
7035,24164,3,True,1,0,13,0,91,0.218421
7036,24173,4,True,1,0,14,0,86,0.31946
7037,24175,4,True,1,0,14,0,88,0.318645
7038,24178,3,True,1,0,13,0,91,0.15737
7039,24183,3,True,1,0,11,0,60,0.143661
7040,24184,4,True,1,0,14,0,88,0.339292
7041,24187,3,True,1,0,13,0,91,0.176604
7042,24190,4,True,1,0,14,0,87,0.370129
7043,24191,4,True,1,0,14,0,88,0.334328
7044,24192,3,True,1,0,11,0,60,0.318764
7045,24199,3,True,1,0,11,0,60,0.266911
7046,24201,3,True,1,0,13,0,98,0.153413
7047,24202,3,True,1,0,13,0,91,0.153219
7048,24202,4,True,1,0,14,0,88,0.155734
7049,24203,3,True,1,0,13,0,91,0.152038
7050,24204,3,True,1,0,13,0,91,0.149442
7051,24206,3,True,1,0,11,0,60,0.130391
7052,24208,3,True,1,0,11,0,60,0.194649
7053,24216,3,True,1,0,20,0,107,0.229848
7054,24216,4,True,1,0,9,0,35,0.255502
7055,24217,3,True,1,0,20,0,104,0.330615
7056,24224,4,False,2,214,456,0,4250,10.007129
7057,24230,4,False,2,259,548,0,5143,10.009007
7058,24234,4,False,2,297,623,0,5825,10.006421
7059,24235,4,False,2,244,516,0,4811,10.018916
7060,24237,4,True,1,0,24,0,300,0.273013
7061,24238,4,True,1,0,24,0,300,0.270186
7062,24241,4,True,1,0,24,0,300,0.266224
7063,24244,3,True,1,0,5,0,14,0.064024
7064,24249,3,True,1,0,5,0,12,0.061437
7065,24252,3,True,1,0,7,0,18,0.08505
7066,24253,3,True,1,0,7,0,18,0.142286
7067,24255,4,True,1,0,24,0,300,0.571901
7068,24256,4,True,1,0,24,0,300,0.480635
7069,24258,3,True,1,0,7,0,18,0.085921
7070,24259,3,True,1,0,7,0,18,0.087362
7071,24260,3,True,1,0,7,0,18,0.089631
7072,24260,4,True,1,0,24,0,300,0.270232
7073,24268,3,True,1,0,3,0,8,0.042676
7074,24269,4,True,1,0,3,0,6,0.041933
7075,24275,3,True,1,0,3,0,8,0.090841
7076,24279,3,True,1,0,3,0,8,0.091372
7077,24280,3,True,1,0,3,0,8,0.09154
7078,24283,4,True,1,0,22,0,150,0.374482
7079,24284,3,True,1,0,8,0,16,0.199634
7080,24286,3,True,1,0,8,0,20,0.201946
7081,24288,3,True,1,0,6,0,16,0.110488
7082,24289,3,True,1,0,6,0,16,0.087606
7083,24289,4,True,1,29,83,0,754,1.214077
7084,24290,3,True,1,0,6,0,16,0.077381
7085,24292,3,True,1,0,6,0,16,0.079422
7086,24294,3,True,1,0,6,0,16,0.074793
7087,24296,3,True,1,0,6,0,16,0.076656
7088,24297,3,True,1,0,5,0,12,0.063778
7089,24297,4,True,1,0,24,0,307,0.263742
7090,24299,3,True,1,0,5,0,13,0.064019
7091,24299,4,True,1,0,25,0,318,0.275276
7092,24305,4,False,2,235,539,0,1237,10.003887
7093,24307,4,False,2,202,479,0,1116,10.345957
7094,24310,3,False,2,265,562,0,3514,10.000798
7095,24314,4,True,1,231,502,0,3589,9.359572
7096,24316,4,False,2,255,577,0,2163,10.002861
7097,24317,3,False,2,103,307,0,1792,10.024458
7098,24322,3,False,2,224,487,0,5089,10.004079
7099,24325,4,False,2,127,279,0,3129,10.178311
7100,24326,3,False,2,124,286,0,3026,10.074095
7101,24330,4,False,2,123,283,0,2235,10.005527
7102,24331,3,False,2,107,306,0,1268,10.002872
7103,24332,3,True,1,0,37,0,412,0.915568
7104,24336,3,True,1,0,19,0,97,0.514971
7105,24336,4,True,1,0,13,0,55,0.339116
7106,24337,3,True,1,0,19,0,97,0.495292
7107,24338,3,True,1,0,19,0,97,0.476966
7108,24339,4,True,1,0,13,0,60,0.33775
7109,24342,3,True,1,0,9,0,29,0.24205
7110,24345,4,True,1,59,137,0,596,4.837565
7111,24348,4,True,1,0,22,0,110,0.563469
7112,24356,3,True,1,0,13,0,48,0.340679
7113,24357,4,True,1,81,179,0,813,6.2941
7114,24358,4,True,1,0,22,0,116,0.571063
7115,24363,3,True,1,0,24,0,241,0.622138
7116,24373,3,True,1,64,139,0,406,4.953269
7117,24374,3,False,2,135,277,0,3068,10.212353
7118,24378,3,True,1,12,56,0,614,1.633844
7119,24379,4,True,1,0,28,0,632,0.684374
7120,24382,3,True,1,0,8,0,29,0.215286
7121,24387,3,True,1,0,23,0,259,0.570546
7122,24390,3,True,1,0,33,0,287,0.832619
7123,24391,3,True,1,0,5,0,16,0.154144
7124,24394,3,True,1,0,30,0,360,0.761882
7125,24394,4,True,1,0,30,0,361,0.754678
7126,24396,3,True,1,0,21,0,166,0.540578
7127,24401,3,True,1,0,26,0,287,0.672046
7128,24402,4,True,1,0,37,0,380,0.931914
7129,24403,3,True,1,0,36,0,510,0.888776
7130,24407,4,False,2,125,283,0,2899,10.007704
7131,24408,4,False,2,128,295,0,1425,10.07024
7132,24410,4,False,2,132,284,0,2871,10.020528
7133,24413,3,True,1,0,25,0,261,0.619467
7134,24415,4,False,2,127,281,0,2222,10.044089
7135,24416,3,True,1,0,22,0,201,0.580496
7136,24416,4,False,2,125,287,0,2579,10.021142
7137,24417,3,True,1,0,22,0,245,0.539657
7138,24420,4,True,1,0,54,0,509,1.34195
7139,24421,3,True,1,0,63,0,549,1.599523
7140,24422,3,False,2,121,287,0,1534,10.031605
7141,24427,4,True,1,0,52,0,517,1.373142
7142,24428,3,False,2,119,291,0,1108,10.004361
7143,24434,4,True,1,0,26,0,277,0.628999
7144,24436,3,True,1,0,59,0,572,1.404992
7145,24439,4,True,1,0,26,0,278,0.62939
7146,24442,3,True,1,0,33,0,332,0.803972
7147,24442,4,True,1,0,61,0,467,1.481698
7148,24443,3,False,2,117,312,0,1305,10.01391
7149,24444,3,True,1,0,26,0,287,0.700207
7150,24450,4,True,1,0,46,0,497,1.106581
7151,24452,3,False,2,130,291,0,856,10.063107
7152,24456,4,True,1,0,26,0,274,0.634965
7153,24460,3,True,1,0,26,0,287,0.658029
7154,24461,3,True,1,0,44,0,461,1.086772
7155,24464,4,True,1,0,61,0,459,1.52718
7156,24466,3,True,1,0,43,0,478,1.078929
7157,24471,4,True,1,0,42,0,459,1.075984
7158,24472,4,True,1,0,26,0,273,0.659569
7159,24479,4,True,1,0,52,0,480,1.319857
7160,24480,4,True,1,0,41,0,422,1.02591
7161,24481,3,True,1,0,26,0,287,0.640234
7162,24481,4,True,1,0,26,0,276,0.708322
7163,24483,3,True,1,0,50,0,471,1.298912
7164,24485,3,True,1,0,66,0,660,1.761307
7165,24487,3,True,1,0,39,0,425,1.017573
7166,24488,4,True,1,0,26,0,273,0.648685
7167,24489,4,True,1,0,50,0,431,1.238044
7168,24490,4,True,1,0,39,0,383,0.910285
7169,24492,4,True,1,0,38,0,407,0.893421
7170,24493,4,False,2,119,289,0,618,10.0108
7171,24498,3,True,1,0,17,0,116,0.448395
7172,24500,3,True,1,0,26,0,278,0.650181
7173,24503,3,True,1,0,14,0,111,0.381644
7174,24503,4,False,2,119,296,0,1356,10.012134
7175,24505,3,True,1,0,30,0,319,0.491215
7176,24508,3,True,1,0,8,0,30,0.106974
7177,24509,3,True,1,0,17,0,204,0.188926
7178,24509,4,False,2,262,602,0,2843,10.016357
7179,24511,4,True,1,0,43,0,347,1.03872
7180,24516,3,True,1,0,16,0,198,0.395823
7181,24517,3,True,1,0,33,0,217,0.785079
7182,24519,4,True,1,0,43,0,343,1.006228
7183,24520,4,True,1,0,45,0,411,1.057997
7184,24522,4,True,1,0,31,0,333,0.720619
7185,24525,3,False,2,123,310,0,1318,10.016256
7186,24526,3,True,1,0,43,0,371,1.022297
7187,24527,3,False,2,124,308,0,1422,10.019438
7188,24527,4,False,2,134,300,0,3009,10.020102
7189,24529,3,True,1,50,152,0,501,4.523817
7190,24534,4,False,2,107,296,0,1542,10.022147
7191,24539,3,True,1,50,152,0,501,4.90285
7192,24540,4,False,2,80,251,0,1347,10.136675
7193,24542,3,True,1,14,44,0,431,1.405687
7194,24542,4,False,2,133,300,0,2281,10.070596
7195,24543,3,False,2,134,302,0,2458,10.002909
7196,24545,4,True,1,14,44,0,457,1.357361
7197,24549,4,False,2,136,299,0,2443,10.148356
7198,24551,4,True,1,0,12,0,65,0.323172
7199,24552,4,True,1,3,19,0,110,0.572107
7200,24557,3,True,1,0,51,0,517,1.303766
7201,24559,4,True,1,0,25,0,253,0.645145
7202,24561,3,False,2,126,293,0,1072,10.002707
7203,24562,4,True,1,0,19,0,166,0.464722
7204,24563,3,True,1,0,4,0,9,0.115339
7205,24569,3,True,1,0,6,0,19,0.158434
7206,24571,4,True,1,0,6,0,23,0.157555
7207,24573,4,True,1,0,9,0,48,0.236504
7208,24575,3,False,2,133,305,0,707,10.035913
7209,24577,3,True,1,0,39,0,443,0.993595
7210,24578,4,True,1,0,36,0,284,0.931003
7211,24579,4,True,1,0,36,0,283,0.877218
7212,24581,4,True,1,0,36,0,320,0.88429
7213,24583,4,True,1,0,36,0,320,0.890392
7214,24584,4,True,1,0,6,0,21,0.172195
7215,24589,4,True,1,0,4,0,8,0.122235
7216,24592,4,True,1,1,51,0,579,1.291731
7217,24593,3,True,1,2,45,0,330,1.109387
7218,24595,4,True,1,0,30,0,320,0.697844
7219,24596,3,True,1,0,30,0,307,0.744625
7220,24596,4,True,1,0,30,0,320,0.742384
7221,24598,4,True,1,0,30,0,320,0.734257
7222,24603,4,True,1,0,31,0,319,0.729132
7223,24604,3,True,1,0,30,0,318,0.722682
7224,24608,3,True,1,0,31,0,320,0.735788
7225,24616,3,True,1,0,18,0,114,0.432526
7226,24617,4,True,1,0,63,0,538,1.491231
7227,24623,3,True,1,0,22,0,163,0.521414
7228,24624,3,True,1,0,25,0,253,0.635465
7229,24634,3,True,1,0,25,0,277,0.593562
7230,24634,4,True,1,0,78,0,808,1.931807
7231,24640,3,True,1,0,33,0,215,0.737498
7232,24662,4,True,1,0,18,0,141,0.413516
7233,24666,4,False,2,134,306,0,3654,10.022656
7234,24667,4,True,1,0,27,0,489,0.647325
7235,24676,4,True,1,4,38,0,391,1.009309
7236,24680,4,True,1,4,36,0,354,0.955875
7237,24681,3,False,2,127,324,0,1243,10.12084
7238,24684,3,False,2,112,315,0,1043,10.001282
7239,24686,3,False,2,125,326,0,1199,10.005587
7240,24687,3,True,1,0,6,0,13,0.153748
7241,24689,3,False,2,122,317,0,2586,10.002861
7242,24689,4,False,2,191,459,0,4297,10.022072
7243,24694,4,False,2,228,517,0,5125,10.00537
7244,24701,3,True,1,0,8,0,57,0.097423
7245,24702,4,True,1,0,13,0,98,0.149158
7246,24703,3,True,1,0,8,0,58,0.098893
7247,24703,4,True,1,0,13,0,94,0.151429
7248,24704,3,True,1,0,8,0,62,0.100628
7249,24704,4,True,1,0,13,0,102,0.177435
7250,24706,4,True,1,0,13,0,101,0.15552
7251,24709,3,True,1,0,3,0,8,0.046844
7252,24709,4,True,1,0,3,0,10,0.043031
7253,24718,4,True,1,0,27,0,344,0.30712
7254,24719,3,True,1,0,5,0,12,0.065569
7255,24725,4,True,1,0,27,0,341,0.300276
7256,24726,4,True,1,0,27,0,343,0.301682
7257,24728,4,True,1,0,8,0,24,0.09647
7258,24729,3,True,1,0,7,0,17,0.085956
7259,24731,3,True,1,0,7,0,18,0.087371
7260,24733,3,True,1,0,5,0,12,0.06511
7261,24736,4,True,1,19,63,0,522,0.908028
7262,24745,3,True,1,0,7,0,21,0.085296
7263,24746,4,True,1,0,25,0,337,0.266114
7264,24747,3,True,1,0,7,0,21,0.085906
7265,24749,3,True,1,0,40,0,421,0.431588
7266,24754,4,False,2,306,664,0,1457,10.019954
7267,24756,3,True,1,0,41,0,400,0.455698
7268,24757,4,True,1,0,43,0,412,0.471614
7269,24758,4,False,2,270,599,0,1094,10.005713
7270,24759,4,False,2,188,411,0,2111,10.042875
7271,24761,4,False,2,144,322,0,2265,10.011844
7272,24764,3,True,1,0,40,0,402,0.576814
7273,24773,3,False,2,176,443,0,2642,10.012522
7274,24774,3,True,1,0,3,0,6,0.100441
7275,24775,3,False,2,228,491,0,5574,10.030438
7276,24776,3,False,2,271,583,0,6663,10.00769
7277,24779,4,False,2,237,517,0,4001,10.011649
7278,24783,3,False,2,137,325,0,1976,10.038329
7279,24787,4,True,1,0,19,0,100,0.430814
7280,24791,3,True,1,0,12,0,54,0.305779
7281,24793,3,True,1,0,12,0,55,0.317972
7282,24795,4,True,1,0,9,0,34,0.225688
7283,24796,3,True,1,0,18,0,90,0.451329
7284,24798,3,True,1,0,18,0,90,0.42393
7285,24802,3,True,1,0,18,0,90,0.440814
7286,24804,3,True,1,0,18,0,90,0.430034
7287,24805,3,True,1,0,20,0,112,0.502887
7288,24805,4,True,1,0,9,0,31,0.254957
7289,24806,3,True,1,0,18,0,90,0.41293
7290,24807,4,True,1,0,9,0,34,0.231443
7291,24809,3,True,1,0,19,0,95,0.484138
7292,24810,4,True,1,0,13,0,62,0.334145
7293,24812,3,True,1,0,25,0,226,0.532834
7294,24813,4,False,2,142,377,0,2640,10.014638
7295,24814,3,True,1,0,31,0,308,0.342427
7296,24820,3,True,1,0,24,0,254,0.262552
7297,24832,4,True,1,12,56,0,668,0.706675
7298,24835,3,True,1,0,6,0,14,0.077954
7299,24835,4,True,1,0,8,0,36,0.098439
7300,24839,4,False,2,314,668,0,4930,10.002348
7301,24844,3,True,1,0,5,0,14,0.060203
7302,24850,3,False,2,314,689,0,3084,10.00584
7303,24852,3,True,1,0,48,0,428,0.504571
7304,24852,4,True,1,0,48,0,444,0.505437
7305,24853,3,True,1,0,33,0,221,0.351845
7306,24853,4,True,1,0,33,0,237,0.355961
7307,24855,3,True,1,0,38,0,394,0.399596
7308,24856,3,True,1,0,48,0,445,0.511714
7309,24856,4,True,1,0,48,0,461,0.51102
7310,24858,4,True,1,14,79,0,599,0.954581
7311,24863,3,False,2,315,674,0,3282,10.003548
7312,24864,4,False,2,223,556,0,2104,10.008706
7313,24867,4,True,1,0,62,0,563,1.21441
7314,24868,4,True,1,0,33,0,235,0.449703
7315,24869,3,False,2,314,673,0,3288,10.012218
7316,24873,3,True,1,0,33,0,220,0.364828
7317,24873,4,True,1,0,33,0,236,0.354771
7318,24880,4,True,1,0,33,0,237,0.371495
7319,24881,3,True,1,0,60,0,579,0.624849
7320,24882,3,True,1,0,33,0,220,0.356878
7321,24884,3,False,2,297,628,0,4361,10.003971
7322,24884,4,False,2,309,642,0,1899,10.016477
7323,24885,4,True,1,0,60,0,612,0.632204
7324,24888,3,True,1,0,33,0,219,0.34859
7325,24893,4,True,1,0,58,0,582,0.625134
7326,24895,3,False,2,276,632,0,2375,10.004653
7327,24896,3,True,1,0,58,0,583,0.624224
7328,24897,4,True,1,0,33,0,236,0.362027
7329,24903,3,True,1,0,56,0,557,0.602697
7330,24904,4,True,1,0,33,0,234,0.352631
7331,24909,3,True,1,0,56,0,574,0.586554
7332,24910,3,True,1,0,33,0,251,0.6555
7333,24914,3,True,1,0,33,0,253,0.788449
7334,24918,4,True,1,0,54,0,565,1.276394
7335,24921,4,True,1,0,33,0,235,0.792013
7336,24923,3,True,1,0,53,0,545,1.296877
7337,24929,4,True,1,0,41,0,434,0.973806
7338,24930,3,True,1,0,51,0,465,1.205827
7339,24932,3,True,1,0,33,0,251,0.798767
7340,24932,4,True,1,0,33,0,235,0.854126
7341,24935,3,True,1,0,51,0,495,1.253369
7342,24935,4,True,1,0,51,0,511,1.25051
7343,24942,3,True,1,0,50,0,489,1.20057
7344,24942,4,True,1,0,50,0,505,1.182074
7345,24946,3,True,1,0,33,0,233,0.792501
7346,24948,3,True,1,0,33,0,251,0.808328
7347,24950,3,False,2,136,303,0,438,10.192442
7348,24951,3,False,2,115,293,0,1415,10.024074
7349,24951,4,True,1,0,20,0,305,0.54537
7350,24960,3,True,1,0,37,0,361,0.96391
7351,24961,3,True,1,0,26,0,290,0.721907
7352,24966,3,True,1,0,26,0,291,0.659403
7353,24968,3,False,2,117,282,0,1908,10.009644
7354,24969,4,True,1,2,43,0,348,1.077726
7355,24970,3,False,2,121,303,0,1476,10.019831
7356,24974,4,True,1,0,33,0,249,0.848763
7357,24976,4,False,2,133,299,0,2532,10.031569
7358,24977,3,True,1,2,43,0,371,1.080448
7359,24992,4,True,1,0,16,0,162,0.398503
7360,24993,4,False,2,132,298,0,2426,10.005302
7361,24997,3,True,1,8,28,0,307,0.858049
7362,24997,4,False,2,130,298,0,2154,10.016014
7363,24998,3,True,1,8,31,0,360,1.013749
7364,24998,4,False,2,127,278,0,2261,10.037759
7365,25002,4,False,2,129,283,0,2375,10.019758
7366,25003,3,True,1,9,30,0,298,0.916059
7367,25003,4,False,2,129,298,0,2518,10.006535
7368,25005,4,True,1,12,39,0,420,1.25803
7369,25010,4,False,2,126,291,0,2247,10.003894
7370,25011,4,True,1,16,49,0,516,1.564891
7371,25013,4,True,1,0,8,0,44,0.226346
7372,25018,3,True,1,0,10,0,77,0.280487
7373,25018,4,True,1,0,35,0,383,0.932871
7374,25024,3,False,2,119,284,0,798,10.004963
7375,25027,4,True,1,0,7,0,21,0.176696
7376,25028,4,True,1,0,6,0,24,0.149437
7377,25030,3,True,1,0,6,0,10,0.140678
7378,25032,4,True,1,0,26,0,358,0.285716
7379,25034,3,True,1,0,23,0,208,0.257165
7380,25042,3,True,1,0,5,0,14,0.063142
7381,25045,4,True,1,0,63,0,597,0.746501
7382,25046,3,True,1,0,5,0,14,0.068542
7383,25049,3,True,1,0,31,0,345,0.336261
7384,25050,4,False,2,228,517,0,6771,10.036697
7385,25053,3,True,1,0,25,0,267,0.270617
7386,25054,3,True,1,0,6,0,16,0.070596
7387,25059,4,True,1,3,48,0,364,0.54738
7388,25061,4,True,1,2,45,0,368,0.509606
7389,25063,3,True,1,0,33,0,336,0.347474
7390,25063,4,True,1,45,173,0,1482,2.247961
7391,25064,3,True,1,0,58,0,686,0.620763
7392,25066,3,False,2,308,688,0,8378,10.003344
7393,25070,4,True,1,0,4,0,8,0.050304
7394,25071,4,True,1,0,4,0,3,0.050247
7395,25075,3,True,1,0,6,0,19,0.070674
7396,25075,4,True,1,0,4,0,8,0.049478
7397,25081,3,True,1,0,25,0,251,0.26405
7398,25093,4,True,1,0,22,0,183,0.236253
7399,25099,4,True,1,0,13,0,84,0.143109
7400,25108,4,True,1,0,41,0,379,0.429526
7401,25115,3,True,1,0,25,0,253,0.26692
7402,25115,4,True,1,0,18,0,168,0.193461
7403,25124,4,True,1,0,18,0,154,0.194893
7404,25129,3,True,1,0,27,0,528,0.290893
7405,25142,3,True,1,0,7,0,19,0.082331
7406,25145,3,False,2,312,704,0,2335,10.00872
7407,25146,4,False,2,291,698,0,2377,10.008026
7408,25147,3,False,2,306,701,0,2348,10.009343
7409,25147,4,False,2,312,703,0,2358,10.058644
7410,25149,3,True,1,299,656,0,1718,9.737818
7411,25149,4,False,2,313,680,0,2117,10.00925
7412,25155,4,False,2,312,691,0,1853,10.007
7413,25157,3,False,2,311,668,0,3833,10.048446
7414,25161,4,True,1,0,8,0,64,0.090314
7415,25164,4,True,1,0,8,0,64,0.09134
7416,25166,4,True,1,0,8,0,64,0.091094
7417,25167,3,True,1,0,6,0,25,0.075557
7418,25167,4,True,1,0,8,0,64,0.091232
7419,25169,3,True,1,0,6,0,25,0.07162
7420,25172,3,True,1,0,6,0,25,0.070369
7421,25181,3,True,1,0,6,0,25,0.069274
7422,25185,4,True,1,0,6,0,38,0.072141
7423,25186,3,True,1,0,6,0,25,0.069274
7424,25187,3,True,1,0,6,0,25,0.070468
7425,25188,3,True,1,0,6,0,25,0.071507
7426,25189,3,True,1,0,6,0,25,0.069272
7427,25193,4,True,1,0,8,0,65,0.092741
7428,25199,4,True,1,0,8,0,65,0.096546
7429,25200,3,True,1,0,6,0,25,0.078277
7430,25200,4,True,1,0,8,0,65,0.0966
7431,25201,3,True,1,0,6,0,25,0.071299
7432,25204,4,True,1,0,8,0,69,0.092829
7433,25205,3,True,1,0,6,0,25,0.075178
7434,25205,4,True,1,0,8,0,69,0.093953
7435,25206,4,True,1,0,8,0,69,0.09258
7436,25212,4,True,1,0,8,0,65,0.092663
7437,25214,3,True,1,0,6,0,25,0.071027
7438,25217,4,True,1,0,6,0,38,0.07248
7439,25222,4,True,1,0,6,0,38,0.073014
7440,25226,3,True,1,0,5,0,15,0.076925
7441,25227,3,True,1,0,5,0,15,0.064439
7442,25230,4,True,1,0,25,0,337,0.274103
7443,25231,3,True,1,0,5,0,15,0.061211
7444,25233,4,True,1,0,25,0,335,0.274817
7445,25242,3,True,1,0,6,0,16,0.073347
7446,25245,3,True,1,0,6,0,16,0.070834
7447,25246,4,True,1,0,26,0,347,0.275249
7448,25247,3,True,1,0,6,0,17,0.070281
7449,25252,3,True,1,0,6,0,15,0.070917
7450,25255,3,True,1,0,7,0,15,0.082304
7451,25257,3,True,1,0,7,0,16,0.08128
7452,25258,3,True,1,0,7,0,16,0.081739
7453,25259,3,True,1,0,7,0,16,0.080557
7454,25260,4,True,1,0,26,0,347,0.272139
7455,25263,3,True,1,0,7,0,16,0.080071
7456,25265,4,True,1,0,25,0,342,0.266812
7457,25267,3,True,1,0,30,0,384,0.307757
7458,25270,4,False,2,320,694,0,1561,10.026353
7459,25271,3,False,2,308,670,0,1484,10.024205
7460,25277,4,True,1,0,40,0,406,0.596542
7461,25281,3,False,2,310,679,0,1196,10.011855
7462,25281,4,True,1,0,40,0,404,0.411132
7463,25282,4,False,2,321,672,0,5133,10.004824
7464,25289,4,False,2,301,664,0,8648,10.002617
7465,25291,4,False,2,286,610,0,7512,10.006308
7466,25294,3,False,2,318,693,0,5026,10.013034
7467,25294,4,False,2,318,677,0,7775,10.005739
7468,25295,4,False,2,194,421,0,5055,10.015363
7469,25298,3,True,1,0,34,0,366,0.682777
7470,25300,3,True,1,0,3,0,7,0.04096
7471,25300,4,False,2,260,556,0,4122,10.004436
7472,25304,4,True,1,0,12,0,61,0.135667
7473,25309,3,True,1,0,6,0,25,0.070131
7474,25312,3,True,1,0,6,0,25,0.071111
7475,25314,4,True,1,0,12,0,62,0.280746
7476,25320,4,True,1,0,12,0,62,0.140012
7477,25324,3,True,1,0,6,0,25,0.071346
7478,25325,3,True,1,0,6,0,25,0.071416
7479,25327,3,True,1,0,6,0,25,0.066193
7480,25329,4,True,1,0,12,0,59,0.123928
7481,25330,4,True,1,0,12,0,59,0.214122
7482,25336,3,True,1,0,6,0,25,0.15405
7483,25339,4,True,1,0,12,0,64,0.286637
7484,25342,3,True,1,0,6,0,25,0.14941
7485,25345,4,True,1,0,12,0,65,0.261554
7486,25346,3,True,1,0,6,0,25,0.138197
7487,25347,3,True,1,0,6,0,25,0.140594
7488,25348,3,True,1,0,6,0,25,0.139663
7489,25349,4,True,1,0,12,0,65,0.265975
7490,25350,4,True,1,0,12,0,65,0.260535
7491,25351,4,True,1,0,12,0,65,0.263471
7492,25355,3,True,1,0,6,0,25,0.143471
7493,25356,4,True,1,0,12,0,65,0.276484
7494,25361,3,True,1,0,6,0,25,0.139528
7495,25361,4,True,1,0,12,0,62,0.265155
7496,25362,3,True,1,0,6,0,25,0.14281
7497,25362,4,True,1,0,12,0,62,0.260087
7498,25366,3,True,1,0,8,0,57,0.180967
7499,25370,3,True,1,0,8,0,57,0.17846
7500,25376,3,True,1,0,8,0,61,0.258178
7501,25376,4,True,1,1,17,0,114,0.436517
7502,25379,3,True,1,0,12,0,52,0.146818
7503,25381,3,True,1,0,12,0,49,0.142648
7504,25384,4,False,2,133,344,0,2488,10.208786
7505,25386,3,True,1,0,24,0,241,0.514428
7506,25387,4,False,2,142,349,0,5088,10.045717
7507,25396,3,True,1,64,157,0,971,3.308927
7508,25403,3,True,1,0,7,0,18,0.083816
7509,25408,4,False,2,287,607,0,3747,10.007669
7510,25415,3,True,1,0,5,0,17,0.062907
7511,25418,3,True,1,0,30,0,360,0.315798
7512,25419,3,True,1,0,5,0,15,0.062962
7513,25422,3,True,1,0,33,0,233,0.352543
7514,25424,3,True,1,0,24,0,499,0.259475
7515,25426,3,True,1,0,51,0,535,0.540767
7516,25427,3,True,1,1,21,0,164,0.238886
7517,25427,4,False,2,250,526,0,3631,10.003134
7518,25428,4,False,2,292,603,0,4407,10.010109
7519,25429,3,True,1,1,22,0,175,0.25585
7520,25429,4,True,1,0,52,0,542,0.571485
7521,25430,3,True,1,0,33,0,233,0.367048
7522,25434,4,True,1,0,38,0,248,0.425339
7523,25435,4,True,1,0,58,0,476,0.645757
7524,25438,3,True,1,0,60,0,644,0.647027
7525,25438,4,True,1,0,49,0,464,0.539157
7526,25439,4,False,2,308,667,0,1415,10.008689
7527,25440,4,False,2,306,671,0,1164,10.002205
7528,25443,3,True,1,0,33,0,217,0.357526
7529,25444,3,True,1,0,47,0,475,0.505859
7530,25445,3,True,1,0,26,0,280,0.287093
7531,25445,4,True,1,0,26,0,280,0.283366
7532,25446,3,True,1,0,52,0,605,0.561774
7533,25450,3,True,1,0,18,0,172,0.197069
7534,25452,3,True,1,0,26,0,280,0.280929
7535,25452,4,True,1,0,26,0,280,0.288254
7536,25454,4,True,1,0,46,0,412,0.501467
7537,25455,3,True,1,0,45,0,410,0.492279
7538,25460,3,True,1,0,48,0,520,0.510834
7539,25463,4,True,1,21,59,0,476,0.850689
7540,25466,3,True,1,0,29,0,138,0.313761
7541,25467,3,True,1,0,10,0,42,0.115908
7542,25470,4,True,1,0,14,0,152,0.158824
7543,25472,3,True,1,0,10,0,42,0.11516
7544,25472,4,True,1,0,14,0,152,0.159303
7545,25473,4,True,1,0,14,0,152,0.156564
7546,25483,3,True,1,0,10,0,42,0.117542
7547,25484,3,True,1,0,10,0,42,0.114314
7548,25486,3,True,1,0,29,0,139,0.315892
7549,25488,4,True,1,0,14,0,153,0.157154
7550,25490,4,True,1,0,14,0,153,0.154252
7551,25491,3,True,1,0,10,0,42,0.113374
7552,25491,4,True,1,0,14,0,153,0.155175
7553,25492,3,True,1,0,10,0,42,0.112021
7554,25493,3,True,1,0,10,0,42,0.116391
7555,25496,4,True,1,0,14,0,122,0.152936
7556,25498,3,True,1,0,10,0,41,0.116883
7557,25500,3,True,1,0,10,0,41,0.114447
7558,25500,4,True,1,0,14,0,150,0.157797
7559,25503,3,True,1,0,10,0,41,0.117492
7560,25508,4,True,1,0,14,0,153,0.160272
7561,25510,3,True,1,0,10,0,42,0.115011
7562,25514,3,True,1,0,10,0,42,0.116638
7563,25517,3,True,1,0,10,0,42,0.114297
7564,25517,4,True,1,1,17,0,174,0.195444
7565,25521,3,True,1,0,10,0,42,0.117071
7566,25527,3,True,1,0,10,0,42,0.118347
7567,25527,4,True,1,1,17,0,176,0.206372
7568,25539,4,True,1,1,17,0,173,0.201295
7569,25540,4,True,1,1,17,0,173,0.190076
7570,25542,3,True,1,0,10,0,41,0.111651
7571,25543,4,True,1,1,17,0,173,0.191598
7572,25548,3,True,1,8,28,0,286,0.374655
7573,25549,4,True,1,0,15,0,147,0.166782
7574,25550,3,True,1,7,26,0,292,0.350316
7575,25551,4,False,2,313,648,0,5426,10.000847
7576,25552,4,False,2,315,670,0,5542,10.002001
7577,25553,3,False,2,313,650,0,5404,10.004197
7578,25553,4,True,1,0,15,0,141,0.160796
7579,25555,3,True,1,9,33,0,386,0.445919
7580,25556,3,True,1,15,42,0,451,0.596091
7581,25558,4,True,1,89,195,0,2152,2.929539
7582,25562,3,True,1,0,3,0,7,0.040677
7583,25564,4,False,2,311,653,0,4121,10.000536
7584,25565,4,True,1,10,34,0,256,0.462757
7585,25566,4,True,1,0,39,0,385,0.416685
7586,25570,4,True,1,20,69,0,586,0.925008
7587,25572,3,True,1,0,37,0,356,0.398687
7588,25579,3,True,1,0,4,0,9,0.051419
7589,25579,4,False,2,297,671,0,10240,10.009437
7590,25580,4,True,1,0,18,0,175,0.203255
7591,25586,3,True,1,0,5,0,16,0.060728
7592,25587,4,True,1,0,5,0,17,0.070612
7593,25589,3,True,1,0,23,0,208,0.286116
7594,25590,4,False,2,308,647,0,6949,10.034869
7595,25592,3,True,1,0,23,0,209,0.256855
7596,25596,3,True,1,0,44,0,770,0.482851
7597,25597,3,True,1,0,5,0,10,0.066405
7598,25598,3,True,1,0,25,0,275,0.278128
7599,25600,3,True,1,0,13,0,93,0.151398
7600,25601,4,True,1,0,6,0,21,0.079626
7601,25604,4,True,1,0,6,0,21,0.074978
7602,25609,3,False,2,241,561,0,5446,10.018018
7603,25609,4,True,1,0,56,0,692,1.327759
7604,25610,3,True,1,9,59,0,345,1.326072
7605,25616,4,True,1,0,5,0,11,0.139716
7606,25621,3,True,1,0,25,0,288,0.584335
7607,25627,3,True,1,0,18,0,114,0.390386
7608,25627,4,True,1,0,18,0,115,0.473906
7609,25631,4,True,1,0,63,0,421,1.557722
7610,25635,3,True,1,0,25,0,265,0.639302
7611,25635,4,True,1,0,41,0,408,1.06671
7612,25638,4,True,1,0,18,0,120,0.464574
7613,25644,4,True,1,0,48,0,373,1.150525
7614,25664,4,True,1,0,26,0,257,0.619349
7615,25670,3,True,1,0,23,0,166,0.568555
7616,25670,4,True,1,0,23,0,167,0.559248
7617,25676,3,True,1,0,8,0,26,0.213961
7618,25678,3,False,2,134,275,0,3247,10.034658
7619,25685,4,True,1,0,8,0,26,0.218294
7620,25688,3,True,1,4,38,0,390,1.03451
7621,25689,4,True,1,4,36,0,436,0.969904
7622,25694,4,False,2,112,299,0,1302,10.018246
7623,25696,3,False,2,123,293,0,1008,10.018867
7624,25700,3,False,2,120,302,0,3538,10.013635
7625,25702,4,False,2,124,293,0,590,10.007916
7626,25704,3,False,2,120,293,0,1839,10.004497
7627,25705,3,False,2,113,290,0,3427,10.023796
7628,25712,3,True,1,0,8,0,71,0.216937
7629,25715,4,True,1,0,6,0,30,0.167257
7630,25716,3,True,1,0,8,0,71,0.219464
7631,25721,3,True,1,0,8,0,75,0.231203
7632,25721,4,True,1,0,6,0,30,0.18426
7633,25722,3,True,1,0,8,0,75,0.230722
7634,25723,4,True,1,0,6,0,30,0.18094
7635,25725,4,True,1,0,6,0,30,0.184304
7636,25733,3,True,1,0,8,0,71,0.236975
7637,25737,3,True,1,0,6,0,43,0.182804
7638,25739,4,True,1,0,6,0,30,0.168214
7639,25746,3,True,1,0,8,0,72,0.229088
7640,25748,3,True,1,0,8,0,72,0.236464
7641,25752,3,True,1,0,8,0,76,0.2139
7642,25753,3,True,1,0,8,0,76,0.211807
7643,25754,4,True,1,0,6,0,30,0.172402
7644,25755,3,True,1,0,8,0,76,0.21406
7645,25760,3,True,1,0,8,0,72,0.217402
7646,25761,3,True,1,0,8,0,72,0.21437
7647,25769,3,True,1,0,6,0,43,0.170123
7648,25774,3,True,1,0,6,0,43,0.167783
7649,25774,4,True,1,0,6,0,30,0.164837
7650,25775,4,False,2,121,291,0,2300,10.015842
7651,25777,4,True,1,0,18,0,176,0.455781
7652,25779,3,True,1,0,5,0,13,0.140473
7653,25779,4,True,1,74,173,0,1570,5.79693
7654,25783,3,False,2,109,315,0,1017,10.071596
7655,25784,3,False,2,128,286,0,1503,10.011478
7656,25790,3,False,2,118,292,0,683,10.003144
7657,25792,3,False,2,124,286,0,1881,10.05163
7658,25792,4,False,2,120,276,0,1796,10.111103
7659,25798,4,False,2,127,282,0,1953,10.003184
7660,25799,3,True,1,0,40,0,409,1.013542
7661,25801,3,False,2,116,298,0,1681,10.03016
7662,25802,3,False,2,120,303,0,1157,10.024266
7663,25803,4,False,2,117,304,0,1831,10.023998
7664,25804,3,False,2,117,304,0,1840,10.161422
7665,25807,3,True,1,0,34,0,362,0.900467
7666,25809,3,False,2,126,274,0,3389,10.043813
7667,25811,3,False,2,117,294,0,3756,10.042142
7668,25812,3,True,1,0,34,0,352,0.857528
7669,25814,4,True,1,0,34,0,376,0.884207
7670,25816,4,True,1,0,34,0,380,0.855243
7671,25818,3,True,1,0,3,0,8,0.095788
7672,25818,4,True,1,0,3,0,10,0.096822
7673,25819,4,True,1,0,8,0,64,0.218131
7674,25820,4,True,1,0,8,0,64,0.21489
7675,25822,3,True,1,0,6,0,25,0.173414
7676,25826,3,True,1,0,6,0,25,0.167529
7677,25826,4,True,1,0,8,0,64,0.229386
7678,25831,4,True,1,0,12,0,62,0.317735
7679,25834,4,True,1,0,12,0,62,0.331023
7680,25835,3,True,1,0,6,0,25,0.171362
7681,25837,3,True,1,0,6,0,25,0.166079
7682,25838,3,True,1,0,6,0,25,0.176484
7683,25840,4,True,1,0,8,0,68,0.217214
7684,25844,3,True,1,0,6,0,25,0.163428
7685,25844,4,True,1,0,12,0,63,0.329294
7686,25849,3,True,1,0,6,0,25,0.17647
7687,25851,4,True,1,0,8,0,64,0.225492
7688,25856,4,True,1,0,8,0,64,0.215818
7689,25859,3,True,1,0,6,0,25,0.168415
7690,25864,4,True,1,0,12,0,63,0.313568
7691,25866,4,True,1,0,12,0,63,0.314763
7692,25867,3,True,1,0,6,0,25,0.17068
7693,25868,4,True,1,0,6,0,38,0.168907
7694,25869,4,True,1,0,6,0,38,0.167249
7695,25871,4,True,1,0,6,0,38,0.173474
7696,25876,4,True,1,0,12,0,60,0.322753
7697,25880,3,True,1,0,6,0,25,0.174662
7698,25882,4,True,1,0,12,0,60,0.310174
7699,25886,3,True,1,0,6,0,25,0.174535
7700,25888,4,True,1,0,8,0,64,0.204765
7701,25892,4,True,1,0,12,0,61,0.318178
7702,25896,4,True,1,0,12,0,61,0.304089
7703,25915,4,True,1,0,8,0,64,0.217904
7704,25918,4,True,1,0,8,0,64,0.210854
7705,25923,3,True,1,0,6,0,25,0.166931
7706,25924,4,True,1,0,12,0,62,0.311121
7707,25928,4,True,1,0,12,0,62,0.302679
7708,25931,3,True,1,0,6,0,25,0.170729
7709,25931,4,True,1,0,6,0,38,0.16616
7710,25934,4,True,1,0,6,0,38,0.163218
7711,25937,3,True,1,0,6,0,25,0.166274
7712,25937,4,True,1,0,6,0,38,0.167351
7713,25946,3,True,1,0,6,0,25,0.162004
7714,25946,4,True,1,0,12,0,59,0.319434
7715,25947,3,False,2,72,227,0,1892,10.070858
7716,25949,3,False,2,222,522,0,3597,10.007943
7717,25950,3,True,1,0,31,0,308,0.32636
7718,25950,4,True,1,0,24,0,231,0.262416
7719,25954,3,False,2,249,557,0,9848,10.002495
7720,25960,4,True,1,0,37,0,376,0.434101
7721,25975,4,True,1,11,77,0,605,0.944389
7722,25978,3,True,1,0,25,0,317,0.272332
7723,25985,3,True,1,0,5,0,14,0.061409
7724,25989,3,False,2,294,631,0,4245,10.007545
7725,25989,4,True,1,2,43,0,410,0.501044
7726,25994,4,False,2,297,618,0,5268,10.008445
7727,26002,3,True,1,0,66,0,663,0.72016
7728,26005,3,True,1,0,33,0,250,0.362391
7729,26008,3,True,1,0,20,0,305,0.230069
7730,26009,4,True,1,0,12,0,67,0.141078
7731,26011,3,True,1,0,33,0,218,0.35856
7732,26014,4,True,1,0,47,0,477,0.528096
7733,26019,4,False,2,289,648,0,1687,10.008149
7734,26020,3,True,1,0,33,0,251,0.363627
7735,26023,3,False,2,295,655,0,2974,10.004108
7736,26024,4,True,1,55,133,0,1320,2.462166
7737,26025,3,True,1,0,33,0,218,0.369001
7738,26025,4,True,1,0,33,0,234,0.354968
7739,26028,4,False,2,238,526,0,2042,10.006783
7740,26029,3,True,1,2,43,0,392,1.071643
7741,26029,4,True,1,0,10,0,64,0.254993
7742,26030,3,False,2,135,293,0,1632,10.045405
7743,26039,3,True,1,0,10,0,47,0.290471
7744,26041,3,True,1,0,10,0,47,0.266899
7745,26042,3,True,1,0,11,0,70,0.283774
7746,26043,3,True,1,0,13,0,48,0.334399
7747,26046,4,True,1,0,14,0,81,0.358669
7748,26053,4,True,1,0,29,0,142,0.723288
7749,26058,3,True,1,0,10,0,47,0.267291
7750,26061,4,True,1,0,14,0,85,0.362391
7751,26062,4,False,2,128,291,0,2810,10.064596
7752,26067,3,True,1,0,10,0,46,0.272491
7753,26068,4,True,1,0,14,0,82,0.374618
7754,26069,4,True,1,0,14,0,82,0.36491
7755,26070,3,True,1,0,10,0,46,0.262068
7756,26071,3,True,1,0,10,0,46,0.263986
7757,26071,4,True,1,0,14,0,82,0.353995
7758,26072,3,True,1,0,11,0,71,0.297827
7759,26073,3,True,1,0,13,0,50,0.332259
7760,26074,3,True,1,0,10,0,47,0.260089
7761,26076,3,True,1,0,10,0,47,0.261885
7762,26078,3,True,1,0,10,0,47,0.25384
7763,26078,4,True,1,0,14,0,87,0.346457
7764,26080,3,True,1,0,10,0,47,0.259459
7765,26081,3,True,1,0,10,0,47,0.262581
7766,26082,3,True,1,0,11,0,71,0.285693
7767,26083,3,True,1,0,13,0,51,0.322044
7768,26084,4,True,1,0,14,0,88,0.358896
7769,26086,3,True,1,0,10,0,47,0.265203
7770,26086,4,True,1,0,14,0,84,0.353426
7771,26089,3,True,1,0,10,0,47,0.261861
7772,26090,3,True,1,0,10,0,47,0.26164
7773,26091,3,True,1,0,10,0,47,0.263267
7774,26097,3,True,1,0,10,0,47,0.263497
7775,26098,3,True,1,0,10,0,47,0.259531
7776,26098,4,True,1,0,14,0,88,0.357769
7777,26100,4,True,1,0,14,0,88,0.349351
7778,26102,4,False,2,128,292,0,2826,10.00664
7779,26119,4,True,1,0,14,0,153,0.366511
7780,26122,4,True,1,0,11,0,153,0.293228
7781,26123,4,True,1,0,11,0,93,0.287661
7782,26128,4,True,1,0,14,0,151,0.367847
7783,26130,4,True,1,0,14,0,151,0.372071
7784,26131,4,True,1,0,14,0,151,0.368134
7785,26134,3,True,1,0,29,0,140,0.746882
7786,26140,3,True,1,0,10,0,42,0.269752
7787,26140,4,True,1,0,14,0,154,0.374729
7788,26146,3,True,1,0,10,0,41,0.267734
7789,26147,4,True,1,0,14,0,151,0.362518
7790,26148,4,True,1,0,14,0,151,0.36185
7791,26149,4,True,1,0,14,0,151,0.362987
7792,26151,4,True,1,0,14,0,151,0.370234
7793,26152,3,True,1,0,10,0,41,0.267317
7794,26155,4,True,1,0,14,0,154,0.372406
7795,26160,3,True,1,0,17,0,209,0.447377
7796,26164,3,True,1,0,29,0,139,0.727417
7797,26167,3,True,1,0,10,0,42,0.251527
7798,26172,3,True,1,0,10,0,42,0.244866
7799,26175,3,True,1,0,17,0,209,0.449558
7800,26175,4,True,1,1,17,0,179,0.443204
7801,26176,4,True,1,1,17,0,179,0.473078
7802,26177,3,True,1,0,17,0,209,0.442334
7803,26177,4,True,1,1,17,0,179,0.451814
7804,26178,3,True,1,0,17,0,209,0.421054
7805,26181,4,True,1,1,17,0,179,0.437108
7806,26184,3,True,1,0,29,0,136,0.767788
7807,26184,4,True,1,0,14,0,122,0.357255
7808,26185,4,True,1,1,17,0,176,0.460067
7809,26187,3,True,1,0,10,0,41,0.26696
7810,26193,4,True,1,0,11,0,90,0.289976
7811,26194,3,True,1,9,32,0,259,1.019051
7812,26196,4,True,1,0,5,0,17,0.145632
7813,26199,3,True,1,1,86,0,886,2.286398
7814,26203,3,True,1,0,6,0,27,0.162294
7815,26205,3,True,1,4,50,0,821,1.307938
7816,26207,3,True,1,0,4,0,9,0.118462
7817,26209,3,True,1,0,3,0,3,0.101157
7818,26211,3,True,1,0,7,0,25,0.18735
7819,26215,4,True,1,0,23,0,208,0.563135
7820,26216,4,True,1,0,40,0,293,0.984565
7821,26219,3,True,1,0,36,0,281,0.904055
7822,26223,3,True,1,0,44,0,802,1.102986
7823,26223,4,True,1,0,39,0,512,1.000962
7824,26226,3,True,1,0,5,0,14,0.139369
7825,26226,4,True,1,0,4,0,16,0.115906
7826,26230,3,True,1,0,32,0,377,0.778361
7827,26235,4,True,1,45,174,0,1569,5.199024
7828,26240,3,True,1,0,6,0,16,0.172656
7829,26244,4,True,1,0,6,0,19,0.165405
7830,26245,3,True,1,0,3,0,3,0.095088
7831,26246,3,True,1,0,3,0,5,0.097979
7832,26247,4,True,1,0,3,0,5,0.095322
7833,26251,3,True,1,0,25,0,263,0.631922
7834,26251,4,True,1,0,48,0,377,1.196575
7835,26257,3,True,1,0,25,0,263,0.627874
7836,26260,3,True,1,0,25,0,275,0.628994
7837,26263,4,True,1,0,18,0,133,0.45122
7838,26266,4,True,1,0,22,0,183,0.554369
7839,26279,3,True,1,0,25,0,263,0.643405
7840,26285,4,True,1,0,33,0,268,0.876768
7841,26295,3,True,1,0,25,0,275,0.63009
7842,26306,4,True,1,0,7,0,26,0.19427
7843,26316,3,False,2,152,382,0,1569,10.015605
7844,26318,3,False,2,170,418,0,1562,10.012457
7845,26320,3,False,2,272,618,0,2152,10.037214
7846,26320,4,False,2,284,653,0,2267,10.0046
7847,26321,3,False,2,296,659,0,8094,10.002583
7848,26325,3,False,2,238,538,0,3598,10.000813
7849,26326,3,True,1,0,6,0,15,0.073678
7850,26328,3,False,2,301,660,0,2069,10.017519
7851,26331,3,False,2,292,641,0,4391,10.03446
7852,26335,3,True,1,0,31,0,414,0.335258
7853,26335,4,True,1,0,32,0,428,0.351946
7854,26348,3,False,2,305,646,0,3341,10.004066
7855,26348,4,False,2,305,649,0,3492,10.007368
7856,26349,4,False,2,260,555,0,3240,10.028327
7857,26350,3,False,2,285,607,0,3299,10.008376
7858,26351,4,False,2,278,595,0,3467,10.007808
7859,26354,3,False,2,303,636,0,4077,10.016709
7860,26356,3,False,2,299,644,0,3658,10.013547
7861,26356,4,False,2,280,607,0,3578,10.021041
7862,26362,4,False,2,212,483,0,1911,10.014358
7863,26365,4,False,2,116,297,0,1693,10.121306
7864,26366,3,False,2,172,419,0,2369,10.020069
7865,26366,4,False,2,127,295,0,1061,10.003889
7866,26369,3,False,2,126,280,0,3357,10.015463
7867,26374,3,False,2,117,286,0,2482,10.009905
7868,26375,4,True,1,0,34,0,366,0.868894
7869,26382,4,True,1,0,6,0,30,0.172849
7870,26384,4,True,1,0,6,0,30,0.166289
7871,26386,4,True,1,0,6,0,30,0.183633
7872,26387,3,True,1,0,8,0,71,0.216829
7873,26387,4,True,1,0,6,0,30,0.162577
7874,26389,4,True,1,0,6,0,30,0.162763
7875,26391,4,True,1,0,6,0,30,0.176771
7876,26394,3,True,1,0,8,0,75,0.22363
7877,26396,3,True,1,0,8,0,75,0.218271
7878,26398,4,True,1,0,6,0,30,0.17275
7879,26400,3,True,1,0,8,0,71,0.223046
7880,26402,4,True,1,0,6,0,30,0.170249
7881,26403,3,True,1,0,8,0,71,0.222833
7882,26403,4,True,1,0,6,0,30,0.168928
7883,26405,4,True,1,0,6,0,30,0.162627
7884,26406,3,True,1,0,6,0,43,0.17139
7885,26408,4,True,1,0,6,0,30,0.168958
7886,26418,3,True,1,0,8,0,71,0.217137
7887,26419,3,True,1,0,8,0,71,0.226317
7888,26419,4,True,1,0,6,0,30,0.170337
7889,26421,4,True,1,0,6,0,30,0.171775
7890,26422,4,True,1,0,6,0,30,0.168134
7891,26424,3,True,1,0,8,0,75,0.211545
7892,26426,4,True,1,0,6,0,30,0.171525
7893,26427,3,True,1,0,8,0,75,0.223137
7894,26428,3,True,1,0,8,0,75,0.210853
7895,26428,4,True,1,0,6,0,30,0.164265
7896,26432,3,True,1,0,8,0,71,0.227203
7897,26432,4,True,1,0,6,0,30,0.162315
7898,26433,4,True,1,0,6,0,30,0.168751
7899,26435,3,True,1,0,8,0,71,0.2306
7900,26435,4,True,1,0,6,0,30,0.181513
7901,26436,3,True,1,0,8,0,71,0.228765
7902,26437,3,True,1,0,6,0,43,0.178048
7903,26437,4,True,1,0,6,0,30,0.182371
7904,26444,3,True,1,0,6,0,43,0.183574
7905,26445,3,False,2,37,158,0,1541,10.135072
7906,26445,4,True,1,0,31,0,306,0.752273
7907,26447,4,False,2,59,204,0,1788,10.1194
7908,26448,3,True,1,0,31,0,308,0.760094
7909,26448,4,True,1,0,24,0,231,0.596717
7910,26459,3,True,1,64,139,0,452,4.980809
7911,26459,4,True,1,0,11,0,45,0.286634
7912,26471,4,False,2,121,314,0,1591,10.014467
7913,26474,3,True,1,2,43,0,392,1.073
7914,26475,4,False,2,115,311,0,1541,10.007813
7915,26478,3,True,1,0,33,0,287,0.802202
7916,26478,4,True,1,0,33,0,288,0.80601
7917,26483,3,True,1,0,5,0,15,0.142089
7918,26483,4,True,1,0,6,0,38,0.165836
7919,26484,4,False,2,123,288,0,2126,10.000351
7920,26485,4,False,2,125,279,0,2460,10.003435
7921,26487,3,True,1,0,34,0,236,0.889762
7922,26487,4,False,2,126,283,0,922,10.015872
7923,26492,3,False,2,78,274,0,1344,10.146765
7924,26492,4,False,2,78,273,0,1668,10.009971
7925,26493,3,True,1,0,33,0,250,0.825816
7926,26494,3,True,1,0,33,0,233,0.881349
7927,26499,3,True,1,0,67,0,673,1.727484
7928,26501,4,False,2,132,286,0,2396,10.077897
7929,26502,3,False,2,132,282,0,2526,10.070177
7930,26502,4,True,1,0,39,0,283,0.974911
7931,26503,3,True,1,0,8,0,29,0.222609
7932,26508,3,True,1,0,36,0,400,0.924333
7933,26511,3,True,1,0,34,0,269,0.828712
7934,26512,3,True,1,0,41,0,295,1.005479
7935,26513,3,True,1,0,49,0,329,1.196069
7936,26516,4,False,2,134,280,0,2159,10.045022
7937,26523,3,True,1,0,25,0,124,0.684984
7938,26524,3,True,1,0,21,0,106,0.532133
7939,26526,3,True,1,0,22,0,112,0.580484
7940,26528,4,True,1,0,12,0,88,0.319882
7941,26530,3,True,1,0,24,0,126,0.635805
7942,26535,3,True,1,0,25,0,124,0.633575
7943,26537,3,True,1,0,25,0,124,0.648345
7944,26539,4,True,1,0,29,0,142,0.747263
7945,26543,4,True,1,0,14,0,82,0.372649
7946,26548,3,True,1,0,11,0,163,0.285915
7947,26552,4,True,1,0,14,0,85,0.355307
7948,26556,4,True,1,0,14,0,86,0.35582
7949,26557,4,True,1,0,14,0,86,0.360666
7950,26559,4,False,2,135,298,0,2527,10.016604
7951,26560,3,True,1,0,13,0,49,0.307559
7952,26563,4,True,1,0,14,0,82,0.328832
7953,26564,3,True,1,0,10,0,47,0.254649
7954,26566,3,True,1,0,10,0,47,0.245314
7955,26566,4,True,1,0,14,0,86,0.355749
7956,26568,3,True,1,0,10,0,47,0.252057
7957,26570,4,True,1,0,29,0,140,0.762544
7958,26572,3,True,1,0,10,0,46,0.243906
7959,26573,3,True,1,0,10,0,46,0.2421
7960,26573,4,True,1,0,14,0,79,0.3892
7961,26574,4,True,1,0,14,0,80,0.366943
7962,26576,3,True,1,0,10,0,46,0.273862
7963,26579,4,False,2,132,286,0,2235,10.035165
7964,26581,3,True,1,0,17,0,214,0.456914
7965,26582,4,True,1,0,14,0,83,0.36242
7966,26583,4,True,1,0,14,0,80,0.375287
7967,26587,4,True,1,0,14,0,84,0.388265
7968,26590,3,True,1,0,13,0,48,0.350851
7969,26590,4,True,1,0,29,0,142,0.678949
7970,26591,4,True,1,0,14,0,85,0.358862
7971,26593,3,True,1,0,10,0,47,0.288104
7972,26600,3,True,1,0,13,0,48,0.338953
7973,26604,4,True,1,0,14,0,82,0.355284
7974,26609,4,False,2,139,310,0,2442,10.010995
7975,26610,3,True,1,0,13,0,45,0.317098
7976,26613,3,True,1,0,10,0,46,0.247866
7977,26614,4,True,1,0,14,0,79,0.32904
7978,26620,4,True,1,9,32,0,276,1.03547
7979,26621,4,True,1,0,8,0,47,0.208545
7980,26623,3,True,1,0,19,0,87,0.503535
7981,26624,3,False,2,166,395,0,999,10.185483
7982,26630,4,True,1,0,19,0,166,0.212014
7983,26638,4,True,1,0,3,0,5,0.04223
7984,26640,3,True,1,0,23,0,206,0.25368
7985,26642,3,True,1,0,23,0,210,0.258088
7986,26648,3,True,1,0,5,0,10,0.064078
7987,26650,3,True,1,0,5,0,10,0.066341
7988,26652,4,True,1,0,4,0,8,0.053602
7989,26654,4,True,1,0,30,0,291,0.331917
7990,26656,3,True,1,0,30,0,335,0.319649
7991,26659,4,True,1,0,34,0,388,0.369161
7992,26669,3,True,1,0,18,0,114,0.203647
7993,26670,4,True,1,0,63,0,538,0.682631
7994,26673,4,True,1,0,63,0,421,0.69465
7995,26677,4,True,1,0,22,0,191,0.245565
7996,26680,3,True,1,0,18,0,119,0.200629
7997,26680,4,True,1,0,18,0,120,0.2025
7998,26686,3,True,1,0,48,0,372,0.520636
7999,26700,3,True,1,0,25,0,277,0.280533
8000,26706,3,True,1,0,26,0,229,0.290668
8001,26707,3,True,1,0,25,0,265,0.278967
8002,26707,4,True,1,0,26,0,257,0.294697
8003,26710,4,True,1,0,38,0,300,0.420165
8004,26719,4,True,1,0,8,0,27,0.096354
8005,26721,3,True,1,0,28,0,556,0.313943
8006,26728,4,True,1,0,8,0,26,0.097772
8007,26735,3,True,1,4,36,0,353,0.442336
8008,26736,3,False,2,254,582,0,1492,10.055559
8009,26739,4,False,2,124,316,0,1529,10.012159
8010,26740,3,True,1,0,7,0,15,0.182264
8011,26741,4,False,2,128,319,0,1525,10.001795
8012,26745,3,False,2,120,307,0,3917,10.013188
8013,26746,4,False,2,132,302,0,1586,10.023844
8014,26750,3,False,2,133,294,0,634,10.001307
8015,26751,3,False,2,126,319,0,4059,10.008989
8016,26752,3,False,2,135,306,0,1611,10.04283
8017,26753,3,False,2,128,305,0,676,10.049803
8018,26753,4,True,1,0,40,0,419,0.972307
8019,26760,3,False,2,110,324,0,1011,10.011186
8020,26760,4,False,2,103,287,0,1038,10.138811
8021,26761,3,False,2,128,317,0,1670,10.002755
8022,26764,4,False,2,130,328,0,3173,10.058738
8023,26765,4,False,2,138,295,0,936,10.001995
8024,26767,4,False,2,117,331,0,1066,10.025176
8025,26770,3,False,2,132,302,0,1598,10.009844
8026,26773,3,False,2,118,318,0,980,10.00843
8027,26775,4,False,2,127,294,0,2075,10.019648
8028,26776,4,True,1,0,40,0,438,1.003351
8029,26777,4,False,2,133,297,0,1744,10.003438
8030,26779,3,False,2,134,305,0,1485,10.008603
8031,26779,4,False,2,127,311,0,1377,10.01904
8032,26780,4,False,2,102,309,0,2208,10.042544
8033,26781,3,False,2,116,303,0,1374,10.002902
8034,26783,4,False,2,127,306,0,1316,10.001217
8035,26785,4,False,2,124,309,0,3899,10.003861
8036,26786,3,False,2,250,588,0,3599,10.003504
8037,26789,4,True,1,0,41,0,443,0.442783
8038,26790,3,True,1,0,34,0,352,0.373342
8039,26791,4,False,2,296,640,0,7868,10.004169
8040,26792,3,False,2,299,631,0,7848,10.007773
8041,26794,3,False,2,232,487,0,3202,10.024357
8042,26795,3,False,2,168,372,0,4477,10.009622
8043,26796,4,False,2,250,540,0,6768,10.014724
8044,26798,4,False,2,290,667,0,4506,10.002307
8045,26799,3,False,2,182,449,0,3279,10.003469
8046,26801,4,True,1,0,31,0,315,0.448416
8047,26803,3,True,1,0,7,0,16,0.184564
8048,26810,4,True,1,0,37,0,376,0.86939
8049,26814,3,True,1,64,140,0,459,3.58322
8050,26815,3,False,2,279,576,0,893,10.000361
8051,26816,3,True,1,0,28,0,591,0.299109
8052,26816,4,True,1,68,166,0,1402,2.44598
8053,26828,4,False,2,322,689,0,8450,10.017781
8054,26829,3,True,1,311,652,0,6318,9.802063
8055,26830,4,False,2,327,677,0,4530,10.044763
8056,26844,4,True,1,0,34,0,284,0.356194
8057,26845,4,True,1,0,34,0,268,0.357992
8058,26847,3,True,1,0,33,0,249,0.350423
8059,26847,4,True,1,0,41,0,407,0.430105
8060,26851,4,True,1,0,48,0,508,0.502789
8061,26856,4,True,1,0,41,0,394,0.420736
8062,26860,3,True,1,0,53,0,544,0.555487
8063,26861,4,True,1,0,8,0,37,0.091552
8064,26862,4,True,1,0,15,0,179,0.164651
8065,26869,3,True,1,0,5,0,11,0.059173
8066,26871,3,True,1,0,5,0,11,0.061627
8067,26874,3,True,1,0,12,0,58,0.140289
8068,26879,3,True,1,0,5,0,12,0.061767
8069,26885,3,True,1,0,6,0,19,0.071316
8070,26887,3,True,1,0,25,0,124,0.260972
8071,26887,4,True,1,0,13,0,56,0.140795
8072,26889,3,True,1,0,25,0,124,0.263338
8073,26890,3,True,1,0,26,0,134,0.271628
8074,26896,4,True,1,0,10,0,66,0.108378
8075,26899,4,True,1,0,13,0,52,0.140814
8076,26900,3,True,1,14,44,0,373,0.596994
8077,26904,4,True,1,0,5,0,17,0.060175
8078,26905,3,True,1,0,3,0,7,0.039811
8079,26905,4,True,1,0,19,0,105,0.208142
8080,26907,4,False,2,309,684,0,3342,10.010939
8081,26911,3,False,2,304,649,0,1548,10.014967
8082,26911,4,False,2,158,361,0,1328,10.032779
8083,26913,3,True,1,0,19,0,175,0.417219
8084,26917,3,True,1,0,25,0,264,0.557598
8085,26917,4,True,1,0,40,0,294,0.883752
8086,26921,3,True,1,0,36,0,283,0.780565
8087,26922,3,True,1,0,36,0,281,0.78207
8088,26924,4,True,1,0,36,0,286,0.791922
8089,26926,4,True,1,0,41,0,437,0.91975
8090,26928,4,True,1,0,30,0,305,0.656066
8091,26940,4,True,1,0,24,0,241,0.502952
8092,26943,3,True,1,0,25,0,263,0.553456
8093,26949,4,True,1,0,63,0,479,0.737703
8094,26952,3,True,1,0,25,0,275,0.268232
8095,26955,4,True,1,0,18,0,133,0.194565
8096,26962,4,True,1,0,13,0,93,0.137487
8097,26981,4,True,1,0,18,0,168,0.194497
8098,26987,3,True,1,0,25,0,275,0.266345
8099,26993,3,True,1,0,5,0,14,0.061678
8100,26994,3,True,1,251,535,0,7181,9.191628
8101,26996,3,True,1,229,491,0,6842,7.496477
8102,26996,4,True,1,0,9,0,42,0.102313
8103,26999,4,True,1,0,7,0,26,0.083264
8104,27000,4,True,1,0,6,0,21,0.070547
8105,27003,4,True,1,0,8,0,32,0.092176
8106,27006,3,True,1,0,7,0,18,0.082768
8107,27006,4,True,1,4,38,0,426,0.435101
8108,27010,3,False,2,189,461,0,1681,10.019968
8109,27011,3,False,2,193,492,0,2024,10.009062
8110,27012,4,False,2,209,484,0,1805,10.024944
8111,27026,3,True,1,0,6,0,15,0.141351
8112,27026,4,True,1,0,25,0,335,0.390138
8113,27027,3,True,1,0,20,0,166,0.21348
8114,27028,3,True,1,0,32,0,446,0.33796
8115,27028,4,True,1,0,33,0,459,0.347772
8116,27029,3,True,1,0,18,0,192,0.189461
8117,27037,3,False,2,298,699,0,1702,10.004375
8118,27038,3,False,2,322,677,0,4179,10.001744
8119,27040,3,False,2,269,622,0,4706,10.006915
8120,27040,4,False,2,287,599,0,1834,10.007037
8121,27042,4,False,2,257,588,0,1355,10.103928
8122,27043,3,False,2,234,490,0,1945,10.017326
8123,27045,4,False,2,214,474,0,2960,10.007638
8124,27050,4,False,2,278,613,0,3886,10.009034
8125,27051,3,False,2,124,292,0,2050,10.00631
8126,27051,4,False,2,124,294,0,2221,10.001148
8127,27054,3,False,2,124,279,0,1366,10.062205
8128,27054,4,False,2,119,291,0,1319,10.059073
8129,27057,3,False,2,120,299,0,1307,10.002
8130,27058,3,False,2,116,310,0,2000,10.015658
8131,27059,4,False,2,133,305,0,1984,10.010789
8132,27061,4,False,2,134,297,0,4062,10.000602
8133,27064,3,False,2,118,311,0,4504,10.023234
8134,27065,3,False,2,128,309,0,2856,10.034343
8135,27065,4,False,2,129,305,0,4048,10.015444
8136,27067,3,False,2,126,308,0,2883,10.025811
8137,27071,4,True,1,0,3,0,10,0.100015
8138,27076,4,True,1,0,31,0,315,0.772757
8139,27077,4,False,2,127,323,0,5168,10.166389
8140,27087,3,False,2,135,289,0,3821,10.000563
8141,27087,4,False,2,131,285,0,2963,10.006234
8142,27097,4,False,2,117,314,0,1603,10.014338
8143,27098,3,False,2,127,297,0,1733,10.097994
8144,27098,4,False,2,129,292,0,1844,10.015606
8145,27099,3,True,1,0,28,0,346,0.679973
8146,27102,4,False,2,118,312,0,1753,10.011695
8147,27105,3,True,1,0,33,0,287,0.755733
8148,27106,3,True,1,0,5,0,17,0.13902
8149,27112,4,False,2,126,280,0,2654,10.005159
8150,27116,3,True,1,2,43,0,370,1.153849
8151,27118,4,False,2,116,302,0,1737,10.009994
8152,27119,4,True,1,0,46,0,417,1.109905
8153,27120,3,True,1,0,8,0,36,0.207672
8154,27124,3,True,1,32,94,0,826,3.085754
8155,27127,3,True,1,0,6,0,12,0.169962
8156,27132,3,True,1,0,6,0,25,0.169077
8157,27134,3,True,1,0,6,0,25,0.169959
8158,27135,4,True,1,0,5,0,14,0.142629
8159,27136,4,True,1,0,5,0,14,0.145247
8160,27140,4,True,1,0,12,0,61,0.307373
8161,27144,3,True,1,0,6,0,25,0.1655
8162,27150,3,True,1,0,6,0,25,0.169149
8163,27151,3,True,1,0,6,0,25,0.173069
8164,27151,4,True,1,0,5,0,14,0.142509
8165,27153,3,True,1,0,6,0,25,0.165783
8166,27155,4,True,1,0,12,0,63,0.306595
8167,27156,4,True,1,0,12,0,63,0.315369
8168,27160,4,True,1,0,12,0,63,0.30731
8169,27162,4,True,1,0,5,0,14,0.14712
8170,27163,4,True,1,0,5,0,14,0.144715
8171,27166,3,True,1,0,6,0,25,0.167348
8172,27170,4,True,1,0,12,0,62,0.310842
8173,27171,4,True,1,0,12,0,62,0.306062
8174,27172,3,True,1,0,6,0,25,0.172574
8175,27179,3,True,1,0,6,0,25,0.174062
8176,27180,3,True,1,0,6,0,25,0.172662
8177,27185,3,True,1,0,6,0,25,0.164717
8178,27185,4,True,1,0,5,0,14,0.140575
8179,27191,3,True,1,0,6,0,25,0.162863
8180,27195,4,True,1,0,5,0,15,0.138827
8181,27197,4,True,1,0,5,0,15,0.140369
8182,27198,4,True,1,0,5,0,15,0.139455
8183,27199,4,True,1,0,5,0,15,0.144626
8184,27201,3,True,1,0,6,0,25,0.164367
8185,27204,4,True,1,0,12,0,64,0.306385
8186,27208,3,True,1,0,6,0,25,0.164441
8187,27210,4,True,1,0,5,0,15,0.14307
8188,27214,4,True,1,0,5,0,15,0.141653
8189,27215,3,True,1,0,6,0,25,0.167892
8190,27215,4,True,1,0,5,0,15,0.142422
8191,27220,3,True,1,0,6,0,25,0.164656
8192,27220,4,True,1,0,12,0,64,0.311084
8193,27223,3,True,1,0,6,0,25,0.162809
8194,27224,4,True,1,0,12,0,64,0.314393
8195,27231,3,True,1,0,6,0,25,0.164583
8196,27232,3,True,1,0,6,0,25,0.16618
8197,27239,3,True,1,0,6,0,25,0.166176
8198,27240,3,True,1,0,6,0,25,0.174977
8199,27240,4,True,1,0,12,0,65,0.309059
8200,27241,4,True,1,0,12,0,65,0.30817
8201,27242,3,True,1,0,6,0,25,0.17633
8202,27243,3,True,1,0,6,0,25,0.167793
8203,27243,4,True,1,0,5,0,14,0.147126
8204,27246,3,True,1,0,6,0,25,0.177094
8205,27247,4,True,1,0,5,0,14,0.153493
8206,27248,3,True,1,0,6,0,25,0.166936
8207,27251,3,True,1,0,6,0,25,0.165935
8208,27253,3,True,1,0,6,0,25,0.175102
8209,27257,4,True,1,0,12,0,71,0.30823
8210,27258,3,True,1,0,5,0,11,0.144583
8211,27261,3,True,1,0,5,0,11,0.141204
8212,27261,4,True,1,0,14,0,153,0.343142
8213,27266,4,True,1,0,25,0,127,0.62906
8214,27268,3,True,1,0,12,0,51,0.299719
8215,27268,4,True,1,0,25,0,127,0.610211
8216,27269,3,True,1,0,5,0,11,0.138771
8217,27270,4,True,1,0,25,0,127,0.621739
8218,27271,4,True,1,0,14,0,145,0.352352
8219,27274,3,True,1,0,12,0,59,0.30571
8220,27274,4,True,1,0,25,0,127,0.619388
8221,27279,3,False,2,182,481,0,1334,10.020961
8222,27281,3,False,2,183,433,0,2379,10.009356
8223,27283,4,True,1,163,362,0,3314,5.44576
8224,27284,4,True,1,0,39,0,299,0.416754
8225,27287,3,True,1,0,3,0,7,0.044604
8226,27288,4,False,2,294,670,0,10953,10.004667
8227,27291,3,True,1,0,23,0,210,0.243328
8228,27291,4,True,1,0,23,0,210,0.241503
8229,27292,4,True,1,0,36,0,282,0.383429
8230,27293,3,True,1,0,36,0,285,0.38201
8231,27295,3,True,1,0,25,0,276,0.265293
8232,27296,4,True,1,0,36,0,320,0.375834
8233,27303,4,True,1,0,59,0,856,0.598351
8234,27305,3,True,1,0,30,0,304,0.312686
8235,27306,3,True,1,41,167,0,1857,2.812623
8236,27310,3,True,1,0,48,0,333,1.237817
8237,27313,3,True,1,0,18,0,114,0.448564
8238,27317,4,True,1,0,63,0,421,1.536542
8239,27328,3,True,1,0,22,0,169,0.533054
8240,27328,4,True,1,0,22,0,170,0.539826
8241,27339,3,True,1,0,33,0,215,0.759771
8242,27342,3,True,1,0,78,0,660,0.899911
8243,27345,4,True,1,0,41,0,351,0.440189
8244,27352,4,True,1,0,26,0,230,0.279152
8245,27356,3,True,1,0,38,0,299,0.408929
8246,27365,4,True,1,0,8,0,27,0.093557
8247,27371,3,True,1,0,7,0,20,0.087701
8248,27378,4,True,1,4,38,0,391,0.455899
8249,27383,3,False,2,278,621,0,1563,10.011429
8250,27386,4,False,2,299,675,0,2747,10.031778
8251,27391,3,False,2,281,672,0,6289,10.008569
8252,27391,4,False,2,281,658,0,6149,10.005784
8253,27392,4,False,2,294,667,0,2253,10.009678
8254,27395,3,False,2,281,649,0,6038,10.000408
8255,27397,3,False,2,300,674,0,6585,10.164419
8256,27397,4,False,2,300,674,0,6601,10.165413
8257,27402,3,False,2,300,674,0,6618,10.183379
8258,27402,4,False,2,283,644,0,6218,10.007741
8259,27405,3,True,1,0,3,0,6,0.046217
8260,27410,3,False,2,299,660,0,1598,10.019608
8261,27411,4,False,2,224,566,0,1476,10.007325
8262,27413,3,False,2,286,644,0,5721,10.089216
8263,27415,3,False,2,286,652,0,5851,10.009209
8264,27420,3,False,2,210,512,0,5254,10.005008
8265,27424,4,False,2,309,647,0,4115,10.017418
8266,27425,3,False,2,302,644,0,3286,10.012542
8267,27427,4,False,2,291,644,0,3701,10.025567
8268,27434,3,False,2,304,642,0,9505,10.004549
8269,27436,4,False,2,210,485,0,2914,10.02347
8270,27437,3,False,2,304,652,0,9675,10.003553
8271,27439,3,False,2,305,648,0,9034,10.031176
8272,27439,4,False,2,278,590,0,8453,10.007681
8273,27440,4,False,2,263,582,0,8409,10.009528
8274,27441,3,False,2,303,647,0,9041,10.00736
8275,27442,3,False,2,294,643,0,9301,10.005131
8276,27444,3,False,2,289,603,0,7845,10.004498
8277,27446,3,False,2,224,500,0,3241,10.025345
8278,27447,3,True,1,0,25,0,226,0.31024
8279,27447,4,False,2,302,665,0,4217,10.008782
8280,27448,3,False,2,308,668,0,4260,10.041983
8281,27452,3,True,1,0,7,0,20,0.08663
8282,27456,4,True,1,0,24,0,255,0.257133
8283,27473,3,True,1,8,73,0,632,0.846522
8284,27475,3,True,1,10,75,0,626,0.886553
8285,27475,4,True,1,0,27,0,342,0.291835
8286,27479,3,False,2,305,654,0,5022,10.016059
8287,27481,3,True,1,0,54,0,599,0.583366
8288,27487,3,True,1,0,5,0,13,0.067044
8289,27490,3,True,1,0,33,0,233,0.372146
8290,27490,4,False,2,318,653,0,6572,10.019329
8291,27492,4,False,2,270,571,0,2551,10.040583
8292,27495,4,True,1,0,8,0,34,0.10474
8293,27498,4,True,1,0,34,0,324,0.367724
8294,27499,3,True,1,0,16,0,167,0.179679
8295,27501,3,True,1,0,3,0,7,0.043233
8296,27506,4,True,1,0,6,0,30,0.075692
8297,27510,4,True,1,0,6,0,30,0.078291
8298,27513,4,True,1,0,6,0,30,0.077233
8299,27515,3,True,1,0,4,0,14,0.054011
8300,27517,3,True,1,0,4,0,14,0.053857
8301,27518,3,True,1,0,4,0,14,0.053512
8302,27523,3,True,1,0,4,0,14,0.052928
8303,27525,3,True,1,0,4,0,14,0.053106
8304,27527,3,True,1,0,4,0,14,0.05454
8305,27529,3,True,1,0,4,0,14,0.055123
8306,27530,4,True,1,0,6,0,30,0.071732
8307,27531,3,True,1,0,4,0,14,0.052846
8308,27531,4,True,1,0,6,0,30,0.072681
8309,27536,4,True,1,0,6,0,30,0.073328
8310,27541,3,True,1,0,4,0,15,0.056003
8311,27542,3,True,1,0,4,0,15,0.054354
8312,27544,4,True,1,0,6,0,30,0.07454
8313,27548,4,True,1,0,6,0,30,0.073524
8314,27555,3,True,1,0,4,0,15,0.053204
8315,27555,4,True,1,0,6,0,30,0.073482
8316,27556,3,True,1,0,4,0,15,0.052765
8317,27557,3,True,1,0,4,0,15,0.053275
8318,27559,3,True,1,0,4,0,14,0.0536
8319,27562,4,True,1,0,6,0,30,0.073891
8320,27564,3,True,1,0,4,0,14,0.053519
8321,27568,3,True,1,0,6,0,25,0.076303
8322,27576,4,True,1,0,12,0,62,0.140291
8323,27577,3,True,1,0,6,0,25,0.078901
8324,27577,4,True,1,0,12,0,62,0.135705
8325,27579,4,True,1,0,12,0,62,0.137912
8326,27580,3,True,1,0,6,0,25,0.073884
8327,27580,4,True,1,0,12,0,62,0.134748
8328,27581,4,True,1,0,12,0,62,0.13537
8329,27583,4,True,1,0,5,0,14,0.064718
8330,27589,3,True,1,0,6,0,25,0.074342
8331,27593,4,True,1,0,12,0,64,0.139538
8332,27596,3,True,1,0,6,0,25,0.072781
8333,27598,4,True,1,0,12,0,64,0.135442
8334,27599,4,True,1,0,5,0,14,0.063566
8335,27603,3,True,1,0,6,0,25,0.074964
8336,27603,4,True,1,0,5,0,14,0.065481
8337,27605,3,True,1,0,6,0,25,0.076315
8338,27605,4,True,1,0,5,0,14,0.06505
8339,27608,4,True,1,0,12,0,63,0.141429
8340,27609,3,True,1,0,6,0,25,0.076998
8341,27612,4,True,1,0,12,0,63,0.141457
8342,27613,3,True,1,0,6,0,25,0.074513
8343,27614,4,True,1,0,12,0,63,0.136044
8344,27618,3,True,1,0,6,0,25,0.073622
8345,27620,4,True,1,0,5,0,14,0.061583
8346,27622,3,True,1,0,6,0,25,0.073658
8347,27623,3,True,1,0,6,0,25,0.075411
8348,27626,3,True,1,0,6,0,25,0.071718
8349,27629,3,True,1,0,6,0,25,0.071008
8350,27630,3,True,1,0,6,0,25,0.07259
8351,27639,3,True,1,0,6,0,25,0.081767
8352,27640,4,True,1,0,12,0,61,0.139187
8353,27642,4,True,1,0,12,0,61,0.136939
8354,27644,3,True,1,0,6,0,25,0.07576
8355,27645,4,True,1,0,12,0,61,0.137181
8356,27646,4,True,1,0,12,0,61,0.13772
8357,27648,3,True,1,0,6,0,25,0.071037
8358,27649,4,True,1,0,5,0,14,0.064264
8359,27653,4,True,1,0,5,0,14,0.066082
8360,27655,3,True,1,0,6,0,25,0.074468
8361,27657,3,True,1,0,6,0,25,0.077417
8362,27657,4,True,1,0,12,0,65,0.138695
8363,27658,4,True,1,0,12,0,65,0.136153
8364,27660,4,True,1,0,12,0,65,0.136325
8365,27664,3,True,1,0,6,0,25,0.073278
8366,27665,3,True,1,0,6,0,25,0.074749
8367,27665,4,True,1,0,5,0,14,0.065187
8368,27667,3,True,1,0,6,0,25,0.075763
8369,27667,4,True,1,0,5,0,14,0.064919
8370,27674,3,True,1,0,6,0,25,0.076061
8371,27676,3,True,1,0,6,0,25,0.073625
8372,27676,4,True,1,0,12,0,62,0.140329
8373,27685,3,True,1,0,6,0,25,0.075422
8374,27685,4,True,1,0,5,0,14,0.066301
8375,27688,3,True,1,0,6,0,25,0.075577
8376,27689,3,True,1,0,6,0,25,0.072175
8377,27690,3,True,1,0,6,0,25,0.074985
8378,27691,3,True,1,0,6,0,25,0.07356
8379,27698,4,True,1,0,11,0,94,0.118891
8380,27709,3,True,1,0,19,0,175,0.202083
8381,27712,3,True,1,0,51,0,866,0.540505
8382,27713,4,False,2,313,669,0,12139,10.007426
8383,27715,4,True,1,0,23,0,232,0.244795
8384,27716,3,True,1,0,45,0,611,0.479606
8385,27716,4,True,1,0,45,0,640,0.472528
8386,27722,4,True,1,1,43,0,346,0.460399
8387,27724,3,True,1,0,25,0,265,0.272083
8388,27724,4,True,1,0,30,0,333,0.317626
8389,27728,4,True,1,0,48,0,377,0.511493
8390,27747,4,True,1,0,48,0,416,0.510029
8391,27770,3,True,1,0,25,0,275,0.265517
8392,27770,4,True,1,0,38,0,328,0.408806
8393,27773,4,True,1,0,23,0,180,0.245706
8394,27784,4,True,1,0,7,0,26,0.086769
8395,27785,4,True,1,0,6,0,21,0.071071
8396,27796,3,False,2,296,663,0,2521,10.00768
8397,27797,4,False,2,251,565,0,2086,10.002509
8398,27798,4,False,2,229,509,0,1617,10.015455
8399,27799,4,False,2,263,646,0,2464,10.008692
8400,27801,3,False,2,297,627,0,1969,10.00836
8401,27805,3,False,2,308,671,0,8785,10.01147
8402,27805,4,False,2,223,513,0,2706,10.020748
8403,27806,4,False,2,221,479,0,1506,10.00037
8404,27815,4,True,1,0,25,0,337,0.473661
8405,27818,3,False,2,187,419,0,918,10.003976
8406,27821,3,False,2,227,490,0,3503,10.042541
8407,27824,3,False,2,186,460,0,1429,10.011517
8408,27832,3,False,2,194,513,0,2081,10.008135
8409,27834,3,False,2,301,621,0,2756,10.014335
8410,27834,4,False,2,315,656,0,2882,10.013258
8411,27837,4,False,2,286,640,0,6437,10.006729
8412,27838,4,False,2,274,653,0,1680,10.009068
8413,27842,3,False,2,318,689,0,2671,10.040898
8414,27843,4,False,2,306,685,0,3984,10.020458
8415,27849,4,False,2,307,674,0,11113,10.010792
8416,27850,3,False,2,300,674,0,10790,10.023988
8417,27851,3,False,2,314,665,0,9827,10.029812
8418,27851,4,False,2,308,651,0,9639,10.008457
8419,27854,3,False,2,299,657,0,9827,10.013988
8420,27857,4,False,2,296,645,0,5085,10.016222
8421,27859,3,False,2,252,582,0,4340,10.003366
8422,27860,4,False,2,299,656,0,4231,10.025313
8423,27863,3,True,1,0,24,0,241,0.261343
8424,27865,4,True,1,0,27,0,344,0.295841
8425,27866,4,False,2,300,669,0,15498,10.005186
8426,27878,3,True,1,12,56,0,614,0.729639
8427,27878,4,True,1,12,56,0,615,0.729069
8428,27886,3,False,2,313,678,0,8396,10.011704
8429,27886,4,False,2,305,653,0,2752,10.003244
8430,27893,3,True,1,0,33,0,287,0.347002
8431,27897,4,True,1,0,30,0,361,0.316902
8432,27898,4,True,1,0,6,0,38,0.071981
8433,27899,3,True,1,0,33,0,250,0.34825
8434,27900,3,False,2,295,667,0,2612,10.003633
8435,27900,4,True,1,0,42,0,411,0.487888
8436,27901,3,True,1,0,34,0,370,0.376894
8437,27904,3,True,1,2,43,0,392,0.495266
8438,27905,3,True,1,70,178,0,1935,2.631392
8439,27907,3,True,1,2,43,0,369,0.488489
8440,27909,3,True,1,0,6,0,12,0.077514
8441,27911,3,True,1,0,19,0,87,0.222601
8442,27912,3,False,2,310,665,0,6978,10.009495
8443,27917,4,True,1,0,6,0,30,0.071834
8444,27918,3,True,1,0,4,0,14,0.050804
8445,27918,4,True,1,0,6,0,30,0.069052
8446,27919,4,True,1,0,6,0,30,0.069105
8447,27923,4,True,1,0,6,0,30,0.070323
8448,27924,3,True,1,0,4,0,14,0.052701
8449,27925,4,True,1,0,6,0,30,0.071417
8450,27929,4,True,1,0,6,0,30,0.071279
8451,27931,3,True,1,0,4,0,14,0.051381
8452,27933,4,True,1,0,6,0,30,0.075642
8453,27941,4,True,1,0,6,0,30,0.073563
8454,27942,3,True,1,0,4,0,14,0.05062
8455,27942,4,True,1,0,6,0,30,0.071349
8456,27943,3,True,1,0,4,0,14,0.050253
8457,27943,4,True,1,0,6,0,30,0.070689
8458,27946,4,True,1,0,6,0,30,0.071028
8459,27947,3,True,1,0,4,0,14,0.052101
8460,27949,4,True,1,0,6,0,30,0.079302
8461,27953,3,True,1,0,4,0,14,0.051893
8462,27953,4,True,1,0,6,0,30,0.073698
8463,27956,4,True,1,0,6,0,30,0.073679
8464,27958,4,True,1,0,6,0,30,0.073159
8465,27962,3,True,1,0,4,0,14,0.05389
8466,27962,4,True,1,0,6,0,30,0.076425
8467,27965,3,True,1,0,4,0,14,0.050694
8468,27967,3,True,1,0,4,0,14,0.051647
8469,27969,3,True,1,0,4,0,14,0.051777
8470,27970,4,True,1,0,6,0,30,0.072195
8471,27973,3,True,1,0,4,0,14,0.053361
8472,27973,4,True,1,0,6,0,30,0.072757
8473,27974,3,True,1,0,4,0,14,0.052955
8474,27976,4,True,1,0,6,0,30,0.073078
8475,27979,3,True,1,0,4,0,14,0.050577
8476,27980,3,True,1,0,3,0,7,0.040799
8477,27981,4,True,1,0,19,0,105,0.209376
8478,27983,3,True,1,0,3,0,7,0.042299
8479,27985,4,False,2,308,653,0,1325,10.019581
8480,27988,3,True,1,0,6,0,43,0.07454
8481,27990,4,True,1,0,39,0,299,0.424984
8482,27999,3,True,1,0,51,0,906,0.539154
8483,28000,3,True,1,0,47,0,672,0.502472
8484,28001,4,True,1,0,36,0,282,0.385858
8485,28005,4,True,1,0,36,0,320,0.383305
8486,28006,3,True,1,0,4,0,7,0.048617
8487,28007,4,True,1,0,4,0,10,0.051716
8488,28012,4,True,1,0,48,0,334,0.506565
8489,28019,3,True,1,0,63,0,420,0.663189
8490,28020,4,True,1,0,63,0,538,0.660601
8491,28038,3,True,1,0,25,0,277,0.271631
8492,28038,4,True,1,0,13,0,93,0.141111
8493,28049,4,True,1,0,41,0,408,0.435825
8494,28056,3,True,1,0,25,0,265,0.285527
8495,28065,4,True,1,0,18,0,141,0.193973
8496,28069,3,True,1,0,33,0,457,0.364776
8497,28073,4,True,1,0,7,0,21,0.085873
8498,28081,3,True,1,0,7,0,21,0.08531
8499,28088,3,False,2,312,658,0,2048,10.009468
8500,28088,4,False,2,305,683,0,3306,10.001791
8501,28089,4,True,1,70,165,0,1727,2.385617
8502,28090,3,False,2,287,681,0,2319,10.006875
8503,28091,3,True,1,0,7,0,16,0.083845
8504,28092,4,False,2,308,679,0,9664,10.0034
8505,28096,4,False,2,276,633,0,5258,10.000378
8506,28100,3,False,2,308,685,0,9023,10.008837
8507,28101,4,False,2,280,643,0,5624,10.004889
8508,28103,3,False,2,314,676,0,1102,10.029035
8509,28105,4,False,2,307,665,0,6535,10.004771
8510,28107,3,False,2,281,666,0,2037,10.007749
8511,28109,4,False,2,278,617,0,5614,10.008356
8512,28111,4,False,2,311,675,0,6086,10.017459
8513,28112,3,False,2,241,544,0,1378,10.020626
8514,28112,4,False,2,279,628,0,1324,10.010185
8515,28116,4,False,2,224,523,0,4961,10.004692
8516,28118,3,False,2,168,407,0,3944,10.076436
8517,28119,3,False,2,210,495,0,3485,10.09117
8518,28120,4,False,2,207,499,0,4658,10.142623
8519,28121,4,False,2,142,375,0,1119,10.006359
8520,28122,4,False,2,260,614,0,1937,10.007678
8521,28128,3,False,2,168,413,0,3473,10.020448
8522,28132,3,False,2,133,298,0,1540,10.026878
8523,28132,4,False,2,142,337,0,1546,10.024724
8524,28133,3,False,2,201,503,0,3785,10.003018
8525,28133,4,False,2,124,344,0,2576,10.007971
8526,28139,4,False,2,125,292,0,4633,10.021373
8527,28140,4,False,2,248,545,0,3261,10.066596
8528,28145,3,False,2,308,655,0,10017,10.015107
8529,28146,3,False,2,277,616,0,9493,10.001863
8530,28153,3,False,2,269,610,0,4598,10.053937
8531,28154,4,True,1,0,24,0,231,0.265851
8532,28161,3,True,1,0,24,0,254,0.258766
8533,28167,4,True,1,0,8,0,32,0.107873
8534,28168,3,True,1,64,140,0,508,2.766014
8535,28170,3,True,1,0,30,0,691,0.743193
8536,28179,3,True,1,9,74,0,631,2.02366
8537,28180,3,False,2,122,297,0,3585,10.021515
8538,28181,4,True,1,9,74,0,654,2.194776
8539,28182,4,False,2,123,298,0,3611,10.006675
8540,28188,3,True,1,0,5,0,14,0.063719
8541,28192,3,True,1,2,43,0,417,0.479376
8542,28194,3,True,1,101,228,0,2942,4.526078
8543,28197,4,True,1,0,19,0,290,0.204331
8544,28203,3,True,1,0,3,0,7,0.040751
8545,28205,3,True,1,0,6,0,12,0.072814
8546,28207,4,True,1,0,34,0,549,0.356133
8547,28212,3,True,1,0,6,0,43,0.06898
8548,28213,3,True,1,0,6,0,27,0.068585
8549,28213,4,True,1,0,6,0,17,0.069746
8550,28214,4,False,2,182,412,0,1569,10.041551
8551,28216,3,True,1,0,19,0,175,0.428369
8552,28225,3,True,1,0,36,0,284,0.877511
8553,28226,3,True,1,0,4,0,19,0.111334
8554,28236,3,True,1,0,25,0,275,0.543764
8555,28239,3,True,1,0,25,0,275,0.565119
8556,28239,4,True,1,0,22,0,177,0.479187
8557,28245,3,True,1,0,25,0,275,0.548429
8558,28259,4,True,1,0,78,0,734,1.869734
8559,28268,3,True,1,0,25,0,263,0.569581
8560,28269,3,True,1,0,25,0,265,0.577817
8561,28275,3,True,1,0,25,0,275,0.578026
8562,28281,3,True,1,0,5,0,14,0.133538
8563,28282,3,False,2,134,306,0,4218,10.018359
8564,28291,4,True,1,0,8,0,32,0.193606
8565,28294,3,True,1,0,7,0,18,0.184689
8566,28298,4,False,2,134,332,0,1052,10.025722
8567,28301,3,False,2,130,343,0,1540,10.005463
8568,28302,4,False,2,138,349,0,1642,10.007327
8569,28303,4,False,2,137,353,0,2117,10.072595
8570,28311,3,False,2,159,359,0,2051,10.0063
8571,28312,3,False,2,311,683,0,4363,10.054517
8572,28313,4,False,2,321,687,0,2163,10.011593
8573,28314,3,True,1,0,20,0,166,0.208132
8574,28314,4,False,2,318,689,0,1121,10.006235
8575,28318,3,False,2,327,702,0,5019,10.02584
8576,28320,4,False,2,252,597,0,1331,10.003704
8577,28327,4,False,2,204,450,0,927,10.001549
8578,28328,4,False,2,157,352,0,2871,10.00879
8579,28332,4,False,2,191,458,0,1252,10.002562
8580,28333,4,False,2,323,669,0,2604,10.00151
8581,28334,3,False,2,319,666,0,2783,10.009227
8582,28336,4,False,2,210,502,0,5453,10.083595
8583,28345,3,False,2,255,563,0,2258,10.002156
8584,28346,3,False,2,284,633,0,3771,10.037141
8585,28347,4,False,2,219,480,0,2898,10.012067
8586,28349,4,False,2,308,659,0,10749,10.009217
8587,28351,4,False,2,329,706,0,11877,10.00777
8588,28352,3,False,2,316,701,0,11818,10.003484
8589,28352,4,True,1,0,43,0,463,0.420001
8590,28356,3,False,2,333,728,0,11567,10.000673
8591,28356,4,False,2,333,745,0,12308,10.010265
8592,28359,4,False,2,348,739,0,10365,10.002081
8593,28363,3,False,2,337,758,0,6794,10.003241
8594,28365,3,True,1,0,24,0,241,0.229055
8595,28366,3,True,1,0,3,0,6,0.036982
8596,28375,4,True,1,0,33,0,769,0.350867
8597,28378,4,False,2,336,722,0,1083,10.001154
8598,28382,3,True,1,0,7,0,18,0.072704
8599,28385,3,True,1,0,8,0,29,0.081758
8600,28389,4,False,2,352,738,0,3093,10.024254
8601,28393,4,True,1,0,33,0,288,0.306456
8602,28394,3,True,1,0,5,0,17,0.051654
8603,28400,3,True,1,2,43,0,415,0.415965
8604,28403,4,True,1,118,265,0,3671,3.513594
8605,28406,4,True,1,0,51,0,577,0.470204
8606,28409,4,True,1,0,8,0,46,0.078201
8607,28410,3,True,1,0,3,0,7,0.033138
8608,28411,3,True,1,0,19,0,87,0.18127
8609,28412,4,True,1,69,162,0,1881,2.116333
8610,28417,4,True,1,0,5,0,17,0.053308
8611,28419,3,True,1,0,3,0,7,0.033439
8612,28420,4,True,1,0,19,0,105,0.183461
8613,28424,3,True,1,3,58,0,472,0.562026
8614,28431,3,True,1,0,3,0,7,0.033286
8615,28431,4,True,1,0,18,0,175,0.168412
8616,28434,4,False,2,355,762,0,15292,10.005222
8617,28444,3,True,1,0,48,0,333,0.447355
8618,28456,4,True,1,0,22,0,191,0.205354
8619,28462,4,True,1,0,22,0,170,0.205689
8620,28466,4,True,1,0,78,0,808,1.211575
8621,28469,3,True,1,0,13,0,75,0.255247
8622,28470,4,True,1,0,13,0,93,0.247626
8623,28471,3,True,1,0,4,0,7,0.08622
8624,28474,3,True,1,0,33,0,215,0.369122
8625,28477,3,True,1,0,78,0,660,1.594459
8626,28477,4,True,1,0,78,0,661,1.464245
8627,28487,4,True,1,0,26,0,230,0.468698
8628,28488,4,True,1,0,26,0,257,0.481099
8629,28491,3,True,1,0,38,0,299,0.696758
8630,28497,4,True,1,0,18,0,141,0.329717
8631,28500,3,True,1,0,8,0,26,0.156719
8632,28500,4,True,1,0,8,0,27,0.154467
8633,28503,4,True,1,0,32,0,729,0.611424
8634,28506,4,True,1,0,7,0,21,0.146359
8635,28519,3,False,2,250,557,0,1241,10.005675
8636,28520,4,False,2,345,775,0,2882,10.005599
8637,28525,3,False,2,357,781,0,11784,10.039459
8638,28529,4,False,2,306,726,0,6219,10.059335
8639,28539,3,True,1,0,6,0,16,0.060985
8640,28548,3,False,2,247,565,0,5046,10.084873
8641,28555,4,False,2,359,751,0,3026,10.012557
8642,28556,4,False,2,349,769,0,5032,10.002778
8643,28560,3,False,2,151,392,0,4458,10.000578
8644,28560,4,False,2,311,649,0,2758,10.003776
8645,28563,3,False,2,306,715,0,2194,10.001382
8646,28565,3,False,2,200,449,0,1904,10.004004
8647,28566,4,False,2,345,746,0,3055,10.006498
8648,28567,3,False,2,349,763,0,4310,10.036083
8649,28568,3,True,1,0,3,0,6,0.034584
8650,28569,4,False,2,351,755,0,12778,10.00143
8651,28571,3,False,2,353,748,0,2704,10.008648
8652,28572,3,False,2,354,756,0,12709,10.007975
8653,28574,3,False,2,354,760,0,12388,10.003791
8654,28583,3,True,1,0,25,0,226,0.233586
8655,28584,3,True,1,0,31,0,305,0.288563
8656,28585,3,True,1,0,25,0,242,0.237413
8657,28591,3,False,2,357,766,0,15776,10.087251
8658,28600,3,True,1,0,9,0,34,0.087763
8659,28601,3,True,1,64,162,0,1285,2.080482
8660,28603,4,True,1,300,635,0,9971,8.648071
8661,28613,4,True,1,0,29,0,410,0.27339
8662,28618,4,True,1,0,32,0,771,0.308597
8663,28627,4,True,1,2,43,0,438,0.420457
8664,28630,4,True,1,0,25,0,566,0.237549
8665,28634,4,True,1,0,23,0,459,0.217882
8666,28638,3,True,1,68,160,0,1946,2.106746
8667,28638,4,True,1,0,47,0,525,0.436043
8668,28640,3,True,1,0,20,0,243,0.191954
8669,28646,3,False,2,360,752,0,7348,10.003117
8670,28647,4,True,1,0,30,0,348,0.274651
8671,28651,3,True,1,0,48,0,578,0.433749
8672,28659,3,True,1,0,31,0,302,0.288349
8673,28659,4,True,1,0,40,0,294,0.37017
8674,28663,3,True,1,0,36,0,285,0.333586
8675,28666,4,True,1,0,48,0,377,0.445714
8676,28670,3,True,1,0,25,0,279,0.232914
8677,28679,3,True,1,0,25,0,275,0.2331
8678,28685,4,True,1,0,48,0,416,0.447773
8679,28699,3,True,1,0,31,0,334,0.287742
8680,28702,4,True,1,0,33,0,268,0.310699
8681,28706,3,True,1,0,25,0,265,0.231752
8682,28709,4,True,1,0,38,0,328,0.352835
8683,28718,4,True,1,0,8,0,33,0.07936
8684,28719,3,False,2,251,533,0,7365,10.014708
8685,28723,3,True,1,0,5,0,12,0.110173
8686,28730,3,True,1,0,7,0,18,0.158088
8687,28734,3,False,2,232,577,0,3690,10.006469
8688,28737,4,False,2,343,746,0,1612,10.001582
8689,28738,3,False,2,342,767,0,2864,10.000489
8690,28740,3,True,1,139,336,0,1430,4.31037
8691,28740,4,False,2,361,755,0,2376,10.003245
8692,28742,3,False,2,344,766,0,4706,10.006586
8693,28744,4,False,2,345,766,0,5633,10.028936
8694,28745,4,False,2,359,749,0,2317,10.000667
8695,28746,4,False,2,355,747,0,2353,10.001608
8696,28750,3,True,1,0,3,0,6,0.032915
8697,28750,4,True,1,0,3,0,8,0.033003
8698,28753,4,False,2,285,649,0,1305,10.001176
8699,28755,3,False,2,365,756,0,3306,10.02675
8700,28757,3,False,2,364,770,0,1328,10.002658
8701,28759,4,False,2,335,753,0,7331,10.06395
8702,28761,4,False,2,311,703,0,6828,10.050473
8703,28764,3,False,2,372,784,0,1282,10.0042
8704,28766,3,False,2,295,690,0,4998,10.003204
8705,28766,4,False,2,370,814,0,4782,10.028824
8706,28769,3,True,1,0,3,0,6,0.03137
8707,28772,4,False,2,371,782,0,4654,10.000398
8708,28776,3,False,2,373,825,0,14397,10.000831
8709,28778,4,False,2,382,848,0,14839,10.003567
8710,28782,3,False,2,405,844,0,14758,10.004321
8711,28786,3,True,1,0,25,0,253,0.210992
8712,28786,4,True,1,0,54,0,895,0.455741
8713,28788,4,False,2,393,887,0,17479,10.00834
8714,28797,4,True,1,0,11,0,44,0.090682
8715,28798,4,True,1,362,759,0,10569,9.119578
8716,28803,4,True,1,0,34,0,992,0.293521
8717,28808,4,False,2,397,828,0,5632,10.015233
8718,28809,4,False,2,395,859,0,4075,10.005921
8719,28813,3,True,1,0,29,0,415,0.244212
8720,28814,3,True,1,196,444,0,6822,5.28334
8721,28817,4,True,1,0,33,0,288,0.271834
8722,28818,4,True,1,0,21,0,214,0.175835
8723,28821,4,True,1,0,30,0,361,0.249207
8724,28822,4,True,1,0,6,0,38,0.054875
8725,28827,4,True,1,0,55,0,655,0.466255
8726,28830,4,True,1,136,302,0,4491,3.6198
8727,28833,4,False,2,406,869,0,10552,10.011916
8728,28839,4,False,2,411,872,0,10585,10.002606
8729,28840,3,True,1,0,19,0,87,0.15606
8730,28842,3,True,1,0,48,0,531,0.381683
8731,28843,4,True,1,2,43,0,419,0.359796
8732,28846,3,True,1,0,6,0,12,0.050139
8733,28851,4,True,1,0,44,0,457,0.34974
8734,28853,3,True,1,0,6,0,12,0.049863
8735,28854,4,True,1,0,30,0,319,0.23461
8736,28862,3,True,1,0,3,0,7,0.025662
8737,28862,4,True,1,0,18,0,175,0.142556
8738,28867,4,True,1,0,23,0,210,0.180881
8739,28868,3,True,1,0,48,0,1125,0.379149
8740,28869,3,True,1,0,31,0,320,0.258018
8741,28874,4,True,1,0,22,0,192,0.175212
8742,28878,4,True,1,0,48,0,334,0.38839
8743,28881,3,True,1,0,18,0,114,0.146572
8744,28886,4,True,1,0,63,0,538,0.503678
8745,28890,3,True,1,0,31,0,336,0.246076
8746,28899,3,True,1,0,48,0,372,0.391015
8747,28899,4,True,1,0,48,0,373,0.387127
8748,28900,3,True,1,0,25,0,265,0.200429
8749,28903,4,True,1,0,13,0,76,0.107804
8750,28914,4,True,1,0,41,0,351,1.061901
8751,28915,4,True,1,0,41,0,408,1.041886
8752,28918,4,True,1,0,33,0,240,0.870006
8753,28921,4,True,1,0,26,0,230,0.708842
8754,28922,4,True,1,0,26,0,257,0.686555
8755,28931,4,True,1,0,18,0,141,0.476367
8756,28939,3,True,1,0,7,0,20,0.204009
8757,28943,3,True,1,0,8,0,25,0.227179
8758,28950,3,True,1,4,36,0,353,1.018331
8759,28955,3,True,1,0,7,0,16,0.198736
8760,28955,4,True,1,82,189,0,2135,6.471291
8761,28958,4,False,2,112,297,0,4996,10.008144
8762,28961,4,False,2,112,299,0,5078,10.021493
8763,28964,3,False,2,120,291,0,784,10.054805
8764,28965,3,True,1,0,40,0,421,0.991988
8765,28965,4,True,1,0,18,0,176,0.439373
8766,28966,3,True,1,0,3,0,6,0.092862
8767,28972,4,False,2,108,302,0,991,10.016389
8768,28974,3,False,2,94,261,0,2604,10.192866
8769,28974,4,False,2,217,507,0,4724,10.135799
8770,28977,3,False,2,224,514,0,5443,10.014431
8771,28979,4,False,2,284,612,0,1159,10.00272
8772,28985,3,False,2,298,678,0,12070,10.004199
8773,28988,4,False,2,315,672,0,4119,10.007091
8774,28991,3,False,2,308,659,0,9141,10.009852
8775,28992,3,True,1,0,3,0,6,0.041466
8776,28992,4,False,2,227,502,0,7330,10.002278
8777,28993,4,False,2,310,673,0,12762,10.004947
8778,28996,4,True,1,0,27,0,344,0.300154
8779,28997,3,False,2,308,652,0,4821,10.026763
8780,29000,4,True,1,0,24,0,255,0.266897
8781,29006,4,True,1,0,8,0,32,0.096435
8782,29007,3,True,1,64,140,0,562,2.22036
8783,29015,4,True,1,0,8,0,36,0.097703
8784,29018,3,True,1,7,72,0,681,0.837453
8785,29020,3,True,1,0,30,0,428,0.330053
8786,29020,4,True,1,7,72,0,704,0.85295
8787,29023,4,False,2,294,632,0,4246,10.002945
8788,29024,3,False,2,271,593,0,4018,10.018472
8789,29025,4,True,1,2,43,0,394,0.515857
8790,29033,3,True,1,218,468,0,7754,8.035101
8791,29033,4,True,1,2,43,0,415,0.48495
8792,29037,3,True,1,0,28,0,743,0.307867
8793,29039,3,True,1,0,27,0,689,0.301462
8794,29045,4,True,1,0,19,0,105,0.215694
8795,29048,4,True,1,0,20,0,239,0.223053
8796,29051,3,True,1,0,6,0,12,0.075124
8797,29053,4,True,1,0,38,0,655,0.411235
8798,29054,3,True,1,0,6,0,43,0.074532
8799,29057,4,True,1,0,6,0,17,0.075772
8800,29059,4,True,1,0,33,0,251,0.360269
8801,29060,4,True,1,0,33,0,270,0.364233
8802,29062,4,True,1,0,6,0,17,0.076032
8803,29063,4,True,1,0,35,0,308,0.394957
8804,29068,3,True,1,0,26,0,290,0.29284
8805,29088,4,True,1,0,22,0,205,0.246782
8806,29107,4,True,1,0,25,0,291,0.286235
8807,29114,4,True,1,0,78,0,734,0.916956
8808,29123,4,True,1,0,26,0,243,0.288773
8809,29124,3,True,1,0,31,0,336,0.349944
8810,29130,4,True,1,0,23,0,180,0.263877
8811,29137,4,False,2,188,419,0,6223,10.009009
8812,29142,3,True,1,0,5,0,12,0.065129
8813,29143,4,True,1,0,6,0,21,0.074127
8814,29152,4,True,1,4,36,0,387,0.451554
8815,29153,4,True,1,8,77,0,940,1.199025
8816,29154,4,False,2,206,472,0,3338,10.006128
8817,29155,3,False,2,244,550,0,2546,10.018159
8818,29156,3,False,2,262,595,0,10219,10.001031
8819,29158,3,True,1,43,144,0,1062,1.960846
8820,29161,3,False,2,282,642,0,11089,10.003089
8821,29161,4,False,2,230,548,0,3505,10.013619
8822,29162,3,False,2,266,564,0,1798,10.028305
8823,29164,3,False,2,282,631,0,4343,10.009262
8824,29168,3,True,1,0,36,0,594,0.38644
8825,29168,4,True,1,0,37,0,603,0.407626
8826,29169,3,True,1,0,18,0,192,0.20174
8827,29171,3,False,2,237,556,0,1309,10.005917
8828,29172,3,False,2,296,658,0,2068,10.002361
8829,29174,4,False,2,154,380,0,3823,10.14773
8830,29175,4,False,2,154,405,0,3953,10.007274
8831,29180,3,False,2,265,580,0,2860,10.00323
8832,29181,3,False,2,290,649,0,4496,10.004136
8833,29181,4,False,2,105,300,0,2523,10.109843
8834,29182,4,False,2,222,477,0,3120,10.00735
8835,29183,3,False,2,254,549,0,9732,10.01958
8836,29184,3,False,2,250,564,0,3636,10.005061
8837,29186,4,False,2,211,494,0,8336,10.00937
8838,29189,4,False,2,221,491,0,7244,10.006818
8839,29190,3,True,1,0,3,0,6,0.094258
8840,29199,4,False,2,127,285,0,3575,10.009704
8841,29201,4,False,2,130,291,0,437,10.015219
8842,29204,4,True,1,12,56,0,615,1.615273
8843,29210,4,False,2,131,297,0,2061,10.011763
8844,29211,4,False,2,117,311,0,1846,10.003721
8845,29223,3,True,1,0,30,0,360,0.723786
8846,29225,4,False,2,136,281,0,4314,10.231845
8847,29226,4,False,2,136,282,0,4332,10.259381
8848,29227,3,True,1,0,29,0,799,0.724299
8849,29228,4,True,1,0,8,0,47,0.222789
8850,29230,3,True,1,0,19,0,87,0.225552
8851,29234,3,True,1,0,6,0,12,0.077002
8852,29234,4,True,1,0,8,0,46,0.099247
8853,29236,4,True,1,0,24,0,314,0.271245
8854,29237,4,True,1,0,5,0,17,0.065485
8855,29238,3,True,1,0,3,0,7,0.043775
8856,29241,3,True,1,0,4,0,9,0.057651
8857,29243,4,True,1,0,54,0,653,0.682929
8858,29244,3,True,1,0,33,0,250,0.725784
8859,29244,4,True,1,0,55,0,657,0.960733
8860,29245,3,True,1,0,33,0,250,0.367811
8861,29247,4,True,1,0,48,0,480,0.619382
8862,29251,4,True,1,0,60,0,684,0.783569
8863,29255,4,True,1,0,25,0,313,0.278401
8864,29256,3,True,1,0,6,0,12,0.076143
8865,29256,4,True,1,0,33,0,396,0.358456
8866,29257,3,True,1,0,4,0,9,0.055383
8867,29262,3,True,1,0,3,0,7,0.043639
8868,29265,4,False,2,263,577,0,12494,10.021359
8869,29268,3,True,1,0,50,0,873,0.934062
8870,29280,3,True,1,0,63,0,420,0.695186
8871,29280,4,True,1,0,63,0,421,0.692892
8872,29281,3,True,1,0,51,0,1122,0.552823
8873,29281,4,True,1,0,45,0,698,0.489177
8874,29284,3,True,1,0,22,0,163,0.463609
8875,29294,4,True,1,0,48,0,373,0.711537
8876,29302,4,True,1,0,33,0,216,0.365477
8877,29308,4,True,1,0,41,0,351,0.436905
8878,29316,3,True,1,0,25,0,277,0.275771
8879,29325,3,True,1,0,18,0,140,0.199285
8880,29330,4,False,2,298,625,0,9882,10.003932
8881,29334,4,True,1,0,7,0,21,0.087078
8882,29335,3,True,1,0,5,0,14,0.064376
8883,29338,3,True,1,0,8,0,25,0.095971
8884,29347,3,False,2,255,568,0,3225,10.006146
8885,29349,3,True,1,0,7,0,16,0.083937
8886,29356,4,False,2,241,541,0,2893,10.005059
8887,29357,3,False,2,293,659,0,11300,10.014912
8888,29359,4,False,2,301,659,0,7868,10.039241
8889,29360,3,False,2,295,614,0,1930,10.007537
8890,29362,3,False,2,285,634,0,3650,10.008138
8891,29365,3,True,1,0,3,0,6,0.043456
8892,29368,3,False,2,259,557,0,2826,10.019216
8893,29368,4,False,2,148,326,0,2007,10.014753
8894,29369,4,False,2,239,554,0,1767,10.019414
8895,29377,4,False,2,124,300,0,1957,10.001424
8896,29379,3,True,1,4,45,0,409,1.19347
8897,29381,3,True,1,0,37,0,406,0.909465
8898,29382,3,False,2,128,295,0,1736,10.018227
8899,29382,4,False,2,120,288,0,1906,10.001165
8900,29384,3,False,2,127,294,0,1752,10.006063
8901,29386,3,True,1,4,45,0,413,1.189969
8902,29388,4,False,2,125,301,0,1998,10.034958
8903,29389,3,True,1,0,37,0,407,0.903141
8904,29395,3,True,1,0,37,0,406,0.912694
8905,29396,4,False,2,124,294,0,2885,10.022439
8906,29400,3,False,2,123,327,0,2601,10.048912
8907,29404,4,False,2,170,423,0,7520,10.056643
8908,29407,3,True,1,0,3,0,6,0.093986
8909,29423,3,True,1,0,7,0,15,0.190231
8910,29426,3,True,1,0,6,0,14,0.156841
8911,29426,4,True,1,0,8,0,36,0.194797
8912,29427,4,True,1,0,34,0,466,0.577877
8913,29429,4,True,1,0,31,0,439,0.464636
8914,29430,3,False,2,292,642,0,8506,10.011517
8915,29430,4,False,2,267,581,0,5259,10.009219
8916,29438,4,True,1,0,33,0,319,0.365961
8917,29446,4,True,1,0,25,0,331,0.284732
8918,29448,4,True,1,0,19,0,105,0.218185
8919,29451,3,True,1,0,3,0,7,0.041284
8920,29452,3,True,1,0,3,0,7,0.043622
8921,29454,3,True,1,0,6,0,27,0.075682
8922,29455,3,True,1,0,26,0,287,0.290231
8923,29455,4,True,1,0,33,0,249,0.637622
8924,29461,3,True,1,0,38,0,441,0.64682
8925,29462,3,True,1,0,27,0,292,0.514438
8926,29467,3,True,1,0,6,0,43,0.151631
8927,29469,3,True,1,0,6,0,43,0.16794
8928,29472,4,False,2,267,600,0,13026,10.006529
8929,29475,4,True,1,0,51,0,904,0.567153
8930,29479,3,True,1,0,25,0,275,0.27895
8931,29486,3,True,1,0,25,0,275,0.275638
8932,29495,4,True,1,0,22,0,183,0.246745
8933,29502,3,True,1,0,25,0,275,0.290515
8934,29509,3,True,1,0,25,0,275,0.271355
8935,29509,4,True,1,0,78,0,734,0.916762
8936,29512,4,True,1,0,41,0,379,0.447815
8937,29515,3,True,1,0,31,0,318,0.343581
8938,29518,3,True,1,0,31,0,318,0.352289
8939,29522,3,True,1,0,31,0,318,0.347749
8940,29525,4,True,1,0,23,0,180,0.25671
8941,29528,3,True,1,0,31,0,318,0.35253
8942,29528,4,True,1,0,18,0,154,0.203179
8943,29533,3,True,1,0,34,0,840,0.388918
8944,29537,4,True,1,0,6,0,21,0.077687
8945,29550,3,False,2,210,511,0,6186,10.00349
8946,29551,3,False,2,285,642,0,5837,10.00868
8947,29560,3,True,1,107,272,0,1367,4.86445
8948,29562,3,True,1,0,37,0,636,0.735909
8949,29568,4,False,2,226,528,0,5165,10.002644
8950,29569,3,False,2,118,296,0,2776,10.010925
8951,29570,4,False,2,118,314,0,3078,10.015696
8952,29572,3,True,1,0,37,0,410,0.846601
8953,29573,3,False,2,124,311,0,2187,10.006822
8954,29574,3,True,1,0,37,0,410,0.881082
8955,29574,4,True,1,0,37,0,409,0.859552
8956,29575,3,False,2,124,302,0,2135,10.013196
8957,29576,3,True,1,0,37,0,409,0.899447
8958,29578,3,True,1,0,37,0,410,0.88309
8959,29579,3,False,2,124,301,0,2125,10.020673
8960,29583,4,True,1,0,37,0,409,0.920478
8961,29584,4,True,1,0,37,0,409,0.906447
8962,29585,3,False,2,128,303,0,2112,10.035894
8963,29591,4,True,1,0,37,0,409,0.879422
8964,29596,3,True,1,0,37,0,409,0.871959
8965,29598,4,True,1,0,37,0,410,0.879982
8966,29602,4,True,1,0,37,0,408,0.880873
8967,29606,4,False,2,117,302,0,2122,10.00834
8968,29607,3,False,2,117,302,0,2808,10.010763
8969,29613,4,True,1,0,44,0,487,1.057841
8970,29617,4,False,2,129,298,0,3213,10.000645
8971,29624,3,True,1,64,139,0,614,5.023259
8972,29624,4,True,1,0,11,0,44,0.288358
8973,29625,4,False,2,126,288,0,3653,10.021138
8974,29630,3,True,1,0,7,0,18,0.195027
8975,29634,4,False,2,112,305,0,1920,10.020084
8976,29637,3,False,2,118,288,0,4051,10.020708
8977,29639,4,False,2,124,288,0,3300,10.004601
8978,29641,3,True,1,2,43,0,438,1.121269
8979,29646,3,True,1,0,5,0,16,0.146101
8980,29652,3,True,1,0,31,0,917,0.763314
8981,29654,4,True,1,0,19,0,105,0.485208
8982,29655,4,True,1,0,26,0,299,0.653823
8983,29660,4,True,1,0,57,0,677,1.424459
8984,29664,3,True,1,0,4,0,9,0.125419
8985,29665,4,True,1,0,25,0,288,0.664463
8986,29669,3,True,1,0,33,0,267,0.869543
8987,29670,4,True,1,0,62,0,613,1.586606
8988,29671,3,True,1,1,21,0,180,0.561241
8989,29680,4,True,1,0,52,0,637,1.288955
8990,29682,3,True,1,0,4,0,9,0.119442
8991,29683,4,True,1,0,25,0,287,0.615419
8992,29686,4,False,2,106,310,0,6561,10.009923
8993,29687,3,True,1,0,3,0,7,0.095468
8994,29691,4,True,1,0,48,0,334,1.221855
8995,29695,3,True,1,0,25,0,277,0.604043
8996,29699,3,True,1,0,25,0,277,0.607589
8997,29702,3,True,1,0,22,0,163,0.533265
8998,29713,3,True,1,0,25,0,277,0.59763
8999,29720,3,True,1,0,33,0,215,0.784053
9000,29726,4,True,1,0,41,0,351,0.972064
9001,29737,4,True,1,0,38,0,300,0.944149
9002,29740,3,True,1,0,23,0,166,0.576793
9003,29740,4,True,1,0,23,0,167,0.561709
9004,29747,3,True,1,0,37,0,585,0.91394
9005,29748,3,True,1,0,34,0,868,0.837576
9006,29752,4,True,1,0,4,0,16,0.115693
9007,29755,3,True,1,0,8,0,25,0.216677
9008,29762,3,True,1,4,36,0,353,0.959694
9009,29768,3,False,2,116,307,0,3062,10.027481
9010,29770,4,False,2,123,287,0,1534,10.008886
9011,29773,4,False,2,124,285,0,843,10.022367
9012,29776,4,False,2,134,286,0,918,10.046124
9013,29777,4,True,1,0,40,0,419,1.011287
9014,29778,3,True,1,0,40,0,421,1.039197
9015,29782,3,False,2,125,302,0,2986,10.102692
9016,29789,3,False,2,124,306,0,3019,10.017879
9017,29789,4,False,2,124,306,0,3247,10.045796
9018,29790,4,True,1,0,37,0,412,0.916437
9019,29792,3,True,1,0,37,0,410,0.865184
9020,29792,4,True,1,0,37,0,411,0.879866
9021,29794,4,True,1,0,37,0,412,0.907529
9022,29797,4,False,2,124,313,0,3366,10.006186
9023,29799,4,False,2,124,308,0,3309,10.016349
9024,29802,3,True,1,0,37,0,410,0.889966
9025,29803,3,False,2,124,307,0,3037,10.029248
9026,29805,3,True,1,0,37,0,411,0.896888
9027,29807,3,True,1,0,37,0,411,0.897009
9028,29810,4,True,1,0,37,0,411,0.87694
9029,29814,3,True,1,0,37,0,410,0.892816
9030,29821,3,False,2,112,318,0,5731,10.013471
9031,29822,3,False,2,125,292,0,5319,10.008411
9032,29823,3,False,2,118,308,0,5304,10.043258
9033,29825,3,False,2,118,312,0,1923,10.020272
9034,29833,3,True,1,0,37,0,375,0.881807
9035,29839,4,True,1,86,208,0,2116,6.955396
9036,29842,4,True,1,12,56,0,668,1.653778
9037,29851,4,False,2,118,296,0,3883,10.017917
9038,29853,3,True,1,2,43,0,415,1.102786
9039,29855,4,True,1,2,43,0,395,1.112531
9040,29856,4,False,2,136,284,0,4071,10.081957
9041,29857,3,False,2,136,283,0,4203,10.055497
9042,29865,4,False,2,127,314,0,4232,10.008098
9043,29866,4,True,1,0,25,0,333,0.598813
9044,29870,3,True,1,0,33,0,252,0.807772
9045,29871,4,True,1,0,33,0,270,0.803147
9046,29873,3,True,1,0,33,0,288,0.807021
9047,29878,4,True,1,0,33,0,271,0.810622
9048,29884,3,True,1,0,33,0,288,0.828364
9049,29884,4,True,1,0,33,0,271,0.799449
9050,29889,3,True,1,0,26,0,287,0.63528
9051,29890,3,True,1,0,26,0,299,0.639531
9052,29890,4,True,1,0,33,0,266,0.802688
9053,29891,3,True,1,0,26,0,321,0.637214
9054,29894,3,True,1,0,26,0,292,0.637552
9055,29896,3,True,1,0,33,0,269,0.833444
9056,29896,4,True,1,0,33,0,251,0.812281
9057,29910,3,True,1,0,25,0,279,0.623976
9058,29913,4,True,1,0,63,0,479,1.632427
9059,29925,4,True,1,0,48,0,416,1.212787
9060,29926,3,True,1,0,13,0,93,0.350028
9061,29926,4,True,1,0,25,0,289,0.642459
9062,29952,3,True,1,0,25,0,275,0.625458
9063,29955,4,True,1,0,18,0,154,0.463609
9064,29958,3,True,1,0,5,0,14,0.155577
9065,29964,3,True,1,0,5,0,12,0.143788
9066,29971,3,True,1,0,7,0,18,0.198079
9067,29974,4,True,1,4,36,0,387,1.016773
9068,29975,4,False,2,123,297,0,1912,10.015066
9069,29977,3,False,2,123,299,0,2157,10.009373
9070,29977,4,False,2,122,295,0,2140,10.016351
9071,29985,4,True,1,59,176,0,1240,5.601373
9072,29986,4,False,2,119,304,0,639,10.012549
9073,29988,3,False,2,124,312,0,2296,10.001537
9074,29990,3,False,2,113,318,0,3967,10.021334
9075,29994,3,False,2,134,292,0,1280,10.013407
9076,29994,4,False,2,123,283,0,1761,10.006489
9077,29996,4,True,1,0,44,0,487,1.157333
9078,29999,4,False,2,118,277,0,4152,10.013884
9079,30000,4,False,2,132,304,0,4808,10.036888
9080,30001,3,True,1,0,3,0,6,0.093483
9081,30010,3,True,1,0,10,0,51,0.265146
9082,30011,4,False,2,122,294,0,583,10.017266
9083,30015,3,True,1,0,7,0,18,0.194611
9084,30019,4,False,2,118,316,0,2279,10.013613
9085,30021,3,True,1,0,34,0,476,0.830011
9086,30028,4,False,2,136,283,0,4348,10.075059
9087,30032,4,True,1,0,21,0,215,0.525783
9088,30035,3,True,1,0,30,0,360,0.731555
9089,30037,4,True,1,0,7,0,25,0.198292
9090,30041,3,True,1,0,4,0,9,0.116205
9091,30043,4,True,1,0,25,0,313,0.609683
9092,30044,4,True,1,0,25,0,286,0.613435
9093,30046,3,True,1,0,52,0,617,1.250671
9094,30048,4,True,1,0,53,0,585,1.318519
9095,30049,3,True,1,0,33,0,283,0.85546
9096,30049,4,True,1,0,26,0,311,0.689746
9097,30050,4,True,1,0,54,0,590,1.339989
9098,30052,3,True,1,0,6,0,12,0.16739
9099,30055,3,True,1,0,4,0,9,0.119761
9100,30058,4,True,1,0,60,0,643,1.465477
9101,30061,3,True,1,0,33,0,283,0.830501
9102,30068,3,True,1,0,6,0,12,0.191538
9103,30073,4,True,1,0,39,0,317,1.021757
9104,30074,4,True,1,0,19,0,168,0.486573
9105,30076,4,True,1,0,19,0,166,0.494804
9106,30085,4,True,1,0,18,0,115,0.459605
9107,30086,4,True,1,0,18,0,142,0.500926
9108,30093,3,True,1,0,22,0,163,0.599021
9109,30094,3,True,1,0,25,0,277,0.632653
9110,30103,3,True,1,0,48,0,372,1.198469
9111,30117,3,True,1,0,41,0,350,1.025873
9112,30121,4,True,1,0,33,0,240,0.834094
9113,30137,3,True,1,0,8,0,26,0.214305
9114,30138,3,True,1,0,38,0,592,0.961645
9115,30139,4,True,1,0,36,0,957,0.880985
9116,30145,3,True,1,0,8,0,25,0.228543
9117,30153,3,False,2,119,310,0,3114,10.008905
9118,30155,4,False,2,119,308,0,3046,10.084991
9119,30158,4,True,1,0,18,0,176,0.446646
9120,30163,3,True,1,44,146,0,1119,4.655495
9121,30163,4,False,2,131,279,0,1336,10.118071
9122,30171,4,False,2,111,302,0,5310,10.03335
9123,30172,4,False,2,129,302,0,5675,10.000305
9124,30175,3,False,2,130,328,0,2010,10.017576
9125,30176,3,False,2,136,327,0,4984,10.024822
9126,30177,4,True,1,0,7,0,24,0.179901
9127,30184,4,True,1,0,37,0,376,0.791423
9128,30187,4,True,1,0,36,0,1005,0.813084
9129,30189,4,True,1,89,190,0,1301,6.080592
9130,30192,4,True,1,12,56,0,668,1.436538
9131,30200,4,True,1,4,69,0,719,1.557526
9132,30203,3,True,1,0,33,0,985,0.719309
9133,30206,3,False,2,155,321,0,4884,10.269094
9134,30207,4,True,1,0,32,0,951,0.714525
9135,30214,3,True,1,0,5,0,13,0.126742
9136,30215,4,True,1,0,5,0,19,0.1378
9137,30220,3,True,1,0,33,0,287,0.714993
9138,30222,4,True,1,0,33,0,271,0.730446
9139,30224,3,True,1,0,33,0,288,0.724339
9140,30227,3,True,1,0,33,0,254,0.735225
9141,30228,4,True,1,0,33,0,272,0.689834
9142,30229,3,True,1,0,33,0,252,0.721044
9143,30230,4,True,1,0,33,0,270,0.704546
9144,30231,3,True,1,0,33,0,253,0.705873
9145,30232,3,True,1,0,33,0,288,0.741426
9146,30234,3,True,1,0,33,0,288,0.758862
9147,30235,3,True,1,0,33,0,253,0.743781
9148,30236,3,True,1,0,33,0,288,0.728453
9149,30239,3,True,1,0,4,0,9,0.106756
9150,30239,4,True,1,0,38,0,512,0.799271
9151,30242,3,True,1,0,6,0,27,0.144495
9152,30245,4,False,2,134,327,0,7644,10.013998
9153,30249,4,True,1,0,48,0,377,1.088824
9154,30253,3,True,1,0,31,0,322,0.695138
9155,30259,3,True,1,0,25,0,275,0.573123
9156,30259,4,True,1,0,22,0,177,0.489034
9157,30265,3,True,1,0,25,0,275,0.553955
9158,30268,3,True,1,0,25,0,275,0.548406
9159,30269,3,True,1,0,13,0,93,0.300707
9160,30270,4,True,1,0,4,0,8,0.112406
9161,30273,4,True,1,0,13,0,84,0.294208
9162,30276,4,True,1,0,33,0,244,0.714783
9163,30279,3,True,1,0,25,0,275,0.554163
9164,30282,3,True,1,0,25,0,275,0.554913
9165,30292,3,True,1,0,25,0,275,0.549292
9166,30292,4,True,1,0,38,0,328,0.837675
9167,30298,3,True,1,0,25,0,275,0.563233
9168,30301,4,True,1,0,8,0,33,0.186082
9169,30307,3,True,1,0,5,0,12,0.12792
9170,30309,4,True,1,0,8,0,32,0.186364
9171,30312,3,True,1,0,7,0,18,0.172262
9172,30315,3,True,1,0,7,0,19,0.17043
9173,30317,4,False,2,144,328,0,2461,10.358657
9174,30321,4,True,1,0,40,0,732,0.870397
9175,30323,3,True,1,0,3,0,6,0.085172
9176,30323,4,True,1,0,3,0,8,0.084713
9177,30324,3,False,2,130,344,0,3361,10.002434
9178,30326,3,False,2,126,323,0,2896,10.012722
9179,30326,4,False,2,145,345,0,3186,10.420665
9180,30329,3,False,2,126,334,0,3214,10.019707
9181,30330,3,False,2,137,331,0,2507,10.082916
9182,30332,3,False,2,123,329,0,4903,10.021599
9183,30332,4,False,2,102,288,0,2959,10.07262
9184,30334,4,False,2,285,641,0,13465,10.008539
9185,30335,4,False,2,326,698,0,13388,10.028653
9186,30336,4,False,2,322,677,0,4108,10.004436
9187,30337,3,False,2,295,656,0,11426,10.019521
9188,30339,3,False,2,314,657,0,3756,10.006976
9189,30339,4,False,2,295,658,0,7423,10.012106
9190,30348,3,False,2,350,707,0,12167,10.147235
9191,30353,3,True,1,0,7,0,18,0.07611
9192,30353,4,True,1,0,37,0,1221,0.358137
9193,30355,3,True,1,0,8,0,29,0.083501
9194,30355,4,True,1,0,8,0,30,0.083348
9195,30358,4,False,2,329,745,0,4786,10.000484
9196,30365,4,True,1,2,43,0,442,0.436912
9197,30368,3,True,1,0,5,0,16,0.055189
9198,30373,4,True,1,0,25,0,285,0.239913
9199,30374,4,True,1,0,25,0,313,0.241976
9200,30375,4,True,1,0,25,0,286,0.244915
9201,30378,4,True,1,0,25,0,314,0.244586
9202,30379,4,True,1,0,25,0,287,0.244558
9203,30380,4,True,1,0,25,0,312,0.245356
9204,30389,3,True,1,0,6,0,27,0.063909
9205,30389,4,True,1,0,6,0,17,0.0657
9206,30390,3,True,1,0,4,0,9,0.04543
9207,30394,3,True,1,0,3,0,7,0.036232
9208,30394,4,True,1,0,18,0,175,0.176283
9209,30395,4,False,2,183,475,0,10061,10.079892
9210,30401,3,True,1,0,18,0,114,0.180134
9211,30401,4,True,1,0,18,0,115,0.180294
9212,30402,4,True,1,0,18,0,142,0.178787
9213,30406,4,True,1,0,48,0,833,0.477326
9214,30409,3,True,1,0,25,0,277,0.247165
9215,30414,3,True,1,4,31,0,198,0.336243
9216,30418,4,True,1,0,78,0,808,0.819161
9217,30428,4,True,1,0,78,0,661,0.817433
9218,30435,4,True,1,0,27,0,243,0.261442
9219,30444,4,True,1,0,8,0,27,0.084245
9220,30445,3,False,2,328,757,0,6836,10.044456
9221,30447,3,False,2,349,706,0,11986,10.004412
9222,30448,3,True,1,0,36,0,1044,0.347174
9223,30448,4,True,1,0,37,0,1019,0.361008
9224,30453,4,True,1,4,69,0,1533,0.674588
9225,30456,4,True,1,4,67,0,1495,0.659576
9226,30457,3,True,1,43,144,0,1117,1.715235
9227,30458,3,False,2,348,752,0,1404,10.002963
9228,30460,3,True,1,0,3,0,6,0.033964
9229,30461,3,True,1,0,7,0,16,0.0718
9230,30462,3,True,1,44,146,0,1101,2.006059
9231,30465,3,True,1,59,176,0,1223,2.395609
9232,30466,4,False,2,335,736,0,2322,10.006513
9233,30467,4,False,2,345,752,0,8216,10.009529
9234,30469,3,False,2,340,746,0,5713,10.001421
9235,30472,3,False,2,332,762,0,14997,10.008355
9236,30472,4,False,2,338,758,0,14442,10.020772
9237,30473,3,False,2,350,749,0,14435,10.007396
9238,30476,4,False,2,341,737,0,2685,10.005738
9239,30481,4,True,1,0,24,0,255,0.309786
9240,30484,4,True,1,0,10,0,35,0.100059
9241,30485,3,False,2,300,632,0,6346,10.022407
9242,30485,4,False,2,324,687,0,12382,10.001062
9243,30487,3,False,2,322,691,0,9884,10.00858
9244,30489,3,True,1,0,6,0,13,0.069995
9245,30493,4,True,1,0,11,0,69,0.108733
9246,30497,3,False,2,356,761,0,10712,10.003015
9247,30498,4,True,1,3,68,0,775,0.656994
9248,30508,4,True,1,0,33,0,1013,0.312932
9249,30510,3,True,1,0,6,0,43,0.063191
9250,30514,3,True,1,0,6,0,43,0.134056
9251,30514,4,True,1,0,5,0,19,0.104001
9252,30518,3,True,1,0,6,0,43,0.122198
9253,30518,4,True,1,0,5,0,19,0.10579
9254,30521,3,True,1,0,6,0,43,0.124314
9255,30521,4,True,1,0,5,0,19,0.104984
9256,30523,4,True,1,0,5,0,19,0.105775
9257,30529,3,True,1,0,25,0,275,0.496379
9258,30540,4,True,1,0,18,0,133,0.364908
9259,30545,3,True,1,0,13,0,93,0.267593
9260,30546,4,True,1,0,4,0,8,0.093443
9261,30549,3,True,1,0,25,0,275,0.274286
9262,30549,4,True,1,0,13,0,84,0.157795
9263,30559,3,True,1,0,25,0,277,0.246883
9264,30560,4,True,1,4,47,0,357,0.917718
9265,30561,4,True,1,4,32,0,221,0.724834
9266,30564,4,True,1,0,13,0,75,0.271051
9267,30567,4,False,2,268,669,0,6936,10.001203
9268,30568,3,False,2,323,698,0,12855,10.004121
9269,30572,3,True,1,0,37,0,1156,0.370399
9270,30572,4,True,1,4,67,0,1528,0.679899
9271,30573,4,False,2,338,729,0,1387,10.002439
9272,30576,4,True,1,0,3,0,8,0.03861
9273,30578,3,False,2,334,739,0,8430,10.003918
9274,30579,4,False,2,333,745,0,8002,10.004988
9275,30580,4,True,1,59,176,0,1240,2.19771
9276,30581,4,True,1,315,688,0,1786,9.533637
9277,30582,4,False,2,333,732,0,7825,10.002897
9278,30589,3,False,2,340,710,0,3893,10.004151
9279,30592,3,False,2,346,708,0,4032,10.00703
9280,30592,4,False,2,338,745,0,8864,10.020836
9281,30599,3,True,1,0,9,0,29,0.09023
9282,30599,4,True,1,0,9,0,18,0.090556
9283,30600,4,True,1,0,8,0,20,0.081764
9284,30602,3,False,2,328,705,0,12535,10.008667
9285,30605,4,True,1,0,36,0,1132,0.354322
9286,30606,3,True,1,0,6,0,16,0.06351
9287,30608,3,True,1,0,8,0,21,0.082656
9288,30611,4,True,1,28,84,0,903,1.087786
9289,30613,4,True,1,0,11,0,84,0.110164
9290,30618,4,True,1,0,24,0,503,0.235224
9291,30620,4,True,1,0,26,0,614,0.249828
9292,30621,3,True,1,0,7,0,17,0.071917
9293,30627,4,True,1,0,6,0,8,0.062981
9294,30628,3,True,1,0,11,0,75,0.112341
9295,30633,3,True,1,0,9,0,41,0.093988
9296,30634,4,False,2,343,721,0,10344,10.00371
9297,30637,3,True,1,0,33,0,1043,0.326577
9298,30639,4,True,1,0,19,0,105,0.194352
9299,30640,3,True,1,0,5,0,16,0.055403
9300,30640,4,True,1,0,21,0,214,0.20804
9301,30641,3,True,1,0,5,0,15,0.055125
9302,30641,4,True,1,0,6,0,38,0.063936
9303,30645,3,True,1,4,27,0,143,0.303432
9304,30645,4,True,1,0,19,0,119,0.188329
9305,30646,3,True,1,0,25,0,277,0.261052
9306,30649,3,True,1,0,25,0,277,0.249544
9307,30651,3,True,1,4,27,0,148,0.301946
9308,30656,4,True,1,0,18,0,175,0.179005
9309,30662,3,True,1,4,87,0,696,1.129016
9310,30662,4,True,1,0,79,0,666,0.835007
9311,30666,3,True,1,0,5,0,14,0.055178
9312,30667,4,True,1,0,38,0,1091,0.371609
9313,30668,4,True,1,0,40,0,419,0.389291
9314,30672,4,False,2,339,714,0,4184,10.008486
9315,30673,4,False,2,347,755,0,8986,10.012398
9316,30676,3,True,1,283,624,0,1705,8.521678
9317,30679,3,False,2,345,740,0,7091,10.017526
9318,30683,4,False,2,333,746,0,14519,10.00347
9319,30685,3,False,2,314,715,0,13961,10.006081
9320,30685,4,False,2,330,756,0,15194,10.004066
9321,30686,4,False,2,344,749,0,11993,10.007974
9322,30691,3,True,1,0,24,0,254,0.228181
9323,30692,3,True,1,0,8,0,22,0.081763
9324,30692,4,True,1,0,9,0,44,0.091478
9325,30696,4,True,1,0,9,0,53,0.090049
9326,30704,4,True,1,0,19,0,237,0.18158
9327,30708,3,True,1,0,8,0,23,0.081094
9328,30709,3,True,1,0,8,0,23,0.081277
9329,30712,3,True,1,0,7,0,15,0.071831
9330,30715,3,True,1,0,7,0,16,0.071112
9331,30719,3,True,1,0,7,0,13,0.071069
9332,30720,3,True,1,0,7,0,13,0.072767
9333,30721,3,True,1,0,7,0,13,0.072423
9334,30722,3,True,1,0,6,0,11,0.062378
9335,30727,3,True,1,1,12,0,38,0.127048
9336,30729,3,True,1,0,5,0,8,0.05095
9337,30730,3,True,1,0,5,0,8,0.050448
9338,30738,3,True,1,0,8,0,19,0.079286
9339,30738,4,True,1,0,10,0,41,0.096256
9340,30740,3,True,1,0,8,0,19,0.079153
9341,30743,4,True,1,0,10,0,41,0.095935
9342,30746,4,True,1,0,10,0,41,0.096006
9343,30747,4,True,1,0,10,0,41,0.097974
9344,30748,4,True,1,0,10,0,42,0.098153
9345,30750,4,True,1,0,10,0,42,0.098302
9346,30755,4,True,1,0,10,0,42,0.097902
9347,30756,4,True,1,0,10,0,42,0.098393
9348,30759,4,False,0,309,619,0,10497,8.572237
9349,30760,3,True,1,0,11,0,81,0.106061
9350,30760,4,True,1,0,10,0,72,0.097606
9351,30767,3,True,1,0,35,0,1088,0.327384
9352,30769,3,True,1,0,62,0,777,0.563936
9353,30769,4,False,2,371,747,0,13312,10.191544
9354,30772,3,True,1,0,3,0,7,0.053826
9355,30772,4,False,2,357,786,0,11028,10.008269
9356,30773,3,True,1,0,19,0,87,0.184382
9357,30776,4,False,2,357,783,0,11010,10.005559
9358,30779,3,True,1,0,6,0,43,0.059028
9359,30781,3,True,1,0,34,0,431,0.315418
9360,30784,4,True,1,4,27,0,162,0.285628
9361,30785,3,True,1,0,34,0,414,0.315213
9362,30786,4,True,1,0,25,0,289,0.234724
9363,30790,4,True,1,4,87,0,770,1.081151
9364,30791,4,True,1,4,57,0,457,0.561413
9365,30792,4,True,1,0,9,0,41,0.087783
9366,30794,3,True,1,0,9,0,30,0.088021
9367,30800,3,True,1,0,8,0,22,0.078542
9368,30805,3,True,1,0,8,0,22,0.077919
9369,30805,4,True,1,0,10,0,46,0.096016
9370,30806,4,True,1,0,10,0,46,0.094604
9371,30807,4,True,1,0,10,0,46,0.095509
9372,30811,4,True,1,0,10,0,46,0.095931
9373,30812,4,True,1,0,10,0,46,0.096783
9374,30813,3,True,1,0,7,0,16,0.06842
9375,30816,3,True,1,0,7,0,16,0.123617
9376,30829,3,True,1,0,9,0,32,0.112665
9377,30829,4,True,1,0,10,0,58,0.214025
9378,30830,3,True,1,0,8,0,25,0.172456
9379,30832,4,True,1,0,15,0,127,0.181268
9380,30834,4,True,1,0,17,0,169,0.23088
9381,30837,3,True,1,0,8,0,25,0.096184
9382,30838,3,True,1,0,8,0,25,0.098009
9383,30838,4,True,1,0,21,0,277,0.232924
9384,30839,4,True,1,0,22,0,335,0.252267
9385,30840,3,True,1,0,8,0,25,0.092499
9386,30843,4,True,1,0,26,0,491,0.303495
9387,30844,4,True,1,0,27,0,499,0.320115
9388,30845,4,True,1,0,28,0,581,0.318995
9389,30846,3,True,1,0,7,0,19,0.084425
9390,30847,3,True,1,0,7,0,19,0.100653
9391,30849,4,True,1,0,32,0,785,0.389611
9392,30854,3,True,1,0,7,0,19,0.097278
9393,30854,4,True,1,0,36,0,1080,0.401733
9394,30855,4,True,1,0,6,0,21,0.076629
9395,30861,3,False,2,308,681,0,7037,10.163293
9396,30861,4,False,2,206,504,0,5020,10.001505
9397,30862,3,False,2,171,412,0,3841,10.016496
9398,30866,4,False,2,132,318,0,2028,10.038834
9399,30871,4,False,2,200,438,0,8720,10.010424
9400,30872,4,False,2,283,612,0,4105,10.009378
9401,30873,3,False,2,312,666,0,4977,10.000993
9402,30874,4,False,2,304,655,0,13890,10.010139
9403,30875,4,False,2,157,404,0,9356,10.002921
9404,30876,3,False,2,240,636,0,9468,10.0261
9405,30878,4,False,2,297,673,0,4199,10.006207
9406,30880,3,True,1,0,3,0,6,0.042434
9407,30883,3,True,1,0,6,0,19,0.071995
9408,30889,4,True,1,0,26,0,371,0.278544
9409,30890,3,True,1,0,8,0,19,0.104248
9410,30892,3,True,1,0,8,0,20,0.118907
9411,30893,3,True,1,0,8,0,20,0.091449
9412,30894,3,True,1,0,7,0,19,0.08071
9413,30895,3,True,1,0,7,0,19,0.080172
9414,30895,4,True,1,0,10,0,51,0.11414
9415,30897,3,True,1,0,8,0,21,0.09105
9416,30898,4,True,1,0,10,0,50,0.25391
9417,30900,4,True,1,0,10,0,50,0.188991
9418,30901,4,True,1,0,10,0,50,0.117779
9419,30902,4,True,1,0,10,0,50,0.233661
9420,30903,4,True,1,0,10,0,50,0.151183
9421,30904,3,True,1,0,8,0,22,0.094328
9422,30906,4,True,1,0,10,0,50,0.113219
9423,30910,4,True,1,0,10,0,50,0.115631
9424,30914,3,True,1,0,7,0,14,0.085608
9425,30920,3,True,1,0,7,0,13,0.086009
9426,30924,3,True,1,0,10,0,23,0.118158
9427,30926,4,True,1,0,9,0,46,0.200244
9428,30927,4,True,1,0,6,0,31,0.073581
9429,30928,4,True,1,0,6,0,31,0.074308
9430,30929,4,True,1,0,6,0,31,0.073075
9431,30932,3,True,1,0,8,0,22,0.095535
9432,30933,3,True,1,0,8,0,22,0.09532
9433,30934,3,True,1,0,8,0,22,0.172813
9434,30934,4,True,1,0,6,0,31,0.14715
9435,30939,3,True,1,0,8,0,22,0.161093
9436,30939,4,True,1,0,6,0,31,0.074453
9437,30940,4,True,1,0,6,0,31,0.075643
9438,30941,3,True,1,0,7,0,16,0.157871
9439,30941,4,True,1,0,6,0,31,0.174781
9440,30943,4,True,1,0,6,0,31,0.162393
9441,30952,3,True,1,0,6,0,14,0.150224
9442,30953,4,True,1,0,9,0,46,0.218831
9443,30959,3,True,1,0,35,0,261,0.670523
9444,30960,3,False,2,258,595,0,7345,10.008957
9445,30961,4,False,2,304,636,0,1756,10.014979
9446,30962,4,False,2,258,601,0,7420,10.003021
9447,30963,4,False,2,273,600,0,6455,10.010096
9448,30968,4,False,2,301,630,0,9623,10.001574
9449,30970,4,True,1,2,43,0,441,0.480968
9450,30972,4,True,1,0,7,0,25,0.082463
9451,30973,3,True,1,0,3,0,7,0.04014
9452,30973,4,True,1,0,19,0,105,0.213547
9453,30974,3,True,1,0,25,0,315,0.273559
9454,30975,3,True,1,0,6,0,27,0.073085
9455,30976,3,True,1,0,3,0,7,0.042514
9456,30980,4,True,1,4,87,0,844,1.281207
9457,30984,3,True,1,0,8,0,36,0.105844
9458,30984,4,True,1,6,41,0,523,0.514144
9459,30987,4,True,1,0,6,0,35,0.07591
9460,30988,3,True,1,0,8,0,25,0.09897
9461,30997,3,True,1,0,8,0,25,0.096697
9462,30998,4,True,1,0,6,0,35,0.075624
9463,31002,4,True,1,0,6,0,35,0.077288
9464,31005,4,True,1,0,6,0,35,0.074088
9465,31006,4,True,1,0,6,0,35,0.074606
9466,31008,4,True,1,0,6,0,35,0.072034
9467,31010,3,True,1,0,37,0,1161,0.41537
9468,31013,3,True,1,0,10,0,32,0.118251
9469,31014,3,True,1,0,11,0,40,0.124535
9470,31016,4,True,1,0,6,0,35,0.072887
9471,31018,4,True,1,0,8,0,35,0.099044
9472,31019,4,True,1,0,8,0,35,0.100625
9473,31021,3,True,1,0,19,0,260,0.206121
9474,31022,3,True,1,0,19,0,260,0.204044
9475,31024,3,True,1,0,19,0,260,0.220966
9476,31024,4,True,1,0,8,0,35,0.095055
9477,31025,3,True,1,0,19,0,260,0.213863
9478,31026,3,True,1,0,19,0,260,0.214445
9479,31027,4,True,1,0,8,0,35,0.096642
9480,31028,4,True,1,0,8,0,35,0.098048
9481,31030,4,True,1,0,8,0,35,0.101866
9482,31031,3,True,1,0,19,0,260,0.228516
9483,31033,3,True,1,0,19,0,260,0.212502
9484,31036,3,True,1,0,19,0,260,0.212685
9485,31037,4,True,1,0,7,0,25,0.087809
9486,31045,3,True,1,0,40,0,421,0.466725
9487,31048,4,False,2,309,649,0,3803,10.003953
9488,31049,3,False,2,297,660,0,8818,10.003246
9489,31049,4,False,2,297,660,0,8622,10.000399
9490,31050,3,True,1,44,146,0,1119,2.002367
9491,31050,4,False,2,303,648,0,3844,10.015592
9492,31053,4,False,2,304,656,0,2075,10.018921
9493,31054,3,False,2,308,669,0,8842,10.000741
9494,31054,4,False,2,263,596,0,7751,10.01933
9495,31057,3,False,2,191,540,0,6405,10.002065
9496,31058,3,False,2,204,495,0,9814,10.017075
9497,31061,3,False,2,135,318,0,6409,10.021108
9498,31066,4,True,1,0,7,0,24,0.178846
9499,31067,4,True,1,0,8,0,48,0.199297
9500,31068,3,True,1,0,8,0,23,0.21512
9501,31069,4,True,1,0,6,0,35,0.166676
9502,31070,3,True,1,0,8,0,23,0.220412
9503,31070,4,True,1,0,6,0,35,0.16337
9504,31074,3,True,1,0,8,0,24,0.224753
9505,31077,4,True,1,0,6,0,35,0.165555
9506,31078,3,True,1,0,8,0,24,0.192565
9507,31083,4,True,1,0,6,0,35,0.164346
9508,31088,4,True,1,0,6,0,35,0.165493
9509,31092,3,True,1,0,7,0,16,0.177272
9510,31092,4,True,1,0,6,0,35,0.160433
9511,31094,3,True,1,0,7,0,16,0.192773
9512,31097,3,True,1,0,7,0,16,0.177585
9513,31098,3,True,1,0,6,0,14,0.160826
9514,31098,4,True,1,0,6,0,35,0.159826
9515,31099,3,True,1,0,8,0,40,0.221293
9516,31102,3,False,2,128,286,0,2712,10.03522
9517,31104,4,False,2,131,293,0,2675,10.036512
9518,31106,4,True,1,0,8,0,29,0.209529
9519,31107,4,True,1,0,8,0,29,0.222096
9520,31110,3,True,1,0,22,0,294,0.517444
9521,31110,4,True,1,0,8,0,29,0.199085
9522,31114,4,True,1,0,8,0,29,0.208927
9523,31115,4,True,1,0,8,0,29,0.209637
9524,31117,4,True,1,0,8,0,29,0.201574
9525,31118,4,True,1,0,8,0,29,0.209192
9526,31119,3,True,1,0,22,0,294,0.554371
9527,31120,4,True,1,0,7,0,24,0.177876
9528,31123,3,True,1,0,25,0,315,0.58583
9529,31124,3,True,1,0,25,0,315,0.582838
9530,31125,3,True,1,0,25,0,315,0.586684
9531,31125,4,True,1,0,7,0,24,0.204789
9532,31126,4,True,1,0,7,0,24,0.204357
9533,31128,3,True,1,0,5,0,12,0.157539
9534,31128,4,True,1,0,7,0,32,0.213233
9535,31131,4,True,1,0,7,0,32,0.199725
9536,31133,4,True,1,0,64,0,863,1.602702
9537,31136,4,False,2,116,285,0,3749,10.025696
9538,31141,4,True,1,0,8,0,46,0.225729
9539,31143,4,True,1,0,25,0,336,0.656973
9540,31148,3,True,1,0,19,0,276,0.514396
9541,31154,3,True,1,0,22,0,339,0.583851
9542,31157,3,True,1,0,18,0,192,0.478126
9543,31159,4,True,1,0,25,0,368,0.65406
9544,31172,3,False,2,126,293,0,1180,10.002422
9545,31173,3,False,2,125,291,0,5073,10.003754
9546,31174,3,True,1,0,3,0,6,0.097378
9547,31175,4,True,1,0,8,0,28,0.211257
9548,31181,3,True,1,0,25,0,368,0.625517
9549,31183,3,True,1,0,25,0,368,0.608554
9550,31183,4,True,1,0,6,0,21,0.164299
9551,31187,3,True,1,0,25,0,368,0.630884
9552,31187,4,True,1,0,6,0,22,0.180591
9553,31189,4,True,1,0,6,0,22,0.181179
9554,31192,3,True,1,0,25,0,392,0.639719
9555,31194,3,True,1,0,25,0,392,0.63901
9556,31195,4,True,1,0,7,0,25,0.204673
9557,31196,3,True,1,0,25,0,392,0.637403
9558,31197,3,True,1,0,25,0,368,0.618662
9559,31197,4,True,1,0,7,0,22,0.204283
9560,31198,4,True,1,0,8,0,47,0.229559
9561,31199,3,True,1,0,7,0,37,0.192262
9562,31202,4,False,2,133,286,0,2385,10.0111
9563,31203,4,True,1,0,10,0,27,0.262085
9564,31206,3,True,1,0,25,0,315,0.621428
9565,31206,4,True,1,0,7,0,21,0.208264
9566,31214,4,True,1,0,6,0,17,0.172791
9567,31215,4,True,1,0,7,0,25,0.199524
9568,31218,3,True,1,0,34,0,434,0.898685
9569,31218,4,True,1,4,22,0,129,0.677114
9570,31220,4,False,2,118,284,0,5559,10.02197
9571,31221,3,False,2,122,292,0,1078,10.02765
9572,31221,4,True,1,0,40,0,419,0.999235
9573,31222,4,True,1,0,18,0,176,0.46965
9574,31223,4,False,2,118,306,0,4190,10.008701
9575,31226,3,True,1,44,146,0,1101,4.529515
9576,31229,3,False,2,120,305,0,4564,10.01944
9577,31231,4,False,2,124,295,0,891,10.004452
9578,31232,4,False,2,127,299,0,997,10.019443
9579,31235,4,False,2,126,298,0,1201,10.000262
9580,31236,3,False,2,118,303,0,5117,10.007046
9581,31239,3,True,1,0,5,0,27,0.145808
9582,31240,3,True,1,0,10,0,26,0.265537
9583,31242,4,True,1,0,8,0,48,0.220216
9584,31243,4,False,2,126,282,0,2842,10.039305
9585,31245,4,True,1,0,8,0,47,0.219194
9586,31250,3,True,1,0,23,0,380,0.571012
9587,31251,4,True,1,126,296,0,1196,9.981777
9588,31252,4,True,1,0,44,0,932,1.075321
9589,31256,3,False,2,123,290,0,1558,10.004151
9590,31256,4,False,2,123,290,0,1583,10.011454
9591,31260,4,False,2,126,297,0,1606,10.017877
9592,31262,4,False,2,128,291,0,673,10.026641
9593,31272,3,True,1,0,22,0,138,0.555311
9594,31273,3,True,1,0,34,0,342,0.857016
9595,31276,4,True,1,0,19,0,105,0.487397
9596,31280,3,True,1,0,40,0,421,1.007417
9597,31281,3,True,1,0,3,0,6,0.099269
9598,31285,3,False,2,120,300,0,4754,10.002707
9599,31286,3,True,1,44,146,0,1119,4.509682
9600,31287,3,True,1,59,176,0,1223,5.59698
9601,31289,3,False,2,120,301,0,4761,10.091518
9602,31292,3,False,2,118,299,0,5114,10.076983
9603,31294,3,True,1,0,10,0,32,0.258636
9604,31296,3,True,1,3,29,0,176,0.777133
9605,31297,3,True,1,0,10,0,35,0.255538
9606,31299,3,True,1,0,20,0,166,0.481025
9607,31300,3,True,1,0,44,0,986,1.0642
9608,31303,3,True,1,0,25,0,368,0.620901
9609,31309,4,False,2,123,290,0,1570,10.003374
9610,31310,3,False,2,130,283,0,1637,10.032447
9611,31312,4,False,2,129,299,0,5446,10.031854
9612,31317,3,True,1,0,6,0,12,0.171245
9613,31319,3,True,1,62,169,0,1169,5.483242
9614,31326,4,False,2,133,287,0,1295,10.059869
9615,31329,3,False,2,125,280,0,2217,10.012995
9616,31330,3,False,2,108,302,0,5161,10.051727
9617,31330,4,False,2,118,302,0,5125,10.017706
9618,31332,3,False,2,118,305,0,5360,10.006744
9619,31332,4,False,2,108,304,0,5406,10.011498
9620,31334,3,True,1,0,6,0,15,0.166431
9621,31335,4,False,2,114,303,0,4122,10.010484
9622,31340,3,True,1,0,18,0,192,0.475746
9623,31341,3,True,1,0,3,0,6,0.097187
9624,31342,4,True,1,0,7,0,22,0.196922
9625,31343,3,False,2,123,289,0,1553,10.002268
9626,31344,4,False,2,123,286,0,1543,10.035175
9627,31345,4,False,2,127,274,0,723,10.050462
9628,31349,3,False,2,127,282,0,2265,10.029239
9629,31352,4,False,2,125,291,0,5452,10.011736
9630,31354,3,True,1,0,6,0,16,0.166148
9631,31355,3,True,1,0,3,0,8,0.097684
9632,31358,4,False,2,130,297,0,4271,10.020061
9633,31359,3,True,1,0,7,0,17,0.191436
9634,31359,4,False,2,130,282,0,4056,10.006316
9635,31360,4,False,2,115,290,0,1205,10.009906
9636,31364,4,False,2,112,298,0,5260,10.018978
9637,31365,3,False,2,137,294,0,2533,10.018157
9638,31374,4,True,1,0,3,0,10,0.093382
9639,31375,3,True,1,0,20,0,166,0.523433
9640,31377,3,True,1,0,18,0,192,0.437045
9641,31384,4,True,1,46,152,0,1098,4.660275
9642,31385,4,False,2,131,301,0,1632,10.114527
9643,31388,3,False,2,130,290,0,1234,10.01798
9644,31389,3,False,2,129,298,0,5756,10.097599
9645,31389,4,False,2,125,293,0,5648,10.014476
9646,31393,3,False,2,132,295,0,1127,10.025802
9647,31395,4,True,1,0,6,0,14,0.17776
9648,31396,3,True,1,0,20,0,154,0.513699
9649,31404,3,False,2,120,306,0,5759,10.129109
9650,31409,4,False,2,118,308,0,5472,10.070707
9651,31410,4,False,2,130,291,0,1235,10.016838
9652,31414,3,True,1,0,21,0,156,0.547532
9653,31420,3,True,1,0,6,0,19,0.169524
9654,31420,4,True,1,0,9,0,54,0.239962
9655,31423,3,True,1,0,20,0,166,0.514877
9656,31423,4,True,1,6,60,0,1196,1.5797
9657,31428,3,False,2,124,291,0,1561,10.04098
9658,31434,4,True,1,45,149,0,1095,4.662986
9659,31435,3,False,2,120,280,0,1561,10.003818
9660,31435,4,False,2,123,286,0,1562,10.063867
9661,31438,4,False,2,122,297,0,2191,10.077081
9662,31439,3,False,2,123,286,0,5646,10.001868
9663,31440,3,True,1,0,3,0,6,0.096622
9664,31441,3,False,2,130,293,0,2841,10.022567
9665,31442,4,True,1,0,24,0,180,0.584028
9666,31444,3,True,1,0,18,0,159,0.462521
9667,31444,4,False,2,124,297,0,1688,10.003635
9668,31446,3,True,1,0,6,0,19,0.172164
9669,31454,3,True,1,0,3,0,6,0.096878
9670,31456,3,True,1,0,40,0,421,1.015083
9671,31457,3,True,1,0,3,0,6,0.098763
9672,31458,3,True,1,0,7,0,17,0.200577
9673,31459,3,True,1,44,146,0,1101,4.425748
9674,31460,4,False,2,115,305,0,3650,10.0055
9675,31461,3,False,2,208,508,0,9592,10.000563
9676,31462,3,False,2,301,630,0,3790,10.056717
9677,31466,4,True,1,0,35,0,251,0.390953
9678,31468,4,True,1,0,19,0,186,0.215055
9679,31471,3,True,1,0,18,0,192,0.216185
9680,31472,3,True,1,0,3,0,6,0.05332
9681,31474,4,False,2,292,666,0,4239,10.00548
9682,31475,3,False,2,296,669,0,4305,10.025195
9683,31476,4,False,2,293,677,0,6776,10.003282
9684,31477,3,False,2,312,655,0,3107,10.00501
9685,31480,3,True,1,0,23,0,194,0.250127
9686,31481,3,True,1,0,6,0,13,0.073868
9687,31482,3,True,1,0,7,0,23,0.088241
9688,31483,4,True,1,0,20,0,159,0.224844
9689,31485,4,True,1,0,7,0,20,0.086966
9690,31487,3,False,2,315,660,0,4557,10.010392
9691,31488,4,True,1,0,3,0,7,0.041239
9692,31501,3,True,1,0,6,0,13,0.069762
9693,31501,4,True,1,0,26,0,257,0.274675
9694,31508,4,True,1,0,23,0,213,0.244114
9695,31511,3,True,1,0,5,0,11,0.063082
9696,31513,4,True,1,0,23,0,214,0.248098
9697,31514,4,True,1,0,23,0,213,0.244233
9698,31515,3,True,1,0,5,0,11,0.060454
9699,31517,3,True,1,0,5,0,11,0.063041
9700,31518,4,True,1,0,23,0,213,0.250796
9701,31521,4,True,1,0,23,0,213,0.250096
9702,31522,3,True,1,0,5,0,11,0.060923
9703,31524,4,True,1,0,60,0,1016,0.610116
9704,31525,4,True,1,0,23,0,212,0.245468
9705,31526,3,True,1,0,5,0,11,0.063841
9706,31531,4,True,1,0,6,0,18,0.080781
9707,31536,3,True,1,0,5,0,11,0.063173
9708,31536,4,True,1,0,6,0,18,0.071222
9709,31537,4,True,1,0,6,0,18,0.069935
9710,31538,4,True,1,0,6,0,18,0.069735
9711,31543,4,True,1,0,6,0,18,0.070273
9712,31545,4,True,1,0,6,0,18,0.072406
9713,31547,4,True,1,0,6,0,18,0.070912
9714,31550,4,True,1,0,6,0,18,0.075129
9715,31551,3,True,1,0,5,0,11,0.061463
9716,31552,4,True,1,0,6,0,18,0.070295
9717,31555,4,True,1,0,6,0,18,0.071748
9718,31557,4,True,1,0,6,0,18,0.073853
9719,31563,3,True,1,0,13,0,79,0.143209
9720,31564,3,True,1,0,6,0,15,0.071359
9721,31565,3,True,1,0,6,0,17,0.073856
9722,31567,3,True,1,0,6,0,17,0.072058
9723,31569,3,True,1,0,6,0,17,0.072121
9724,31570,3,True,1,0,6,0,17,0.071071
9725,31575,3,True,1,0,6,0,17,0.073483
9726,31580,3,True,1,0,8,0,27,0.092205
9727,31581,4,True,1,0,8,0,34,0.09396
9728,31583,3,True,1,0,8,0,27,0.094372
9729,31583,4,True,1,0,8,0,34,0.093164
9730,31589,3,True,1,0,8,0,27,0.094622
9731,31593,3,True,1,0,13,0,79,0.147027
9732,31593,4,False,2,317,664,0,6200,10.001529
9733,31597,4,False,2,321,678,0,5608,10.010074
9734,31598,4,False,2,254,542,0,4895,10.036911
9735,31599,3,True,1,0,5,0,14,0.063512
9736,31600,4,False,2,234,514,0,5693,10.01715
9737,31602,4,False,2,130,312,0,3222,10.013592
9738,31606,3,True,1,0,5,0,14,0.144027
9739,31609,4,True,1,1,35,0,344,0.859066
9740,31611,3,True,1,0,5,0,14,0.137511
9741,31614,3,True,1,0,5,0,14,0.137039
9742,31616,3,True,1,0,8,0,27,0.204737
9743,31620,3,True,1,0,5,0,14,0.137085
9744,31621,4,False,2,117,324,0,3098,10.018971
9745,31622,4,True,1,1,35,0,345,0.871989
9746,31627,4,True,1,0,7,0,28,0.188146
9747,31629,3,True,1,0,6,0,17,0.162972
9748,31635,4,True,1,0,7,0,28,0.18816
9749,31637,3,True,1,0,6,0,17,0.162699
9750,31639,3,True,1,0,8,0,26,0.24295
9751,31640,3,True,1,0,6,0,17,0.172719
9752,31642,4,True,1,0,7,0,28,0.190485
9753,31649,3,True,1,0,8,0,26,0.222716
9754,31649,4,True,1,0,7,0,28,0.199065
9755,31652,3,True,1,0,6,0,17,0.162232
9756,31652,4,True,1,0,7,0,28,0.186017
9757,31654,3,True,1,0,8,0,27,0.217545
9758,31654,4,True,1,0,7,0,28,0.197587
9759,31656,4,True,1,0,4,0,13,0.115598
9760,31657,4,True,1,0,4,0,13,0.118716
9761,31664,3,True,1,0,5,0,11,0.139309
9762,31673,3,True,1,0,5,0,11,0.141734
9763,31675,4,True,1,0,4,0,13,0.11816
9764,31676,4,True,1,0,4,0,13,0.135163
9765,31679,3,True,1,0,5,0,11,0.166536
9766,31679,4,True,1,0,4,0,13,0.132405
9767,31682,4,True,1,0,4,0,13,0.121949
9768,31683,3,True,1,0,5,0,11,0.145372
9769,31684,3,True,1,0,5,0,11,0.145244
9770,31691,3,True,1,0,49,0,1296,1.172059
9771,31692,3,True,1,0,18,0,192,0.458222
9772,31693,3,True,1,0,8,0,32,0.228876
9773,31697,3,False,2,130,289,0,1698,10.008937
9774,31698,3,False,2,129,292,0,1614,10.013423
9775,31700,3,True,1,0,3,0,6,0.094975
9776,31706,4,True,1,0,6,0,23,0.162736
9777,31711,3,True,1,0,5,0,14,0.13759
9778,31711,4,True,1,0,6,0,23,0.16359
9779,31712,3,True,1,0,5,0,14,0.138069
9780,31713,3,True,1,0,5,0,14,0.138837
9781,31716,4,True,1,0,6,0,23,0.158712
9782,31717,3,True,1,0,5,0,14,0.136925
9783,31718,4,True,1,0,6,0,23,0.164444
9784,31719,4,True,1,0,6,0,23,0.163238
9785,31720,4,True,1,0,6,0,23,0.15972
9786,31723,4,True,1,0,6,0,23,0.1628
9787,31725,4,True,1,0,6,0,23,0.176498
9788,31729,3,True,1,0,5,0,14,0.141768
9789,31730,4,True,1,0,6,0,23,0.166216
9790,31731,3,True,1,0,5,0,14,0.141081
9791,31731,4,True,1,0,6,0,23,0.166491
9792,31739,3,True,1,0,6,0,21,0.164242
9793,31744,3,True,1,0,8,0,31,0.21608
9794,31745,3,True,1,0,6,0,21,0.164605
9795,31746,4,True,1,0,7,0,34,0.18506
9796,31747,3,True,1,0,8,0,31,0.211782
9797,31749,3,True,1,0,8,0,31,0.218496
9798,31749,4,True,1,1,35,0,375,0.859308
9799,31750,3,True,1,0,8,0,32,0.206021
9800,31762,4,True,1,0,20,0,137,0.493106
9801,31766,4,True,1,0,36,0,511,0.867291
9802,31770,3,True,1,0,4,0,19,0.113852
9803,31771,4,False,2,118,319,0,6088,10.007509
9804,31773,4,False,2,108,317,0,6213,10.063628
9805,31782,3,True,1,0,6,0,28,0.168243
9806,31784,3,True,1,0,6,0,28,0.172007
9807,31785,4,True,1,0,5,0,18,0.144191
9808,31786,3,True,1,0,6,0,28,0.17191
9809,31787,4,True,1,0,5,0,18,0.139895
9810,31789,3,True,1,0,6,0,28,0.166912
9811,31790,3,True,1,0,6,0,28,0.179042
9812,31794,3,True,1,0,6,0,28,0.170815
9813,31798,4,True,1,0,5,0,18,0.145013
9814,31802,4,True,1,0,5,0,18,0.1493
9815,31803,4,True,1,0,5,0,18,0.147738
9816,31804,3,True,1,0,6,0,28,0.183208
9817,31807,3,True,1,0,23,0,250,0.564476
9818,31808,4,True,1,0,19,0,190,0.478713
9819,31810,4,True,1,0,6,0,24,0.176486
9820,31812,3,True,1,0,4,0,6,0.12005
9821,31812,4,True,1,0,6,0,24,0.168713
9822,31814,3,True,1,0,4,0,6,0.117607
9823,31817,4,True,1,0,6,0,24,0.164639
9824,31818,4,True,1,0,6,0,24,0.163154
9825,31822,3,True,1,0,5,0,12,0.13838
9826,31822,4,True,1,0,6,0,24,0.158035
9827,31828,4,True,1,0,6,0,24,0.16877
9828,31829,4,True,1,0,6,0,24,0.168841
9829,31830,3,True,1,0,5,0,11,0.138206
9830,31837,3,True,1,0,5,0,13,0.142216
9831,31837,4,True,1,0,6,0,24,0.178657
9832,31839,3,True,1,0,5,0,12,0.143264
9833,31839,4,True,1,0,6,0,24,0.165876
9834,31840,3,True,1,0,5,0,12,0.149084
9835,31845,4,True,1,0,4,0,13,0.118541
9836,31847,3,True,1,0,4,0,6,0.116165
9837,31848,4,True,1,0,4,0,13,0.119981
9838,31850,4,True,1,0,4,0,13,0.129138
9839,31853,3,True,1,0,5,0,11,0.142133
9840,31857,3,True,1,0,5,0,12,0.142121
9841,31860,4,True,1,0,4,0,13,0.117181
9842,31862,4,True,1,0,4,0,13,0.12459
9843,31863,3,True,1,0,5,0,13,0.146681
9844,31863,4,True,1,0,4,0,13,0.119978
9845,31866,4,True,1,0,4,0,13,0.112294
9846,31867,3,True,1,0,21,0,220,0.522388
9847,31869,4,True,1,0,4,0,13,0.116876
9848,31874,3,True,1,0,6,0,10,0.166796
9849,31874,4,True,1,0,5,0,10,0.144502
9850,31875,3,True,1,0,8,0,29,0.211852
9851,31876,3,True,1,0,3,0,6,0.090391
9852,31876,4,True,1,0,3,0,8,0.091532
9853,31878,4,False,2,135,298,0,1919,10.039871
9854,31883,3,False,2,232,499,0,3660,10.019938
9855,31883,4,True,1,0,37,0,334,0.905798
9856,31884,3,True,1,0,7,0,36,0.182956
9857,31885,3,True,1,0,30,0,302,0.722104
9858,31885,4,True,1,0,37,0,411,0.878725
9859,31886,3,True,1,0,8,0,35,0.210658
9860,31886,4,True,1,0,38,0,413,0.902179
9861,31888,3,True,1,0,5,0,14,0.13865
9862,31889,3,True,1,0,5,0,14,0.141256
9863,31893,3,True,1,0,22,0,245,0.542521
9864,31893,4,True,1,0,37,0,411,0.885993
9865,31894,4,True,1,0,37,0,411,0.880223
9866,31895,3,True,1,0,5,0,14,0.144877
9867,31896,4,True,1,0,37,0,411,0.902036
9868,31899,3,True,1,0,5,0,14,0.142406
9869,31900,4,True,1,0,37,0,411,0.906928
9870,31901,3,True,1,0,5,0,14,0.147914
9871,31901,4,True,1,0,37,0,411,0.885739
9872,31902,3,True,1,0,5,0,14,0.146546
9873,31907,4,True,1,0,37,0,411,0.897611
9874,31908,4,True,1,0,37,0,411,0.896339
9875,31911,4,True,1,0,37,0,411,0.523103
9876,31914,4,True,1,0,37,0,411,0.390958
9877,31917,4,True,1,0,24,0,277,0.435007
9878,31920,3,True,1,0,5,0,14,0.147358
9879,31921,3,True,1,0,5,0,14,0.144493
9880,31925,4,True,1,0,24,0,277,0.339622
9881,31934,3,True,1,0,5,0,14,0.100288
9882,31941,3,True,1,0,21,0,222,0.251259
9883,31948,3,True,1,0,4,0,7,0.051823
9884,31952,4,True,1,0,35,0,433,0.369948
9885,31954,3,True,1,0,4,0,7,0.051091
9886,31957,4,True,1,0,33,0,405,0.354083
9887,31961,4,True,1,0,33,0,405,0.405124
9888,31963,4,True,1,0,33,0,405,0.630332
9889,31964,3,True,1,0,4,0,7,0.052101
9890,31968,3,True,1,0,4,0,7,0.053559
9891,31969,3,True,1,0,4,0,7,0.053171
9892,31970,3,True,1,0,4,0,7,0.053427
9893,31973,3,True,1,0,4,0,7,0.054041
9894,31977,4,True,1,0,33,0,405,0.553138
9895,31988,3,True,1,0,4,0,7,0.118521
9896,31990,3,True,1,0,4,0,7,0.115236
9897,31992,4,False,2,180,410,0,4835,10.000573
9898,31996,4,False,2,248,556,0,7744,10.003464
9899,31998,3,True,1,0,4,0,7,0.112276
9900,32001,3,True,1,0,4,0,7,0.109391
9901,32004,4,False,2,130,350,0,5792,10.012743
9902,32008,3,True,1,0,4,0,7,0.127143
9903,32009,3,True,1,0,4,0,7,0.1215
9904,32009,4,False,2,46,190,0,3112,10.068141
9905,32013,3,True,1,0,13,0,98,0.337876
9906,32014,4,True,1,0,4,0,16,0.115887
9907,32017,3,True,1,0,4,0,8,0.120676
9908,32017,4,True,1,0,4,0,16,0.127713
9909,32023,4,True,1,0,4,0,16,0.126279
9910,32030,3,True,1,0,5,0,15,0.153095
9911,32030,4,True,1,0,4,0,16,0.126495
9912,32031,3,True,1,0,5,0,14,0.153451
9913,32034,3,True,1,0,5,0,13,0.157587
9914,32037,4,True,1,0,4,0,16,0.122212
9915,32039,3,True,1,0,5,0,15,0.144938
9916,32042,4,True,1,0,4,0,16,0.120051
9917,32043,3,True,1,0,5,0,11,0.146317
9918,32047,3,False,2,98,297,0,5694,10.030088
9919,32049,3,False,2,155,402,0,8207,10.035174
9920,32050,3,True,1,0,3,0,6,0.093464
9921,32052,3,True,1,0,13,0,99,0.261029
9922,32055,3,True,1,0,4,0,8,0.050056
9923,32057,3,True,1,0,4,0,8,0.064929
9924,32063,3,True,1,0,5,0,15,0.061189
9925,32067,3,True,1,0,5,0,16,0.060627
9926,32069,3,True,1,0,5,0,16,0.061553
9927,32073,3,True,1,0,5,0,15,0.061762
9928,32073,4,True,1,0,37,0,447,0.402423
9929,32075,4,True,1,0,37,0,447,0.402934
9930,32077,3,True,1,0,5,0,16,0.061561
9931,32082,3,True,1,0,5,0,12,0.060142
9932,32082,4,True,1,0,37,0,446,0.400585
9933,32084,3,True,1,0,13,0,109,0.142281
9934,32086,4,False,2,294,632,0,4864,10.000665
9935,32087,3,True,1,0,4,0,8,0.050425
9936,32087,4,False,2,286,661,0,8376,10.010192
9937,32088,3,True,1,0,4,0,8,0.053747
9938,32094,4,False,2,304,669,0,8213,10.000158
9939,32097,3,True,1,0,4,0,8,0.052037
9940,32097,4,False,2,304,680,0,8996,10.004359
9941,32102,3,True,1,0,4,0,8,0.052778
9942,32103,4,False,2,257,614,0,9727,10.003259
9943,32106,3,True,1,0,4,0,8,0.133402
9944,32106,4,False,2,105,312,0,5101,10.022002
9945,32107,4,False,2,128,340,0,5842,10.002988
9946,32111,3,True,1,0,4,0,8,0.05634
9947,32112,3,True,1,0,4,0,8,0.053345
9948,32112,4,False,2,165,439,0,6608,10.112464
9949,32114,4,True,1,42,142,0,1275,1.975121
9950,32115,4,True,1,0,23,0,294,0.246279
9951,32119,4,True,1,0,24,0,300,0.258767
9952,32120,3,True,1,0,5,0,16,0.062398
9953,32120,4,True,1,0,24,0,300,0.259063
9954,32125,4,True,1,0,24,0,300,0.259051
9955,32126,3,True,1,0,5,0,16,0.067985
9956,32126,4,True,1,0,24,0,300,0.267625
9957,32129,3,True,1,0,5,0,16,0.066004
9958,32130,3,True,1,0,5,0,16,0.0662
9959,32139,4,True,1,0,24,0,300,0.261774
9960,32140,4,True,1,0,24,0,300,0.25985
9961,32141,4,True,1,0,24,0,300,0.269933
9962,32145,4,True,1,0,24,0,300,0.267833
9963,32148,3,True,1,0,4,0,8,0.060364
9964,32149,3,True,1,0,4,0,8,0.057975
9965,32150,3,True,1,0,4,0,8,0.057939
9966,32153,4,True,1,0,33,0,436,0.372336
9967,32156,4,True,1,0,33,0,436,0.350265
9968,32157,3,True,1,0,4,0,8,0.051582
9969,32159,4,True,1,0,33,0,436,0.352912
9970,32160,4,True,1,0,33,0,436,0.363805
9971,32162,3,True,1,0,4,0,8,0.052802
9972,32163,3,True,1,0,4,0,8,0.052215
9973,32164,3,True,1,0,4,0,8,0.052699
9974,32165,3,True,1,0,4,0,8,0.051653
9975,32166,4,True,1,0,33,0,436,0.353576
9976,32168,4,True,1,0,33,0,436,0.367244
9977,32169,3,True,1,0,4,0,8,0.058381
9978,32170,3,True,1,0,4,0,8,0.055148
9979,32171,3,True,1,0,4,0,8,0.060401
9980,32185,4,True,1,0,4,0,11,0.05632
9981,32188,3,True,1,0,4,0,19,0.058125
9982,32189,4,True,1,0,5,0,17,0.065559
9983,32190,3,True,1,0,4,0,19,0.049644
9984,32190,4,True,1,0,5,0,18,0.060836
9985,32191,3,True,1,0,4,0,19,0.051801
9986,32192,4,True,1,0,5,0,17,0.062604
9987,32196,3,True,1,0,4,0,19,0.052155
9988,32196,4,True,1,0,5,0,19,0.061974
9989,32199,3,True,1,0,4,0,19,0.052255
9990,32206,4,True,1,0,5,0,17,0.063031
9991,32208,3,True,1,0,5,0,3,0.062084
9992,32214,3,False,2,279,584,0,4075,10.026952
9993,32215,3,True,1,0,3,0,6,0.043748
9994,32217,4,True,1,0,6,0,9,0.073848
9995,32218,4,True,1,0,3,0,3,0.040501
9996,32222,4,False,2,253,541,0,4305,10.000461
9997,32223,3,True,1,0,3,0,6,0.041753
9998,32225,3,True,1,0,3,0,3,0.040671
9999,32229,4,True,1,0,7,0,24,0.086428
