fault_index,gate_id,fault_val,classic_ok,classic_result_code,classic_backtracks,classic_recursive_calls,classic_backtrace_count,classic_backtrace_hops,classic_time_s,source_csv
0,3853,4,True,1,0,5,0,4,0.305657,classic_shard_0_1000_per_fault.csv
1,3874,3,True,1,12,56,0,615,3.249375,classic_shard_0_1000_per_fault.csv
2,3874,4,True,1,12,56,0,614,3.234842,classic_shard_0_1000_per_fault.csv
3,3878,3,True,1,0,8,0,29,0.37501,classic_shard_0_1000_per_fault.csv
4,3895,3,True,1,0,33,0,287,1.569637,classic_shard_0_1000_per_fault.csv
5,3913,3,False,2,21,90,0,860,5.163475,classic_shard_0_1000_per_fault.csv
6,3915,3,True,1,0,28,0,325,1.319547,classic_shard_0_1000_per_fault.csv
7,3933,3,True,1,0,20,0,54,0.979404,classic_shard_0_1000_per_fault.csv
8,3935,3,True,1,0,22,0,136,1.045379,classic_shard_0_1000_per_fault.csv
9,3939,3,False,2,32,75,0,224,5.018417,classic_shard_0_1000_per_fault.csv
10,3964,3,False,2,28,78,0,246,5.036959,classic_shard_0_1000_per_fault.csv
11,3974,3,True,1,0,27,0,233,1.302424,classic_shard_0_1000_per_fault.csv
12,3976,4,True,1,1,25,0,89,1.271599,classic_shard_0_1000_per_fault.csv
13,3979,3,True,1,0,15,0,44,0.748812,classic_shard_0_1000_per_fault.csv
14,3980,4,True,1,0,14,0,41,0.722164,classic_shard_0_1000_per_fault.csv
15,3982,3,True,1,0,18,0,48,0.899225,classic_shard_0_1000_per_fault.csv
16,3990,3,True,1,0,29,0,168,1.468987,classic_shard_0_1000_per_fault.csv
17,3993,4,False,2,47,123,0,295,5.007628,classic_shard_0_1000_per_fault.csv
18,3997,4,True,1,0,21,0,177,0.504971,classic_shard_0_1000_per_fault.csv
19,3998,4,True,1,0,14,0,43,0.362051,classic_shard_0_1000_per_fault.csv
20,4007,3,True,1,0,21,0,153,0.512429,classic_shard_0_1000_per_fault.csv
21,4014,4,True,1,0,8,0,19,0.193502,classic_shard_0_1000_per_fault.csv
22,4027,4,True,1,0,8,0,14,0.198274,classic_shard_0_1000_per_fault.csv
23,4028,3,True,1,0,3,0,2,0.075894,classic_shard_0_1000_per_fault.csv
24,4036,4,False,2,62,159,0,359,5.056501,classic_shard_0_1000_per_fault.csv
25,4041,4,True,1,0,7,0,14,0.165197,classic_shard_0_1000_per_fault.csv
26,4056,4,True,1,0,23,0,186,0.5335,classic_shard_0_1000_per_fault.csv
27,4064,4,True,1,0,22,0,95,0.505545,classic_shard_0_1000_per_fault.csv
28,4079,3,True,1,3,31,0,135,0.780126,classic_shard_0_1000_per_fault.csv
29,4079,4,True,1,3,31,0,134,0.778687,classic_shard_0_1000_per_fault.csv
30,4082,4,True,1,0,22,0,111,0.505767,classic_shard_0_1000_per_fault.csv
31,4085,4,True,1,0,22,0,105,0.505188,classic_shard_0_1000_per_fault.csv
32,4116,4,True,1,0,22,0,96,0.504619,classic_shard_0_1000_per_fault.csv
33,4119,3,True,1,0,22,0,93,0.505528,classic_shard_0_1000_per_fault.csv
34,4119,4,True,1,0,22,0,92,0.507512,classic_shard_0_1000_per_fault.csv
35,4137,3,True,1,0,22,0,106,0.508532,classic_shard_0_1000_per_fault.csv
36,4146,3,True,1,0,22,0,92,0.504557,classic_shard_0_1000_per_fault.csv
37,4150,4,True,1,2,27,0,120,0.665905,classic_shard_0_1000_per_fault.csv
38,4168,3,True,1,0,22,0,100,0.507438,classic_shard_0_1000_per_fault.csv
39,4188,4,True,1,0,22,0,169,0.506492,classic_shard_0_1000_per_fault.csv
40,4197,3,True,1,0,48,0,333,1.110174,classic_shard_0_1000_per_fault.csv
41,4203,4,True,1,2,14,0,23,0.37189,classic_shard_0_1000_per_fault.csv
42,4220,3,True,1,0,78,0,660,1.808089,classic_shard_0_1000_per_fault.csv
43,4224,4,True,1,0,78,0,575,1.841864,classic_shard_0_1000_per_fault.csv
44,4226,3,True,1,0,41,0,350,0.949722,classic_shard_0_1000_per_fault.csv
45,4226,4,True,1,0,41,0,349,0.97061,classic_shard_0_1000_per_fault.csv
46,4228,4,True,1,0,48,0,334,1.137056,classic_shard_0_1000_per_fault.csv
47,4240,4,True,1,0,18,0,120,0.420611,classic_shard_0_1000_per_fault.csv
48,4242,4,True,1,0,48,0,373,1.108344,classic_shard_0_1000_per_fault.csv
49,4252,3,True,1,0,18,0,140,0.411315,classic_shard_0_1000_per_fault.csv
50,4255,4,True,1,0,78,0,575,1.791556,classic_shard_0_1000_per_fault.csv
51,4257,3,True,1,0,41,0,350,0.943694,classic_shard_0_1000_per_fault.csv
52,4257,4,True,1,0,41,0,351,0.936997,classic_shard_0_1000_per_fault.csv
53,4261,3,True,1,0,26,0,229,0.588931,classic_shard_0_1000_per_fault.csv
54,4267,3,True,1,0,18,0,140,0.413951,classic_shard_0_1000_per_fault.csv
55,4277,3,True,1,0,8,0,26,0.187114,classic_shard_0_1000_per_fault.csv
56,4280,3,True,1,0,7,0,20,0.165844,classic_shard_0_1000_per_fault.csv
57,4280,4,True,1,0,7,0,19,0.165691,classic_shard_0_1000_per_fault.csv
58,4284,3,True,1,0,8,0,25,0.18817,classic_shard_0_1000_per_fault.csv
59,4286,3,True,1,0,7,0,20,0.162625,classic_shard_0_1000_per_fault.csv
60,4298,3,True,1,6,38,0,340,1.001197,classic_shard_0_1000_per_fault.csv
61,4301,4,True,1,4,36,0,373,0.915982,classic_shard_0_1000_per_fault.csv
62,4311,4,True,1,2,28,0,232,0.686126,classic_shard_0_1000_per_fault.csv
63,4315,3,True,1,4,36,0,374,0.912543,classic_shard_0_1000_per_fault.csv
64,4315,4,True,1,4,36,0,373,0.914304,classic_shard_0_1000_per_fault.csv
65,4322,3,True,1,4,36,0,353,0.912277,classic_shard_0_1000_per_fault.csv
66,4324,3,True,1,4,38,0,390,0.957427,classic_shard_0_1000_per_fault.csv
67,4344,4,True,1,0,23,0,174,0.529071,classic_shard_0_1000_per_fault.csv
68,4358,4,True,1,0,7,0,29,0.16153,classic_shard_0_1000_per_fault.csv
69,4370,3,True,1,0,21,0,151,0.484113,classic_shard_0_1000_per_fault.csv
70,4374,4,True,1,0,10,0,37,0.232154,classic_shard_0_1000_per_fault.csv
71,4376,4,True,1,0,21,0,193,0.480584,classic_shard_0_1000_per_fault.csv
72,4379,3,True,1,0,18,0,52,0.416439,classic_shard_0_1000_per_fault.csv
73,4381,4,True,1,0,14,0,41,0.321151,classic_shard_0_1000_per_fault.csv
74,4382,4,True,1,0,20,0,156,0.461626,classic_shard_0_1000_per_fault.csv
75,4387,3,True,1,0,18,0,60,0.416919,classic_shard_0_1000_per_fault.csv
76,4389,4,True,1,0,14,0,42,0.320468,classic_shard_0_1000_per_fault.csv
77,4390,3,True,1,0,26,0,197,0.61189,classic_shard_0_1000_per_fault.csv
78,4400,3,False,2,15,198,0,888,5.059842,classic_shard_0_1000_per_fault.csv
79,4440,3,False,2,58,147,0,355,5.001327,classic_shard_0_1000_per_fault.csv
80,4440,4,False,2,63,156,0,367,5.008554,classic_shard_0_1000_per_fault.csv
81,4442,4,True,1,3,30,0,144,0.771887,classic_shard_0_1000_per_fault.csv
82,4445,3,True,1,0,13,0,44,0.326463,classic_shard_0_1000_per_fault.csv
83,4445,4,True,1,0,13,0,43,0.412223,classic_shard_0_1000_per_fault.csv
84,4454,4,True,1,0,24,0,253,0.730608,classic_shard_0_1000_per_fault.csv
85,4458,3,True,1,0,24,0,254,0.564591,classic_shard_0_1000_per_fault.csv
86,4476,3,True,1,0,9,0,33,0.212288,classic_shard_0_1000_per_fault.csv
87,4496,3,True,1,0,24,0,281,0.555316,classic_shard_0_1000_per_fault.csv
88,4496,4,True,1,0,26,0,288,0.601129,classic_shard_0_1000_per_fault.csv
89,4503,4,True,1,0,34,0,125,0.812708,classic_shard_0_1000_per_fault.csv
90,4540,3,True,1,0,3,0,4,0.07815,classic_shard_0_1000_per_fault.csv
91,4548,4,True,1,0,9,0,34,0.221981,classic_shard_0_1000_per_fault.csv
92,4549,4,True,1,0,8,0,34,0.191422,classic_shard_0_1000_per_fault.csv
93,4571,4,True,1,0,12,0,36,0.284155,classic_shard_0_1000_per_fault.csv
94,4572,4,True,1,0,12,0,37,0.285237,classic_shard_0_1000_per_fault.csv
95,4595,3,False,2,59,163,0,995,5.005962,classic_shard_0_1000_per_fault.csv
96,4595,4,False,2,57,162,0,1165,5.010731,classic_shard_0_1000_per_fault.csv
97,4598,4,False,2,49,176,0,465,5.013146,classic_shard_0_1000_per_fault.csv
98,4637,4,True,1,1,41,0,122,0.965222,classic_shard_0_1000_per_fault.csv
99,4638,3,True,1,1,41,0,124,0.96384,classic_shard_0_1000_per_fault.csv
100,4648,4,True,1,0,21,0,157,0.487802,classic_shard_0_1000_per_fault.csv
101,4651,4,True,1,2,32,0,160,0.785096,classic_shard_0_1000_per_fault.csv
102,4671,4,False,2,50,176,0,616,5.043133,classic_shard_0_1000_per_fault.csv
103,4672,3,True,1,0,28,0,276,0.645242,classic_shard_0_1000_per_fault.csv
104,4677,3,True,1,33,119,0,352,3.478397,classic_shard_0_1000_per_fault.csv
105,4678,3,True,1,0,23,0,132,0.537522,classic_shard_0_1000_per_fault.csv
106,4678,4,True,1,0,50,0,110,1.152461,classic_shard_0_1000_per_fault.csv
107,4679,4,True,1,3,27,0,110,0.694672,classic_shard_0_1000_per_fault.csv
108,4680,4,True,1,12,81,0,264,2.142025,classic_shard_0_1000_per_fault.csv
109,4727,3,True,1,0,23,0,156,0.535532,classic_shard_0_1000_per_fault.csv
110,4737,3,True,1,0,5,0,6,0.118427,classic_shard_0_1000_per_fault.csv
111,4759,4,False,2,65,159,0,223,5.054842,classic_shard_0_1000_per_fault.csv
112,4780,4,False,2,57,163,0,382,5.023432,classic_shard_0_1000_per_fault.csv
113,4784,3,True,1,0,21,0,168,0.487582,classic_shard_0_1000_per_fault.csv
114,4787,4,True,1,0,20,0,217,0.466227,classic_shard_0_1000_per_fault.csv
115,4790,3,True,1,0,21,0,211,0.487734,classic_shard_0_1000_per_fault.csv
116,4809,4,True,1,3,31,0,139,0.785444,classic_shard_0_1000_per_fault.csv
117,4810,3,False,2,63,137,0,485,5.001802,classic_shard_0_1000_per_fault.csv
118,4811,4,True,1,0,22,0,110,0.516416,classic_shard_0_1000_per_fault.csv
119,4816,4,True,1,0,22,0,99,0.522533,classic_shard_0_1000_per_fault.csv
120,4819,4,True,1,1,26,0,117,0.620395,classic_shard_0_1000_per_fault.csv
121,4821,4,True,1,1,27,0,129,0.668956,classic_shard_0_1000_per_fault.csv
122,4822,3,True,1,0,22,0,117,0.510191,classic_shard_0_1000_per_fault.csv
123,4829,3,True,1,0,23,0,114,0.548217,classic_shard_0_1000_per_fault.csv
124,4833,4,True,1,0,22,0,112,0.506774,classic_shard_0_1000_per_fault.csv
125,4844,4,True,1,2,27,0,105,0.666345,classic_shard_0_1000_per_fault.csv
126,4847,3,True,1,2,28,0,129,0.692007,classic_shard_0_1000_per_fault.csv
127,4849,3,True,1,2,28,0,126,0.688698,classic_shard_0_1000_per_fault.csv
128,4849,4,True,1,2,27,0,121,0.82834,classic_shard_0_1000_per_fault.csv
129,4852,4,True,1,2,29,0,136,1.069237,classic_shard_0_1000_per_fault.csv
130,4856,3,False,0,7,15,0,22,0.8113,classic_shard_0_1000_per_fault.csv
131,4862,3,True,1,0,8,0,19,0.289816,classic_shard_0_1000_per_fault.csv
132,4863,3,True,1,0,8,0,20,0.189182,classic_shard_0_1000_per_fault.csv
133,4863,4,True,1,0,11,0,33,0.429277,classic_shard_0_1000_per_fault.csv
134,4899,4,True,1,0,9,0,23,0.430398,classic_shard_0_1000_per_fault.csv
135,4908,4,True,1,0,9,0,21,0.423177,classic_shard_0_1000_per_fault.csv
136,4909,3,True,1,0,7,0,13,0.330203,classic_shard_0_1000_per_fault.csv
137,4911,3,True,1,0,9,0,37,0.423657,classic_shard_0_1000_per_fault.csv
138,4911,4,True,1,0,9,0,37,0.418796,classic_shard_0_1000_per_fault.csv
139,4916,4,True,1,2,15,0,52,0.801585,classic_shard_0_1000_per_fault.csv
140,4934,4,True,1,0,6,0,9,0.287201,classic_shard_0_1000_per_fault.csv
141,5013,4,True,1,0,21,0,172,0.855358,classic_shard_0_1000_per_fault.csv
142,5017,4,False,2,32,177,0,942,5.012891,classic_shard_0_1000_per_fault.csv
143,5033,4,False,2,46,181,0,1075,5.007073,classic_shard_0_1000_per_fault.csv
144,5034,4,True,1,0,14,0,43,0.323396,classic_shard_0_1000_per_fault.csv
145,5037,4,False,2,25,204,0,1321,5.03126,classic_shard_0_1000_per_fault.csv
146,5039,3,True,1,0,26,0,197,0.609598,classic_shard_0_1000_per_fault.csv
147,5042,4,True,1,0,14,0,42,0.325725,classic_shard_0_1000_per_fault.csv
148,5043,4,True,1,0,21,0,194,0.485335,classic_shard_0_1000_per_fault.csv
149,5058,3,False,2,38,185,0,1512,5.065587,classic_shard_0_1000_per_fault.csv
150,5061,4,True,1,0,29,0,254,0.669265,classic_shard_0_1000_per_fault.csv
151,5062,3,True,1,0,31,0,276,0.716756,classic_shard_0_1000_per_fault.csv
152,5063,4,True,1,1,32,0,249,0.762204,classic_shard_0_1000_per_fault.csv
153,5064,3,True,1,0,30,0,248,0.693077,classic_shard_0_1000_per_fault.csv
154,5065,3,True,1,0,30,0,246,0.692525,classic_shard_0_1000_per_fault.csv
155,5066,4,True,1,1,32,0,248,0.769622,classic_shard_0_1000_per_fault.csv
156,5073,4,False,2,56,162,0,1538,5.025219,classic_shard_0_1000_per_fault.csv
157,5081,4,False,2,49,170,0,3202,5.004682,classic_shard_0_1000_per_fault.csv
158,5082,3,False,2,30,117,0,2020,5.002106,classic_shard_0_1000_per_fault.csv
159,5083,4,False,2,30,115,0,2022,5.01897,classic_shard_0_1000_per_fault.csv
160,5084,4,False,2,58,162,0,1498,5.037298,classic_shard_0_1000_per_fault.csv
161,5085,4,False,2,49,123,0,896,5.001627,classic_shard_0_1000_per_fault.csv
162,5086,3,False,2,58,163,0,1500,5.060888,classic_shard_0_1000_per_fault.csv
163,5087,4,False,2,55,159,0,1484,5.01851,classic_shard_0_1000_per_fault.csv
164,5089,3,False,2,41,111,0,858,5.081482,classic_shard_0_1000_per_fault.csv
165,5091,3,False,2,51,133,0,983,5.011341,classic_shard_0_1000_per_fault.csv
166,5099,3,False,2,49,146,0,1384,5.012842,classic_shard_0_1000_per_fault.csv
167,5100,4,False,2,50,146,0,1313,5.003183,classic_shard_0_1000_per_fault.csv
168,5101,4,False,2,60,160,0,1348,5.015781,classic_shard_0_1000_per_fault.csv
169,5104,3,False,2,60,160,0,1340,5.021312,classic_shard_0_1000_per_fault.csv
170,5105,3,False,2,60,160,0,1338,5.0208,classic_shard_0_1000_per_fault.csv
171,5105,4,False,2,59,159,0,1333,5.002452,classic_shard_0_1000_per_fault.csv
172,5107,3,False,2,58,158,0,1339,5.014246,classic_shard_0_1000_per_fault.csv
173,5112,3,False,2,55,165,0,1369,5.009139,classic_shard_0_1000_per_fault.csv
174,5114,4,False,2,56,166,0,1356,5.054486,classic_shard_0_1000_per_fault.csv
175,5117,3,False,2,56,167,0,1194,5.106575,classic_shard_0_1000_per_fault.csv
176,5118,4,False,2,56,166,0,1190,5.080455,classic_shard_0_1000_per_fault.csv
177,5120,4,False,2,51,164,0,1178,5.019458,classic_shard_0_1000_per_fault.csv
178,5123,4,False,2,56,166,0,1190,5.125546,classic_shard_0_1000_per_fault.csv
179,5131,3,False,2,23,203,0,1282,5.010931,classic_shard_0_1000_per_fault.csv
180,5132,3,True,1,0,31,0,219,0.715284,classic_shard_0_1000_per_fault.csv
181,5132,4,True,1,0,23,0,166,0.530531,classic_shard_0_1000_per_fault.csv
182,5133,3,True,1,0,26,0,182,0.601848,classic_shard_0_1000_per_fault.csv
183,5134,4,True,1,0,14,0,44,0.32394,classic_shard_0_1000_per_fault.csv
184,5137,3,True,1,0,42,0,455,0.988615,classic_shard_0_1000_per_fault.csv
185,5138,4,True,1,0,14,0,44,0.326968,classic_shard_0_1000_per_fault.csv
186,5139,3,False,2,23,205,0,1291,5.014178,classic_shard_0_1000_per_fault.csv
187,5147,3,True,1,24,82,0,458,2.370451,classic_shard_0_1000_per_fault.csv
188,5147,4,True,1,24,91,0,593,2.5856,classic_shard_0_1000_per_fault.csv
189,5161,4,True,1,25,92,0,687,2.613425,classic_shard_0_1000_per_fault.csv
190,5162,3,False,2,39,183,0,1598,5.021939,classic_shard_0_1000_per_fault.csv
191,5175,3,True,1,3,32,0,149,0.807553,classic_shard_0_1000_per_fault.csv
192,5185,4,True,1,3,31,0,151,0.781429,classic_shard_0_1000_per_fault.csv
193,5188,4,True,1,0,14,0,46,0.323839,classic_shard_0_1000_per_fault.csv
194,5189,3,True,1,0,14,0,46,0.32322,classic_shard_0_1000_per_fault.csv
195,5218,4,True,1,0,5,0,5,0.119102,classic_shard_0_1000_per_fault.csv
196,5262,3,True,1,65,157,0,540,4.922269,classic_shard_0_1000_per_fault.csv
197,5264,4,True,1,0,5,0,6,0.118021,classic_shard_0_1000_per_fault.csv
198,5267,3,True,1,0,34,0,127,0.800529,classic_shard_0_1000_per_fault.csv
199,5269,4,True,1,0,5,0,7,0.116662,classic_shard_0_1000_per_fault.csv
200,5295,4,False,0,11,23,0,46,0.796243,classic_shard_0_1000_per_fault.csv
201,5303,3,True,1,0,33,0,289,0.75491,classic_shard_0_1000_per_fault.csv
202,5306,3,True,1,0,9,0,27,0.209125,classic_shard_0_1000_per_fault.csv
203,5306,4,True,1,0,9,0,23,0.209665,classic_shard_0_1000_per_fault.csv
204,5331,4,True,1,0,26,0,246,0.59553,classic_shard_0_1000_per_fault.csv
205,5332,4,True,1,0,25,0,226,0.571736,classic_shard_0_1000_per_fault.csv
206,5335,3,True,1,0,68,0,488,1.642459,classic_shard_0_1000_per_fault.csv
207,5337,4,False,2,57,168,0,461,5.013002,classic_shard_0_1000_per_fault.csv
208,5338,3,False,2,59,163,0,1002,5.021001,classic_shard_0_1000_per_fault.csv
209,5338,4,False,2,57,167,0,1211,5.003711,classic_shard_0_1000_per_fault.csv
210,5348,3,False,2,48,174,0,816,5.030332,classic_shard_0_1000_per_fault.csv
211,5350,3,True,1,0,67,0,516,1.542155,classic_shard_0_1000_per_fault.csv
212,5352,3,False,2,63,163,0,635,5.000351,classic_shard_0_1000_per_fault.csv
213,5353,3,False,2,63,164,0,635,5.02082,classic_shard_0_1000_per_fault.csv
214,5353,4,False,2,45,183,0,440,5.060772,classic_shard_0_1000_per_fault.csv
215,5354,3,False,2,60,165,0,1005,5.012438,classic_shard_0_1000_per_fault.csv
216,5354,4,False,2,57,168,0,1189,5.035148,classic_shard_0_1000_per_fault.csv
217,5357,3,False,2,63,163,0,637,5.017965,classic_shard_0_1000_per_fault.csv
218,5358,4,True,1,0,31,0,257,0.709788,classic_shard_0_1000_per_fault.csv
219,5359,3,False,2,60,166,0,1081,5.015972,classic_shard_0_1000_per_fault.csv
220,5360,3,False,2,63,167,0,279,5.152234,classic_shard_0_1000_per_fault.csv
221,5360,4,False,2,52,176,0,390,5.021219,classic_shard_0_1000_per_fault.csv
222,5364,3,True,1,0,25,0,62,0.58268,classic_shard_0_1000_per_fault.csv
223,5365,3,True,1,0,32,0,151,0.738617,classic_shard_0_1000_per_fault.csv
224,5371,3,True,1,0,32,0,151,0.739844,classic_shard_0_1000_per_fault.csv
225,5372,3,False,2,46,181,0,383,5.019919,classic_shard_0_1000_per_fault.csv
226,5372,4,False,2,54,174,0,309,5.00703,classic_shard_0_1000_per_fault.csv
227,5373,4,True,1,0,21,0,156,0.483503,classic_shard_0_1000_per_fault.csv
228,5374,4,True,1,0,22,0,162,0.503658,classic_shard_0_1000_per_fault.csv
229,5382,3,True,1,0,38,0,274,0.876057,classic_shard_0_1000_per_fault.csv
230,5385,3,True,1,0,40,0,132,0.920445,classic_shard_0_1000_per_fault.csv
231,5386,3,True,1,0,40,0,135,0.927516,classic_shard_0_1000_per_fault.csv
232,5387,3,True,1,0,25,0,148,0.571708,classic_shard_0_1000_per_fault.csv
233,5390,4,True,1,0,16,0,54,0.370002,classic_shard_0_1000_per_fault.csv
234,5393,3,True,1,0,32,0,151,0.741108,classic_shard_0_1000_per_fault.csv
235,5394,4,False,2,54,174,0,300,5.005931,classic_shard_0_1000_per_fault.csv
236,5396,4,False,2,45,182,0,429,5.03741,classic_shard_0_1000_per_fault.csv
237,5398,4,False,2,50,177,0,626,5.009511,classic_shard_0_1000_per_fault.csv
238,5412,4,True,1,0,14,0,59,0.322199,classic_shard_0_1000_per_fault.csv
239,5414,4,True,1,3,29,0,141,0.728205,classic_shard_0_1000_per_fault.csv
240,5415,3,False,2,63,163,0,638,5.015251,classic_shard_0_1000_per_fault.csv
241,5415,4,False,2,45,182,0,429,5.034917,classic_shard_0_1000_per_fault.csv
242,5418,3,True,1,0,39,0,208,0.89968,classic_shard_0_1000_per_fault.csv
243,5419,3,True,1,0,38,0,272,0.876425,classic_shard_0_1000_per_fault.csv
244,5425,4,False,2,60,168,0,1240,5.098526,classic_shard_0_1000_per_fault.csv
245,5427,3,True,1,0,27,0,253,0.616199,classic_shard_0_1000_per_fault.csv
246,5430,4,True,1,0,31,0,230,0.712435,classic_shard_0_1000_per_fault.csv
247,5436,3,False,2,60,165,0,999,5.009882,classic_shard_0_1000_per_fault.csv
248,5436,4,False,2,57,164,0,1177,5.003121,classic_shard_0_1000_per_fault.csv
249,5442,3,True,1,0,5,0,12,0.118966,classic_shard_0_1000_per_fault.csv
250,5454,3,True,1,0,4,0,11,0.096966,classic_shard_0_1000_per_fault.csv
251,5455,3,True,1,0,4,0,11,0.094949,classic_shard_0_1000_per_fault.csv
252,5459,3,True,1,0,4,0,11,0.09448,classic_shard_0_1000_per_fault.csv
253,5460,3,True,1,0,22,0,156,0.506177,classic_shard_0_1000_per_fault.csv
254,5471,3,True,1,0,11,0,31,0.255412,classic_shard_0_1000_per_fault.csv
255,5473,4,True,1,0,27,0,122,0.620633,classic_shard_0_1000_per_fault.csv
256,5474,3,True,1,0,5,0,8,0.11678,classic_shard_0_1000_per_fault.csv
257,5477,3,True,1,0,10,0,31,0.233813,classic_shard_0_1000_per_fault.csv
258,5492,4,True,1,11,48,0,381,1.336749,classic_shard_0_1000_per_fault.csv
259,5497,3,False,2,42,179,0,1420,5.003603,classic_shard_0_1000_per_fault.csv
260,5497,4,True,1,0,22,0,181,0.506413,classic_shard_0_1000_per_fault.csv
261,5500,3,False,2,64,161,0,347,5.020596,classic_shard_0_1000_per_fault.csv
262,5500,4,False,2,56,167,0,399,5.01969,classic_shard_0_1000_per_fault.csv
263,5501,3,False,2,64,160,0,336,5.006301,classic_shard_0_1000_per_fault.csv
264,5502,3,False,2,64,160,0,335,5.009795,classic_shard_0_1000_per_fault.csv
265,5522,3,True,1,0,20,0,154,0.459523,classic_shard_0_1000_per_fault.csv
266,5528,4,True,1,0,20,0,151,0.465743,classic_shard_0_1000_per_fault.csv
267,5537,4,True,1,11,47,0,365,1.330244,classic_shard_0_1000_per_fault.csv
268,5538,3,True,1,6,66,0,391,1.666853,classic_shard_0_1000_per_fault.csv
269,5539,4,True,1,0,21,0,166,0.482039,classic_shard_0_1000_per_fault.csv
270,5540,3,False,2,46,173,0,1300,5.009144,classic_shard_0_1000_per_fault.csv
271,5541,3,False,2,46,174,0,1252,5.002208,classic_shard_0_1000_per_fault.csv
272,5541,4,True,1,0,21,0,166,0.483803,classic_shard_0_1000_per_fault.csv
273,5543,4,True,1,0,21,0,166,0.482732,classic_shard_0_1000_per_fault.csv
274,5555,3,False,2,47,175,0,1428,5.029659,classic_shard_0_1000_per_fault.csv
275,5555,4,True,1,11,48,0,380,1.340255,classic_shard_0_1000_per_fault.csv
276,5556,4,True,1,11,48,0,380,1.341674,classic_shard_0_1000_per_fault.csv
277,5558,3,False,2,47,175,0,1300,5.042787,classic_shard_0_1000_per_fault.csv
278,5559,4,True,1,0,21,0,166,0.484884,classic_shard_0_1000_per_fault.csv
279,5560,4,True,1,0,21,0,166,0.482512,classic_shard_0_1000_per_fault.csv
280,5566,3,True,1,0,22,0,189,0.50633,classic_shard_0_1000_per_fault.csv
281,5568,3,True,1,0,21,0,174,0.481977,classic_shard_0_1000_per_fault.csv
282,5568,4,True,1,0,28,0,200,0.647535,classic_shard_0_1000_per_fault.csv
283,5569,3,True,1,0,20,0,157,0.459459,classic_shard_0_1000_per_fault.csv
284,5583,3,False,2,64,159,0,335,5.000663,classic_shard_0_1000_per_fault.csv
285,5592,3,False,2,46,171,0,1397,5.011965,classic_shard_0_1000_per_fault.csv
286,5595,3,False,2,46,174,0,1444,5.015937,classic_shard_0_1000_per_fault.csv
287,5595,4,True,1,0,21,0,178,0.480989,classic_shard_0_1000_per_fault.csv
288,5597,3,True,1,0,34,0,216,0.78725,classic_shard_0_1000_per_fault.csv
289,5599,3,True,1,10,60,0,432,1.589485,classic_shard_0_1000_per_fault.csv
290,5600,4,True,1,11,47,0,365,1.312896,classic_shard_0_1000_per_fault.csv
291,5602,4,True,1,0,21,0,165,0.481435,classic_shard_0_1000_per_fault.csv
292,5605,3,True,1,0,49,0,273,1.135146,classic_shard_0_1000_per_fault.csv
293,5606,3,False,2,42,180,0,1420,5.009168,classic_shard_0_1000_per_fault.csv
294,5619,4,True,1,0,11,0,31,0.255067,classic_shard_0_1000_per_fault.csv
295,5620,4,True,1,0,9,0,27,0.209514,classic_shard_0_1000_per_fault.csv
296,5622,3,True,1,0,22,0,98,0.503507,classic_shard_0_1000_per_fault.csv
297,5622,4,True,1,3,29,0,117,0.73282,classic_shard_0_1000_per_fault.csv
298,5626,3,True,1,2,27,0,127,0.666525,classic_shard_0_1000_per_fault.csv
299,5627,4,True,1,0,23,0,115,0.525228,classic_shard_0_1000_per_fault.csv
300,5629,4,True,1,0,23,0,118,0.527719,classic_shard_0_1000_per_fault.csv
301,5630,4,True,1,2,28,0,133,0.686185,classic_shard_0_1000_per_fault.csv
302,5632,4,True,1,2,29,0,142,0.70757,classic_shard_0_1000_per_fault.csv
303,5634,4,True,1,3,29,0,133,0.733026,classic_shard_0_1000_per_fault.csv
304,5636,3,True,1,0,22,0,108,0.503897,classic_shard_0_1000_per_fault.csv
305,5645,3,True,1,0,8,0,22,0.187698,classic_shard_0_1000_per_fault.csv
306,5671,4,True,1,0,22,0,164,0.505146,classic_shard_0_1000_per_fault.csv
307,5718,3,True,1,0,9,0,39,0.210187,classic_shard_0_1000_per_fault.csv
308,5719,3,True,1,0,10,0,47,0.233682,classic_shard_0_1000_per_fault.csv
309,5762,3,True,1,2,28,0,232,0.694909,classic_shard_0_1000_per_fault.csv
310,5762,4,True,1,2,28,0,233,0.687407,classic_shard_0_1000_per_fault.csv
311,5766,4,True,1,4,36,0,374,0.914034,classic_shard_0_1000_per_fault.csv
312,5767,3,True,1,4,36,0,373,0.911819,classic_shard_0_1000_per_fault.csv
313,5767,4,True,1,4,36,0,374,0.912885,classic_shard_0_1000_per_fault.csv
314,5809,3,True,1,0,11,0,53,0.258234,classic_shard_0_1000_per_fault.csv
315,5812,3,True,1,0,11,0,53,0.258391,classic_shard_0_1000_per_fault.csv
316,5813,4,True,1,0,3,0,4,0.073145,classic_shard_0_1000_per_fault.csv
317,5815,4,True,1,0,3,0,4,0.071267,classic_shard_0_1000_per_fault.csv
318,5816,4,True,1,0,3,0,4,0.071756,classic_shard_0_1000_per_fault.csv
319,5819,3,True,1,0,11,0,53,0.257545,classic_shard_0_1000_per_fault.csv
320,5827,3,True,1,0,11,0,53,0.257344,classic_shard_0_1000_per_fault.csv
321,5828,3,True,1,0,11,0,53,0.258467,classic_shard_0_1000_per_fault.csv
322,5829,3,True,1,0,11,0,53,0.258801,classic_shard_0_1000_per_fault.csv
323,5833,3,True,1,0,11,0,53,0.258357,classic_shard_0_1000_per_fault.csv
324,5834,4,True,1,0,3,0,4,0.07199,classic_shard_0_1000_per_fault.csv
325,5836,3,True,1,0,11,0,53,0.257876,classic_shard_0_1000_per_fault.csv
326,5837,4,True,1,0,3,0,4,0.073823,classic_shard_0_1000_per_fault.csv
327,5838,4,True,1,0,3,0,4,0.073613,classic_shard_0_1000_per_fault.csv
328,5886,4,True,1,0,3,0,4,0.074121,classic_shard_0_1000_per_fault.csv
329,5888,4,True,1,0,3,0,4,0.072286,classic_shard_0_1000_per_fault.csv
330,5890,4,True,1,0,3,0,5,0.07285,classic_shard_0_1000_per_fault.csv
331,5909,3,True,1,0,10,0,39,0.233829,classic_shard_0_1000_per_fault.csv
332,5910,3,True,1,0,9,0,28,0.208649,classic_shard_0_1000_per_fault.csv
333,5910,4,True,1,0,10,0,42,0.231368,classic_shard_0_1000_per_fault.csv
334,5914,3,True,1,0,42,0,460,0.966516,classic_shard_0_1000_per_fault.csv
335,5915,3,True,1,0,18,0,57,0.417426,classic_shard_0_1000_per_fault.csv
336,5916,3,False,2,23,204,0,1296,5.000805,classic_shard_0_1000_per_fault.csv
337,5917,3,True,1,0,31,0,224,0.727023,classic_shard_0_1000_per_fault.csv
338,5918,3,True,1,0,26,0,187,0.602735,classic_shard_0_1000_per_fault.csv
339,5922,3,True,1,0,42,0,460,0.96589,classic_shard_0_1000_per_fault.csv
340,5923,3,True,1,0,18,0,57,0.416536,classic_shard_0_1000_per_fault.csv
341,5925,4,True,1,0,23,0,172,0.529744,classic_shard_0_1000_per_fault.csv
342,5928,3,False,2,42,181,0,1512,5.029334,classic_shard_0_1000_per_fault.csv
343,5929,3,False,2,42,181,0,1508,5.027826,classic_shard_0_1000_per_fault.csv
344,5933,3,True,1,0,30,0,247,0.687103,classic_shard_0_1000_per_fault.csv
345,5934,3,True,1,0,30,0,248,0.68606,classic_shard_0_1000_per_fault.csv
346,5935,4,True,1,1,34,0,304,0.799648,classic_shard_0_1000_per_fault.csv
347,5939,3,False,2,56,166,0,1674,5.031505,classic_shard_0_1000_per_fault.csv
348,5941,3,False,2,56,166,0,1669,5.036553,classic_shard_0_1000_per_fault.csv
349,5942,3,False,2,56,166,0,1670,5.041797,classic_shard_0_1000_per_fault.csv
350,5945,3,False,2,56,166,0,1669,5.039705,classic_shard_0_1000_per_fault.csv
351,5947,3,False,2,48,175,0,3345,5.018828,classic_shard_0_1000_per_fault.csv
352,5949,3,False,2,48,175,0,3340,5.018027,classic_shard_0_1000_per_fault.csv
353,5950,3,False,2,48,174,0,3341,5.006838,classic_shard_0_1000_per_fault.csv
354,5951,3,False,2,48,175,0,3339,5.016405,classic_shard_0_1000_per_fault.csv
355,5952,4,False,2,49,173,0,3329,5.008833,classic_shard_0_1000_per_fault.csv
356,5954,3,False,2,58,163,0,1498,5.049325,classic_shard_0_1000_per_fault.csv
357,5955,4,False,2,58,163,0,1502,5.011341,classic_shard_0_1000_per_fault.csv
358,5956,3,False,2,58,163,0,1500,5.008512,classic_shard_0_1000_per_fault.csv
359,5956,4,False,2,58,163,0,1501,5.019547,classic_shard_0_1000_per_fault.csv
360,5958,3,False,2,58,163,0,1497,5.004667,classic_shard_0_1000_per_fault.csv
361,5963,3,False,2,58,162,0,1424,5.020256,classic_shard_0_1000_per_fault.csv
362,5964,4,False,2,60,162,0,1417,5.049545,classic_shard_0_1000_per_fault.csv
363,5965,3,False,2,58,162,0,1419,5.000159,classic_shard_0_1000_per_fault.csv
364,5971,4,False,2,60,161,0,1345,5.004585,classic_shard_0_1000_per_fault.csv
365,5972,3,False,2,60,160,0,1343,5.000902,classic_shard_0_1000_per_fault.csv
366,5977,3,False,2,60,160,0,1339,5.009995,classic_shard_0_1000_per_fault.csv
367,5978,3,False,2,55,166,0,1370,5.019709,classic_shard_0_1000_per_fault.csv
368,5979,4,False,2,55,166,0,1374,5.018216,classic_shard_0_1000_per_fault.csv
369,5986,4,False,2,56,166,0,1188,5.05806,classic_shard_0_1000_per_fault.csv
370,5988,4,False,2,47,154,0,1129,5.008421,classic_shard_0_1000_per_fault.csv
371,5989,3,False,2,56,167,0,1189,5.077324,classic_shard_0_1000_per_fault.csv
372,5991,3,False,2,56,167,0,1188,5.065345,classic_shard_0_1000_per_fault.csv
373,5991,4,False,2,52,168,0,1197,5.009196,classic_shard_0_1000_per_fault.csv
374,5997,3,True,1,0,28,0,227,0.641099,classic_shard_0_1000_per_fault.csv
375,5998,3,True,1,0,31,0,252,0.707453,classic_shard_0_1000_per_fault.csv
376,6000,4,True,1,0,30,0,251,0.686241,classic_shard_0_1000_per_fault.csv
377,6003,3,False,2,56,165,0,1672,5.01493,classic_shard_0_1000_per_fault.csv
378,6005,4,False,2,55,165,0,1674,5.001796,classic_shard_0_1000_per_fault.csv
379,6006,3,False,2,55,165,0,1676,5.000175,classic_shard_0_1000_per_fault.csv
380,6006,4,False,2,55,165,0,1675,5.012964,classic_shard_0_1000_per_fault.csv
381,6011,3,False,2,48,174,0,3343,5.011287,classic_shard_0_1000_per_fault.csv
382,6012,4,False,2,48,174,0,3349,5.002261,classic_shard_0_1000_per_fault.csv
383,6017,4,False,2,48,174,0,3345,5.013611,classic_shard_0_1000_per_fault.csv
384,6024,3,False,2,58,162,0,1498,5.00995,classic_shard_0_1000_per_fault.csv
385,6031,3,False,2,58,161,0,1421,5.006985,classic_shard_0_1000_per_fault.csv
386,6033,3,False,2,58,161,0,1421,5.001422,classic_shard_0_1000_per_fault.csv
387,6035,3,False,2,60,161,0,1349,5.018655,classic_shard_0_1000_per_fault.csv
388,6036,3,False,2,60,159,0,1339,5.049996,classic_shard_0_1000_per_fault.csv
389,6036,4,False,2,60,160,0,1348,5.014892,classic_shard_0_1000_per_fault.csv
390,6037,3,False,2,60,160,0,1346,5.00057,classic_shard_0_1000_per_fault.csv
391,6037,4,False,2,60,160,0,1344,5.011689,classic_shard_0_1000_per_fault.csv
392,6038,3,False,2,60,160,0,1346,5.020687,classic_shard_0_1000_per_fault.csv
393,6043,3,False,2,55,165,0,1371,5.006576,classic_shard_0_1000_per_fault.csv
394,6043,4,False,2,55,166,0,1378,5.014684,classic_shard_0_1000_per_fault.csv
395,6046,3,False,2,55,166,0,1375,5.019981,classic_shard_0_1000_per_fault.csv
396,6047,4,False,2,55,166,0,1372,5.010577,classic_shard_0_1000_per_fault.csv
397,6048,3,False,2,55,166,0,1377,5.000595,classic_shard_0_1000_per_fault.csv
398,6049,4,False,2,55,166,0,1373,5.020256,classic_shard_0_1000_per_fault.csv
399,6050,3,False,2,56,167,0,1195,5.070681,classic_shard_0_1000_per_fault.csv
400,6051,3,False,2,46,141,0,1058,5.002307,classic_shard_0_1000_per_fault.csv
401,6054,4,False,2,46,140,0,1048,5.127779,classic_shard_0_1000_per_fault.csv
402,6058,3,False,2,43,179,0,1096,5.018479,classic_shard_0_1000_per_fault.csv
403,6059,3,True,1,24,82,0,457,2.375181,classic_shard_0_1000_per_fault.csv
404,6059,4,False,2,58,166,0,366,5.019927,classic_shard_0_1000_per_fault.csv
405,6063,3,False,2,41,181,0,1523,5.002381,classic_shard_0_1000_per_fault.csv
406,6064,4,False,2,50,173,0,1812,5.041551,classic_shard_0_1000_per_fault.csv
407,6068,4,False,2,35,135,0,1038,5.121068,classic_shard_0_1000_per_fault.csv
408,6083,4,False,2,18,138,0,1440,5.017096,classic_shard_0_1000_per_fault.csv
409,6084,4,False,2,39,182,0,1805,5.005618,classic_shard_0_1000_per_fault.csv
410,6085,3,True,1,9,60,0,461,1.560075,classic_shard_0_1000_per_fault.csv
411,6098,4,True,1,0,14,0,49,0.32577,classic_shard_0_1000_per_fault.csv
412,6105,3,True,1,3,30,0,148,0.76225,classic_shard_0_1000_per_fault.csv
413,6111,4,True,1,0,14,0,50,0.324942,classic_shard_0_1000_per_fault.csv
414,6130,3,True,1,0,37,0,377,0.84856,classic_shard_0_1000_per_fault.csv
415,6130,4,True,1,0,37,0,376,0.852773,classic_shard_0_1000_per_fault.csv
416,6133,3,True,1,64,138,0,165,4.636899,classic_shard_0_1000_per_fault.csv
417,6134,4,True,1,0,8,0,31,0.185211,classic_shard_0_1000_per_fault.csv
418,6135,3,True,1,64,138,0,172,4.644318,classic_shard_0_1000_per_fault.csv
419,6173,3,True,1,0,3,0,2,0.072029,classic_shard_0_1000_per_fault.csv
420,6185,3,True,1,0,4,0,11,0.094707,classic_shard_0_1000_per_fault.csv
421,6186,4,True,1,0,3,0,4,0.071211,classic_shard_0_1000_per_fault.csv
422,6188,3,True,1,0,4,0,11,0.094784,classic_shard_0_1000_per_fault.csv
423,6190,4,True,1,0,4,0,8,0.095072,classic_shard_0_1000_per_fault.csv
424,6192,4,False,2,45,126,0,491,5.028693,classic_shard_0_1000_per_fault.csv
425,6201,3,True,1,0,34,0,128,0.809196,classic_shard_0_1000_per_fault.csv
426,6204,3,True,1,0,8,0,29,0.189073,classic_shard_0_1000_per_fault.csv
427,6205,3,True,1,0,15,0,95,0.350764,classic_shard_0_1000_per_fault.csv
428,6241,3,True,1,0,7,0,26,0.164167,classic_shard_0_1000_per_fault.csv
429,6241,4,True,1,0,5,0,11,0.129206,classic_shard_0_1000_per_fault.csv
430,6242,3,True,1,0,14,0,74,0.325407,classic_shard_0_1000_per_fault.csv
431,6242,4,True,1,0,7,0,12,0.164137,classic_shard_0_1000_per_fault.csv
432,6244,3,True,1,0,8,0,29,0.191404,classic_shard_0_1000_per_fault.csv
433,6246,4,True,1,0,10,0,41,0.235595,classic_shard_0_1000_per_fault.csv
434,6248,4,True,1,0,10,0,68,0.236273,classic_shard_0_1000_per_fault.csv
435,6251,3,True,1,0,5,0,8,0.1206,classic_shard_0_1000_per_fault.csv
436,6256,4,True,1,0,5,0,7,0.121394,classic_shard_0_1000_per_fault.csv
437,6266,3,True,1,0,21,0,175,0.613975,classic_shard_0_1000_per_fault.csv
438,6278,4,True,1,0,11,0,34,0.528251,classic_shard_0_1000_per_fault.csv
439,6287,4,True,1,0,13,0,48,0.610669,classic_shard_0_1000_per_fault.csv
440,6289,3,True,1,0,39,0,212,1.798417,classic_shard_0_1000_per_fault.csv
441,6291,4,True,1,0,27,0,276,1.236477,classic_shard_0_1000_per_fault.csv
442,6292,3,True,1,0,40,0,219,1.855112,classic_shard_0_1000_per_fault.csv
443,6292,4,True,1,0,26,0,252,1.041033,classic_shard_0_1000_per_fault.csv
444,6293,4,True,1,0,25,0,232,0.594206,classic_shard_0_1000_per_fault.csv
445,6298,4,False,2,55,168,0,1352,5.015908,classic_shard_0_1000_per_fault.csv
446,6300,3,True,1,0,38,0,222,0.882255,classic_shard_0_1000_per_fault.csv
447,6308,4,False,2,59,166,0,1258,5.061633,classic_shard_0_1000_per_fault.csv
448,6311,3,True,1,0,67,0,516,1.55894,classic_shard_0_1000_per_fault.csv
449,6315,4,False,2,53,170,0,672,5.014543,classic_shard_0_1000_per_fault.csv
450,6318,3,False,2,38,152,0,590,5.019654,classic_shard_0_1000_per_fault.csv
451,6323,3,False,2,46,172,0,679,5.056778,classic_shard_0_1000_per_fault.csv
452,6324,4,True,1,0,28,0,224,0.64393,classic_shard_0_1000_per_fault.csv
453,6327,4,True,1,0,27,0,184,0.619199,classic_shard_0_1000_per_fault.csv
454,6330,3,False,2,53,171,0,468,5.067318,classic_shard_0_1000_per_fault.csv
455,6331,4,False,2,60,168,0,1246,5.13709,classic_shard_0_1000_per_fault.csv
456,6332,3,True,1,0,37,0,267,0.857392,classic_shard_0_1000_per_fault.csv
457,6336,3,True,1,0,37,0,269,0.860904,classic_shard_0_1000_per_fault.csv
458,6336,4,False,2,54,169,0,1234,5.005891,classic_shard_0_1000_per_fault.csv
459,6341,3,True,1,0,39,0,207,0.907967,classic_shard_0_1000_per_fault.csv
460,6342,3,True,1,0,39,0,208,0.909072,classic_shard_0_1000_per_fault.csv
461,6346,3,True,1,0,67,0,484,1.552537,classic_shard_0_1000_per_fault.csv
462,6351,4,True,1,0,25,0,167,0.577389,classic_shard_0_1000_per_fault.csv
463,6354,3,False,2,53,171,0,468,5.076231,classic_shard_0_1000_per_fault.csv
464,6360,3,False,2,40,188,0,705,5.130605,classic_shard_0_1000_per_fault.csv
465,6365,3,True,1,0,39,0,207,0.906785,classic_shard_0_1000_per_fault.csv
466,6367,4,False,2,56,167,0,1201,5.002488,classic_shard_0_1000_per_fault.csv
467,6374,4,False,2,62,162,0,1193,5.03159,classic_shard_0_1000_per_fault.csv
468,6379,4,False,2,46,176,0,583,5.011942,classic_shard_0_1000_per_fault.csv
469,6380,3,False,2,63,162,0,633,5.01128,classic_shard_0_1000_per_fault.csv
470,6381,3,False,2,63,161,0,1024,5.011071,classic_shard_0_1000_per_fault.csv
471,6383,3,False,2,63,161,0,630,5.002407,classic_shard_0_1000_per_fault.csv
472,6383,4,False,2,40,175,0,722,5.015744,classic_shard_0_1000_per_fault.csv
473,6384,3,False,2,63,162,0,635,5.010018,classic_shard_0_1000_per_fault.csv
474,6385,3,False,2,60,164,0,1064,5.005574,classic_shard_0_1000_per_fault.csv
475,6394,3,False,2,47,173,0,816,5.035424,classic_shard_0_1000_per_fault.csv
476,6395,3,True,1,0,38,0,274,0.88943,classic_shard_0_1000_per_fault.csv
477,6397,3,True,1,0,68,0,488,1.585319,classic_shard_0_1000_per_fault.csv
478,6397,4,False,2,60,168,0,1242,5.172732,classic_shard_0_1000_per_fault.csv
479,6398,4,False,2,53,171,0,673,5.02158,classic_shard_0_1000_per_fault.csv
480,6399,4,True,1,0,28,0,249,0.646683,classic_shard_0_1000_per_fault.csv
481,6411,3,False,2,34,186,0,705,5.001251,classic_shard_0_1000_per_fault.csv
482,6413,4,True,1,0,23,0,185,0.532806,classic_shard_0_1000_per_fault.csv
483,6414,3,False,2,63,161,0,626,5.003509,classic_shard_0_1000_per_fault.csv
484,6415,3,False,2,63,160,0,625,5.012204,classic_shard_0_1000_per_fault.csv
485,6417,4,True,1,0,19,0,108,0.531054,classic_shard_0_1000_per_fault.csv
486,6427,4,False,2,49,163,0,649,5.013856,classic_shard_0_1000_per_fault.csv
487,6430,4,True,1,0,25,0,201,0.83623,classic_shard_0_1000_per_fault.csv
488,6431,3,False,2,56,163,0,640,5.058921,classic_shard_0_1000_per_fault.csv
489,6433,4,True,1,0,23,0,157,0.530822,classic_shard_0_1000_per_fault.csv
490,6434,3,False,2,50,170,0,468,5.004634,classic_shard_0_1000_per_fault.csv
491,6435,4,False,2,53,170,0,675,5.021251,classic_shard_0_1000_per_fault.csv
492,6437,4,True,1,0,25,0,202,0.599443,classic_shard_0_1000_per_fault.csv
493,6438,3,False,2,38,182,0,700,5.005299,classic_shard_0_1000_per_fault.csv
494,6441,4,True,1,0,23,0,157,0.529749,classic_shard_0_1000_per_fault.csv
495,6444,4,False,2,43,181,0,946,5.031376,classic_shard_0_1000_per_fault.csv
496,6445,4,True,1,0,28,0,281,0.659141,classic_shard_0_1000_per_fault.csv
497,6446,4,True,1,0,27,0,255,0.630495,classic_shard_0_1000_per_fault.csv
498,6447,4,True,1,0,26,0,245,0.603761,classic_shard_0_1000_per_fault.csv
499,6449,3,False,2,47,173,0,816,5.053725,classic_shard_0_1000_per_fault.csv
500,6454,3,True,1,0,38,0,272,1.031165,classic_shard_0_1000_per_fault.csv
501,6463,3,True,1,0,41,0,238,0.954209,classic_shard_0_1000_per_fault.csv
502,6468,3,True,1,0,68,0,488,1.581917,classic_shard_0_1000_per_fault.csv
503,6468,4,False,2,60,168,0,1240,5.172331,classic_shard_0_1000_per_fault.csv
504,6471,3,True,1,0,41,0,238,0.950667,classic_shard_0_1000_per_fault.csv
505,6473,4,True,1,0,24,0,204,0.552776,classic_shard_0_1000_per_fault.csv
506,6476,3,True,1,0,68,0,488,1.577072,classic_shard_0_1000_per_fault.csv
507,6478,4,True,1,0,27,0,257,0.620436,classic_shard_0_1000_per_fault.csv
508,6481,4,True,1,0,24,0,202,0.553205,classic_shard_0_1000_per_fault.csv
509,6483,4,False,2,61,164,0,1376,5.044835,classic_shard_0_1000_per_fault.csv
510,6486,4,True,1,0,27,0,258,0.618793,classic_shard_0_1000_per_fault.csv
511,6487,4,True,1,0,26,0,248,0.595222,classic_shard_0_1000_per_fault.csv
512,6490,3,True,1,0,38,0,274,0.879421,classic_shard_0_1000_per_fault.csv
513,6490,4,True,1,0,23,0,187,0.528399,classic_shard_0_1000_per_fault.csv
514,6491,3,True,1,0,67,0,516,1.550883,classic_shard_0_1000_per_fault.csv
515,6491,4,False,2,61,164,0,1378,5.060047,classic_shard_0_1000_per_fault.csv
516,6495,4,True,1,0,20,0,146,0.464408,classic_shard_0_1000_per_fault.csv
517,6496,4,True,1,0,20,0,145,0.467342,classic_shard_0_1000_per_fault.csv
518,6499,3,True,1,0,67,0,516,1.547456,classic_shard_0_1000_per_fault.csv
519,6499,4,True,1,0,20,0,145,0.462156,classic_shard_0_1000_per_fault.csv
520,6502,3,True,1,0,29,0,303,0.665018,classic_shard_0_1000_per_fault.csv
521,6504,4,True,1,0,31,0,216,0.718379,classic_shard_0_1000_per_fault.csv
522,6505,4,False,2,60,168,0,1244,5.115568,classic_shard_0_1000_per_fault.csv
523,6508,4,False,2,58,166,0,1273,5.012309,classic_shard_0_1000_per_fault.csv
524,6512,3,True,1,0,67,0,484,1.56118,classic_shard_0_1000_per_fault.csv
525,6514,4,False,2,55,169,0,1366,5.013106,classic_shard_0_1000_per_fault.csv
526,6515,3,True,1,0,39,0,207,0.906222,classic_shard_0_1000_per_fault.csv
527,6516,3,True,1,0,39,0,208,0.90167,classic_shard_0_1000_per_fault.csv
528,6518,3,True,1,0,37,0,269,0.855969,classic_shard_0_1000_per_fault.csv
529,6518,4,False,2,54,169,0,1233,5.00076,classic_shard_0_1000_per_fault.csv
530,6519,3,True,1,0,67,0,516,1.549768,classic_shard_0_1000_per_fault.csv
531,6519,4,False,2,60,170,0,1214,5.152141,classic_shard_0_1000_per_fault.csv
532,6523,3,True,1,0,6,0,10,0.13997,classic_shard_0_1000_per_fault.csv
533,6529,3,True,1,0,4,0,7,0.095513,classic_shard_0_1000_per_fault.csv
534,6531,4,True,1,0,6,0,17,0.144386,classic_shard_0_1000_per_fault.csv
535,6535,3,True,1,0,24,0,172,0.556796,classic_shard_0_1000_per_fault.csv
536,6535,4,True,1,0,22,0,158,0.514583,classic_shard_0_1000_per_fault.csv
537,6540,3,True,1,0,3,0,7,0.071548,classic_shard_0_1000_per_fault.csv
538,6546,3,True,1,0,6,0,15,0.140547,classic_shard_0_1000_per_fault.csv
539,6546,4,True,1,0,10,0,26,0.234054,classic_shard_0_1000_per_fault.csv
540,6549,3,True,1,6,66,0,391,1.707626,classic_shard_0_1000_per_fault.csv
541,6552,4,True,1,0,21,0,165,0.483937,classic_shard_0_1000_per_fault.csv
542,6553,3,True,1,0,49,0,273,1.146176,classic_shard_0_1000_per_fault.csv
543,6556,3,False,2,46,174,0,1428,5.000397,classic_shard_0_1000_per_fault.csv
544,6560,3,False,2,46,174,0,1252,5.022759,classic_shard_0_1000_per_fault.csv
545,6562,3,False,2,42,177,0,1407,5.02001,classic_shard_0_1000_per_fault.csv
546,6562,4,True,1,0,21,0,167,0.489665,classic_shard_0_1000_per_fault.csv
547,6566,3,False,2,52,164,0,1030,5.002546,classic_shard_0_1000_per_fault.csv
548,6568,3,False,2,46,174,0,1252,5.008819,classic_shard_0_1000_per_fault.csv
549,6570,4,True,1,0,21,0,167,0.484087,classic_shard_0_1000_per_fault.csv
550,6574,3,False,2,64,160,0,348,5.010399,classic_shard_0_1000_per_fault.csv
551,6585,4,True,1,0,28,0,203,0.662365,classic_shard_0_1000_per_fault.csv
552,6588,3,True,1,0,20,0,156,0.460556,classic_shard_0_1000_per_fault.csv
553,6588,4,True,1,0,22,0,167,0.506005,classic_shard_0_1000_per_fault.csv
554,6591,4,True,1,0,20,0,150,0.460506,classic_shard_0_1000_per_fault.csv
555,6594,3,True,1,0,38,0,237,0.883546,classic_shard_0_1000_per_fault.csv
556,6598,3,True,1,0,35,0,208,0.811346,classic_shard_0_1000_per_fault.csv
557,6600,4,True,1,0,22,0,203,0.505956,classic_shard_0_1000_per_fault.csv
558,6601,3,False,2,46,173,0,1432,5.01041,classic_shard_0_1000_per_fault.csv
559,6602,4,True,1,11,48,0,385,1.352204,classic_shard_0_1000_per_fault.csv
560,6603,4,True,1,0,21,0,171,0.487779,classic_shard_0_1000_per_fault.csv
561,6604,4,True,1,0,21,0,171,0.487751,classic_shard_0_1000_per_fault.csv
562,6607,4,True,1,0,21,0,171,0.488168,classic_shard_0_1000_per_fault.csv
563,6610,3,True,1,0,21,0,171,0.487185,classic_shard_0_1000_per_fault.csv
564,6615,3,False,2,55,172,0,657,5.021043,classic_shard_0_1000_per_fault.csv
565,6620,4,False,2,39,119,0,277,5.025298,classic_shard_0_1000_per_fault.csv
566,6621,3,True,1,0,6,0,14,0.147179,classic_shard_0_1000_per_fault.csv
567,6625,4,True,1,0,22,0,194,0.635334,classic_shard_0_1000_per_fault.csv
568,6626,4,True,1,0,22,0,194,0.726631,classic_shard_0_1000_per_fault.csv
569,6628,4,True,1,0,22,0,194,1.025975,classic_shard_0_1000_per_fault.csv
570,6630,4,True,1,0,22,0,194,0.998411,classic_shard_0_1000_per_fault.csv
571,6631,4,True,1,0,21,0,180,0.495991,classic_shard_0_1000_per_fault.csv
572,6635,3,False,2,42,164,0,1324,5.004465,classic_shard_0_1000_per_fault.csv
573,6637,3,True,1,10,60,0,432,1.617307,classic_shard_0_1000_per_fault.csv
574,6640,4,True,1,0,21,0,179,0.492653,classic_shard_0_1000_per_fault.csv
575,6641,3,False,2,57,158,0,1016,5.001474,classic_shard_0_1000_per_fault.csv
576,6641,4,True,1,0,21,0,179,0.48691,classic_shard_0_1000_per_fault.csv
577,6642,3,False,2,46,171,0,1413,5.038673,classic_shard_0_1000_per_fault.csv
578,6642,4,True,1,0,21,0,179,0.486197,classic_shard_0_1000_per_fault.csv
579,6644,3,True,1,0,34,0,216,0.814719,classic_shard_0_1000_per_fault.csv
580,6645,3,True,1,10,60,0,432,1.632169,classic_shard_0_1000_per_fault.csv
581,6646,4,True,1,0,21,0,179,0.488447,classic_shard_0_1000_per_fault.csv
582,6647,3,True,1,0,20,0,159,0.468209,classic_shard_0_1000_per_fault.csv
583,6648,3,True,1,0,19,0,151,0.439468,classic_shard_0_1000_per_fault.csv
584,6678,3,True,1,0,34,0,220,0.789159,classic_shard_0_1000_per_fault.csv
585,6681,3,True,1,0,11,0,43,0.25675,classic_shard_0_1000_per_fault.csv
586,6687,3,True,1,0,11,0,43,0.254886,classic_shard_0_1000_per_fault.csv
587,6688,4,True,1,0,11,0,34,0.25763,classic_shard_0_1000_per_fault.csv
588,6689,3,True,1,1,12,0,34,0.303114,classic_shard_0_1000_per_fault.csv
589,6692,3,True,1,0,22,0,100,0.512703,classic_shard_0_1000_per_fault.csv
590,6695,3,True,1,0,11,0,40,0.258384,classic_shard_0_1000_per_fault.csv
591,6698,3,True,1,0,9,0,24,0.211028,classic_shard_0_1000_per_fault.csv
592,6698,4,True,1,1,14,0,47,0.350376,classic_shard_0_1000_per_fault.csv
593,6704,3,True,1,0,11,0,43,0.255402,classic_shard_0_1000_per_fault.csv
594,6704,4,True,1,0,8,0,42,0.186128,classic_shard_0_1000_per_fault.csv
595,6715,3,True,1,0,78,0,574,1.817674,classic_shard_0_1000_per_fault.csv
596,6733,4,True,1,0,22,0,170,0.504361,classic_shard_0_1000_per_fault.csv
597,6736,4,True,1,0,48,0,373,1.125209,classic_shard_0_1000_per_fault.csv
598,6739,3,True,1,0,13,0,75,0.299432,classic_shard_0_1000_per_fault.csv
599,6757,4,True,1,0,38,0,300,0.872658,classic_shard_0_1000_per_fault.csv
600,6763,3,True,1,0,18,0,140,0.415297,classic_shard_0_1000_per_fault.csv
601,6763,4,True,1,0,18,0,141,0.413173,classic_shard_0_1000_per_fault.csv
602,6775,4,True,1,0,8,0,27,0.187441,classic_shard_0_1000_per_fault.csv
603,6778,3,True,1,0,7,0,20,0.164004,classic_shard_0_1000_per_fault.csv
604,6781,4,True,1,0,8,0,26,0.18727,classic_shard_0_1000_per_fault.csv
605,6813,4,True,1,0,3,0,4,0.071757,classic_shard_0_1000_per_fault.csv
606,6815,3,True,1,0,5,0,17,0.118744,classic_shard_0_1000_per_fault.csv
607,6818,4,True,1,0,3,0,4,0.07223,classic_shard_0_1000_per_fault.csv
608,6819,4,True,1,0,3,0,4,0.071884,classic_shard_0_1000_per_fault.csv
609,6822,3,True,1,0,5,0,17,0.117668,classic_shard_0_1000_per_fault.csv
610,6825,3,True,1,0,5,0,17,0.118541,classic_shard_0_1000_per_fault.csv
611,6826,3,True,1,0,5,0,17,0.118542,classic_shard_0_1000_per_fault.csv
612,6827,3,True,1,0,5,0,17,0.11809,classic_shard_0_1000_per_fault.csv
613,6830,4,True,1,0,3,0,4,0.071933,classic_shard_0_1000_per_fault.csv
614,6831,4,True,1,0,3,0,4,0.071878,classic_shard_0_1000_per_fault.csv
615,6832,3,True,1,0,5,0,17,0.11964,classic_shard_0_1000_per_fault.csv
616,6832,4,True,1,0,3,0,4,0.072024,classic_shard_0_1000_per_fault.csv
617,6833,4,True,1,0,3,0,4,0.071679,classic_shard_0_1000_per_fault.csv
618,6835,4,True,1,0,3,0,4,0.071727,classic_shard_0_1000_per_fault.csv
619,6840,3,True,1,0,5,0,17,0.118678,classic_shard_0_1000_per_fault.csv
620,6861,3,True,1,4,38,0,390,0.959488,classic_shard_0_1000_per_fault.csv
621,6865,3,True,1,0,5,0,10,0.118838,classic_shard_0_1000_per_fault.csv
622,6900,4,True,1,0,23,0,194,0.529595,classic_shard_0_1000_per_fault.csv
623,6902,3,True,1,0,24,0,200,0.555022,classic_shard_0_1000_per_fault.csv
624,6906,4,False,2,67,154,0,1305,5.019923,classic_shard_0_1000_per_fault.csv
625,6908,4,True,1,0,23,0,194,0.530714,classic_shard_0_1000_per_fault.csv
626,6914,3,False,2,60,140,0,1174,5.123145,classic_shard_0_1000_per_fault.csv
627,6914,4,False,2,46,114,0,967,5.029099,classic_shard_0_1000_per_fault.csv
628,6916,3,False,2,67,152,0,1277,5.017919,classic_shard_0_1000_per_fault.csv
629,6918,4,False,2,43,111,0,967,5.042802,classic_shard_0_1000_per_fault.csv
630,6921,4,False,2,55,136,0,1168,5.04494,classic_shard_0_1000_per_fault.csv
631,6923,4,False,2,67,153,0,1289,5.02141,classic_shard_0_1000_per_fault.csv
632,6925,3,True,1,0,24,0,200,0.555225,classic_shard_0_1000_per_fault.csv
633,6925,4,True,1,0,23,0,194,0.541608,classic_shard_0_1000_per_fault.csv
634,6927,3,True,1,0,24,0,200,0.556509,classic_shard_0_1000_per_fault.csv
635,6928,3,True,1,0,24,0,200,0.556797,classic_shard_0_1000_per_fault.csv
636,6928,4,True,1,0,23,0,194,0.531267,classic_shard_0_1000_per_fault.csv
637,6931,4,True,1,0,8,0,25,0.188977,classic_shard_0_1000_per_fault.csv
638,6932,4,True,1,0,5,0,15,0.119129,classic_shard_0_1000_per_fault.csv
639,6942,3,True,1,0,4,0,5,0.094929,classic_shard_0_1000_per_fault.csv
640,6945,3,True,1,0,3,0,7,0.071634,classic_shard_0_1000_per_fault.csv
641,6954,3,True,1,0,23,0,177,0.532163,classic_shard_0_1000_per_fault.csv
642,6954,4,True,1,0,31,0,233,0.718381,classic_shard_0_1000_per_fault.csv
643,6956,3,False,2,41,179,0,1513,5.000328,classic_shard_0_1000_per_fault.csv
644,6957,4,False,2,38,180,0,1468,5.00775,classic_shard_0_1000_per_fault.csv
645,6960,3,True,1,0,28,0,231,0.645495,classic_shard_0_1000_per_fault.csv
646,6961,4,False,2,55,163,0,1672,5.000467,classic_shard_0_1000_per_fault.csv
647,6965,4,False,2,51,135,0,1028,5.016125,classic_shard_0_1000_per_fault.csv
648,6967,3,False,2,58,161,0,1423,5.011575,classic_shard_0_1000_per_fault.csv
649,6968,4,False,2,58,161,0,1429,5.008162,classic_shard_0_1000_per_fault.csv
650,6972,4,False,2,55,165,0,1378,5.007824,classic_shard_0_1000_per_fault.csv
651,6974,3,False,2,56,166,0,1193,5.091159,classic_shard_0_1000_per_fault.csv
652,6977,3,True,1,24,83,0,483,2.406199,classic_shard_0_1000_per_fault.csv
653,6982,3,False,2,41,178,0,1511,5.018852,classic_shard_0_1000_per_fault.csv
654,6984,3,False,2,38,169,0,1489,5.036904,classic_shard_0_1000_per_fault.csv
655,6985,4,False,2,26,159,0,1491,5.003562,classic_shard_0_1000_per_fault.csv
656,6994,4,False,2,56,158,0,1079,5.019235,classic_shard_0_1000_per_fault.csv
657,6997,3,False,2,43,178,0,869,5.026177,classic_shard_0_1000_per_fault.csv
658,6998,4,True,1,25,84,0,532,2.455136,classic_shard_0_1000_per_fault.csv
659,6999,4,True,1,26,85,0,521,2.494351,classic_shard_0_1000_per_fault.csv
660,7001,4,True,1,28,87,0,502,2.651248,classic_shard_0_1000_per_fault.csv
661,7002,4,True,1,29,88,0,494,2.658989,classic_shard_0_1000_per_fault.csv
662,7005,3,False,2,46,179,0,869,5.084333,classic_shard_0_1000_per_fault.csv
663,7005,4,True,1,24,80,0,510,2.817849,classic_shard_0_1000_per_fault.csv
664,7006,3,False,2,42,181,0,1101,5.110435,classic_shard_0_1000_per_fault.csv
665,7010,4,True,1,24,80,0,494,3.799749,classic_shard_0_1000_per_fault.csv
666,7011,4,True,1,25,81,0,487,2.492669,classic_shard_0_1000_per_fault.csv
667,7014,3,False,2,36,179,0,1101,5.006256,classic_shard_0_1000_per_fault.csv
668,7016,3,False,2,6,124,0,785,5.017694,classic_shard_0_1000_per_fault.csv
669,7016,4,True,1,27,85,0,491,2.49722,classic_shard_0_1000_per_fault.csv
670,7019,3,False,2,52,173,0,432,5.000377,classic_shard_0_1000_per_fault.csv
671,7020,4,True,1,31,89,0,461,2.717168,classic_shard_0_1000_per_fault.csv
672,7021,4,False,2,49,168,0,1129,5.050895,classic_shard_0_1000_per_fault.csv
673,7023,3,False,2,43,180,0,972,5.018434,classic_shard_0_1000_per_fault.csv
674,7024,4,False,2,41,185,0,1162,5.021596,classic_shard_0_1000_per_fault.csv
675,7027,4,False,2,58,164,0,986,5.020343,classic_shard_0_1000_per_fault.csv
676,7028,3,False,2,34,191,0,1068,5.00781,classic_shard_0_1000_per_fault.csv
677,7030,3,False,2,27,162,0,1014,5.027885,classic_shard_0_1000_per_fault.csv
678,7031,3,False,2,43,174,0,938,5.149468,classic_shard_0_1000_per_fault.csv
679,7033,3,False,2,49,163,0,936,5.036208,classic_shard_0_1000_per_fault.csv
680,7041,4,True,1,3,40,0,264,1.036708,classic_shard_0_1000_per_fault.csv
681,7042,3,True,1,2,57,0,343,1.439323,classic_shard_0_1000_per_fault.csv
682,7044,3,True,1,7,68,0,377,1.717057,classic_shard_0_1000_per_fault.csv
683,7047,3,False,2,35,181,0,1598,5.001456,classic_shard_0_1000_per_fault.csv
684,7048,4,True,1,3,51,0,398,1.211757,classic_shard_0_1000_per_fault.csv
685,7051,3,False,2,50,176,0,623,5.029056,classic_shard_0_1000_per_fault.csv
686,7052,4,False,2,53,174,0,500,5.013778,classic_shard_0_1000_per_fault.csv
687,7056,3,False,2,42,181,0,1512,5.004484,classic_shard_0_1000_per_fault.csv
688,7057,3,True,1,9,60,0,465,1.547258,classic_shard_0_1000_per_fault.csv
689,7060,4,False,2,49,175,0,1785,5.040929,classic_shard_0_1000_per_fault.csv
690,7068,3,True,1,0,12,0,40,0.274421,classic_shard_0_1000_per_fault.csv
691,7069,4,True,1,0,14,0,51,0.323181,classic_shard_0_1000_per_fault.csv
692,7070,4,True,1,0,14,0,46,0.322756,classic_shard_0_1000_per_fault.csv
693,7071,3,False,2,61,132,0,1546,5.02107,classic_shard_0_1000_per_fault.csv
694,7071,4,True,1,0,22,0,138,0.687555,classic_shard_0_1000_per_fault.csv
695,7080,3,True,1,0,12,0,40,0.407582,classic_shard_0_1000_per_fault.csv
696,7081,4,True,1,0,14,0,52,0.365605,classic_shard_0_1000_per_fault.csv
697,7083,3,True,1,0,13,0,55,0.302851,classic_shard_0_1000_per_fault.csv
698,7097,3,True,1,5,24,0,91,0.768681,classic_shard_0_1000_per_fault.csv
699,7099,3,True,1,0,8,0,34,0.236164,classic_shard_0_1000_per_fault.csv
700,7100,4,True,1,0,5,0,16,0.122587,classic_shard_0_1000_per_fault.csv
701,7142,3,True,1,0,28,0,222,0.643713,classic_shard_0_1000_per_fault.csv
702,7142,4,True,1,0,27,0,216,0.620357,classic_shard_0_1000_per_fault.csv
703,7145,3,True,1,0,28,0,222,0.644058,classic_shard_0_1000_per_fault.csv
704,7148,3,False,2,66,155,0,1671,5.00282,classic_shard_0_1000_per_fault.csv
705,7156,3,True,1,0,28,0,222,0.639977,classic_shard_0_1000_per_fault.csv
706,7157,3,False,2,66,156,0,1695,5.011857,classic_shard_0_1000_per_fault.csv
707,7159,4,False,2,66,156,0,1703,5.013289,classic_shard_0_1000_per_fault.csv
708,7162,4,True,1,0,27,0,216,0.616129,classic_shard_0_1000_per_fault.csv
709,7166,3,True,1,0,28,0,222,0.639504,classic_shard_0_1000_per_fault.csv
710,7167,3,True,1,0,28,0,222,0.638715,classic_shard_0_1000_per_fault.csv
711,7168,4,True,1,0,8,0,25,0.183758,classic_shard_0_1000_per_fault.csv
712,7172,4,True,1,0,5,0,15,0.115417,classic_shard_0_1000_per_fault.csv
713,7173,3,True,1,0,6,0,16,0.138965,classic_shard_0_1000_per_fault.csv
714,7177,4,True,1,0,35,0,158,0.80914,classic_shard_0_1000_per_fault.csv
715,7182,3,True,1,0,3,0,7,0.070332,classic_shard_0_1000_per_fault.csv
716,7185,3,True,1,0,3,0,7,0.06921,classic_shard_0_1000_per_fault.csv
717,7185,4,True,1,0,4,0,8,0.092018,classic_shard_0_1000_per_fault.csv
718,7189,4,True,1,0,5,0,11,0.116249,classic_shard_0_1000_per_fault.csv
719,7194,4,True,1,0,4,0,7,0.091835,classic_shard_0_1000_per_fault.csv
720,7208,3,True,1,0,9,0,16,0.204798,classic_shard_0_1000_per_fault.csv
721,7208,4,True,1,0,9,0,19,0.207346,classic_shard_0_1000_per_fault.csv
722,7209,3,True,1,0,5,0,24,0.123057,classic_shard_0_1000_per_fault.csv
723,7214,4,True,1,0,11,0,34,0.255261,classic_shard_0_1000_per_fault.csv
724,7218,4,True,1,0,10,0,32,0.226761,classic_shard_0_1000_per_fault.csv
725,7219,3,True,1,1,17,0,162,0.403792,classic_shard_0_1000_per_fault.csv
726,7223,3,True,1,0,40,0,212,0.907633,classic_shard_0_1000_per_fault.csv
727,7223,4,False,2,60,168,0,1254,5.046188,classic_shard_0_1000_per_fault.csv
728,7224,3,True,1,0,37,0,267,0.833127,classic_shard_0_1000_per_fault.csv
729,7225,3,True,1,0,39,0,207,0.880104,classic_shard_0_1000_per_fault.csv
730,7226,4,False,2,58,171,0,1302,5.008341,classic_shard_0_1000_per_fault.csv
731,7227,3,False,2,50,176,0,885,5.015193,classic_shard_0_1000_per_fault.csv
732,7227,4,False,2,56,174,0,1255,5.015307,classic_shard_0_1000_per_fault.csv
733,7231,4,False,2,60,169,0,1277,5.005095,classic_shard_0_1000_per_fault.csv
734,7232,3,True,1,0,37,0,267,0.831657,classic_shard_0_1000_per_fault.csv
735,7238,3,True,1,0,67,0,484,1.510774,classic_shard_0_1000_per_fault.csv
736,7239,3,False,2,49,181,0,716,5.008272,classic_shard_0_1000_per_fault.csv
737,7245,3,True,1,0,37,0,172,0.836163,classic_shard_0_1000_per_fault.csv
738,7250,4,True,1,0,26,0,203,0.578965,classic_shard_0_1000_per_fault.csv
739,7252,4,False,2,50,181,0,641,5.002515,classic_shard_0_1000_per_fault.csv
740,7253,3,True,1,0,37,0,172,0.84333,classic_shard_0_1000_per_fault.csv
741,7255,4,False,2,60,170,0,1282,5.007585,classic_shard_0_1000_per_fault.csv
742,7260,3,True,1,0,67,0,520,1.508044,classic_shard_0_1000_per_fault.csv
743,7263,3,True,1,0,37,0,271,0.832195,classic_shard_0_1000_per_fault.csv
744,7264,4,False,2,61,167,0,1346,5.017253,classic_shard_0_1000_per_fault.csv
745,7270,4,False,2,56,175,0,681,5.018667,classic_shard_0_1000_per_fault.csv
746,7271,4,True,1,0,26,0,206,0.581366,classic_shard_0_1000_per_fault.csv
747,7273,4,True,1,0,24,0,180,0.544207,classic_shard_0_1000_per_fault.csv
748,7276,3,True,1,0,37,0,168,0.834605,classic_shard_0_1000_per_fault.csv
749,7278,4,False,2,56,175,0,680,5.064674,classic_shard_0_1000_per_fault.csv
750,7282,4,True,1,0,25,0,166,0.562059,classic_shard_0_1000_per_fault.csv
751,7284,3,True,1,0,37,0,168,0.835289,classic_shard_0_1000_per_fault.csv
752,7284,4,True,1,0,22,0,136,0.494104,classic_shard_0_1000_per_fault.csv
753,7285,3,False,2,55,174,0,472,5.054448,classic_shard_0_1000_per_fault.csv
754,7286,3,True,1,0,40,0,212,0.909881,classic_shard_0_1000_per_fault.csv
755,7288,3,True,1,0,39,0,207,0.882695,classic_shard_0_1000_per_fault.csv
756,7289,3,False,2,50,175,0,876,5.008167,classic_shard_0_1000_per_fault.csv
757,7289,4,True,1,56,151,0,1266,4.518862,classic_shard_0_1000_per_fault.csv
758,7291,4,False,2,67,169,0,1265,5.153256,classic_shard_0_1000_per_fault.csv
759,7292,3,True,1,0,67,0,484,1.516164,classic_shard_0_1000_per_fault.csv
760,7293,3,True,1,0,39,0,208,0.88995,classic_shard_0_1000_per_fault.csv
761,7295,4,False,2,56,171,0,1363,5.011354,classic_shard_0_1000_per_fault.csv
762,7297,3,True,1,0,38,0,222,0.865882,classic_shard_0_1000_per_fault.csv
763,7298,3,False,2,50,176,0,885,5.003548,classic_shard_0_1000_per_fault.csv
764,7298,4,False,2,57,170,0,1210,5.01017,classic_shard_0_1000_per_fault.csv
765,7300,3,True,1,0,67,0,516,1.501522,classic_shard_0_1000_per_fault.csv
766,7305,4,True,1,0,24,0,180,0.532948,classic_shard_0_1000_per_fault.csv
767,7307,4,False,2,50,177,0,618,5.124899,classic_shard_0_1000_per_fault.csv
768,7308,3,True,1,0,37,0,168,0.841813,classic_shard_0_1000_per_fault.csv
769,7313,3,False,2,40,188,0,712,5.008287,classic_shard_0_1000_per_fault.csv
770,7313,4,True,1,0,24,0,181,0.532684,classic_shard_0_1000_per_fault.csv
771,7316,3,True,1,0,37,0,168,0.82935,classic_shard_0_1000_per_fault.csv
772,7322,3,False,2,50,178,0,902,5.021031,classic_shard_0_1000_per_fault.csv
773,7329,3,True,1,0,38,0,222,0.850192,classic_shard_0_1000_per_fault.csv
774,7330,4,False,2,57,175,0,1244,5.021398,classic_shard_0_1000_per_fault.csv
775,7337,3,True,1,0,28,0,138,0.62142,classic_shard_0_1000_per_fault.csv
776,7337,4,False,2,67,166,0,499,5.050433,classic_shard_0_1000_per_fault.csv
777,7338,3,True,1,0,50,0,99,1.097702,classic_shard_0_1000_per_fault.csv
778,7340,3,True,1,0,39,0,212,0.87763,classic_shard_0_1000_per_fault.csv
779,7342,3,True,1,0,40,0,217,0.896957,classic_shard_0_1000_per_fault.csv
780,7342,4,True,1,0,26,0,254,0.577569,classic_shard_0_1000_per_fault.csv
781,7343,4,True,1,0,24,0,210,0.536207,classic_shard_0_1000_per_fault.csv
782,7344,3,True,1,0,38,0,278,0.853626,classic_shard_0_1000_per_fault.csv
783,7345,3,True,1,0,67,0,520,1.502698,classic_shard_0_1000_per_fault.csv
784,7348,4,True,1,0,30,0,275,0.666352,classic_shard_0_1000_per_fault.csv
785,7351,3,False,2,40,191,0,711,5.017657,classic_shard_0_1000_per_fault.csv
786,7352,3,True,1,0,37,0,168,0.829191,classic_shard_0_1000_per_fault.csv
787,7353,4,True,1,0,25,0,209,0.558866,classic_shard_0_1000_per_fault.csv
788,7354,4,True,1,0,28,0,249,0.626069,classic_shard_0_1000_per_fault.csv
789,7355,4,False,2,54,174,0,680,5.006137,classic_shard_0_1000_per_fault.csv
790,7357,3,False,2,52,178,0,654,5.136279,classic_shard_0_1000_per_fault.csv
791,7357,4,True,1,0,23,0,165,0.520812,classic_shard_0_1000_per_fault.csv
792,7359,3,False,2,56,170,0,678,5.01633,classic_shard_0_1000_per_fault.csv
793,7360,3,False,2,40,188,0,705,5.0822,classic_shard_0_1000_per_fault.csv
794,7365,3,True,1,0,14,0,49,0.318487,classic_shard_0_1000_per_fault.csv
795,7373,3,True,1,0,22,0,112,0.507905,classic_shard_0_1000_per_fault.csv
796,7374,3,True,1,0,22,0,179,0.495888,classic_shard_0_1000_per_fault.csv
797,7377,4,True,1,0,24,0,180,0.542079,classic_shard_0_1000_per_fault.csv
798,7381,4,True,1,0,22,0,136,0.496939,classic_shard_0_1000_per_fault.csv
799,7383,4,False,2,54,173,0,680,5.000817,classic_shard_0_1000_per_fault.csv
800,7387,4,True,1,0,25,0,166,0.561971,classic_shard_0_1000_per_fault.csv
801,7394,4,True,1,0,25,0,226,0.563309,classic_shard_0_1000_per_fault.csv
802,7396,3,True,1,0,38,0,278,0.859756,classic_shard_0_1000_per_fault.csv
803,7399,3,True,1,0,40,0,215,0.909064,classic_shard_0_1000_per_fault.csv
804,7399,4,True,1,0,25,0,227,0.56186,classic_shard_0_1000_per_fault.csv
805,7401,3,True,1,0,38,0,272,0.910329,classic_shard_0_1000_per_fault.csv
806,7404,4,True,1,0,27,0,278,0.612388,classic_shard_0_1000_per_fault.csv
807,7405,3,True,1,0,38,0,274,0.861273,classic_shard_0_1000_per_fault.csv
808,7408,4,True,1,0,30,0,334,0.675926,classic_shard_0_1000_per_fault.csv
809,7411,3,True,1,0,40,0,215,0.908818,classic_shard_0_1000_per_fault.csv
810,7414,4,True,1,27,95,0,901,2.687022,classic_shard_0_1000_per_fault.csv
811,7415,4,True,1,31,102,0,890,2.990645,classic_shard_0_1000_per_fault.csv
812,7416,4,True,1,0,30,0,334,0.665045,classic_shard_0_1000_per_fault.csv
813,7419,4,True,1,0,27,0,274,0.603161,classic_shard_0_1000_per_fault.csv
814,7423,3,True,1,0,68,0,488,1.584944,classic_shard_0_1000_per_fault.csv
815,7424,3,True,1,0,39,0,208,0.881507,classic_shard_0_1000_per_fault.csv
816,7426,3,True,1,0,40,0,213,0.900918,classic_shard_0_1000_per_fault.csv
817,7427,4,True,1,0,25,0,232,0.55516,classic_shard_0_1000_per_fault.csv
818,7429,4,False,2,60,161,0,1513,5.040088,classic_shard_0_1000_per_fault.csv
819,7430,3,True,1,0,68,0,488,1.556201,classic_shard_0_1000_per_fault.csv
820,7430,4,False,2,64,167,0,1309,5.037275,classic_shard_0_1000_per_fault.csv
821,7431,3,True,1,0,40,0,215,0.898528,classic_shard_0_1000_per_fault.csv
822,7431,4,True,1,0,26,0,252,0.575681,classic_shard_0_1000_per_fault.csv
823,7434,3,True,1,0,39,0,207,0.881327,classic_shard_0_1000_per_fault.csv
824,7434,4,True,1,0,19,0,143,0.428287,classic_shard_0_1000_per_fault.csv
825,7440,4,False,2,60,168,0,1243,5.037089,classic_shard_0_1000_per_fault.csv
826,7445,4,False,2,67,174,0,1256,5.248616,classic_shard_0_1000_per_fault.csv
827,7450,3,True,1,0,3,0,4,0.067338,classic_shard_0_1000_per_fault.csv
828,7451,4,True,1,0,3,0,6,0.067403,classic_shard_0_1000_per_fault.csv
829,7455,4,True,1,0,2,0,1,0.044584,classic_shard_0_1000_per_fault.csv
830,7456,3,True,1,0,4,0,9,0.090833,classic_shard_0_1000_per_fault.csv
831,7457,3,True,1,0,4,0,9,0.095583,classic_shard_0_1000_per_fault.csv
832,7458,4,True,1,0,2,0,1,0.045477,classic_shard_0_1000_per_fault.csv
833,7460,3,True,1,0,4,0,9,0.090151,classic_shard_0_1000_per_fault.csv
834,7460,4,True,1,0,2,0,1,0.045157,classic_shard_0_1000_per_fault.csv
835,7461,3,True,1,0,4,0,9,0.089991,classic_shard_0_1000_per_fault.csv
836,7463,3,True,1,0,4,0,9,0.090047,classic_shard_0_1000_per_fault.csv
837,7463,4,True,1,0,2,0,1,0.04495,classic_shard_0_1000_per_fault.csv
838,7464,4,True,1,0,2,0,1,0.044718,classic_shard_0_1000_per_fault.csv
839,7465,4,True,1,0,2,0,1,0.046026,classic_shard_0_1000_per_fault.csv
840,7467,4,True,1,0,2,0,1,0.046111,classic_shard_0_1000_per_fault.csv
841,7469,4,True,1,0,2,0,1,0.045125,classic_shard_0_1000_per_fault.csv
842,7472,3,True,1,0,4,0,9,0.089588,classic_shard_0_1000_per_fault.csv
843,7472,4,True,1,0,2,0,1,0.046458,classic_shard_0_1000_per_fault.csv
844,7473,4,True,1,0,2,0,1,0.044541,classic_shard_0_1000_per_fault.csv
845,7476,4,True,1,0,2,0,1,0.045834,classic_shard_0_1000_per_fault.csv
846,7478,3,True,1,0,4,0,9,0.090349,classic_shard_0_1000_per_fault.csv
847,7478,4,True,1,0,2,0,1,0.044698,classic_shard_0_1000_per_fault.csv
848,7481,4,True,1,0,2,0,1,0.045061,classic_shard_0_1000_per_fault.csv
849,7484,3,True,1,0,4,0,4,0.090028,classic_shard_0_1000_per_fault.csv
850,7484,4,True,1,0,4,0,9,0.090217,classic_shard_0_1000_per_fault.csv
851,7486,4,True,1,0,4,0,10,0.090067,classic_shard_0_1000_per_fault.csv
852,7553,4,True,1,0,9,0,33,0.202696,classic_shard_0_1000_per_fault.csv
853,7559,4,True,1,0,9,0,33,0.203494,classic_shard_0_1000_per_fault.csv
854,7561,4,True,1,0,8,0,41,0.17932,classic_shard_0_1000_per_fault.csv
855,7563,4,True,1,0,8,0,42,0.179798,classic_shard_0_1000_per_fault.csv
856,7564,4,True,1,11,48,0,383,1.305262,classic_shard_0_1000_per_fault.csv
857,7565,3,True,1,6,66,0,391,1.613808,classic_shard_0_1000_per_fault.csv
858,7566,3,False,2,55,168,0,1054,5.02014,classic_shard_0_1000_per_fault.csv
859,7567,3,False,2,50,177,0,1313,5.01275,classic_shard_0_1000_per_fault.csv
860,7569,4,True,1,0,24,0,216,0.53096,classic_shard_0_1000_per_fault.csv
861,7571,4,True,1,0,24,0,215,0.532937,classic_shard_0_1000_per_fault.csv
862,7573,3,True,1,6,66,0,391,1.614342,classic_shard_0_1000_per_fault.csv
863,7576,4,True,1,0,23,0,198,0.509706,classic_shard_0_1000_per_fault.csv
864,7579,3,True,1,47,132,0,425,3.919262,classic_shard_0_1000_per_fault.csv
865,7581,3,True,1,6,66,0,391,1.611486,classic_shard_0_1000_per_fault.csv
866,7581,4,True,1,11,49,0,397,1.31782,classic_shard_0_1000_per_fault.csv
867,7582,4,True,1,0,23,0,198,0.527734,classic_shard_0_1000_per_fault.csv
868,7589,3,True,1,6,66,0,391,1.627927,classic_shard_0_1000_per_fault.csv
869,7589,4,True,1,11,48,0,384,1.306503,classic_shard_0_1000_per_fault.csv
870,7591,3,False,2,50,176,0,1300,5.025069,classic_shard_0_1000_per_fault.csv
871,7592,3,False,2,50,178,0,1280,5.018369,classic_shard_0_1000_per_fault.csv
872,7592,4,True,1,0,22,0,184,0.487672,classic_shard_0_1000_per_fault.csv
873,7595,4,True,1,0,22,0,183,0.487594,classic_shard_0_1000_per_fault.csv
874,7598,4,True,1,0,15,0,63,0.333753,classic_shard_0_1000_per_fault.csv
875,7600,3,True,1,0,26,0,68,0.588354,classic_shard_0_1000_per_fault.csv
876,7600,4,True,1,0,15,0,63,0.336499,classic_shard_0_1000_per_fault.csv
877,7601,4,True,1,0,20,0,150,0.443825,classic_shard_0_1000_per_fault.csv
878,7602,4,True,1,0,22,0,210,0.488442,classic_shard_0_1000_per_fault.csv
879,7604,4,True,1,0,21,0,178,0.463043,classic_shard_0_1000_per_fault.csv
880,7606,3,False,2,64,169,0,1094,5.016324,classic_shard_0_1000_per_fault.csv
881,7607,3,False,2,51,184,0,1516,5.018205,classic_shard_0_1000_per_fault.csv
882,7611,3,True,1,10,60,0,432,1.4983,classic_shard_0_1000_per_fault.csv
883,7612,3,False,2,51,182,0,1485,5.000489,classic_shard_0_1000_per_fault.csv
884,7616,4,True,1,0,20,0,166,0.42811,classic_shard_0_1000_per_fault.csv
885,7617,4,True,1,0,20,0,166,0.42889,classic_shard_0_1000_per_fault.csv
886,7620,4,True,1,1,23,0,173,0.515905,classic_shard_0_1000_per_fault.csv
887,7624,3,False,2,51,184,0,1468,5.018065,classic_shard_0_1000_per_fault.csv
888,7625,3,True,1,0,34,0,216,0.7349,classic_shard_0_1000_per_fault.csv
889,7626,3,True,1,10,60,0,432,1.495405,classic_shard_0_1000_per_fault.csv
890,7635,4,True,1,1,23,0,172,0.518895,classic_shard_0_1000_per_fault.csv
891,7638,4,True,1,0,27,0,188,0.58279,classic_shard_0_1000_per_fault.csv
892,7640,4,True,1,0,15,0,99,0.32172,classic_shard_0_1000_per_fault.csv
893,7641,4,True,1,0,28,0,203,0.605949,classic_shard_0_1000_per_fault.csv
894,7642,3,True,1,1,23,0,167,0.518754,classic_shard_0_1000_per_fault.csv
895,7643,4,True,1,0,28,0,203,0.605447,classic_shard_0_1000_per_fault.csv
896,7645,3,True,1,0,20,0,162,0.429714,classic_shard_0_1000_per_fault.csv
897,7671,3,False,2,51,183,0,1324,5.010996,classic_shard_0_1000_per_fault.csv
898,7672,3,True,1,0,49,0,273,1.070877,classic_shard_0_1000_per_fault.csv
899,7673,4,True,1,0,20,0,162,0.429961,classic_shard_0_1000_per_fault.csv
900,7675,4,True,1,11,48,0,371,1.267836,classic_shard_0_1000_per_fault.csv
901,7676,3,True,1,6,66,0,391,1.567062,classic_shard_0_1000_per_fault.csv
902,7677,4,True,1,0,22,0,172,0.47705,classic_shard_0_1000_per_fault.csv
903,7700,4,True,1,11,48,0,385,1.264324,classic_shard_0_1000_per_fault.csv
904,7701,4,True,1,11,48,0,385,1.262936,classic_shard_0_1000_per_fault.csv
905,7702,3,False,2,57,173,0,1080,5.013356,classic_shard_0_1000_per_fault.csv
906,7704,3,False,2,51,183,0,1324,5.01772,classic_shard_0_1000_per_fault.csv
907,7705,4,True,1,0,21,0,171,0.451397,classic_shard_0_1000_per_fault.csv
908,7706,3,False,2,46,188,0,1474,5.002287,classic_shard_0_1000_per_fault.csv
909,7706,4,True,1,0,21,0,171,0.450203,classic_shard_0_1000_per_fault.csv
910,7710,3,False,2,57,173,0,1080,5.00376,classic_shard_0_1000_per_fault.csv
911,7710,4,True,1,0,23,0,185,0.49479,classic_shard_0_1000_per_fault.csv
912,7712,4,True,1,0,23,0,185,0.496815,classic_shard_0_1000_per_fault.csv
913,7715,4,True,1,0,23,0,184,0.495784,classic_shard_0_1000_per_fault.csv
914,7721,4,True,1,0,20,0,164,0.431467,classic_shard_0_1000_per_fault.csv
915,7722,3,False,2,51,183,0,1516,5.009216,classic_shard_0_1000_per_fault.csv
916,7724,3,True,1,0,34,0,216,0.743648,classic_shard_0_1000_per_fault.csv
917,7725,4,True,1,0,20,0,164,0.431827,classic_shard_0_1000_per_fault.csv
918,7730,4,True,1,0,19,0,156,0.408022,classic_shard_0_1000_per_fault.csv
919,7732,3,True,1,0,34,0,216,0.739523,classic_shard_0_1000_per_fault.csv
920,7734,3,True,1,10,60,0,432,1.502755,classic_shard_0_1000_per_fault.csv
921,7739,4,True,1,1,26,0,225,0.582905,classic_shard_0_1000_per_fault.csv
922,7745,3,False,2,64,169,0,1094,5.016141,classic_shard_0_1000_per_fault.csv
923,7746,4,True,1,1,25,0,207,0.558809,classic_shard_0_1000_per_fault.csv
924,7748,3,True,1,0,34,0,216,0.739738,classic_shard_0_1000_per_fault.csv
925,7750,4,True,1,1,25,0,207,0.562056,classic_shard_0_1000_per_fault.csv
926,7755,3,True,1,0,36,0,228,0.782376,classic_shard_0_1000_per_fault.csv
927,7759,3,True,1,0,26,0,68,0.570891,classic_shard_0_1000_per_fault.csv
928,7759,4,True,1,0,15,0,61,0.325175,classic_shard_0_1000_per_fault.csv
929,7760,3,True,1,0,35,0,208,0.760391,classic_shard_0_1000_per_fault.csv
930,7766,4,True,1,0,23,0,190,0.49484,classic_shard_0_1000_per_fault.csv
931,7776,3,True,1,0,11,0,37,0.238055,classic_shard_0_1000_per_fault.csv
932,7778,3,True,1,0,8,0,25,0.173162,classic_shard_0_1000_per_fault.csv
933,7779,4,True,1,0,11,0,39,0.239236,classic_shard_0_1000_per_fault.csv
934,7781,4,True,1,0,9,0,33,0.194043,classic_shard_0_1000_per_fault.csv
935,7784,3,True,1,0,9,0,29,0.194721,classic_shard_0_1000_per_fault.csv
936,7784,4,True,1,0,9,0,29,0.195663,classic_shard_0_1000_per_fault.csv
937,7785,4,True,1,0,8,0,24,0.172909,classic_shard_0_1000_per_fault.csv
938,7786,4,True,1,0,12,0,46,0.25985,classic_shard_0_1000_per_fault.csv
939,7787,3,True,1,0,9,0,22,0.193605,classic_shard_0_1000_per_fault.csv
940,7788,3,True,1,0,8,0,21,0.172325,classic_shard_0_1000_per_fault.csv
941,7789,3,True,1,0,22,0,97,0.471491,classic_shard_0_1000_per_fault.csv
942,7789,4,True,1,0,22,0,92,0.473343,classic_shard_0_1000_per_fault.csv
943,7791,3,True,1,0,22,0,108,0.475294,classic_shard_0_1000_per_fault.csv
944,7836,3,True,1,0,5,0,12,0.108377,classic_shard_0_1000_per_fault.csv
945,7857,4,True,1,2,28,0,232,0.650094,classic_shard_0_1000_per_fault.csv
946,7862,3,True,1,4,36,0,373,0.858855,classic_shard_0_1000_per_fault.csv
947,7872,3,True,1,0,4,0,9,0.088619,classic_shard_0_1000_per_fault.csv
948,7873,3,True,1,0,4,0,9,0.085674,classic_shard_0_1000_per_fault.csv
949,7874,3,True,1,0,4,0,9,0.085596,classic_shard_0_1000_per_fault.csv
950,7874,4,True,1,0,2,0,1,0.041959,classic_shard_0_1000_per_fault.csv
951,7880,4,True,1,0,2,0,1,0.042253,classic_shard_0_1000_per_fault.csv
952,7884,4,True,1,0,2,0,1,0.043073,classic_shard_0_1000_per_fault.csv
953,7885,4,True,1,0,2,0,1,0.042448,classic_shard_0_1000_per_fault.csv
954,7886,3,True,1,0,4,0,9,0.086933,classic_shard_0_1000_per_fault.csv
955,7886,4,True,1,0,2,0,1,0.042563,classic_shard_0_1000_per_fault.csv
956,7888,4,True,1,0,2,0,1,0.042385,classic_shard_0_1000_per_fault.csv
957,7889,3,True,1,0,4,0,9,0.086199,classic_shard_0_1000_per_fault.csv
958,7890,4,True,1,0,2,0,1,0.042881,classic_shard_0_1000_per_fault.csv
959,7891,4,True,1,0,2,0,1,0.042761,classic_shard_0_1000_per_fault.csv
960,7898,3,True,1,0,4,0,9,0.087482,classic_shard_0_1000_per_fault.csv
961,7970,3,True,1,0,29,0,175,0.626697,classic_shard_0_1000_per_fault.csv
962,7971,3,False,2,63,176,0,537,5.013962,classic_shard_0_1000_per_fault.csv
963,7974,4,False,2,69,169,0,524,5.000924,classic_shard_0_1000_per_fault.csv
964,7976,3,True,1,0,27,0,137,0.580172,classic_shard_0_1000_per_fault.csv
965,7982,4,True,1,0,23,0,114,0.494569,classic_shard_0_1000_per_fault.csv
966,7983,3,True,1,0,32,0,163,0.688859,classic_shard_0_1000_per_fault.csv
967,7983,4,True,1,0,18,0,90,0.383848,classic_shard_0_1000_per_fault.csv
968,7986,4,True,1,0,17,0,72,0.363246,classic_shard_0_1000_per_fault.csv
969,7990,3,True,1,0,60,0,626,1.283072,classic_shard_0_1000_per_fault.csv
970,7991,4,False,2,59,180,0,386,5.013651,classic_shard_0_1000_per_fault.csv
971,7993,4,True,1,0,19,0,157,0.400884,classic_shard_0_1000_per_fault.csv
972,7994,3,True,1,0,20,0,128,0.419688,classic_shard_0_1000_per_fault.csv
973,7995,3,True,1,0,34,0,246,0.717898,classic_shard_0_1000_per_fault.csv
974,7998,4,True,1,0,23,0,205,0.480787,classic_shard_0_1000_per_fault.csv
975,7999,3,True,1,0,24,0,146,0.500125,classic_shard_0_1000_per_fault.csv
976,8000,4,True,1,0,46,0,271,0.968155,classic_shard_0_1000_per_fault.csv
977,8006,4,True,1,3,41,0,285,0.916688,classic_shard_0_1000_per_fault.csv
978,8009,3,True,1,7,68,0,377,1.566082,classic_shard_0_1000_per_fault.csv
979,8009,4,False,2,61,185,0,497,5.012447,classic_shard_0_1000_per_fault.csv
980,8014,3,False,2,50,186,0,587,5.032421,classic_shard_0_1000_per_fault.csv
981,8016,4,False,2,61,182,0,489,5.011499,classic_shard_0_1000_per_fault.csv
982,8018,3,False,2,62,182,0,533,5.016665,classic_shard_0_1000_per_fault.csv
983,8021,3,False,2,49,193,0,1554,5.035856,classic_shard_0_1000_per_fault.csv
984,8023,3,False,2,62,177,0,1712,5.016593,classic_shard_0_1000_per_fault.csv
985,8023,4,False,2,64,177,0,1706,5.030469,classic_shard_0_1000_per_fault.csv
986,8027,4,False,2,68,173,0,1383,5.016629,classic_shard_0_1000_per_fault.csv
987,8029,3,False,2,60,180,0,1281,5.016382,classic_shard_0_1000_per_fault.csv
988,8030,3,False,2,51,192,0,939,5.000677,classic_shard_0_1000_per_fault.csv
989,8031,3,False,2,45,199,0,1213,5.00027,classic_shard_0_1000_per_fault.csv
990,8038,3,False,2,51,191,0,939,5.000062,classic_shard_0_1000_per_fault.csv
991,8040,4,False,2,60,183,0,1256,5.051074,classic_shard_0_1000_per_fault.csv
992,8041,4,False,2,46,197,0,1235,5.008478,classic_shard_0_1000_per_fault.csv
993,8045,3,False,2,43,204,0,1140,5.125749,classic_shard_0_1000_per_fault.csv
994,8046,4,True,1,24,83,0,545,2.226206,classic_shard_0_1000_per_fault.csv
995,8051,4,True,1,29,88,0,495,2.416356,classic_shard_0_1000_per_fault.csv
996,8054,3,False,2,51,190,0,925,5.010765,classic_shard_0_1000_per_fault.csv
997,8055,4,True,1,15,65,0,435,1.659317,classic_shard_0_1000_per_fault.csv
998,8061,4,True,1,21,71,0,384,1.910788,classic_shard_0_1000_per_fault.csv
999,8064,4,False,2,57,183,0,1343,5.003744,classic_shard_0_1000_per_fault.csv
1000,8076,4,True,1,3,47,0,331,2.225286,classic_shard_1000_2000_per_fault.csv
1001,8077,4,True,1,12,63,0,367,3.542128,classic_shard_1000_2000_per_fault.csv
1002,8079,3,False,2,16,90,0,382,5.017056,classic_shard_1000_2000_per_fault.csv
1003,8080,3,False,2,10,94,0,290,5.034704,classic_shard_1000_2000_per_fault.csv
1004,8080,4,False,2,14,93,0,378,5.007598,classic_shard_1000_2000_per_fault.csv
1005,8081,3,False,2,0,102,0,1345,5.03946,classic_shard_1000_2000_per_fault.csv
1006,8081,4,False,2,7,99,0,1414,5.169121,classic_shard_1000_2000_per_fault.csv
1007,8085,3,False,2,17,86,0,388,5.009544,classic_shard_1000_2000_per_fault.csv
1008,8085,4,True,1,12,61,0,352,3.71251,classic_shard_1000_2000_per_fault.csv
1009,8088,3,False,2,11,96,0,290,5.080723,classic_shard_1000_2000_per_fault.csv
1010,8094,3,True,1,7,68,0,377,2.620677,classic_shard_1000_2000_per_fault.csv
1011,8100,4,False,2,34,180,0,1555,5.02789,classic_shard_1000_2000_per_fault.csv
1012,8101,4,False,2,44,164,0,867,5.164991,classic_shard_1000_2000_per_fault.csv
1013,8103,3,False,2,36,147,0,989,5.021629,classic_shard_1000_2000_per_fault.csv
1014,8106,4,False,2,49,169,0,889,5.041801,classic_shard_1000_2000_per_fault.csv
1015,8109,3,False,2,43,174,0,942,5.040986,classic_shard_1000_2000_per_fault.csv
1016,8112,4,True,1,29,88,0,500,2.690663,classic_shard_1000_2000_per_fault.csv
1017,8113,3,False,2,52,167,0,427,5.020329,classic_shard_1000_2000_per_fault.csv
1018,8114,3,False,2,27,178,0,1000,5.051057,classic_shard_1000_2000_per_fault.csv
1019,8115,3,False,2,42,174,0,856,5.019998,classic_shard_1000_2000_per_fault.csv
1020,8116,3,False,2,36,178,0,1086,5.132376,classic_shard_1000_2000_per_fault.csv
1021,8117,3,False,2,37,171,0,923,5.012283,classic_shard_1000_2000_per_fault.csv
1022,8119,3,False,2,36,147,0,897,5.000252,classic_shard_1000_2000_per_fault.csv
1023,8119,4,False,2,52,161,0,1021,5.016806,classic_shard_1000_2000_per_fault.csv
1024,8124,4,False,2,53,160,0,1292,5.021045,classic_shard_1000_2000_per_fault.csv
1025,8125,4,False,2,53,163,0,1063,5.067044,classic_shard_1000_2000_per_fault.csv
1026,8128,4,False,2,56,158,0,1081,5.016556,classic_shard_1000_2000_per_fault.csv
1027,8129,3,False,2,52,162,0,417,5.009725,classic_shard_1000_2000_per_fault.csv
1028,8131,3,False,2,22,151,0,1504,5.076902,classic_shard_1000_2000_per_fault.csv
1029,8132,3,False,2,49,166,0,550,5.018243,classic_shard_1000_2000_per_fault.csv
1030,8133,3,False,2,40,169,0,576,5.000076,classic_shard_1000_2000_per_fault.csv
1031,8135,3,False,2,35,147,0,591,5.02245,classic_shard_1000_2000_per_fault.csv
1032,8139,3,False,2,0,103,0,1348,5.035488,classic_shard_1000_2000_per_fault.csv
1033,8139,4,False,2,38,160,0,1464,5.056771,classic_shard_1000_2000_per_fault.csv
1034,8140,3,False,2,49,169,0,553,5.011539,classic_shard_1000_2000_per_fault.csv
1035,8140,4,True,1,0,42,0,343,0.999386,classic_shard_1000_2000_per_fault.csv
1036,8143,4,False,2,56,165,0,466,5.016693,classic_shard_1000_2000_per_fault.csv
1037,8144,3,True,1,7,68,0,377,1.758689,classic_shard_1000_2000_per_fault.csv
1038,8146,3,False,2,48,169,0,368,5.014989,classic_shard_1000_2000_per_fault.csv
1039,8147,3,False,2,34,179,0,1590,5.006353,classic_shard_1000_2000_per_fault.csv
1040,8148,3,False,2,49,168,0,550,5.002087,classic_shard_1000_2000_per_fault.csv
1041,8149,4,True,1,3,39,0,242,0.985058,classic_shard_1000_2000_per_fault.csv
1042,8153,3,False,2,43,146,0,464,5.013665,classic_shard_1000_2000_per_fault.csv
1043,8154,3,False,2,48,167,0,362,5.017652,classic_shard_1000_2000_per_fault.csv
1044,8155,3,False,2,47,168,0,1738,5.038307,classic_shard_1000_2000_per_fault.csv
1045,8161,3,False,2,43,173,0,1065,5.074219,classic_shard_1000_2000_per_fault.csv
1046,8170,4,True,1,23,81,0,538,2.40697,classic_shard_1000_2000_per_fault.csv
1047,8179,3,False,2,47,168,0,1738,5.036137,classic_shard_1000_2000_per_fault.csv
1048,8179,4,False,2,51,161,0,1174,5.009382,classic_shard_1000_2000_per_fault.csv
1049,8181,3,False,2,43,172,0,1200,5.016511,classic_shard_1000_2000_per_fault.csv
1050,8182,4,False,2,52,164,0,1609,5.021261,classic_shard_1000_2000_per_fault.csv
1051,8183,4,False,2,52,164,0,1576,5.018483,classic_shard_1000_2000_per_fault.csv
1052,8185,4,False,2,53,163,0,1447,5.007805,classic_shard_1000_2000_per_fault.csv
1053,8187,4,True,1,0,12,0,42,0.289701,classic_shard_1000_2000_per_fault.csv
1054,8188,4,True,1,0,12,0,41,0.28996,classic_shard_1000_2000_per_fault.csv
1055,8195,4,True,1,0,14,0,54,0.340677,classic_shard_1000_2000_per_fault.csv
1056,8197,4,True,1,0,13,0,46,0.453629,classic_shard_1000_2000_per_fault.csv
1057,8200,3,True,1,0,14,0,49,0.556706,classic_shard_1000_2000_per_fault.csv
1058,8209,3,False,2,64,142,0,172,5.000369,classic_shard_1000_2000_per_fault.csv
1059,8218,4,True,1,0,13,0,62,0.318095,classic_shard_1000_2000_per_fault.csv
1060,8219,4,True,1,0,13,0,62,0.319457,classic_shard_1000_2000_per_fault.csv
1061,8220,3,True,1,0,4,0,3,0.099268,classic_shard_1000_2000_per_fault.csv
1062,8222,4,True,1,0,13,0,62,0.320263,classic_shard_1000_2000_per_fault.csv
1063,8225,4,True,1,0,13,0,62,0.319821,classic_shard_1000_2000_per_fault.csv
1064,8229,3,True,1,0,4,0,3,0.099923,classic_shard_1000_2000_per_fault.csv
1065,8229,4,True,1,0,13,0,62,0.319234,classic_shard_1000_2000_per_fault.csv
1066,8230,4,True,1,0,13,0,62,0.318226,classic_shard_1000_2000_per_fault.csv
1067,8233,3,True,1,0,4,0,3,0.098826,classic_shard_1000_2000_per_fault.csv
1068,8237,3,True,1,0,4,0,3,0.098965,classic_shard_1000_2000_per_fault.csv
1069,8243,4,True,1,0,13,0,62,0.318092,classic_shard_1000_2000_per_fault.csv
1070,8244,3,True,1,0,4,0,3,0.099676,classic_shard_1000_2000_per_fault.csv
1071,8244,4,True,1,0,13,0,62,0.318265,classic_shard_1000_2000_per_fault.csv
1072,8245,3,True,1,0,4,0,3,0.09867,classic_shard_1000_2000_per_fault.csv
1073,8245,4,True,1,0,13,0,62,0.319222,classic_shard_1000_2000_per_fault.csv
1074,8280,3,True,1,0,4,0,10,0.098581,classic_shard_1000_2000_per_fault.csv
1075,8281,4,True,1,0,3,0,6,0.074883,classic_shard_1000_2000_per_fault.csv
1076,8282,3,True,1,0,4,0,9,0.098541,classic_shard_1000_2000_per_fault.csv
1077,8285,3,True,1,0,4,0,9,0.098671,classic_shard_1000_2000_per_fault.csv
1078,8287,3,True,1,0,4,0,9,0.098874,classic_shard_1000_2000_per_fault.csv
1079,8290,3,True,1,0,4,0,9,0.099358,classic_shard_1000_2000_per_fault.csv
1080,8291,3,True,1,0,4,0,9,0.099242,classic_shard_1000_2000_per_fault.csv
1081,8292,4,True,1,0,2,0,1,0.050555,classic_shard_1000_2000_per_fault.csv
1082,8293,3,True,1,0,4,0,9,0.099258,classic_shard_1000_2000_per_fault.csv
1083,8297,4,True,1,0,2,0,1,0.049806,classic_shard_1000_2000_per_fault.csv
1084,8301,4,True,1,0,2,0,1,0.051617,classic_shard_1000_2000_per_fault.csv
1085,8303,3,True,1,0,4,0,9,0.098634,classic_shard_1000_2000_per_fault.csv
1086,8303,4,True,1,0,2,0,1,0.050021,classic_shard_1000_2000_per_fault.csv
1087,8305,3,True,1,0,4,0,9,0.099573,classic_shard_1000_2000_per_fault.csv
1088,8305,4,True,1,0,2,0,1,0.057701,classic_shard_1000_2000_per_fault.csv
1089,8307,3,True,1,0,4,0,9,0.101453,classic_shard_1000_2000_per_fault.csv
1090,8307,4,True,1,0,2,0,1,0.050113,classic_shard_1000_2000_per_fault.csv
1091,8311,3,True,1,0,4,0,9,0.09921,classic_shard_1000_2000_per_fault.csv
1092,8313,3,True,1,0,4,0,7,0.098892,classic_shard_1000_2000_per_fault.csv
1093,8315,4,True,1,0,4,0,10,0.098522,classic_shard_1000_2000_per_fault.csv
1094,8380,3,True,1,0,4,0,7,0.098886,classic_shard_1000_2000_per_fault.csv
1095,8386,4,True,1,0,8,0,30,0.195354,classic_shard_1000_2000_per_fault.csv
1096,8401,4,True,1,0,8,0,18,0.193027,classic_shard_1000_2000_per_fault.csv
1097,8403,4,True,1,0,8,0,22,0.195563,classic_shard_1000_2000_per_fault.csv
1098,8412,4,True,1,0,12,0,42,0.291364,classic_shard_1000_2000_per_fault.csv
1099,8414,4,True,1,0,12,0,47,0.291006,classic_shard_1000_2000_per_fault.csv
1100,8416,3,True,1,0,25,0,124,0.60195,classic_shard_1000_2000_per_fault.csv
1101,8417,4,True,1,0,12,0,49,0.291428,classic_shard_1000_2000_per_fault.csv
1102,8422,3,True,1,0,39,0,212,0.938113,classic_shard_1000_2000_per_fault.csv
1103,8423,3,False,2,46,172,0,683,5.097029,classic_shard_1000_2000_per_fault.csv
1104,8425,3,False,2,52,178,0,658,5.383309,classic_shard_1000_2000_per_fault.csv
1105,8428,3,False,2,34,181,0,700,5.010408,classic_shard_1000_2000_per_fault.csv
1106,8428,4,False,2,43,174,0,635,5.00424,classic_shard_1000_2000_per_fault.csv
1107,8430,4,True,1,0,25,0,214,0.592673,classic_shard_1000_2000_per_fault.csv
1108,8432,3,False,2,48,165,0,614,5.004551,classic_shard_1000_2000_per_fault.csv
1109,8433,4,True,1,0,24,0,185,0.57166,classic_shard_1000_2000_per_fault.csv
1110,8434,3,False,2,38,175,0,671,5.005301,classic_shard_1000_2000_per_fault.csv
1111,8435,3,False,2,56,163,0,644,5.097654,classic_shard_1000_2000_per_fault.csv
1112,8437,3,True,1,0,37,0,172,0.892626,classic_shard_1000_2000_per_fault.csv
1113,8437,4,True,1,0,22,0,141,0.537725,classic_shard_1000_2000_per_fault.csv
1114,8438,4,True,1,0,21,0,147,0.499799,classic_shard_1000_2000_per_fault.csv
1115,8441,3,True,1,0,39,0,211,0.938666,classic_shard_1000_2000_per_fault.csv
1116,8443,4,True,1,0,19,0,148,0.454404,classic_shard_1000_2000_per_fault.csv
1117,8445,4,True,1,0,19,0,148,0.454473,classic_shard_1000_2000_per_fault.csv
1118,8446,3,True,1,0,39,0,231,0.937668,classic_shard_1000_2000_per_fault.csv
1119,8448,4,False,2,52,162,0,1273,5.009449,classic_shard_1000_2000_per_fault.csv
1120,8454,3,True,1,0,22,0,107,0.526232,classic_shard_1000_2000_per_fault.csv
1121,8456,3,True,1,0,22,0,110,0.524465,classic_shard_1000_2000_per_fault.csv
1122,8463,4,True,1,0,22,0,172,0.522218,classic_shard_1000_2000_per_fault.csv
1123,8467,4,False,2,64,148,0,732,5.005573,classic_shard_1000_2000_per_fault.csv
1124,8468,3,True,1,0,19,0,80,0.462895,classic_shard_1000_2000_per_fault.csv
1125,8468,4,True,1,0,33,0,218,0.806398,classic_shard_1000_2000_per_fault.csv
1126,8469,4,True,1,0,19,0,114,0.461996,classic_shard_1000_2000_per_fault.csv
1127,8474,3,True,1,0,39,0,256,0.951668,classic_shard_1000_2000_per_fault.csv
1128,8474,4,True,1,0,24,0,173,0.574685,classic_shard_1000_2000_per_fault.csv
1129,8475,4,True,1,0,23,0,222,0.544204,classic_shard_1000_2000_per_fault.csv
1130,8480,3,True,1,2,25,0,117,0.642823,classic_shard_1000_2000_per_fault.csv
1131,8482,3,True,1,0,66,0,589,1.581432,classic_shard_1000_2000_per_fault.csv
1132,8484,3,True,1,0,33,0,146,0.805931,classic_shard_1000_2000_per_fault.csv
1133,8489,3,False,2,59,155,0,718,5.023254,classic_shard_1000_2000_per_fault.csv
1134,8491,4,True,1,0,29,0,188,0.691837,classic_shard_1000_2000_per_fault.csv
1135,8492,3,True,1,1,31,0,181,0.764148,classic_shard_1000_2000_per_fault.csv
1136,8493,3,True,1,0,16,0,56,0.381376,classic_shard_1000_2000_per_fault.csv
1137,8493,4,True,1,0,22,0,82,0.525937,classic_shard_1000_2000_per_fault.csv
1138,8496,4,True,1,33,98,0,268,3.056308,classic_shard_1000_2000_per_fault.csv
1139,8497,3,False,2,52,167,0,597,5.052699,classic_shard_1000_2000_per_fault.csv
1140,8503,3,False,2,52,165,0,565,5.019389,classic_shard_1000_2000_per_fault.csv
1141,8503,4,False,2,49,166,0,335,5.009053,classic_shard_1000_2000_per_fault.csv
1142,8505,3,False,2,52,157,0,514,5.019893,classic_shard_1000_2000_per_fault.csv
1143,8506,3,False,2,25,106,0,458,5.091269,classic_shard_1000_2000_per_fault.csv
1144,8510,3,True,1,0,40,0,217,1.879402,classic_shard_1000_2000_per_fault.csv
1145,8513,4,True,1,0,26,0,267,1.248902,classic_shard_1000_2000_per_fault.csv
1146,8514,3,True,1,0,67,0,520,3.158337,classic_shard_1000_2000_per_fault.csv
1147,8515,4,False,2,23,87,0,757,5.010961,classic_shard_1000_2000_per_fault.csv
1148,8516,4,True,1,0,5,0,14,0.246629,classic_shard_1000_2000_per_fault.csv
1149,8519,3,True,1,0,5,0,19,0.243105,classic_shard_1000_2000_per_fault.csv
1150,8521,3,True,1,0,5,0,19,0.239512,classic_shard_1000_2000_per_fault.csv
1151,8523,3,True,1,0,5,0,19,0.242452,classic_shard_1000_2000_per_fault.csv
1152,8524,3,True,1,0,5,0,19,0.245855,classic_shard_1000_2000_per_fault.csv
1153,8529,3,True,1,0,5,0,19,0.245831,classic_shard_1000_2000_per_fault.csv
1154,8534,3,True,1,0,5,0,19,0.239747,classic_shard_1000_2000_per_fault.csv
1155,8536,4,True,1,0,4,0,6,0.193977,classic_shard_1000_2000_per_fault.csv
1156,8537,4,True,1,0,4,0,6,0.193176,classic_shard_1000_2000_per_fault.csv
1157,8539,3,True,1,0,5,0,19,0.239299,classic_shard_1000_2000_per_fault.csv
1158,8541,4,True,1,0,4,0,6,0.197072,classic_shard_1000_2000_per_fault.csv
1159,8542,4,True,1,0,4,0,6,0.192505,classic_shard_1000_2000_per_fault.csv
1160,8544,3,True,1,0,5,0,19,0.242768,classic_shard_1000_2000_per_fault.csv
1161,8553,3,True,1,0,11,0,63,0.522966,classic_shard_1000_2000_per_fault.csv
1162,8556,3,True,1,0,11,0,51,0.524302,classic_shard_1000_2000_per_fault.csv
1163,8559,4,True,1,0,7,0,37,0.340564,classic_shard_1000_2000_per_fault.csv
1164,8561,4,True,1,0,7,0,37,0.336652,classic_shard_1000_2000_per_fault.csv
1165,8563,4,True,1,11,48,0,388,2.737699,classic_shard_1000_2000_per_fault.csv
1166,8566,4,True,1,0,24,0,221,1.106988,classic_shard_1000_2000_per_fault.csv
1167,8569,4,True,1,0,24,0,221,1.116095,classic_shard_1000_2000_per_fault.csv
1168,8575,3,False,2,10,98,0,845,5.012512,classic_shard_1000_2000_per_fault.csv
1169,8575,4,True,1,0,21,0,183,0.983248,classic_shard_1000_2000_per_fault.csv
1170,8576,3,True,1,0,34,0,220,1.65917,classic_shard_1000_2000_per_fault.csv
1171,8580,4,True,1,0,20,0,163,0.943002,classic_shard_1000_2000_per_fault.csv
1172,8582,3,False,2,10,98,0,889,5.009151,classic_shard_1000_2000_per_fault.csv
1173,8584,3,True,1,0,34,0,216,1.586841,classic_shard_1000_2000_per_fault.csv
1174,8585,3,True,1,10,60,0,432,3.213687,classic_shard_1000_2000_per_fault.csv
1175,8586,4,True,1,0,20,0,163,0.930551,classic_shard_1000_2000_per_fault.csv
1176,8590,4,True,1,0,20,0,164,0.967906,classic_shard_1000_2000_per_fault.csv
1177,8591,3,False,2,10,97,0,841,5.020418,classic_shard_1000_2000_per_fault.csv
1178,8591,4,True,1,0,20,0,164,0.936973,classic_shard_1000_2000_per_fault.csv
1179,8592,3,True,1,0,34,0,216,1.589809,classic_shard_1000_2000_per_fault.csv
1180,8593,4,True,1,0,20,0,164,0.929861,classic_shard_1000_2000_per_fault.csv
1181,8594,3,True,1,10,60,0,432,3.266608,classic_shard_1000_2000_per_fault.csv
1182,8595,3,False,2,10,98,0,873,5.043703,classic_shard_1000_2000_per_fault.csv
1183,8595,4,True,1,0,20,0,165,0.936093,classic_shard_1000_2000_per_fault.csv
1184,8601,3,True,1,10,60,0,432,3.275768,classic_shard_1000_2000_per_fault.csv
1185,8609,3,True,1,10,60,0,432,3.280962,classic_shard_1000_2000_per_fault.csv
1186,8610,3,True,1,10,60,0,432,3.231898,classic_shard_1000_2000_per_fault.csv
1187,8610,4,True,1,0,20,0,164,0.927081,classic_shard_1000_2000_per_fault.csv
1188,8613,4,True,1,0,20,0,167,0.923289,classic_shard_1000_2000_per_fault.csv
1189,8615,4,True,1,0,20,0,167,0.936668,classic_shard_1000_2000_per_fault.csv
1190,8621,4,True,1,1,23,0,173,1.11368,classic_shard_1000_2000_per_fault.csv
1191,8622,3,False,2,10,96,0,874,5.034464,classic_shard_1000_2000_per_fault.csv
1192,8625,4,True,1,1,23,0,173,1.125027,classic_shard_1000_2000_per_fault.csv
1193,8626,4,True,1,1,23,0,173,1.131337,classic_shard_1000_2000_per_fault.csv
1194,8627,3,False,2,5,103,0,851,5.004671,classic_shard_1000_2000_per_fault.csv
1195,8627,4,True,1,1,24,0,179,1.194603,classic_shard_1000_2000_per_fault.csv
1196,8629,3,False,2,21,85,0,546,5.035517,classic_shard_1000_2000_per_fault.csv
1197,8631,4,True,1,1,23,0,175,1.130166,classic_shard_1000_2000_per_fault.csv
1198,8635,3,False,2,5,103,0,851,5.055777,classic_shard_1000_2000_per_fault.csv
1199,8636,3,True,1,0,34,0,215,1.587511,classic_shard_1000_2000_per_fault.csv
1200,8637,4,True,1,1,23,0,174,1.139587,classic_shard_1000_2000_per_fault.csv
1201,8641,4,True,1,1,23,0,174,1.129224,classic_shard_1000_2000_per_fault.csv
1202,8646,3,True,1,0,20,0,163,0.934654,classic_shard_1000_2000_per_fault.csv
1203,8647,4,True,1,0,20,0,161,0.945291,classic_shard_1000_2000_per_fault.csv
1204,8648,3,True,1,0,34,0,215,1.593632,classic_shard_1000_2000_per_fault.csv
1205,8650,4,True,1,0,19,0,157,0.878776,classic_shard_1000_2000_per_fault.csv
1206,8654,3,True,1,10,60,0,432,3.24242,classic_shard_1000_2000_per_fault.csv
1207,8655,3,False,2,5,103,0,851,5.062488,classic_shard_1000_2000_per_fault.csv
1208,8658,3,False,2,10,95,0,861,5.023825,classic_shard_1000_2000_per_fault.csv
1209,8660,3,True,1,0,34,0,216,1.613272,classic_shard_1000_2000_per_fault.csv
1210,8667,3,False,2,10,97,0,841,5.026142,classic_shard_1000_2000_per_fault.csv
1211,8668,4,True,1,0,22,0,199,1.030673,classic_shard_1000_2000_per_fault.csv
1212,8669,3,True,1,10,60,0,432,3.250597,classic_shard_1000_2000_per_fault.csv
1213,8669,4,True,1,0,22,0,199,1.05356,classic_shard_1000_2000_per_fault.csv
1214,8673,4,True,1,0,22,0,198,1.044327,classic_shard_1000_2000_per_fault.csv
1215,8676,4,True,1,0,22,0,198,1.031065,classic_shard_1000_2000_per_fault.csv
1216,8677,3,True,1,10,60,0,432,3.244937,classic_shard_1000_2000_per_fault.csv
1217,8677,4,True,1,0,22,0,198,1.024009,classic_shard_1000_2000_per_fault.csv
1218,8679,3,True,1,0,21,0,178,0.973929,classic_shard_1000_2000_per_fault.csv
1219,8680,4,True,1,0,28,0,199,1.310786,classic_shard_1000_2000_per_fault.csv
1220,8683,4,True,1,0,22,0,176,1.035266,classic_shard_1000_2000_per_fault.csv
1221,8684,4,True,1,0,21,0,156,0.97723,classic_shard_1000_2000_per_fault.csv
1222,8687,3,True,1,0,26,0,68,1.237798,classic_shard_1000_2000_per_fault.csv
1223,8689,3,True,1,0,36,0,259,1.675185,classic_shard_1000_2000_per_fault.csv
1224,8689,4,True,1,0,22,0,203,1.021015,classic_shard_1000_2000_per_fault.csv
1225,8695,4,True,1,0,15,0,62,0.700945,classic_shard_1000_2000_per_fault.csv
1226,8698,3,True,1,0,36,0,259,1.709436,classic_shard_1000_2000_per_fault.csv
1227,8709,3,False,2,18,93,0,389,5.057918,classic_shard_1000_2000_per_fault.csv
1228,8714,3,False,2,19,93,0,376,5.071609,classic_shard_1000_2000_per_fault.csv
1229,8715,4,False,2,14,97,0,403,5.063283,classic_shard_1000_2000_per_fault.csv
1230,8717,3,False,2,10,97,0,877,5.033855,classic_shard_1000_2000_per_fault.csv
1231,8720,3,False,2,10,97,0,893,5.007756,classic_shard_1000_2000_per_fault.csv
1232,8720,4,True,1,0,20,0,169,0.939629,classic_shard_1000_2000_per_fault.csv
1233,8721,4,True,1,0,20,0,169,0.953075,classic_shard_1000_2000_per_fault.csv
1234,8722,3,True,1,0,34,0,220,1.61439,classic_shard_1000_2000_per_fault.csv
1235,8723,3,True,1,10,60,0,436,3.254802,classic_shard_1000_2000_per_fault.csv
1236,8724,4,True,1,0,20,0,169,0.950084,classic_shard_1000_2000_per_fault.csv
1237,8727,4,True,1,0,20,0,223,0.941567,classic_shard_1000_2000_per_fault.csv
1238,8730,4,True,1,0,21,0,217,0.995564,classic_shard_1000_2000_per_fault.csv
1239,8731,4,True,1,0,36,0,244,1.713798,classic_shard_1000_2000_per_fault.csv
1240,8732,4,True,1,0,38,0,253,1.803237,classic_shard_1000_2000_per_fault.csv
1241,8735,3,True,1,0,15,0,66,0.722862,classic_shard_1000_2000_per_fault.csv
1242,8735,4,True,1,0,26,0,84,1.251781,classic_shard_1000_2000_per_fault.csv
1243,8738,4,True,1,0,36,0,275,1.719883,classic_shard_1000_2000_per_fault.csv
1244,8739,4,False,2,10,96,0,878,5.001785,classic_shard_1000_2000_per_fault.csv
1245,8740,4,True,1,6,66,0,411,3.403574,classic_shard_1000_2000_per_fault.csv
1246,8741,4,False,2,18,90,0,552,5.0816,classic_shard_1000_2000_per_fault.csv
1247,8743,4,False,2,10,97,0,717,5.042097,classic_shard_1000_2000_per_fault.csv
1248,8746,4,False,2,23,85,0,310,5.017854,classic_shard_1000_2000_per_fault.csv
1249,8747,3,True,1,0,11,0,45,0.524647,classic_shard_1000_2000_per_fault.csv
1250,8749,3,True,1,0,11,0,46,0.528093,classic_shard_1000_2000_per_fault.csv
1251,8750,3,True,1,0,8,0,25,0.38782,classic_shard_1000_2000_per_fault.csv
1252,8751,3,True,1,0,8,0,25,0.377026,classic_shard_1000_2000_per_fault.csv
1253,8751,4,True,1,3,18,0,53,1.016666,classic_shard_1000_2000_per_fault.csv
1254,8752,3,True,1,0,8,0,20,0.385868,classic_shard_1000_2000_per_fault.csv
1255,8753,4,True,1,0,10,0,30,0.476181,classic_shard_1000_2000_per_fault.csv
1256,8754,3,True,1,0,11,0,38,0.516624,classic_shard_1000_2000_per_fault.csv
1257,8757,4,True,1,0,10,0,30,0.470143,classic_shard_1000_2000_per_fault.csv
1258,8761,3,True,1,0,9,0,32,0.42378,classic_shard_1000_2000_per_fault.csv
1259,8765,3,True,1,0,11,0,37,0.529194,classic_shard_1000_2000_per_fault.csv
1260,8765,4,True,1,0,8,0,23,0.382489,classic_shard_1000_2000_per_fault.csv
1261,8767,4,True,1,0,21,0,88,0.974361,classic_shard_1000_2000_per_fault.csv
1262,8769,4,True,1,0,22,0,96,1.03984,classic_shard_1000_2000_per_fault.csv
1263,8773,3,True,1,1,26,0,116,1.294467,classic_shard_1000_2000_per_fault.csv
1264,8774,3,True,1,0,22,0,113,1.026804,classic_shard_1000_2000_per_fault.csv
1265,8778,3,True,1,0,23,0,114,1.080785,classic_shard_1000_2000_per_fault.csv
1266,8780,4,True,1,0,22,0,112,1.040982,classic_shard_1000_2000_per_fault.csv
1267,8783,3,True,1,0,23,0,122,1.071826,classic_shard_1000_2000_per_fault.csv
1268,8786,3,True,1,0,22,0,118,1.031715,classic_shard_1000_2000_per_fault.csv
1269,8792,4,True,1,0,48,0,334,2.239913,classic_shard_1000_2000_per_fault.csv
1270,8795,4,True,1,0,18,0,115,0.834605,classic_shard_1000_2000_per_fault.csv
1271,8828,4,True,1,0,26,0,230,1.194607,classic_shard_1000_2000_per_fault.csv
1272,8842,4,True,1,2,15,0,31,0.815208,classic_shard_1000_2000_per_fault.csv
1273,8846,3,True,1,0,8,0,26,0.379478,classic_shard_1000_2000_per_fault.csv
1274,8868,4,True,1,4,38,0,391,1.993908,classic_shard_1000_2000_per_fault.csv
1275,8905,3,True,1,0,5,0,19,0.240655,classic_shard_1000_2000_per_fault.csv
1276,8913,4,True,1,0,4,0,6,0.193101,classic_shard_1000_2000_per_fault.csv
1277,8915,3,True,1,0,5,0,19,0.238647,classic_shard_1000_2000_per_fault.csv
1278,8915,4,True,1,0,4,0,6,0.190648,classic_shard_1000_2000_per_fault.csv
1279,8919,3,True,1,0,5,0,19,0.240142,classic_shard_1000_2000_per_fault.csv
1280,8922,4,True,1,0,4,0,6,0.191322,classic_shard_1000_2000_per_fault.csv
1281,8928,3,True,1,0,5,0,19,0.23864,classic_shard_1000_2000_per_fault.csv
1282,8933,3,True,1,0,5,0,19,0.243857,classic_shard_1000_2000_per_fault.csv
1283,8933,4,True,1,0,4,0,6,0.194584,classic_shard_1000_2000_per_fault.csv
1284,8935,3,True,1,0,32,0,180,1.50555,classic_shard_1000_2000_per_fault.csv
1285,8937,4,True,1,0,20,0,118,0.929938,classic_shard_1000_2000_per_fault.csv
1286,8943,3,True,1,0,37,0,362,1.725474,classic_shard_1000_2000_per_fault.csv
1287,8946,3,True,1,0,53,0,305,2.525852,classic_shard_1000_2000_per_fault.csv
1288,8948,3,True,1,0,9,0,36,0.443032,classic_shard_1000_2000_per_fault.csv
1289,8951,3,True,1,0,31,0,156,1.449007,classic_shard_1000_2000_per_fault.csv
1290,8952,4,True,1,0,28,0,162,1.22775,classic_shard_1000_2000_per_fault.csv
1291,8960,3,True,1,0,29,0,164,1.292933,classic_shard_1000_2000_per_fault.csv
1292,8961,3,True,1,0,30,0,154,1.427762,classic_shard_1000_2000_per_fault.csv
1293,8964,3,True,1,0,36,0,196,1.682473,classic_shard_1000_2000_per_fault.csv
1294,8964,4,True,1,0,17,0,77,0.824252,classic_shard_1000_2000_per_fault.csv
1295,8965,3,False,2,3,106,0,524,5.025023,classic_shard_1000_2000_per_fault.csv
1296,8965,4,False,2,3,106,0,533,5.035715,classic_shard_1000_2000_per_fault.csv
1297,8974,4,False,2,18,90,0,690,5.061271,classic_shard_1000_2000_per_fault.csv
1298,8976,4,False,2,20,89,0,409,5.032747,classic_shard_1000_2000_per_fault.csv
1299,8977,3,False,2,16,92,0,692,5.01693,classic_shard_1000_2000_per_fault.csv
1300,8977,4,False,2,19,101,0,729,5.022181,classic_shard_1000_2000_per_fault.csv
1301,8978,4,False,2,10,96,0,704,5.003175,classic_shard_1000_2000_per_fault.csv
1302,8979,3,False,2,9,97,0,665,5.060838,classic_shard_1000_2000_per_fault.csv
1303,8980,4,False,2,17,92,0,638,5.034181,classic_shard_1000_2000_per_fault.csv
1304,8981,3,False,2,8,100,0,633,5.009528,classic_shard_1000_2000_per_fault.csv
1305,8981,4,False,2,8,100,0,642,5.018996,classic_shard_1000_2000_per_fault.csv
1306,8982,3,False,2,13,95,0,606,5.017933,classic_shard_1000_2000_per_fault.csv
1307,8986,3,False,2,12,96,0,519,5.009106,classic_shard_1000_2000_per_fault.csv
1308,8987,3,False,2,4,103,0,532,5.014904,classic_shard_1000_2000_per_fault.csv
1309,8991,4,False,2,12,96,0,375,5.011027,classic_shard_1000_2000_per_fault.csv
1310,8995,3,False,2,0,109,0,456,5.00402,classic_shard_1000_2000_per_fault.csv
1311,8996,3,False,2,0,107,0,405,5.012126,classic_shard_1000_2000_per_fault.csv
1312,8998,3,True,1,0,13,0,61,0.608548,classic_shard_1000_2000_per_fault.csv
1313,8998,4,True,1,0,17,0,74,0.807031,classic_shard_1000_2000_per_fault.csv
1314,9000,4,True,1,0,17,0,97,0.797773,classic_shard_1000_2000_per_fault.csv
1315,9005,4,True,1,0,34,0,263,1.587173,classic_shard_1000_2000_per_fault.csv
1316,9006,3,True,1,0,20,0,115,0.932814,classic_shard_1000_2000_per_fault.csv
1317,9008,3,True,1,0,23,0,106,1.085129,classic_shard_1000_2000_per_fault.csv
1318,9013,3,True,1,0,40,0,233,1.903826,classic_shard_1000_2000_per_fault.csv
1319,9017,4,True,1,0,21,0,150,1.016008,classic_shard_1000_2000_per_fault.csv
1320,9022,4,True,1,3,50,0,387,2.41785,classic_shard_1000_2000_per_fault.csv
1321,9030,3,False,2,11,100,0,493,5.039588,classic_shard_1000_2000_per_fault.csv
1322,9031,4,True,1,3,40,0,258,1.964263,classic_shard_1000_2000_per_fault.csv
1323,9033,3,False,2,18,92,0,419,5.044662,classic_shard_1000_2000_per_fault.csv
1324,9035,3,False,2,16,91,0,383,5.00317,classic_shard_1000_2000_per_fault.csv
1325,9036,4,False,2,17,95,0,405,5.029594,classic_shard_1000_2000_per_fault.csv
1326,9037,3,True,1,0,41,0,344,1.930425,classic_shard_1000_2000_per_fault.csv
1327,9041,3,False,2,9,100,0,1454,5.050274,classic_shard_1000_2000_per_fault.csv
1328,9041,4,False,2,20,88,0,998,5.003251,classic_shard_1000_2000_per_fault.csv
1329,9042,3,False,2,20,91,0,1015,5.084648,classic_shard_1000_2000_per_fault.csv
1330,9042,4,False,2,16,94,0,1086,5.03787,classic_shard_1000_2000_per_fault.csv
1331,9043,3,False,2,13,96,0,1020,5.039569,classic_shard_1000_2000_per_fault.csv
1332,9053,3,False,2,7,101,0,528,5.030533,classic_shard_1000_2000_per_fault.csv
1333,9053,4,True,1,24,82,0,517,4.897265,classic_shard_1000_2000_per_fault.csv
1334,9054,3,False,2,1,110,0,734,5.087926,classic_shard_1000_2000_per_fault.csv
1335,9056,3,False,2,0,107,0,690,5.041738,classic_shard_1000_2000_per_fault.csv
1336,9057,3,False,2,14,92,0,541,5.007386,classic_shard_1000_2000_per_fault.csv
1337,9059,4,False,2,30,80,0,353,5.135115,classic_shard_1000_2000_per_fault.csv
1338,9061,3,False,2,7,100,0,509,5.007608,classic_shard_1000_2000_per_fault.csv
1339,9062,4,False,2,6,104,0,755,5.031331,classic_shard_1000_2000_per_fault.csv
1340,9069,4,False,2,17,91,0,581,5.08944,classic_shard_1000_2000_per_fault.csv
1341,9070,3,False,2,0,108,0,730,5.018653,classic_shard_1000_2000_per_fault.csv
1342,9072,3,False,2,0,106,0,679,5.004622,classic_shard_1000_2000_per_fault.csv
1343,9072,4,False,2,2,106,0,695,5.064298,classic_shard_1000_2000_per_fault.csv
1344,9073,3,False,2,14,91,0,518,5.032929,classic_shard_1000_2000_per_fault.csv
1345,9075,3,False,2,17,92,0,308,5.068435,classic_shard_1000_2000_per_fault.csv
1346,9076,3,False,2,0,107,0,588,5.005504,classic_shard_1000_2000_per_fault.csv
1347,9080,4,False,2,2,107,0,696,5.016325,classic_shard_1000_2000_per_fault.csv
1348,9081,3,False,2,14,95,0,570,5.022412,classic_shard_1000_2000_per_fault.csv
1349,9081,4,False,2,18,91,0,596,5.016369,classic_shard_1000_2000_per_fault.csv
1350,9085,3,False,2,0,106,0,1373,5.011535,classic_shard_1000_2000_per_fault.csv
1351,9086,3,False,2,11,98,0,491,5.009365,classic_shard_1000_2000_per_fault.csv
1352,9088,4,True,1,3,46,0,337,2.343266,classic_shard_1000_2000_per_fault.csv
1353,9089,3,False,2,17,90,0,423,5.010262,classic_shard_1000_2000_per_fault.csv
1354,9089,4,True,1,12,62,0,373,3.722763,classic_shard_1000_2000_per_fault.csv
1355,9091,4,False,2,15,97,0,423,5.041355,classic_shard_1000_2000_per_fault.csv
1356,9094,3,False,2,11,97,0,484,5.044465,classic_shard_1000_2000_per_fault.csv
1357,9095,4,True,1,3,41,0,280,2.020977,classic_shard_1000_2000_per_fault.csv
1358,9098,3,True,1,7,68,0,377,3.485122,classic_shard_1000_2000_per_fault.csv
1359,9100,3,False,2,10,94,0,290,5.047241,classic_shard_1000_2000_per_fault.csv
1360,9101,3,False,2,7,124,0,1425,5.002892,classic_shard_1000_2000_per_fault.csv
1361,9103,3,False,2,17,97,0,393,5.015035,classic_shard_1000_2000_per_fault.csv
1362,9105,4,True,1,12,62,0,363,3.452356,classic_shard_1000_2000_per_fault.csv
1363,9111,3,False,2,16,91,0,361,5.071392,classic_shard_1000_2000_per_fault.csv
1364,9113,4,False,2,17,94,0,407,5.042905,classic_shard_1000_2000_per_fault.csv
1365,9115,4,False,2,22,89,0,355,5.027202,classic_shard_1000_2000_per_fault.csv
1366,9116,4,False,2,17,95,0,410,5.016621,classic_shard_1000_2000_per_fault.csv
1367,9118,3,False,2,11,98,0,487,5.039482,classic_shard_1000_2000_per_fault.csv
1368,9118,4,True,1,3,48,0,363,2.338633,classic_shard_1000_2000_per_fault.csv
1369,9120,4,True,1,3,44,0,312,2.183503,classic_shard_1000_2000_per_fault.csv
1370,9122,3,True,1,7,68,0,377,3.501344,classic_shard_1000_2000_per_fault.csv
1371,9123,3,False,2,17,93,0,383,5.060269,classic_shard_1000_2000_per_fault.csv
1372,9124,3,False,2,12,97,0,290,5.017538,classic_shard_1000_2000_per_fault.csv
1373,9125,4,False,2,15,93,0,816,5.046622,classic_shard_1000_2000_per_fault.csv
1374,9132,4,True,1,23,82,0,557,4.978644,classic_shard_1000_2000_per_fault.csv
1375,9134,4,True,1,17,76,0,656,4.459763,classic_shard_1000_2000_per_fault.csv
1376,9137,3,False,2,3,105,0,879,5.041696,classic_shard_1000_2000_per_fault.csv
1377,9137,4,True,1,20,79,0,602,4.601686,classic_shard_1000_2000_per_fault.csv
1378,9141,4,False,2,15,91,0,796,5.002248,classic_shard_1000_2000_per_fault.csv
1379,9146,3,False,2,6,106,0,775,5.170899,classic_shard_1000_2000_per_fault.csv
1380,9146,4,False,2,16,92,0,971,5.015541,classic_shard_1000_2000_per_fault.csv
1381,9154,3,False,2,3,105,0,775,5.00147,classic_shard_1000_2000_per_fault.csv
1382,9154,4,False,2,16,92,0,971,5.036763,classic_shard_1000_2000_per_fault.csv
1383,9156,4,False,2,17,91,0,620,5.011825,classic_shard_1000_2000_per_fault.csv
1384,9160,3,False,2,12,97,0,705,5.033187,classic_shard_1000_2000_per_fault.csv
1385,9160,4,False,2,8,99,0,999,5.034395,classic_shard_1000_2000_per_fault.csv
1386,9164,4,False,2,8,99,0,979,5.025037,classic_shard_1000_2000_per_fault.csv
1387,9166,4,False,2,17,92,0,296,5.001951,classic_shard_1000_2000_per_fault.csv
1388,9167,3,False,2,3,104,0,555,5.014299,classic_shard_1000_2000_per_fault.csv
1389,9167,4,False,2,30,149,0,907,5.004028,classic_shard_1000_2000_per_fault.csv
1390,9169,3,False,2,49,166,0,989,5.009223,classic_shard_1000_2000_per_fault.csv
1391,9170,3,False,2,53,162,0,1066,5.02443,classic_shard_1000_2000_per_fault.csv
1392,9171,4,False,2,40,178,0,1064,5.026365,classic_shard_1000_2000_per_fault.csv
1393,9174,4,True,1,3,51,0,394,1.274716,classic_shard_1000_2000_per_fault.csv
1394,9183,3,False,2,43,168,0,1177,5.005476,classic_shard_1000_2000_per_fault.csv
1395,9184,3,False,2,43,171,0,1186,5.017137,classic_shard_1000_2000_per_fault.csv
1396,9186,3,False,2,43,175,0,1166,5.088724,classic_shard_1000_2000_per_fault.csv
1397,9196,3,False,2,34,181,0,1381,5.015228,classic_shard_1000_2000_per_fault.csv
1398,9198,3,True,1,0,13,0,54,0.312242,classic_shard_1000_2000_per_fault.csv
1399,9199,3,True,1,0,13,0,55,0.313228,classic_shard_1000_2000_per_fault.csv
1400,9201,3,True,1,0,9,0,29,0.216645,classic_shard_1000_2000_per_fault.csv
1401,9203,3,True,1,0,13,0,57,0.312776,classic_shard_1000_2000_per_fault.csv
1402,9207,3,False,2,64,151,0,294,5.065712,classic_shard_1000_2000_per_fault.csv
1403,9208,3,False,2,64,152,0,301,5.080516,classic_shard_1000_2000_per_fault.csv
1404,9211,4,True,1,0,22,0,107,0.522509,classic_shard_1000_2000_per_fault.csv
1405,9218,3,True,1,0,37,0,375,0.873622,classic_shard_1000_2000_per_fault.csv
1406,9222,3,False,2,65,146,0,180,5.002115,classic_shard_1000_2000_per_fault.csv
1407,9225,3,True,1,0,8,0,34,0.193735,classic_shard_1000_2000_per_fault.csv
1408,9228,4,True,1,0,4,0,6,0.098242,classic_shard_1000_2000_per_fault.csv
1409,9229,3,True,1,0,12,0,52,0.291275,classic_shard_1000_2000_per_fault.csv
1410,9234,4,True,1,0,4,0,6,0.098525,classic_shard_1000_2000_per_fault.csv
1411,9237,4,True,1,0,4,0,6,0.09969,classic_shard_1000_2000_per_fault.csv
1412,9241,3,True,1,0,12,0,52,0.293795,classic_shard_1000_2000_per_fault.csv
1413,9243,3,True,1,0,12,0,52,0.293013,classic_shard_1000_2000_per_fault.csv
1414,9246,3,True,1,0,12,0,52,0.293231,classic_shard_1000_2000_per_fault.csv
1415,9252,3,True,1,0,12,0,52,0.295082,classic_shard_1000_2000_per_fault.csv
1416,9255,4,True,1,0,4,0,6,0.099087,classic_shard_1000_2000_per_fault.csv
1417,9257,3,True,1,0,12,0,52,0.29279,classic_shard_1000_2000_per_fault.csv
1418,9258,3,True,1,0,5,0,19,0.122316,classic_shard_1000_2000_per_fault.csv
1419,9265,3,True,1,0,5,0,19,0.124714,classic_shard_1000_2000_per_fault.csv
1420,9267,4,True,1,0,4,0,6,0.100399,classic_shard_1000_2000_per_fault.csv
1421,9269,4,True,1,0,4,0,6,0.100695,classic_shard_1000_2000_per_fault.csv
1422,9271,3,True,1,0,5,0,19,0.122824,classic_shard_1000_2000_per_fault.csv
1423,9273,3,True,1,0,5,0,19,0.12513,classic_shard_1000_2000_per_fault.csv
1424,9273,4,True,1,0,4,0,6,0.098778,classic_shard_1000_2000_per_fault.csv
1425,9274,4,True,1,0,4,0,6,0.097948,classic_shard_1000_2000_per_fault.csv
1426,9280,4,True,1,0,4,0,6,0.100552,classic_shard_1000_2000_per_fault.csv
1427,9282,3,True,1,0,5,0,19,0.126178,classic_shard_1000_2000_per_fault.csv
1428,9285,3,True,1,0,5,0,19,0.215582,classic_shard_1000_2000_per_fault.csv
1429,9301,4,True,1,0,12,0,48,0.626878,classic_shard_1000_2000_per_fault.csv
1430,9304,3,True,1,0,25,0,124,0.78701,classic_shard_1000_2000_per_fault.csv
1431,9308,3,True,1,0,14,0,139,0.335552,classic_shard_1000_2000_per_fault.csv
1432,9311,3,True,1,0,12,0,45,0.292138,classic_shard_1000_2000_per_fault.csv
1433,9312,4,True,1,0,8,0,18,0.192361,classic_shard_1000_2000_per_fault.csv
1434,9317,4,True,1,0,8,0,21,0.193764,classic_shard_1000_2000_per_fault.csv
1435,9319,4,True,1,0,8,0,22,0.192594,classic_shard_1000_2000_per_fault.csv
1436,9321,4,False,2,31,145,0,629,5.001385,classic_shard_1000_2000_per_fault.csv
1437,9324,4,False,2,9,93,0,402,5.001688,classic_shard_1000_2000_per_fault.csv
1438,9326,3,False,2,15,92,0,404,5.092176,classic_shard_1000_2000_per_fault.csv
1439,9328,3,True,1,0,22,0,155,1.042567,classic_shard_1000_2000_per_fault.csv
1440,9329,3,False,2,23,86,0,757,5.069123,classic_shard_1000_2000_per_fault.csv
1441,9330,3,False,2,21,86,0,872,5.042705,classic_shard_1000_2000_per_fault.csv
1442,9331,4,True,1,0,39,0,228,1.889037,classic_shard_1000_2000_per_fault.csv
1443,9332,3,False,2,22,83,0,724,5.004765,classic_shard_1000_2000_per_fault.csv
1444,9334,4,True,1,0,67,0,536,3.2461,classic_shard_1000_2000_per_fault.csv
1445,9336,4,False,2,27,82,0,315,5.104939,classic_shard_1000_2000_per_fault.csv
1446,9337,3,True,1,0,37,0,135,1.758384,classic_shard_1000_2000_per_fault.csv
1447,9339,3,True,1,0,23,0,132,1.094111,classic_shard_1000_2000_per_fault.csv
1448,9343,3,False,2,32,87,0,312,5.048996,classic_shard_1000_2000_per_fault.csv
1449,9343,4,True,1,4,63,0,312,1.632396,classic_shard_1000_2000_per_fault.csv
1450,9344,4,False,2,36,179,0,356,5.040575,classic_shard_1000_2000_per_fault.csv
1451,9348,3,True,1,0,49,0,234,1.204243,classic_shard_1000_2000_per_fault.csv
1452,9351,3,True,1,0,26,0,213,0.629309,classic_shard_1000_2000_per_fault.csv
1453,9351,4,True,1,0,62,0,334,1.513329,classic_shard_1000_2000_per_fault.csv
1454,9357,3,True,1,0,27,0,221,0.638845,classic_shard_1000_2000_per_fault.csv
1455,9358,3,True,1,0,12,0,47,0.29011,classic_shard_1000_2000_per_fault.csv
1456,9360,4,True,1,0,33,0,155,0.792221,classic_shard_1000_2000_per_fault.csv
1457,9362,4,True,1,0,24,0,91,0.580102,classic_shard_1000_2000_per_fault.csv
1458,9365,4,False,2,34,163,0,317,5.013288,classic_shard_1000_2000_per_fault.csv
1459,9368,3,False,2,66,152,0,494,5.03915,classic_shard_1000_2000_per_fault.csv
1460,9369,4,True,1,0,64,0,603,1.525258,classic_shard_1000_2000_per_fault.csv
1461,9370,3,True,1,0,25,0,208,0.595749,classic_shard_1000_2000_per_fault.csv
1462,9373,4,True,1,0,35,0,172,0.838088,classic_shard_1000_2000_per_fault.csv
1463,9374,3,True,1,0,40,0,259,0.940218,classic_shard_1000_2000_per_fault.csv
1464,9377,3,True,1,0,23,0,235,0.543752,classic_shard_1000_2000_per_fault.csv
1465,9378,4,True,1,0,25,0,223,0.59307,classic_shard_1000_2000_per_fault.csv
1466,9379,3,True,1,0,34,0,187,0.814912,classic_shard_1000_2000_per_fault.csv
1467,9386,4,True,1,0,18,0,76,0.429679,classic_shard_1000_2000_per_fault.csv
1468,9387,4,True,1,0,18,0,81,0.431102,classic_shard_1000_2000_per_fault.csv
1469,9389,3,True,1,0,26,0,108,0.622111,classic_shard_1000_2000_per_fault.csv
1470,9391,3,True,1,0,19,0,88,0.455278,classic_shard_1000_2000_per_fault.csv
1471,9391,4,True,1,0,30,0,141,0.735613,classic_shard_1000_2000_per_fault.csv
1472,9392,3,False,2,55,174,0,716,5.288575,classic_shard_1000_2000_per_fault.csv
1473,9392,4,False,2,60,153,0,682,5.003826,classic_shard_1000_2000_per_fault.csv
1474,9398,3,False,2,46,165,0,508,5.007459,classic_shard_1000_2000_per_fault.csv
1475,9400,4,False,2,30,158,0,587,5.028555,classic_shard_1000_2000_per_fault.csv
1476,9404,3,False,2,7,102,0,369,5.017656,classic_shard_1000_2000_per_fault.csv
1477,9405,4,False,2,52,135,0,517,5.006411,classic_shard_1000_2000_per_fault.csv
1478,9406,4,False,2,61,155,0,499,5.013633,classic_shard_1000_2000_per_fault.csv
1479,9408,4,False,2,51,167,0,610,5.019703,classic_shard_1000_2000_per_fault.csv
1480,9411,3,False,2,51,164,0,325,5.002624,classic_shard_1000_2000_per_fault.csv
1481,9416,3,False,2,47,168,0,563,5.015714,classic_shard_1000_2000_per_fault.csv
1482,9417,4,False,2,64,160,0,436,5.202756,classic_shard_1000_2000_per_fault.csv
1483,9419,4,False,2,52,164,0,327,5.013551,classic_shard_1000_2000_per_fault.csv
1484,9421,3,False,2,55,155,0,605,5.002163,classic_shard_1000_2000_per_fault.csv
1485,9422,3,False,2,46,163,0,505,5.019618,classic_shard_1000_2000_per_fault.csv
1486,9426,3,False,2,35,137,0,706,5.018354,classic_shard_1000_2000_per_fault.csv
1487,9427,4,False,2,51,161,0,323,5.003855,classic_shard_1000_2000_per_fault.csv
1488,9428,3,False,2,53,159,0,484,5.021985,classic_shard_1000_2000_per_fault.csv
1489,9428,4,False,2,54,159,0,534,5.004546,classic_shard_1000_2000_per_fault.csv
1490,9431,3,False,2,52,162,0,708,5.027385,classic_shard_1000_2000_per_fault.csv
1491,9432,3,False,2,47,168,0,563,5.028335,classic_shard_1000_2000_per_fault.csv
1492,9433,3,False,2,56,159,0,615,5.017184,classic_shard_1000_2000_per_fault.csv
1493,9441,4,False,2,64,160,0,436,5.171771,classic_shard_1000_2000_per_fault.csv
1494,9444,3,False,2,53,162,0,503,5.000803,classic_shard_1000_2000_per_fault.csv
1495,9446,3,False,2,48,167,0,508,5.038408,classic_shard_1000_2000_per_fault.csv
1496,9447,3,False,2,52,162,0,708,5.01573,classic_shard_1000_2000_per_fault.csv
1497,9447,4,False,2,57,158,0,756,5.025713,classic_shard_1000_2000_per_fault.csv
1498,9452,4,False,2,54,161,0,535,5.011685,classic_shard_1000_2000_per_fault.csv
1499,9455,3,False,2,52,162,0,708,5.00655,classic_shard_1000_2000_per_fault.csv
1500,9457,4,False,2,52,163,0,675,5.009754,classic_shard_1000_2000_per_fault.csv
1501,9461,4,False,2,47,168,0,878,5.026514,classic_shard_1000_2000_per_fault.csv
1502,9462,4,False,2,47,168,0,878,5.040298,classic_shard_1000_2000_per_fault.csv
1503,9463,4,False,2,47,167,0,673,5.043685,classic_shard_1000_2000_per_fault.csv
1504,9464,4,False,2,43,160,0,665,5.073462,classic_shard_1000_2000_per_fault.csv
1505,9467,4,True,1,0,38,0,292,0.916723,classic_shard_1000_2000_per_fault.csv
1506,9468,4,True,1,0,40,0,234,0.964611,classic_shard_1000_2000_per_fault.csv
1507,9473,3,False,2,44,166,0,1373,5.014116,classic_shard_1000_2000_per_fault.csv
1508,9475,3,False,2,55,155,0,1007,5.004136,classic_shard_1000_2000_per_fault.csv
1509,9476,3,False,2,44,166,0,1389,5.008282,classic_shard_1000_2000_per_fault.csv
1510,9477,4,True,1,0,20,0,168,0.484768,classic_shard_1000_2000_per_fault.csv
1511,9479,3,True,1,10,60,0,436,1.675964,classic_shard_1000_2000_per_fault.csv
1512,9481,3,False,2,34,162,0,1292,5.018282,classic_shard_1000_2000_per_fault.csv
1513,9489,4,True,1,0,21,0,171,0.509194,classic_shard_1000_2000_per_fault.csv
1514,9490,3,True,1,0,34,0,215,0.832243,classic_shard_1000_2000_per_fault.csv
1515,9494,3,True,1,0,34,0,216,0.831036,classic_shard_1000_2000_per_fault.csv
1516,9495,3,True,1,10,60,0,432,1.69622,classic_shard_1000_2000_per_fault.csv
1517,9497,3,False,2,36,166,0,1316,5.031693,classic_shard_1000_2000_per_fault.csv
1518,9498,4,True,1,0,20,0,167,0.973478,classic_shard_1000_2000_per_fault.csv
1519,9499,3,False,2,52,146,0,950,5.01423,classic_shard_1000_2000_per_fault.csv
1520,9500,3,False,2,34,139,0,1163,5.067209,classic_shard_1000_2000_per_fault.csv
1521,9501,4,True,1,0,20,0,167,0.490156,classic_shard_1000_2000_per_fault.csv
1522,9504,4,True,1,0,20,0,167,0.920546,classic_shard_1000_2000_per_fault.csv
1523,9505,3,False,2,34,155,0,1211,5.088526,classic_shard_1000_2000_per_fault.csv
1524,9506,3,True,1,0,34,0,215,0.828666,classic_shard_1000_2000_per_fault.csv
1525,9506,4,True,1,0,20,0,169,0.546322,classic_shard_1000_2000_per_fault.csv
1526,9512,3,True,1,10,60,0,432,1.687994,classic_shard_1000_2000_per_fault.csv
1527,9513,3,False,2,34,160,0,1275,5.011948,classic_shard_1000_2000_per_fault.csv
1528,9514,3,True,1,0,34,0,215,0.816343,classic_shard_1000_2000_per_fault.csv
1529,9515,3,False,2,57,156,0,1003,5.050522,classic_shard_1000_2000_per_fault.csv
1530,9516,3,False,2,42,164,0,1372,5.008634,classic_shard_1000_2000_per_fault.csv
1531,9518,3,True,1,0,34,0,216,0.817199,classic_shard_1000_2000_per_fault.csv
1532,9518,4,True,1,0,20,0,168,0.479528,classic_shard_1000_2000_per_fault.csv
1533,9519,3,True,1,10,60,0,432,1.699652,classic_shard_1000_2000_per_fault.csv
1534,9519,4,True,1,0,20,0,168,0.492189,classic_shard_1000_2000_per_fault.csv
1535,9520,3,True,1,10,60,0,432,1.668027,classic_shard_1000_2000_per_fault.csv
1536,9520,4,True,1,0,20,0,168,0.482104,classic_shard_1000_2000_per_fault.csv
1537,9522,3,True,1,0,34,0,219,0.820453,classic_shard_1000_2000_per_fault.csv
1538,9524,3,False,2,44,168,0,1404,5.010266,classic_shard_1000_2000_per_fault.csv
1539,9527,3,True,1,10,60,0,436,1.647483,classic_shard_1000_2000_per_fault.csv
1540,9527,4,True,1,0,19,0,162,0.450024,classic_shard_1000_2000_per_fault.csv
1541,9532,4,True,1,0,21,0,183,0.495897,classic_shard_1000_2000_per_fault.csv
1542,9534,4,True,1,0,21,0,183,0.499827,classic_shard_1000_2000_per_fault.csv
1543,9539,4,True,1,0,21,0,179,0.498657,classic_shard_1000_2000_per_fault.csv
1544,9540,3,False,2,44,170,0,1413,5.01215,classic_shard_1000_2000_per_fault.csv
1545,9541,3,False,2,44,170,0,1365,5.019408,classic_shard_1000_2000_per_fault.csv
1546,9545,3,False,2,38,171,0,1358,5.014622,classic_shard_1000_2000_per_fault.csv
1547,9546,3,True,1,0,34,0,215,0.811299,classic_shard_1000_2000_per_fault.csv
1548,9546,4,True,1,0,21,0,181,0.49994,classic_shard_1000_2000_per_fault.csv
1549,9548,3,False,2,44,170,0,1413,5.021535,classic_shard_1000_2000_per_fault.csv
1550,9560,3,True,1,10,60,0,432,1.647541,classic_shard_1000_2000_per_fault.csv
1551,9560,4,True,1,0,21,0,180,0.498434,classic_shard_1000_2000_per_fault.csv
1552,9561,4,False,2,54,168,0,811,5.017588,classic_shard_1000_2000_per_fault.csv
1553,9562,3,False,2,47,172,0,774,5.004606,classic_shard_1000_2000_per_fault.csv
1554,9569,3,False,2,29,189,0,915,5.013774,classic_shard_1000_2000_per_fault.csv
1555,9571,4,False,2,52,166,0,381,5.014215,classic_shard_1000_2000_per_fault.csv
1556,9574,3,False,2,48,172,0,438,5.084101,classic_shard_1000_2000_per_fault.csv
1557,9580,3,False,2,52,169,0,399,5.0001,classic_shard_1000_2000_per_fault.csv
1558,9581,4,False,2,53,170,0,638,5.014108,classic_shard_1000_2000_per_fault.csv
1559,9582,3,False,2,48,176,0,444,5.003549,classic_shard_1000_2000_per_fault.csv
1560,9582,4,False,2,55,174,0,392,5.055741,classic_shard_1000_2000_per_fault.csv
1561,9588,4,False,2,53,171,0,357,5.000134,classic_shard_1000_2000_per_fault.csv
1562,9592,3,False,2,52,172,0,369,5.012637,classic_shard_1000_2000_per_fault.csv
1563,9593,3,False,2,29,191,0,919,5.017552,classic_shard_1000_2000_per_fault.csv
1564,9598,4,False,2,52,173,0,392,5.014828,classic_shard_1000_2000_per_fault.csv
1565,9599,3,False,2,47,172,0,400,5.000871,classic_shard_1000_2000_per_fault.csv
1566,9600,4,False,2,52,170,0,340,5.016601,classic_shard_1000_2000_per_fault.csv
1567,9601,4,False,2,53,169,0,825,5.013979,classic_shard_1000_2000_per_fault.csv
1568,9602,4,False,2,54,170,0,736,5.00653,classic_shard_1000_2000_per_fault.csv
1569,9605,3,False,2,44,155,0,593,5.022287,classic_shard_1000_2000_per_fault.csv
1570,9611,3,False,2,26,121,0,317,5.021861,classic_shard_1000_2000_per_fault.csv
1571,9613,4,False,2,52,167,0,628,5.010186,classic_shard_1000_2000_per_fault.csv
1572,9614,4,False,2,51,170,0,390,5.0064,classic_shard_1000_2000_per_fault.csv
1573,9621,4,False,2,56,171,0,625,5.049439,classic_shard_1000_2000_per_fault.csv
1574,9624,3,False,2,52,169,0,367,5.014404,classic_shard_1000_2000_per_fault.csv
1575,9625,4,False,2,51,175,0,658,5.020151,classic_shard_1000_2000_per_fault.csv
1576,9626,4,False,2,51,176,0,672,5.031086,classic_shard_1000_2000_per_fault.csv
1577,9627,4,False,2,49,173,0,658,5.037556,classic_shard_1000_2000_per_fault.csv
1578,9634,3,True,1,0,22,0,204,0.515385,classic_shard_1000_2000_per_fault.csv
1579,9637,4,False,2,46,171,0,1385,5.036668,classic_shard_1000_2000_per_fault.csv
1580,9638,3,True,1,0,22,0,204,0.515169,classic_shard_1000_2000_per_fault.csv
1581,9640,4,True,1,10,60,0,452,1.648404,classic_shard_1000_2000_per_fault.csv
1582,9641,4,True,1,0,8,0,23,0.191705,classic_shard_1000_2000_per_fault.csv
1583,9644,3,True,1,0,36,0,260,0.852327,classic_shard_1000_2000_per_fault.csv
1584,9645,3,True,1,0,15,0,75,0.352682,classic_shard_1000_2000_per_fault.csv
1585,9646,3,True,1,0,37,0,271,0.873801,classic_shard_1000_2000_per_fault.csv
1586,9651,3,True,1,0,96,0,615,2.29718,classic_shard_1000_2000_per_fault.csv
1587,9652,3,True,1,0,15,0,75,0.352129,classic_shard_1000_2000_per_fault.csv
1588,9652,4,True,1,0,8,0,23,0.190632,classic_shard_1000_2000_per_fault.csv
1589,9654,3,True,1,0,26,0,112,0.621654,classic_shard_1000_2000_per_fault.csv
1590,9655,4,True,1,0,49,0,247,1.166237,classic_shard_1000_2000_per_fault.csv
1591,9657,3,True,1,0,18,0,92,0.422929,classic_shard_1000_2000_per_fault.csv
1592,9659,3,True,1,1,35,0,143,0.849126,classic_shard_1000_2000_per_fault.csv
1593,9663,4,True,1,0,8,0,23,0.189228,classic_shard_1000_2000_per_fault.csv
1594,9665,4,True,1,0,23,0,218,0.536633,classic_shard_1000_2000_per_fault.csv
1595,9668,3,True,1,0,38,0,233,0.889493,classic_shard_1000_2000_per_fault.csv
1596,9672,3,True,1,0,41,0,307,0.95578,classic_shard_1000_2000_per_fault.csv
1597,9672,4,True,1,0,27,0,257,0.625975,classic_shard_1000_2000_per_fault.csv
1598,9674,3,False,2,62,154,0,701,5.016272,classic_shard_1000_2000_per_fault.csv
1599,9674,4,True,1,0,26,0,240,0.602112,classic_shard_1000_2000_per_fault.csv
1600,9676,3,False,2,63,154,0,637,5.044393,classic_shard_1000_2000_per_fault.csv
1601,9676,4,True,1,0,25,0,225,0.578931,classic_shard_1000_2000_per_fault.csv
1602,9680,3,True,1,0,37,0,252,0.874825,classic_shard_1000_2000_per_fault.csv
1603,9685,3,True,1,0,10,0,40,0.233682,classic_shard_1000_2000_per_fault.csv
1604,9686,3,True,1,0,11,0,40,0.332913,classic_shard_1000_2000_per_fault.csv
1605,9686,4,True,1,0,8,0,22,0.197666,classic_shard_1000_2000_per_fault.csv
1606,9688,3,True,1,0,9,0,29,0.218988,classic_shard_1000_2000_per_fault.csv
1607,9688,4,True,1,0,11,0,42,0.327069,classic_shard_1000_2000_per_fault.csv
1608,9691,4,True,1,0,11,0,38,0.260031,classic_shard_1000_2000_per_fault.csv
1609,9693,4,True,1,0,11,0,40,0.256379,classic_shard_1000_2000_per_fault.csv
1610,9694,4,True,1,0,11,0,40,0.257641,classic_shard_1000_2000_per_fault.csv
1611,9695,3,True,1,0,9,0,25,0.212324,classic_shard_1000_2000_per_fault.csv
1612,9698,4,True,1,0,9,0,35,0.211868,classic_shard_1000_2000_per_fault.csv
1613,9699,3,True,1,0,11,0,50,0.258807,classic_shard_1000_2000_per_fault.csv
1614,9700,3,True,1,0,12,0,48,0.281694,classic_shard_1000_2000_per_fault.csv
1615,9701,4,True,1,0,11,0,41,0.257978,classic_shard_1000_2000_per_fault.csv
1616,9708,4,True,1,0,23,0,118,0.530876,classic_shard_1000_2000_per_fault.csv
1617,9720,3,True,1,0,22,0,118,0.510014,classic_shard_1000_2000_per_fault.csv
1618,9721,3,True,1,0,22,0,111,0.512187,classic_shard_1000_2000_per_fault.csv
1619,9722,3,True,1,0,22,0,121,0.509554,classic_shard_1000_2000_per_fault.csv
1620,9723,4,True,1,0,22,0,110,0.507865,classic_shard_1000_2000_per_fault.csv
1621,9724,3,True,1,0,22,0,105,0.508784,classic_shard_1000_2000_per_fault.csv
1622,9724,4,True,1,0,22,0,105,0.510244,classic_shard_1000_2000_per_fault.csv
1623,9725,4,True,1,0,22,0,115,0.508508,classic_shard_1000_2000_per_fault.csv
1624,9761,3,True,1,0,78,0,575,1.823037,classic_shard_1000_2000_per_fault.csv
1625,9768,3,True,1,0,9,0,41,0.212973,classic_shard_1000_2000_per_fault.csv
1626,9769,3,True,1,0,9,0,42,0.212164,classic_shard_1000_2000_per_fault.csv
1627,9770,3,True,1,1,17,0,72,0.424656,classic_shard_1000_2000_per_fault.csv
1628,9784,3,True,1,2,28,0,232,0.691472,classic_shard_1000_2000_per_fault.csv
1629,9797,4,True,1,0,27,0,191,0.627365,classic_shard_1000_2000_per_fault.csv
1630,9800,4,True,1,0,22,0,135,0.513274,classic_shard_1000_2000_per_fault.csv
1631,9801,3,False,2,60,161,0,904,5.010883,classic_shard_1000_2000_per_fault.csv
1632,9802,3,False,2,63,157,0,998,5.019624,classic_shard_1000_2000_per_fault.csv
1633,9804,4,False,2,65,158,0,1069,5.044691,classic_shard_1000_2000_per_fault.csv
1634,9805,3,False,2,30,194,0,1135,5.032419,classic_shard_1000_2000_per_fault.csv
1635,9805,4,True,1,0,28,0,284,0.637923,classic_shard_1000_2000_per_fault.csv
1636,9806,3,True,1,0,27,0,249,0.614429,classic_shard_1000_2000_per_fault.csv
1637,9811,3,True,1,0,18,0,96,0.414907,classic_shard_1000_2000_per_fault.csv
1638,9813,3,True,1,3,27,0,131,0.687421,classic_shard_1000_2000_per_fault.csv
1639,9816,4,True,1,0,21,0,137,0.486784,classic_shard_1000_2000_per_fault.csv
1640,9817,4,True,1,0,20,0,127,0.459546,classic_shard_1000_2000_per_fault.csv
1641,9819,3,True,1,0,20,0,127,0.464188,classic_shard_1000_2000_per_fault.csv
1642,9824,4,True,1,0,25,0,195,0.612985,classic_shard_1000_2000_per_fault.csv
1643,9825,4,True,1,0,24,0,161,0.563876,classic_shard_1000_2000_per_fault.csv
1644,9826,4,True,1,1,20,0,96,0.512257,classic_shard_1000_2000_per_fault.csv
1645,9829,3,False,2,65,146,0,572,5.011401,classic_shard_1000_2000_per_fault.csv
1646,9830,4,False,2,34,186,0,346,5.056704,classic_shard_1000_2000_per_fault.csv
1647,9833,4,False,2,63,157,0,476,5.047256,classic_shard_1000_2000_per_fault.csv
1648,9834,4,True,1,0,26,0,231,0.605973,classic_shard_1000_2000_per_fault.csv
1649,9837,3,True,1,0,14,0,79,0.324199,classic_shard_1000_2000_per_fault.csv
1650,9842,4,True,1,0,10,0,38,0.232534,classic_shard_1000_2000_per_fault.csv
1651,9847,4,False,2,62,159,0,880,5.014669,classic_shard_1000_2000_per_fault.csv
1652,9851,3,False,2,45,175,0,2112,5.019655,classic_shard_1000_2000_per_fault.csv
1653,9854,3,False,2,45,175,0,2198,5.000527,classic_shard_1000_2000_per_fault.csv
1654,9856,4,False,2,47,167,0,2413,5.006176,classic_shard_1000_2000_per_fault.csv
1655,9861,4,False,2,52,167,0,1909,5.0049,classic_shard_1000_2000_per_fault.csv
1656,9862,3,False,2,53,167,0,1845,5.007404,classic_shard_1000_2000_per_fault.csv
1657,9864,4,False,2,53,164,0,1751,5.011348,classic_shard_1000_2000_per_fault.csv
1658,9865,4,False,2,55,165,0,1685,5.045494,classic_shard_1000_2000_per_fault.csv
1659,9869,3,True,1,0,29,0,291,0.67086,classic_shard_1000_2000_per_fault.csv
1660,9870,4,False,2,54,164,0,1302,5.003318,classic_shard_1000_2000_per_fault.csv
1661,9871,3,True,1,0,29,0,291,0.703421,classic_shard_1000_2000_per_fault.csv
1662,9872,3,True,1,0,29,0,291,0.676728,classic_shard_1000_2000_per_fault.csv
1663,9874,4,True,1,0,25,0,213,0.587466,classic_shard_1000_2000_per_fault.csv
1664,9875,4,True,1,0,23,0,198,0.534244,classic_shard_1000_2000_per_fault.csv
1665,9876,4,False,2,63,152,0,671,5.007619,classic_shard_1000_2000_per_fault.csv
1666,9878,4,True,1,0,67,0,257,1.573272,classic_shard_1000_2000_per_fault.csv
1667,9880,4,True,1,48,122,0,381,3.919472,classic_shard_1000_2000_per_fault.csv
1668,9884,4,True,1,0,7,0,15,0.161535,classic_shard_1000_2000_per_fault.csv
1669,9887,4,False,2,65,154,0,659,5.005921,classic_shard_1000_2000_per_fault.csv
1670,9888,3,False,2,55,170,0,2998,5.003481,classic_shard_1000_2000_per_fault.csv
1671,9895,4,False,2,50,172,0,1148,5.04431,classic_shard_1000_2000_per_fault.csv
1672,9896,3,False,2,42,181,0,1105,5.04237,classic_shard_1000_2000_per_fault.csv
1673,9897,3,False,2,43,175,0,957,5.005378,classic_shard_1000_2000_per_fault.csv
1674,9898,3,False,2,37,186,0,1133,5.041464,classic_shard_1000_2000_per_fault.csv
1675,9899,3,False,2,49,163,0,940,5.00181,classic_shard_1000_2000_per_fault.csv
1676,9905,3,False,2,45,175,0,579,5.009347,classic_shard_1000_2000_per_fault.csv
1677,9909,4,False,2,61,165,0,529,5.032963,classic_shard_1000_2000_per_fault.csv
1678,9911,3,False,2,47,170,0,1745,5.013645,classic_shard_1000_2000_per_fault.csv
1679,9915,4,False,2,53,168,0,1620,5.014933,classic_shard_1000_2000_per_fault.csv
1680,9918,4,False,2,52,175,0,1239,5.043805,classic_shard_1000_2000_per_fault.csv
1681,9921,3,False,2,49,180,0,1230,5.081558,classic_shard_1000_2000_per_fault.csv
1682,9922,4,False,2,54,172,0,1692,5.03439,classic_shard_1000_2000_per_fault.csv
1683,9923,4,False,2,55,171,0,1620,5.013818,classic_shard_1000_2000_per_fault.csv
1684,9926,4,False,2,52,175,0,1239,5.037854,classic_shard_1000_2000_per_fault.csv
1685,9929,3,False,2,46,179,0,1230,5.009465,classic_shard_1000_2000_per_fault.csv
1686,9931,4,False,2,56,175,0,1632,5.033149,classic_shard_1000_2000_per_fault.csv
1687,9935,3,False,2,55,177,0,1759,5.106419,classic_shard_1000_2000_per_fault.csv
1688,9938,3,False,2,49,183,0,1239,5.059325,classic_shard_1000_2000_per_fault.csv
1689,9938,4,False,2,55,175,0,1704,5.007822,classic_shard_1000_2000_per_fault.csv
1690,9940,3,False,2,46,189,0,1246,5.056313,classic_shard_1000_2000_per_fault.csv
1691,9942,4,False,2,52,178,0,1251,5.019784,classic_shard_1000_2000_per_fault.csv
1692,9952,4,True,1,17,78,0,704,2.067246,classic_shard_1000_2000_per_fault.csv
1693,9956,4,True,1,21,82,0,634,2.240703,classic_shard_1000_2000_per_fault.csv
1694,9958,3,False,2,43,192,0,1434,5.109375,classic_shard_1000_2000_per_fault.csv
1695,9960,4,True,1,17,72,0,586,1.933301,classic_shard_1000_2000_per_fault.csv
1696,9961,3,False,2,49,180,0,1230,5.047073,classic_shard_1000_2000_per_fault.csv
1697,9970,3,False,2,49,183,0,1239,5.070745,classic_shard_1000_2000_per_fault.csv
1698,9970,4,True,1,8,55,0,502,1.376986,classic_shard_1000_2000_per_fault.csv
1699,9973,4,True,1,9,56,0,481,1.416061,classic_shard_1000_2000_per_fault.csv
1700,9975,4,False,2,46,182,0,910,5.005674,classic_shard_1000_2000_per_fault.csv
1701,9978,3,False,2,44,191,0,1242,5.035044,classic_shard_1000_2000_per_fault.csv
1702,9979,3,False,2,46,188,0,1123,5.036635,classic_shard_1000_2000_per_fault.csv
1703,9984,3,True,1,3,51,0,400,1.182843,classic_shard_1000_2000_per_fault.csv
1704,9985,3,True,1,3,41,0,267,0.964832,classic_shard_1000_2000_per_fault.csv
1705,9985,4,False,2,45,180,0,607,5.005096,classic_shard_1000_2000_per_fault.csv
1706,9986,3,True,1,3,47,0,341,1.094006,classic_shard_1000_2000_per_fault.csv
1707,9987,3,True,1,12,63,0,375,1.621979,classic_shard_1000_2000_per_fault.csv
1708,9988,4,True,1,7,68,0,397,1.669763,classic_shard_1000_2000_per_fault.csv
1709,9991,3,True,1,0,9,0,29,0.200572,classic_shard_1000_2000_per_fault.csv
1710,9992,3,True,1,0,9,0,30,0.202424,classic_shard_1000_2000_per_fault.csv
1711,9993,4,False,2,69,160,0,314,5.077442,classic_shard_1000_2000_per_fault.csv
1712,9994,3,False,2,67,159,0,316,5.014613,classic_shard_1000_2000_per_fault.csv
1713,9997,3,True,1,5,35,0,159,0.885545,classic_shard_1000_2000_per_fault.csv
1714,10007,4,True,1,10,34,0,177,0.983976,classic_shard_1000_2000_per_fault.csv
1715,10008,3,True,1,22,63,0,198,1.904932,classic_shard_1000_2000_per_fault.csv
1716,10016,3,True,1,0,8,0,29,0.177076,classic_shard_1000_2000_per_fault.csv
1717,10017,4,True,1,0,10,0,52,0.222186,classic_shard_1000_2000_per_fault.csv
1718,10026,3,True,1,0,33,0,287,0.725882,classic_shard_1000_2000_per_fault.csv
1719,10031,4,True,1,0,12,0,49,0.266086,classic_shard_1000_2000_per_fault.csv
1720,10039,3,True,1,0,8,0,18,0.176875,classic_shard_1000_2000_per_fault.csv
1721,10039,4,True,1,0,12,0,38,0.265916,classic_shard_1000_2000_per_fault.csv
1722,10042,3,True,1,0,25,0,124,0.552598,classic_shard_1000_2000_per_fault.csv
1723,10045,4,False,2,54,180,0,520,5.027169,classic_shard_1000_2000_per_fault.csv
1724,10048,4,False,2,58,172,0,284,5.013709,classic_shard_1000_2000_per_fault.csv
1725,10050,3,False,2,57,173,0,383,5.017275,classic_shard_1000_2000_per_fault.csv
1726,10063,3,False,2,61,172,0,567,5.01952,classic_shard_1000_2000_per_fault.csv
1727,10064,3,False,2,66,160,0,450,5.019593,classic_shard_1000_2000_per_fault.csv
1728,10066,3,False,2,68,163,0,531,5.01333,classic_shard_1000_2000_per_fault.csv
1729,10067,3,True,1,0,50,0,113,1.088042,classic_shard_1000_2000_per_fault.csv
1730,10067,4,True,1,0,37,0,135,0.808812,classic_shard_1000_2000_per_fault.csv
1731,10069,3,True,1,0,56,0,148,1.212641,classic_shard_1000_2000_per_fault.csv
1732,10071,4,True,1,0,56,0,152,1.205413,classic_shard_1000_2000_per_fault.csv
1733,10072,3,True,1,0,37,0,291,0.810886,classic_shard_1000_2000_per_fault.csv
1734,10075,3,True,1,0,53,0,365,1.170461,classic_shard_1000_2000_per_fault.csv
1735,10076,3,False,2,64,169,0,603,5.014885,classic_shard_1000_2000_per_fault.csv
1736,10079,3,True,1,26,91,0,429,2.543491,classic_shard_1000_2000_per_fault.csv
1737,10079,4,True,1,0,20,0,139,0.437294,classic_shard_1000_2000_per_fault.csv
1738,10086,3,True,1,0,39,0,241,0.856449,classic_shard_1000_2000_per_fault.csv
1739,10089,3,True,1,0,39,0,241,0.861989,classic_shard_1000_2000_per_fault.csv
1740,10091,3,True,1,0,39,0,241,0.859736,classic_shard_1000_2000_per_fault.csv
1741,10094,3,True,1,0,39,0,241,0.859621,classic_shard_1000_2000_per_fault.csv
1742,10095,3,True,1,0,39,0,241,0.859282,classic_shard_1000_2000_per_fault.csv
1743,10096,3,True,1,0,39,0,241,0.861359,classic_shard_1000_2000_per_fault.csv
1744,10097,4,False,2,62,167,0,434,5.014778,classic_shard_1000_2000_per_fault.csv
1745,10099,4,True,1,0,20,0,139,0.435341,classic_shard_1000_2000_per_fault.csv
1746,10100,3,True,1,0,39,0,241,0.859046,classic_shard_1000_2000_per_fault.csv
1747,10101,3,True,1,26,91,0,429,2.524589,classic_shard_1000_2000_per_fault.csv
1748,10101,4,True,1,0,20,0,139,0.434956,classic_shard_1000_2000_per_fault.csv
1749,10102,3,True,1,0,39,0,241,0.857482,classic_shard_1000_2000_per_fault.csv
1750,10103,3,True,1,26,91,0,429,2.529457,classic_shard_1000_2000_per_fault.csv
1751,10104,3,True,1,0,39,0,241,0.855362,classic_shard_1000_2000_per_fault.csv
1752,10104,4,True,1,0,20,0,137,0.43739,classic_shard_1000_2000_per_fault.csv
1753,10105,4,True,1,0,20,0,139,0.433928,classic_shard_1000_2000_per_fault.csv
1754,10108,3,False,2,60,173,0,553,5.000228,classic_shard_1000_2000_per_fault.csv
1755,10111,4,True,1,0,42,0,298,0.924684,classic_shard_1000_2000_per_fault.csv
1756,10118,3,False,2,65,168,0,1345,5.020676,classic_shard_1000_2000_per_fault.csv
1757,10121,4,True,1,0,18,0,86,0.393304,classic_shard_1000_2000_per_fault.csv
1758,10125,4,True,1,0,39,0,209,0.868732,classic_shard_1000_2000_per_fault.csv
1759,10129,4,False,2,70,160,0,583,5.01852,classic_shard_1000_2000_per_fault.csv
1760,10131,3,True,1,0,24,0,140,0.519569,classic_shard_1000_2000_per_fault.csv
1761,10132,4,True,1,0,25,0,156,0.54218,classic_shard_1000_2000_per_fault.csv
1762,10135,3,True,1,0,49,0,270,1.084228,classic_shard_1000_2000_per_fault.csv
1763,10136,3,True,1,0,55,0,308,1.215369,classic_shard_1000_2000_per_fault.csv
1764,10137,3,False,2,64,171,0,796,5.025723,classic_shard_1000_2000_per_fault.csv
1765,10149,3,True,1,0,19,0,105,0.413805,classic_shard_1000_2000_per_fault.csv
1766,10149,4,True,1,0,21,0,109,0.463523,classic_shard_1000_2000_per_fault.csv
1767,10151,4,False,2,71,162,0,736,5.010762,classic_shard_1000_2000_per_fault.csv
1768,10154,3,True,1,0,23,0,107,0.500585,classic_shard_1000_2000_per_fault.csv
1769,10159,3,False,2,62,176,0,344,5.002834,classic_shard_1000_2000_per_fault.csv
1770,10160,3,False,2,58,178,0,343,5.010785,classic_shard_1000_2000_per_fault.csv
1771,10161,4,False,2,54,181,0,517,5.001639,classic_shard_1000_2000_per_fault.csv
1772,10163,3,False,2,68,171,0,546,5.00964,classic_shard_1000_2000_per_fault.csv
1773,10169,3,True,1,0,34,0,180,0.731351,classic_shard_1000_2000_per_fault.csv
1774,10171,3,False,2,59,180,0,590,5.03513,classic_shard_1000_2000_per_fault.csv
1775,10174,4,True,1,0,18,0,80,0.431073,classic_shard_1000_2000_per_fault.csv
1776,10177,3,True,1,0,19,0,179,0.404779,classic_shard_1000_2000_per_fault.csv
1777,10178,3,True,1,0,24,0,136,0.519397,classic_shard_1000_2000_per_fault.csv
1778,10180,3,True,1,0,32,0,138,0.744728,classic_shard_1000_2000_per_fault.csv
1779,10181,3,True,1,16,61,0,245,1.685888,classic_shard_1000_2000_per_fault.csv
1780,10185,4,True,1,0,34,0,171,0.733857,classic_shard_1000_2000_per_fault.csv
1781,10188,4,False,2,68,168,0,347,5.012106,classic_shard_1000_2000_per_fault.csv
1782,10190,3,False,2,63,171,0,674,5.005609,classic_shard_1000_2000_per_fault.csv
1783,10191,3,False,2,55,180,0,551,5.008644,classic_shard_1000_2000_per_fault.csv
1784,10192,4,False,2,65,176,0,887,5.020046,classic_shard_1000_2000_per_fault.csv
1785,10194,3,False,2,64,177,0,681,5.036204,classic_shard_1000_2000_per_fault.csv
1786,10195,3,False,2,48,189,0,911,5.003728,classic_shard_1000_2000_per_fault.csv
1787,10196,3,False,2,68,181,0,349,5.31582,classic_shard_1000_2000_per_fault.csv
1788,10196,4,False,2,68,167,0,331,5.102057,classic_shard_1000_2000_per_fault.csv
1789,10197,3,False,2,54,181,0,528,5.005948,classic_shard_1000_2000_per_fault.csv
1790,10201,3,False,2,49,187,0,616,5.00154,classic_shard_1000_2000_per_fault.csv
1791,10204,3,False,2,52,179,0,345,5.020662,classic_shard_1000_2000_per_fault.csv
1792,10208,4,False,2,59,175,0,509,5.017394,classic_shard_1000_2000_per_fault.csv
1793,10210,3,False,2,62,169,0,643,5.036063,classic_shard_1000_2000_per_fault.csv
1794,10214,4,False,2,68,169,0,629,5.001271,classic_shard_1000_2000_per_fault.csv
1795,10218,4,False,2,66,172,0,479,5.010838,classic_shard_1000_2000_per_fault.csv
1796,10220,3,False,2,54,180,0,345,5.039505,classic_shard_1000_2000_per_fault.csv
1797,10223,4,False,2,69,167,0,525,5.022784,classic_shard_1000_2000_per_fault.csv
1798,10224,3,False,2,60,176,0,759,5.030405,classic_shard_1000_2000_per_fault.csv
1799,10225,3,False,2,49,185,0,610,5.018818,classic_shard_1000_2000_per_fault.csv
1800,10228,4,False,2,68,167,0,327,5.003616,classic_shard_1000_2000_per_fault.csv
1801,10232,3,False,2,60,176,0,759,5.030903,classic_shard_1000_2000_per_fault.csv
1802,10233,3,False,2,49,189,0,614,5.002897,classic_shard_1000_2000_per_fault.csv
1803,10236,3,False,2,68,181,0,345,5.236387,classic_shard_1000_2000_per_fault.csv
1804,10238,3,False,2,66,173,0,670,5.041605,classic_shard_1000_2000_per_fault.csv
1805,10239,3,False,2,54,178,0,546,5.036232,classic_shard_1000_2000_per_fault.csv
1806,10241,4,False,2,51,185,0,637,5.008375,classic_shard_1000_2000_per_fault.csv
1807,10242,3,False,2,62,174,0,677,5.003212,classic_shard_1000_2000_per_fault.csv
1808,10243,4,False,2,55,189,0,819,5.009131,classic_shard_1000_2000_per_fault.csv
1809,10245,3,False,2,54,192,0,538,5.017604,classic_shard_1000_2000_per_fault.csv
1810,10245,4,False,2,57,189,0,567,5.00658,classic_shard_1000_2000_per_fault.csv
1811,10246,3,False,2,68,177,0,700,5.017936,classic_shard_1000_2000_per_fault.csv
1812,10247,4,False,2,72,172,0,537,5.006439,classic_shard_1000_2000_per_fault.csv
1813,10252,4,False,2,68,182,0,372,5.010717,classic_shard_1000_2000_per_fault.csv
1814,10256,4,False,2,68,184,0,913,5.009153,classic_shard_1000_2000_per_fault.csv
1815,10257,3,False,2,49,201,0,626,5.005302,classic_shard_1000_2000_per_fault.csv
1816,10257,4,False,2,51,198,0,654,5.009124,classic_shard_1000_2000_per_fault.csv
1817,10259,4,False,2,55,188,0,809,5.00622,classic_shard_1000_2000_per_fault.csv
1818,10262,4,False,2,72,176,0,656,5.020481,classic_shard_1000_2000_per_fault.csv
1819,10263,4,False,2,72,174,0,550,5.006236,classic_shard_1000_2000_per_fault.csv
1820,10264,4,False,2,67,183,0,904,5.033269,classic_shard_1000_2000_per_fault.csv
1821,10265,4,False,2,51,198,0,653,5.01949,classic_shard_1000_2000_per_fault.csv
1822,10267,3,True,1,0,34,0,219,0.703723,classic_shard_1000_2000_per_fault.csv
1823,10271,3,True,1,0,34,0,220,0.696296,classic_shard_1000_2000_per_fault.csv
1824,10271,4,True,1,0,20,0,172,0.40429,classic_shard_1000_2000_per_fault.csv
1825,10275,4,True,1,0,21,0,188,0.426805,classic_shard_1000_2000_per_fault.csv
1826,10278,4,True,1,0,21,0,188,0.428343,classic_shard_1000_2000_per_fault.csv
1827,10279,3,True,1,0,34,0,220,0.713953,classic_shard_1000_2000_per_fault.csv
1828,10280,3,True,1,10,60,0,436,1.444005,classic_shard_1000_2000_per_fault.csv
1829,10282,4,False,2,64,184,0,897,5.007497,classic_shard_1000_2000_per_fault.csv
1830,10286,3,False,2,56,192,0,698,5.007056,classic_shard_1000_2000_per_fault.csv
1831,10287,3,False,2,56,194,0,459,5.005147,classic_shard_1000_2000_per_fault.csv
1832,10291,3,False,2,57,193,0,862,5.00341,classic_shard_1000_2000_per_fault.csv
1833,10294,4,False,2,62,190,0,687,5.009803,classic_shard_1000_2000_per_fault.csv
1834,10296,4,False,2,63,190,0,394,5.006855,classic_shard_1000_2000_per_fault.csv
1835,10300,4,False,2,65,187,0,411,5.017509,classic_shard_1000_2000_per_fault.csv
1836,10303,4,False,2,66,192,0,414,5.071061,classic_shard_1000_2000_per_fault.csv
1837,10312,4,False,2,64,191,0,365,5.010948,classic_shard_1000_2000_per_fault.csv
1838,10315,3,False,2,57,193,0,858,5.006161,classic_shard_1000_2000_per_fault.csv
1839,10318,4,False,2,62,190,0,672,5.00795,classic_shard_1000_2000_per_fault.csv
1840,10320,3,False,2,57,196,0,415,5.012562,classic_shard_1000_2000_per_fault.csv
1841,10321,3,False,2,58,195,0,379,5.032543,classic_shard_1000_2000_per_fault.csv
1842,10321,4,False,2,65,187,0,330,5.019823,classic_shard_1000_2000_per_fault.csv
1843,10322,4,False,2,67,186,0,877,5.009598,classic_shard_1000_2000_per_fault.csv
1844,10323,4,False,2,67,187,0,784,5.014633,classic_shard_1000_2000_per_fault.csv
1845,10324,3,False,2,55,190,0,391,5.014154,classic_shard_1000_2000_per_fault.csv
1846,10329,4,False,2,65,187,0,332,5.037923,classic_shard_1000_2000_per_fault.csv
1847,10333,4,False,2,68,183,0,370,5.026593,classic_shard_1000_2000_per_fault.csv
1848,10334,4,False,2,62,188,0,682,5.009938,classic_shard_1000_2000_per_fault.csv
1849,10343,3,False,2,58,196,0,455,5.006666,classic_shard_1000_2000_per_fault.csv
1850,10344,3,False,2,56,193,0,414,5.015432,classic_shard_1000_2000_per_fault.csv
1851,10347,3,False,2,56,190,0,846,5.00288,classic_shard_1000_2000_per_fault.csv
1852,10356,4,False,2,66,185,0,387,5.003601,classic_shard_1000_2000_per_fault.csv
1853,10357,3,False,2,59,189,0,406,5.023943,classic_shard_1000_2000_per_fault.csv
1854,10361,4,False,2,65,187,0,331,5.027032,classic_shard_1000_2000_per_fault.csv
1855,10362,3,True,1,0,6,0,10,0.125123,classic_shard_1000_2000_per_fault.csv
1856,10365,4,True,1,0,15,0,84,0.308534,classic_shard_1000_2000_per_fault.csv
1857,10370,3,True,1,0,6,0,10,0.123691,classic_shard_1000_2000_per_fault.csv
1858,10371,4,True,1,0,15,0,84,0.307482,classic_shard_1000_2000_per_fault.csv
1859,10373,3,True,1,0,6,0,10,0.126096,classic_shard_1000_2000_per_fault.csv
1860,10375,3,True,1,0,6,0,10,0.13059,classic_shard_1000_2000_per_fault.csv
1861,10377,3,True,1,0,6,0,10,0.123213,classic_shard_1000_2000_per_fault.csv
1862,10378,3,True,1,0,21,0,193,0.432514,classic_shard_1000_2000_per_fault.csv
1863,10379,3,True,1,0,20,0,178,0.418919,classic_shard_1000_2000_per_fault.csv
1864,10379,4,True,1,0,50,0,329,1.055504,classic_shard_1000_2000_per_fault.csv
1865,10381,3,True,1,0,4,0,8,0.080793,classic_shard_1000_2000_per_fault.csv
1866,10384,3,True,1,0,6,0,10,0.124962,classic_shard_1000_2000_per_fault.csv
1867,10389,4,True,1,0,15,0,86,0.309641,classic_shard_1000_2000_per_fault.csv
1868,10392,4,True,1,0,15,0,84,0.307465,classic_shard_1000_2000_per_fault.csv
1869,10394,4,True,1,0,15,0,83,0.305692,classic_shard_1000_2000_per_fault.csv
1870,10395,3,True,1,0,6,0,10,0.12298,classic_shard_1000_2000_per_fault.csv
1871,10395,4,True,1,0,15,0,84,0.31116,classic_shard_1000_2000_per_fault.csv
1872,10399,4,True,1,0,37,0,287,0.769748,classic_shard_1000_2000_per_fault.csv
1873,10405,4,True,1,0,15,0,88,0.30434,classic_shard_1000_2000_per_fault.csv
1874,10411,4,True,1,0,15,0,86,0.311167,classic_shard_1000_2000_per_fault.csv
1875,10414,3,True,1,0,6,0,10,0.123377,classic_shard_1000_2000_per_fault.csv
1876,10415,4,True,1,0,15,0,86,0.308262,classic_shard_1000_2000_per_fault.csv
1877,10416,3,True,1,0,6,0,10,0.12256,classic_shard_1000_2000_per_fault.csv
1878,10417,3,True,1,0,6,0,10,0.125158,classic_shard_1000_2000_per_fault.csv
1879,10421,3,True,1,0,96,0,647,2.009034,classic_shard_1000_2000_per_fault.csv
1880,10422,4,True,1,5,51,0,239,1.156262,classic_shard_1000_2000_per_fault.csv
1881,10425,3,True,1,0,6,0,10,0.12254,classic_shard_1000_2000_per_fault.csv
1882,10429,3,True,1,0,6,0,10,0.124478,classic_shard_1000_2000_per_fault.csv
1883,10432,3,True,1,0,6,0,10,0.123952,classic_shard_1000_2000_per_fault.csv
1884,10432,4,True,1,0,15,0,89,0.307004,classic_shard_1000_2000_per_fault.csv
1885,10436,3,True,1,0,6,0,10,0.123378,classic_shard_1000_2000_per_fault.csv
1886,10446,3,True,1,0,6,0,10,0.123722,classic_shard_1000_2000_per_fault.csv
1887,10446,4,True,1,0,15,0,85,0.308266,classic_shard_1000_2000_per_fault.csv
1888,10447,4,True,1,0,15,0,84,0.300643,classic_shard_1000_2000_per_fault.csv
1889,10452,3,True,1,0,6,0,10,0.12212,classic_shard_1000_2000_per_fault.csv
1890,10454,4,True,1,0,15,0,86,0.316759,classic_shard_1000_2000_per_fault.csv
1891,10456,3,True,1,0,6,0,10,0.126549,classic_shard_1000_2000_per_fault.csv
1892,10463,3,True,1,0,6,0,10,0.126972,classic_shard_1000_2000_per_fault.csv
1893,10465,3,True,1,0,6,0,10,0.124777,classic_shard_1000_2000_per_fault.csv
1894,10466,4,True,1,0,15,0,83,0.31476,classic_shard_1000_2000_per_fault.csv
1895,10467,3,True,1,0,6,0,10,0.122166,classic_shard_1000_2000_per_fault.csv
1896,10470,4,True,1,0,15,0,89,0.302979,classic_shard_1000_2000_per_fault.csv
1897,10473,4,True,1,0,15,0,83,0.301208,classic_shard_1000_2000_per_fault.csv
1898,10479,3,False,2,35,208,0,646,5.001494,classic_shard_1000_2000_per_fault.csv
1899,10479,4,True,1,1,20,0,95,0.45475,classic_shard_1000_2000_per_fault.csv
1900,10487,3,True,1,0,6,0,10,0.137933,classic_shard_1000_2000_per_fault.csv
1901,10487,4,True,1,0,15,0,86,0.310714,classic_shard_1000_2000_per_fault.csv
1902,10488,3,True,1,0,6,0,10,0.122679,classic_shard_1000_2000_per_fault.csv
1903,10488,4,True,1,0,15,0,81,0.308185,classic_shard_1000_2000_per_fault.csv
1904,10490,4,True,1,0,15,0,84,0.310681,classic_shard_1000_2000_per_fault.csv
1905,10491,3,True,1,0,6,0,10,0.12728,classic_shard_1000_2000_per_fault.csv
1906,10494,4,True,1,0,15,0,81,0.310984,classic_shard_1000_2000_per_fault.csv
1907,10495,3,True,1,0,6,0,10,0.124941,classic_shard_1000_2000_per_fault.csv
1908,10495,4,True,1,0,15,0,85,0.309478,classic_shard_1000_2000_per_fault.csv
1909,10498,4,False,2,67,182,0,270,5.018699,classic_shard_1000_2000_per_fault.csv
1910,10505,4,True,1,0,15,0,83,0.309087,classic_shard_1000_2000_per_fault.csv
1911,10509,3,True,1,0,6,0,10,0.123394,classic_shard_1000_2000_per_fault.csv
1912,10516,4,True,1,0,15,0,84,0.307683,classic_shard_1000_2000_per_fault.csv
1913,10518,3,True,1,0,6,0,10,0.127814,classic_shard_1000_2000_per_fault.csv
1914,10519,3,True,1,0,6,0,10,0.123523,classic_shard_1000_2000_per_fault.csv
1915,10520,3,True,1,0,27,0,215,0.55156,classic_shard_1000_2000_per_fault.csv
1916,10524,3,True,1,0,8,0,24,0.16506,classic_shard_1000_2000_per_fault.csv
1917,10526,3,True,1,0,11,0,42,0.231423,classic_shard_1000_2000_per_fault.csv
1918,10527,4,True,1,0,9,0,31,0.192678,classic_shard_1000_2000_per_fault.csv
1919,10528,4,True,1,0,8,0,23,0.17085,classic_shard_1000_2000_per_fault.csv
1920,10534,3,True,1,0,11,0,39,0.226763,classic_shard_1000_2000_per_fault.csv
1921,10539,4,True,1,0,8,0,32,0.167341,classic_shard_1000_2000_per_fault.csv
1922,10540,4,True,1,0,22,0,98,0.449057,classic_shard_1000_2000_per_fault.csv
1923,10541,3,True,1,0,21,0,99,0.430634,classic_shard_1000_2000_per_fault.csv
1924,10542,3,True,1,0,22,0,100,0.454068,classic_shard_1000_2000_per_fault.csv
1925,10547,4,True,1,1,26,0,119,0.555593,classic_shard_1000_2000_per_fault.csv
1926,10548,4,True,1,0,23,0,112,0.476879,classic_shard_1000_2000_per_fault.csv
1927,10552,4,True,1,1,26,0,117,0.551754,classic_shard_1000_2000_per_fault.csv
1928,10555,3,True,1,1,26,0,121,0.561094,classic_shard_1000_2000_per_fault.csv
1929,10560,3,True,1,0,20,0,113,0.414413,classic_shard_1000_2000_per_fault.csv
1930,10564,3,True,1,0,20,0,105,0.413502,classic_shard_1000_2000_per_fault.csv
1931,10565,4,True,1,0,22,0,109,0.451017,classic_shard_1000_2000_per_fault.csv
1932,10575,3,True,1,0,63,0,420,1.323118,classic_shard_1000_2000_per_fault.csv
1933,10578,3,True,1,0,22,0,163,0.449094,classic_shard_1000_2000_per_fault.csv
1934,10587,4,True,1,0,48,0,373,1.00139,classic_shard_1000_2000_per_fault.csv
1935,10593,4,True,1,0,33,0,216,0.687115,classic_shard_1000_2000_per_fault.csv
1936,10602,4,True,1,0,33,0,240,0.714305,classic_shard_1000_2000_per_fault.csv
1937,10605,4,True,1,0,26,0,230,0.541884,classic_shard_1000_2000_per_fault.csv
1938,10608,4,True,1,0,38,0,300,0.872258,classic_shard_1000_2000_per_fault.csv
1939,10611,3,True,1,0,23,0,166,0.476247,classic_shard_1000_2000_per_fault.csv
1940,10614,3,True,1,0,18,0,140,0.374708,classic_shard_1000_2000_per_fault.csv
1941,10614,4,True,1,0,18,0,141,0.373253,classic_shard_1000_2000_per_fault.csv
1942,10619,3,True,1,0,6,0,7,0.126323,classic_shard_1000_2000_per_fault.csv
1943,10622,4,True,1,0,8,0,27,0.167949,classic_shard_1000_2000_per_fault.csv
1944,10624,3,True,1,4,26,0,98,0.644063,classic_shard_1000_2000_per_fault.csv
1945,10625,4,True,1,0,10,0,45,0.208548,classic_shard_1000_2000_per_fault.csv
1946,10628,4,True,1,0,7,0,21,0.145849,classic_shard_1000_2000_per_fault.csv
1947,10631,3,True,1,0,8,0,25,0.168582,classic_shard_1000_2000_per_fault.csv
1948,10649,4,True,1,0,20,0,119,0.424552,classic_shard_1000_2000_per_fault.csv
1949,10652,4,False,2,43,201,0,1230,5.002752,classic_shard_1000_2000_per_fault.csv
1950,10654,4,False,2,74,164,0,750,5.010014,classic_shard_1000_2000_per_fault.csv
1951,10656,4,False,2,38,211,0,1199,5.059686,classic_shard_1000_2000_per_fault.csv
1952,10659,4,True,1,0,39,0,262,0.824569,classic_shard_1000_2000_per_fault.csv
1953,10660,4,True,1,0,15,0,84,0.314911,classic_shard_1000_2000_per_fault.csv
1954,10663,4,False,2,40,199,0,1073,5.003123,classic_shard_1000_2000_per_fault.csv
1955,10664,3,True,1,0,29,0,290,0.605005,classic_shard_1000_2000_per_fault.csv
1956,10666,4,False,2,38,209,0,1145,5.012501,classic_shard_1000_2000_per_fault.csv
1957,10669,3,True,1,0,14,0,51,0.295238,classic_shard_1000_2000_per_fault.csv
1958,10671,3,False,2,55,191,0,2268,5.048931,classic_shard_1000_2000_per_fault.csv
1959,10675,4,False,2,59,185,0,1187,5.009376,classic_shard_1000_2000_per_fault.csv
1960,10676,3,False,2,59,185,0,2357,5.020728,classic_shard_1000_2000_per_fault.csv
1961,10678,3,False,2,59,183,0,2082,5.000633,classic_shard_1000_2000_per_fault.csv
1962,10679,3,False,2,60,183,0,1998,5.01353,classic_shard_1000_2000_per_fault.csv
1963,10680,4,False,2,47,199,0,869,5.007899,classic_shard_1000_2000_per_fault.csv
1964,10681,3,False,2,60,182,0,1926,5.001123,classic_shard_1000_2000_per_fault.csv
1965,10681,4,False,2,53,189,0,1132,5.018105,classic_shard_1000_2000_per_fault.csv
1966,10682,3,False,2,60,180,0,1846,5.000138,classic_shard_1000_2000_per_fault.csv
1967,10682,4,False,2,52,191,0,1134,5.010809,classic_shard_1000_2000_per_fault.csv
1968,10683,3,False,2,62,181,0,1795,5.014682,classic_shard_1000_2000_per_fault.csv
1969,10683,4,False,2,52,186,0,1097,5.00401,classic_shard_1000_2000_per_fault.csv
1970,10687,3,True,1,0,27,0,287,0.564283,classic_shard_1000_2000_per_fault.csv
1971,10688,3,True,1,0,27,0,287,0.565343,classic_shard_1000_2000_per_fault.csv
1972,10695,4,True,1,0,11,0,55,0.22954,classic_shard_1000_2000_per_fault.csv
1973,10696,3,False,2,69,168,0,1019,5.02602,classic_shard_1000_2000_per_fault.csv
1974,10699,4,True,1,0,14,0,62,0.297968,classic_shard_1000_2000_per_fault.csv
1975,10702,4,False,2,53,188,0,489,5.03222,classic_shard_1000_2000_per_fault.csv
1976,10706,3,True,1,0,29,0,290,0.620079,classic_shard_1000_2000_per_fault.csv
1977,10706,4,False,2,50,192,0,1123,5.012671,classic_shard_1000_2000_per_fault.csv
1978,10707,3,True,1,0,32,0,309,0.671413,classic_shard_1000_2000_per_fault.csv
1979,10714,3,False,2,53,185,0,2616,5.00614,classic_shard_1000_2000_per_fault.csv
1980,10715,4,False,2,63,177,0,718,5.009059,classic_shard_1000_2000_per_fault.csv
1981,10719,3,False,2,59,183,0,2082,5.00104,classic_shard_1000_2000_per_fault.csv
1982,10720,3,False,2,60,183,0,1998,5.038351,classic_shard_1000_2000_per_fault.csv
1983,10722,3,False,2,58,174,0,1848,5.002534,classic_shard_1000_2000_per_fault.csv
1984,10730,4,False,2,53,188,0,512,5.00438,classic_shard_1000_2000_per_fault.csv
1985,10732,4,True,1,0,27,0,240,0.589079,classic_shard_1000_2000_per_fault.csv
1986,10734,4,True,1,0,22,0,111,0.467306,classic_shard_1000_2000_per_fault.csv
1987,10735,3,True,1,0,20,0,103,0.416878,classic_shard_1000_2000_per_fault.csv
1988,10735,4,False,2,74,167,0,575,5.02675,classic_shard_1000_2000_per_fault.csv
1989,10737,3,True,1,0,34,0,206,0.721706,classic_shard_1000_2000_per_fault.csv
1990,10737,4,True,1,0,17,0,98,0.362251,classic_shard_1000_2000_per_fault.csv
1991,10740,3,True,1,0,9,0,26,0.189373,classic_shard_1000_2000_per_fault.csv
1992,10740,4,True,1,3,48,0,318,1.068931,classic_shard_1000_2000_per_fault.csv
1993,10741,3,False,2,70,172,0,560,5.04387,classic_shard_1000_2000_per_fault.csv
1994,10743,3,True,1,0,17,0,100,0.368931,classic_shard_1000_2000_per_fault.csv
1995,10743,4,True,1,0,24,0,144,0.522913,classic_shard_1000_2000_per_fault.csv
1996,10746,4,True,1,0,21,0,141,0.445021,classic_shard_1000_2000_per_fault.csv
1997,10747,3,True,1,0,26,0,177,0.541203,classic_shard_1000_2000_per_fault.csv
1998,10747,4,True,1,0,11,0,53,0.228693,classic_shard_1000_2000_per_fault.csv
1999,10753,3,True,1,0,30,0,188,0.665429,classic_shard_1000_2000_per_fault.csv
2000,10753,4,True,1,0,15,0,78,0.772485,classic_shard_2000_3000_per_fault.csv
2001,10755,4,True,1,1,20,0,99,0.733751,classic_shard_2000_3000_per_fault.csv
2002,10759,3,False,2,61,138,0,604,5.001154,classic_shard_2000_3000_per_fault.csv
2003,10759,4,True,1,3,30,0,158,0.809425,classic_shard_2000_3000_per_fault.csv
2004,10764,3,True,1,0,6,0,17,0.148138,classic_shard_2000_3000_per_fault.csv
2005,10764,4,True,1,0,35,0,301,0.860558,classic_shard_2000_3000_per_fault.csv
2006,10766,3,False,2,46,163,0,1661,5.013245,classic_shard_2000_3000_per_fault.csv
2007,10768,3,False,2,43,166,0,1156,5.00495,classic_shard_2000_3000_per_fault.csv
2008,10768,4,False,2,49,161,0,1678,5.008298,classic_shard_2000_3000_per_fault.csv
2009,10769,4,False,2,51,163,0,1644,5.001095,classic_shard_2000_3000_per_fault.csv
2010,10782,3,False,2,46,166,0,1146,5.00424,classic_shard_2000_3000_per_fault.csv
2011,10788,4,False,2,53,158,0,1752,5.011066,classic_shard_2000_3000_per_fault.csv
2012,10793,4,False,2,52,168,0,435,5.021369,classic_shard_2000_3000_per_fault.csv
2013,10798,4,True,1,0,26,0,286,0.605846,classic_shard_2000_3000_per_fault.csv
2014,10800,3,False,2,56,163,0,538,5.020481,classic_shard_2000_3000_per_fault.csv
2015,10801,3,False,2,48,170,0,747,5.000755,classic_shard_2000_3000_per_fault.csv
2016,10809,3,True,1,8,74,0,385,1.920813,classic_shard_2000_3000_per_fault.csv
2017,10811,4,False,2,49,169,0,729,5.004136,classic_shard_2000_3000_per_fault.csv
2018,10812,4,False,2,58,161,0,365,5.021793,classic_shard_2000_3000_per_fault.csv
2019,10814,3,True,1,0,10,0,39,0.239124,classic_shard_2000_3000_per_fault.csv
2020,10817,3,True,1,0,9,0,36,0.218083,classic_shard_2000_3000_per_fault.csv
2021,10818,3,True,1,6,61,0,264,1.589691,classic_shard_2000_3000_per_fault.csv
2022,10819,4,False,2,55,165,0,447,5.000517,classic_shard_2000_3000_per_fault.csv
2023,10822,4,False,2,54,167,0,452,5.01591,classic_shard_2000_3000_per_fault.csv
2024,10823,4,False,2,61,151,0,304,5.032503,classic_shard_2000_3000_per_fault.csv
2025,10825,3,False,2,43,114,0,252,5.011849,classic_shard_2000_3000_per_fault.csv
2026,10826,3,True,1,2,36,0,205,1.165187,classic_shard_2000_3000_per_fault.csv
2027,10827,4,True,1,43,110,0,343,4.651992,classic_shard_2000_3000_per_fault.csv
2028,10828,4,True,1,0,22,0,133,0.519868,classic_shard_2000_3000_per_fault.csv
2029,10829,3,True,1,4,33,0,154,0.957027,classic_shard_2000_3000_per_fault.csv
2030,10842,4,True,1,19,52,0,188,1.688047,classic_shard_2000_3000_per_fault.csv
2031,10860,4,False,2,66,147,0,611,5.010676,classic_shard_2000_3000_per_fault.csv
2032,10861,3,False,2,58,164,0,486,5.008734,classic_shard_2000_3000_per_fault.csv
2033,10863,3,False,2,57,163,0,347,5.002474,classic_shard_2000_3000_per_fault.csv
2034,10867,3,True,1,0,7,0,35,0.164909,classic_shard_2000_3000_per_fault.csv
2035,10867,4,False,2,61,158,0,533,5.046183,classic_shard_2000_3000_per_fault.csv
2036,10868,3,True,1,0,7,0,53,0.167312,classic_shard_2000_3000_per_fault.csv
2037,10869,4,False,2,56,164,0,357,5.013982,classic_shard_2000_3000_per_fault.csv
2038,10870,4,True,1,0,56,0,371,1.326437,classic_shard_2000_3000_per_fault.csv
2039,10875,4,True,1,1,54,0,89,1.27188,classic_shard_2000_3000_per_fault.csv
2040,10876,4,True,1,0,57,0,180,1.321466,classic_shard_2000_3000_per_fault.csv
2041,10877,4,True,1,0,55,0,135,1.272223,classic_shard_2000_3000_per_fault.csv
2042,10878,3,True,1,0,23,0,196,0.539319,classic_shard_2000_3000_per_fault.csv
2043,10879,3,True,1,0,4,0,9,0.096678,classic_shard_2000_3000_per_fault.csv
2044,10880,3,False,2,55,174,0,731,5.231605,classic_shard_2000_3000_per_fault.csv
2045,10881,4,True,1,0,33,0,171,0.781277,classic_shard_2000_3000_per_fault.csv
2046,10882,3,False,2,59,161,0,585,5.02153,classic_shard_2000_3000_per_fault.csv
2047,10883,3,True,1,42,114,0,677,3.641318,classic_shard_2000_3000_per_fault.csv
2048,10884,3,True,1,0,27,0,249,0.633098,classic_shard_2000_3000_per_fault.csv
2049,10884,4,True,1,0,37,0,261,0.87708,classic_shard_2000_3000_per_fault.csv
2050,10887,3,True,1,0,9,0,27,0.214212,classic_shard_2000_3000_per_fault.csv
2051,10889,3,True,1,0,30,0,209,0.705023,classic_shard_2000_3000_per_fault.csv
2052,10890,4,True,1,0,21,0,143,0.489767,classic_shard_2000_3000_per_fault.csv
2053,10896,4,False,2,52,173,0,755,5.313967,classic_shard_2000_3000_per_fault.csv
2054,10898,3,False,2,62,150,0,1284,5.044165,classic_shard_2000_3000_per_fault.csv
2055,10899,3,False,2,49,167,0,635,5.01006,classic_shard_2000_3000_per_fault.csv
2056,10900,3,True,1,0,29,0,304,0.688911,classic_shard_2000_3000_per_fault.csv
2057,10901,4,False,2,45,168,0,712,5.013347,classic_shard_2000_3000_per_fault.csv
2058,10903,3,True,1,0,37,0,237,0.888071,classic_shard_2000_3000_per_fault.csv
2059,10903,4,True,1,28,108,0,528,3.216458,classic_shard_2000_3000_per_fault.csv
2060,10904,4,True,1,0,102,0,1049,2.425547,classic_shard_2000_3000_per_fault.csv
2061,10905,3,True,1,1,66,0,756,1.599094,classic_shard_2000_3000_per_fault.csv
2062,10905,4,False,2,43,171,0,1662,5.015302,classic_shard_2000_3000_per_fault.csv
2063,10908,4,False,2,44,169,0,1239,5.01033,classic_shard_2000_3000_per_fault.csv
2064,10912,3,True,1,8,74,0,633,1.950964,classic_shard_2000_3000_per_fault.csv
2065,10912,4,False,2,48,164,0,1091,5.005214,classic_shard_2000_3000_per_fault.csv
2066,10913,3,True,1,9,75,0,587,2.010047,classic_shard_2000_3000_per_fault.csv
2067,10914,3,True,1,10,76,0,582,2.684985,classic_shard_2000_3000_per_fault.csv
2068,10916,4,False,2,48,143,0,755,5.068218,classic_shard_2000_3000_per_fault.csv
2069,10918,4,False,2,52,160,0,821,5.016842,classic_shard_2000_3000_per_fault.csv
2070,10919,4,False,2,56,157,0,740,5.045074,classic_shard_2000_3000_per_fault.csv
2071,10921,3,True,1,16,82,0,495,2.327611,classic_shard_2000_3000_per_fault.csv
2072,10921,4,False,2,48,165,0,716,5.020454,classic_shard_2000_3000_per_fault.csv
2073,10928,4,True,1,31,111,0,516,3.38198,classic_shard_2000_3000_per_fault.csv
2074,10931,3,True,1,0,27,0,209,0.642,classic_shard_2000_3000_per_fault.csv
2075,10931,4,True,1,0,26,0,135,0.622264,classic_shard_2000_3000_per_fault.csv
2076,10939,4,False,2,64,157,0,727,5.109217,classic_shard_2000_3000_per_fault.csv
2077,10942,3,True,1,0,39,0,241,0.938122,classic_shard_2000_3000_per_fault.csv
2078,10945,4,True,1,2,57,0,316,1.420898,classic_shard_2000_3000_per_fault.csv
2079,10949,4,True,1,2,57,0,315,1.420694,classic_shard_2000_3000_per_fault.csv
2080,10950,4,True,1,0,53,0,307,1.277891,classic_shard_2000_3000_per_fault.csv
2081,10952,3,True,1,0,39,0,241,0.957749,classic_shard_2000_3000_per_fault.csv
2082,10953,3,True,1,0,39,0,241,1.057768,classic_shard_2000_3000_per_fault.csv
2083,10955,4,True,1,0,53,0,307,1.283449,classic_shard_2000_3000_per_fault.csv
2084,10957,3,True,1,0,39,0,241,0.930106,classic_shard_2000_3000_per_fault.csv
2085,10958,3,True,1,0,39,0,241,0.926995,classic_shard_2000_3000_per_fault.csv
2086,10958,4,True,1,0,53,0,307,1.257247,classic_shard_2000_3000_per_fault.csv
2087,10962,4,True,1,0,53,0,307,1.263027,classic_shard_2000_3000_per_fault.csv
2088,10968,4,True,1,0,53,0,307,1.256514,classic_shard_2000_3000_per_fault.csv
2089,10969,3,True,1,26,91,0,429,2.70928,classic_shard_2000_3000_per_fault.csv
2090,10971,3,True,1,0,52,0,350,1.242116,classic_shard_2000_3000_per_fault.csv
2091,10974,3,True,1,0,34,0,202,0.808733,classic_shard_2000_3000_per_fault.csv
2092,10975,3,False,2,59,160,0,607,5.018013,classic_shard_2000_3000_per_fault.csv
2093,10978,3,True,1,0,28,0,340,0.658894,classic_shard_2000_3000_per_fault.csv
2094,10980,3,True,1,0,19,0,160,0.448087,classic_shard_2000_3000_per_fault.csv
2095,10990,4,False,2,52,161,0,524,5.048004,classic_shard_2000_3000_per_fault.csv
2096,10991,4,False,2,52,174,0,619,5.632255,classic_shard_2000_3000_per_fault.csv
2097,10993,4,False,2,39,147,0,676,5.023372,classic_shard_2000_3000_per_fault.csv
2098,10995,4,False,2,46,179,0,667,5.108165,classic_shard_2000_3000_per_fault.csv
2099,10997,4,False,2,56,162,0,568,5.02334,classic_shard_2000_3000_per_fault.csv
2100,11001,3,True,1,0,27,0,187,0.931766,classic_shard_2000_3000_per_fault.csv
2101,11006,4,True,1,0,16,0,72,0.383485,classic_shard_2000_3000_per_fault.csv
2102,11011,3,False,2,44,173,0,854,5.014222,classic_shard_2000_3000_per_fault.csv
2103,11012,3,False,2,51,164,0,329,5.010154,classic_shard_2000_3000_per_fault.csv
2104,11014,3,False,2,49,138,0,540,5.039439,classic_shard_2000_3000_per_fault.csv
2105,11016,4,False,2,11,107,0,391,5.037948,classic_shard_2000_3000_per_fault.csv
2106,11021,4,False,2,23,88,0,317,5.247233,classic_shard_2000_3000_per_fault.csv
2107,11022,4,False,2,30,87,0,336,5.094647,classic_shard_2000_3000_per_fault.csv
2108,11023,3,False,2,46,161,0,497,5.031917,classic_shard_2000_3000_per_fault.csv
2109,11025,4,False,2,51,169,0,626,5.01028,classic_shard_2000_3000_per_fault.csv
2110,11028,3,True,1,0,20,0,177,0.469106,classic_shard_2000_3000_per_fault.csv
2111,11030,3,True,1,0,20,0,177,0.469236,classic_shard_2000_3000_per_fault.csv
2112,11031,4,True,1,0,34,0,236,0.802338,classic_shard_2000_3000_per_fault.csv
2113,11033,3,True,1,0,20,0,177,0.46948,classic_shard_2000_3000_per_fault.csv
2114,11039,3,False,2,48,176,0,448,5.010542,classic_shard_2000_3000_per_fault.csv
2115,11039,4,False,2,22,113,0,366,5.041586,classic_shard_2000_3000_per_fault.csv
2116,11047,3,False,2,27,133,0,415,5.041474,classic_shard_2000_3000_per_fault.csv
2117,11048,3,False,2,35,150,0,388,5.001409,classic_shard_2000_3000_per_fault.csv
2118,11052,3,True,1,0,17,0,92,0.401203,classic_shard_2000_3000_per_fault.csv
2119,11053,3,True,1,0,4,0,8,0.095468,classic_shard_2000_3000_per_fault.csv
2120,11056,4,True,1,0,51,0,330,1.212911,classic_shard_2000_3000_per_fault.csv
2121,11058,4,True,1,0,55,0,368,1.305554,classic_shard_2000_3000_per_fault.csv
2122,11059,4,True,1,0,17,0,95,0.401494,classic_shard_2000_3000_per_fault.csv
2123,11060,4,True,1,0,63,0,323,1.568354,classic_shard_2000_3000_per_fault.csv
2124,11062,4,True,1,0,14,0,77,0.451345,classic_shard_2000_3000_per_fault.csv
2125,11063,4,True,1,0,21,0,168,0.491177,classic_shard_2000_3000_per_fault.csv
2126,11072,3,True,1,0,19,0,106,0.44835,classic_shard_2000_3000_per_fault.csv
2127,11072,4,True,1,0,30,0,170,0.710975,classic_shard_2000_3000_per_fault.csv
2128,11078,3,True,1,0,12,0,52,0.284972,classic_shard_2000_3000_per_fault.csv
2129,11080,3,True,1,0,11,0,40,0.261333,classic_shard_2000_3000_per_fault.csv
2130,11083,3,True,1,0,8,0,25,0.189941,classic_shard_2000_3000_per_fault.csv
2131,11083,4,True,1,0,11,0,42,0.261469,classic_shard_2000_3000_per_fault.csv
2132,11084,4,True,1,0,23,0,103,0.54495,classic_shard_2000_3000_per_fault.csv
2133,11088,3,True,1,0,8,0,23,0.193076,classic_shard_2000_3000_per_fault.csv
2134,11088,4,True,1,0,11,0,39,0.269145,classic_shard_2000_3000_per_fault.csv
2135,11091,4,True,1,0,11,0,56,0.265178,classic_shard_2000_3000_per_fault.csv
2136,11094,3,True,1,0,12,0,56,0.288441,classic_shard_2000_3000_per_fault.csv
2137,11094,4,True,1,0,14,0,55,0.334934,classic_shard_2000_3000_per_fault.csv
2138,11099,3,True,1,0,22,0,91,0.513801,classic_shard_2000_3000_per_fault.csv
2139,11100,4,True,1,0,21,0,92,0.492671,classic_shard_2000_3000_per_fault.csv
2140,11103,3,True,1,0,22,0,114,0.569309,classic_shard_2000_3000_per_fault.csv
2141,11104,4,True,1,1,26,0,125,1.110056,classic_shard_2000_3000_per_fault.csv
2142,11106,4,True,1,0,21,0,103,0.993956,classic_shard_2000_3000_per_fault.csv
2143,11107,3,True,1,1,26,0,121,1.290462,classic_shard_2000_3000_per_fault.csv
2144,11113,3,True,1,1,27,0,133,0.762894,classic_shard_2000_3000_per_fault.csv
2145,11116,3,True,1,0,22,0,119,0.514565,classic_shard_2000_3000_per_fault.csv
2146,11116,4,True,1,0,22,0,120,0.515824,classic_shard_2000_3000_per_fault.csv
2147,11119,3,True,1,0,22,0,113,0.515391,classic_shard_2000_3000_per_fault.csv
2148,11155,4,True,1,0,78,0,576,1.829054,classic_shard_2000_3000_per_fault.csv
2149,11157,4,True,1,0,78,0,575,1.838517,classic_shard_2000_3000_per_fault.csv
2150,11173,3,True,1,6,38,0,340,1.022302,classic_shard_2000_3000_per_fault.csv
2151,11177,3,True,1,2,28,0,232,0.701523,classic_shard_2000_3000_per_fault.csv
2152,11177,4,True,1,2,28,0,233,0.702013,classic_shard_2000_3000_per_fault.csv
2153,11184,3,True,1,4,36,0,373,0.931822,classic_shard_2000_3000_per_fault.csv
2154,11191,3,True,1,2,36,0,185,0.892358,classic_shard_2000_3000_per_fault.csv
2155,11192,4,True,1,0,14,0,90,0.328036,classic_shard_2000_3000_per_fault.csv
2156,11200,4,False,2,59,149,0,1199,5.022067,classic_shard_2000_3000_per_fault.csv
2157,11203,4,False,2,41,181,0,814,5.007751,classic_shard_2000_3000_per_fault.csv
2158,11209,4,False,2,55,164,0,678,5.054938,classic_shard_2000_3000_per_fault.csv
2159,11210,3,False,2,52,169,0,2168,5.046698,classic_shard_2000_3000_per_fault.csv
2160,11212,3,False,2,44,151,0,1778,5.000146,classic_shard_2000_3000_per_fault.csv
2161,11213,3,False,2,47,156,0,1751,5.011531,classic_shard_2000_3000_per_fault.csv
2162,11216,3,False,2,55,166,0,1701,5.057638,classic_shard_2000_3000_per_fault.csv
2163,11217,3,False,2,55,164,0,1627,5.033506,classic_shard_2000_3000_per_fault.csv
2164,11220,3,True,1,0,27,0,289,0.630604,classic_shard_2000_3000_per_fault.csv
2165,11220,4,False,2,53,165,0,2056,5.018489,classic_shard_2000_3000_per_fault.csv
2166,11225,3,True,1,0,12,0,39,0.286185,classic_shard_2000_3000_per_fault.csv
2167,11227,4,True,1,0,21,0,176,0.493461,classic_shard_2000_3000_per_fault.csv
2168,11228,4,True,1,0,28,0,199,0.660537,classic_shard_2000_3000_per_fault.csv
2169,11229,3,True,1,0,20,0,180,0.470364,classic_shard_2000_3000_per_fault.csv
2170,11232,4,True,1,0,17,0,88,0.401081,classic_shard_2000_3000_per_fault.csv
2171,11233,3,False,2,46,172,0,474,5.00102,classic_shard_2000_3000_per_fault.csv
2172,11236,4,True,1,0,29,0,295,0.674832,classic_shard_2000_3000_per_fault.csv
2173,11237,4,True,1,0,29,0,295,0.67544,classic_shard_2000_3000_per_fault.csv
2174,11239,4,True,1,0,29,0,295,0.674012,classic_shard_2000_3000_per_fault.csv
2175,11240,3,False,2,46,172,0,484,5.019777,classic_shard_2000_3000_per_fault.csv
2176,11243,3,False,2,65,155,0,666,5.01002,classic_shard_2000_3000_per_fault.csv
2177,11248,3,True,1,0,52,0,446,1.591361,classic_shard_2000_3000_per_fault.csv
2178,11250,4,True,1,0,21,0,148,0.905673,classic_shard_2000_3000_per_fault.csv
2179,11251,4,False,2,48,110,0,495,5.072225,classic_shard_2000_3000_per_fault.csv
2180,11252,4,True,1,0,21,0,214,0.767704,classic_shard_2000_3000_per_fault.csv
2181,11254,4,True,1,0,15,0,119,0.540086,classic_shard_2000_3000_per_fault.csv
2182,11255,4,False,2,45,125,0,180,5.055129,classic_shard_2000_3000_per_fault.csv
2183,11258,3,True,1,0,22,0,138,0.524243,classic_shard_2000_3000_per_fault.csv
2184,11259,3,True,1,0,29,0,201,0.698128,classic_shard_2000_3000_per_fault.csv
2185,11262,3,True,1,0,5,0,14,0.121197,classic_shard_2000_3000_per_fault.csv
2186,11265,4,False,2,43,173,0,1220,5.010244,classic_shard_2000_3000_per_fault.csv
2187,11266,4,False,2,43,173,0,1208,5.020905,classic_shard_2000_3000_per_fault.csv
2188,11268,4,False,2,43,175,0,1182,5.003786,classic_shard_2000_3000_per_fault.csv
2189,11269,3,True,1,12,61,0,484,1.690746,classic_shard_2000_3000_per_fault.csv
2190,11269,4,False,2,43,173,0,1085,5.056737,classic_shard_2000_3000_per_fault.csv
2191,11270,3,True,1,13,62,0,470,1.774386,classic_shard_2000_3000_per_fault.csv
2192,11270,4,False,2,34,183,0,1410,5.002289,classic_shard_2000_3000_per_fault.csv
2193,11273,3,False,2,37,177,0,1006,5.012798,classic_shard_2000_3000_per_fault.csv
2194,11273,4,False,2,40,176,0,1150,5.008424,classic_shard_2000_3000_per_fault.csv
2195,11275,3,False,2,33,181,0,1009,5.003034,classic_shard_2000_3000_per_fault.csv
2196,11276,3,False,2,31,185,0,1110,5.041828,classic_shard_2000_3000_per_fault.csv
2197,11279,3,False,2,34,182,0,1073,5.002471,classic_shard_2000_3000_per_fault.csv
2198,11284,4,False,2,52,141,0,693,5.038014,classic_shard_2000_3000_per_fault.csv
2199,11289,4,False,2,64,143,0,663,5.019553,classic_shard_2000_3000_per_fault.csv
2200,11291,3,False,2,41,180,0,756,5.03842,classic_shard_2000_3000_per_fault.csv
2201,11294,3,True,1,0,9,0,37,0.213862,classic_shard_2000_3000_per_fault.csv
2202,11294,4,True,1,0,42,0,359,0.988996,classic_shard_2000_3000_per_fault.csv
2203,11297,4,True,1,0,21,0,115,0.496436,classic_shard_2000_3000_per_fault.csv
2204,11298,3,False,2,64,152,0,309,5.007374,classic_shard_2000_3000_per_fault.csv
2205,11300,4,True,1,4,33,0,158,0.869398,classic_shard_2000_3000_per_fault.csv
2206,11313,3,True,1,12,56,0,615,1.57547,classic_shard_2000_3000_per_fault.csv
2207,11329,4,True,1,0,30,0,361,0.697968,classic_shard_2000_3000_per_fault.csv
2208,11337,3,True,1,3,27,0,112,0.700431,classic_shard_2000_3000_per_fault.csv
2209,11339,3,True,1,0,59,0,186,1.365453,classic_shard_2000_3000_per_fault.csv
2210,11341,3,True,1,0,55,0,139,1.272027,classic_shard_2000_3000_per_fault.csv
2211,11342,4,True,1,0,23,0,208,0.54098,classic_shard_2000_3000_per_fault.csv
2212,11345,3,True,1,0,9,0,27,0.21337,classic_shard_2000_3000_per_fault.csv
2213,11345,4,False,2,54,169,0,491,5.067492,classic_shard_2000_3000_per_fault.csv
2214,11350,3,False,2,63,157,0,578,5.015309,classic_shard_2000_3000_per_fault.csv
2215,11351,3,False,2,62,157,0,1053,5.008493,classic_shard_2000_3000_per_fault.csv
2216,11351,4,True,1,0,26,0,233,0.612353,classic_shard_2000_3000_per_fault.csv
2217,11354,3,True,1,0,7,0,18,0.16609,classic_shard_2000_3000_per_fault.csv
2218,11356,3,False,2,67,155,0,548,5.023602,classic_shard_2000_3000_per_fault.csv
2219,11357,4,False,2,65,154,0,600,5.037366,classic_shard_2000_3000_per_fault.csv
2220,11358,4,False,2,52,173,0,770,5.117831,classic_shard_2000_3000_per_fault.csv
2221,11361,3,True,1,0,37,0,239,0.890802,classic_shard_2000_3000_per_fault.csv
2222,11369,3,False,2,65,155,0,958,5.112299,classic_shard_2000_3000_per_fault.csv
2223,11370,4,True,1,0,22,0,201,0.52925,classic_shard_2000_3000_per_fault.csv
2224,11372,3,True,1,0,20,0,115,0.470255,classic_shard_2000_3000_per_fault.csv
2225,11377,3,True,1,0,19,0,143,0.445345,classic_shard_2000_3000_per_fault.csv
2226,11377,4,True,1,0,39,0,243,0.917814,classic_shard_2000_3000_per_fault.csv
2227,11378,4,True,1,26,91,0,431,2.698741,classic_shard_2000_3000_per_fault.csv
2228,11380,3,True,1,0,19,0,143,0.448233,classic_shard_2000_3000_per_fault.csv
2229,11380,4,True,1,0,39,0,243,0.929528,classic_shard_2000_3000_per_fault.csv
2230,11385,3,True,1,0,19,0,143,0.446696,classic_shard_2000_3000_per_fault.csv
2231,11387,4,True,1,0,39,0,243,0.917175,classic_shard_2000_3000_per_fault.csv
2232,11392,4,False,2,50,165,0,522,5.016336,classic_shard_2000_3000_per_fault.csv
2233,11393,4,True,1,0,39,0,243,0.918169,classic_shard_2000_3000_per_fault.csv
2234,11401,4,True,1,0,39,0,243,0.91833,classic_shard_2000_3000_per_fault.csv
2235,11404,3,True,1,0,17,0,133,0.402436,classic_shard_2000_3000_per_fault.csv
2236,11406,3,True,1,0,51,0,384,1.208025,classic_shard_2000_3000_per_fault.csv
2237,11406,4,True,1,0,28,0,346,0.654251,classic_shard_2000_3000_per_fault.csv
2238,11408,3,True,1,0,7,0,40,0.166526,classic_shard_2000_3000_per_fault.csv
2239,11409,3,False,2,60,159,0,562,5.004224,classic_shard_2000_3000_per_fault.csv
2240,11410,4,True,1,0,38,0,243,0.888896,classic_shard_2000_3000_per_fault.csv
2241,11411,3,True,1,0,99,0,638,2.318298,classic_shard_2000_3000_per_fault.csv
2242,11412,3,True,1,46,116,0,747,3.756015,classic_shard_2000_3000_per_fault.csv
2243,11414,4,True,1,1,23,0,116,0.560329,classic_shard_2000_3000_per_fault.csv
2244,11415,3,True,1,0,39,0,354,0.913072,classic_shard_2000_3000_per_fault.csv
2245,11416,3,False,2,54,166,0,469,5.022376,classic_shard_2000_3000_per_fault.csv
2246,11418,4,False,2,54,169,0,547,5.016277,classic_shard_2000_3000_per_fault.csv
2247,11420,4,False,2,62,161,0,332,5.004543,classic_shard_2000_3000_per_fault.csv
2248,11422,3,True,1,0,14,0,58,0.328979,classic_shard_2000_3000_per_fault.csv
2249,11429,3,True,1,0,9,0,45,0.212776,classic_shard_2000_3000_per_fault.csv
2250,11429,4,True,1,0,20,0,128,0.467638,classic_shard_2000_3000_per_fault.csv
2251,11431,3,True,1,0,9,0,38,0.212085,classic_shard_2000_3000_per_fault.csv
2252,11443,4,False,2,59,160,0,651,5.022301,classic_shard_2000_3000_per_fault.csv
2253,11444,4,False,2,56,165,0,728,5.064187,classic_shard_2000_3000_per_fault.csv
2254,11446,4,False,2,52,168,0,528,5.077706,classic_shard_2000_3000_per_fault.csv
2255,11448,3,False,2,61,156,0,397,5.004142,classic_shard_2000_3000_per_fault.csv
2256,11449,4,True,1,11,47,0,386,1.339591,classic_shard_2000_3000_per_fault.csv
2257,11451,3,False,2,62,153,0,318,5.031017,classic_shard_2000_3000_per_fault.csv
2258,11462,3,True,1,0,39,0,538,0.934964,classic_shard_2000_3000_per_fault.csv
2259,11464,3,True,1,0,22,0,149,0.519328,classic_shard_2000_3000_per_fault.csv
2260,11466,3,True,1,0,16,0,75,0.378838,classic_shard_2000_3000_per_fault.csv
2261,11467,3,True,1,0,48,0,258,1.147805,classic_shard_2000_3000_per_fault.csv
2262,11469,4,True,1,0,23,0,192,0.54258,classic_shard_2000_3000_per_fault.csv
2263,11471,3,True,1,0,53,0,335,1.262552,classic_shard_2000_3000_per_fault.csv
2264,11472,4,False,2,42,176,0,559,5.011831,classic_shard_2000_3000_per_fault.csv
2265,11473,3,True,1,0,16,0,93,0.377532,classic_shard_2000_3000_per_fault.csv
2266,11475,3,True,1,0,48,0,333,1.140029,classic_shard_2000_3000_per_fault.csv
2267,11475,4,False,2,57,162,0,352,5.016676,classic_shard_2000_3000_per_fault.csv
2268,11476,4,False,2,57,161,0,281,5.031988,classic_shard_2000_3000_per_fault.csv
2269,11477,4,True,1,0,17,0,95,0.398457,classic_shard_2000_3000_per_fault.csv
2270,11482,3,True,1,0,50,0,268,1.186209,classic_shard_2000_3000_per_fault.csv
2271,11487,4,True,1,0,17,0,91,0.399109,classic_shard_2000_3000_per_fault.csv
2272,11489,3,True,1,0,6,0,10,0.144691,classic_shard_2000_3000_per_fault.csv
2273,11490,3,True,1,0,6,0,10,0.144927,classic_shard_2000_3000_per_fault.csv
2274,11493,3,True,1,0,6,0,10,0.143205,classic_shard_2000_3000_per_fault.csv
2275,11496,3,True,1,0,11,0,51,0.26122,classic_shard_2000_3000_per_fault.csv
2276,11503,3,True,1,0,10,0,35,0.239136,classic_shard_2000_3000_per_fault.csv
2277,11504,3,True,1,0,11,0,47,0.262847,classic_shard_2000_3000_per_fault.csv
2278,11506,3,True,1,0,11,0,46,0.262069,classic_shard_2000_3000_per_fault.csv
2279,11509,3,True,1,0,6,0,10,0.143724,classic_shard_2000_3000_per_fault.csv
2280,11509,4,True,1,0,10,0,53,0.238868,classic_shard_2000_3000_per_fault.csv
2281,11510,3,True,1,0,6,0,10,0.144067,classic_shard_2000_3000_per_fault.csv
2282,11511,3,True,1,0,6,0,10,0.144453,classic_shard_2000_3000_per_fault.csv
2283,11525,4,True,1,0,10,0,42,0.238606,classic_shard_2000_3000_per_fault.csv
2284,11528,4,True,1,0,10,0,42,0.37521,classic_shard_2000_3000_per_fault.csv
2285,11529,3,True,1,0,6,0,10,0.1855,classic_shard_2000_3000_per_fault.csv
2286,11537,4,True,1,0,10,0,46,0.392931,classic_shard_2000_3000_per_fault.csv
2287,11538,3,True,1,0,6,0,10,0.143975,classic_shard_2000_3000_per_fault.csv
2288,11539,4,True,1,0,10,0,46,0.238657,classic_shard_2000_3000_per_fault.csv
2289,11540,3,True,1,0,6,0,10,0.145128,classic_shard_2000_3000_per_fault.csv
2290,11543,4,True,1,0,9,0,40,0.215499,classic_shard_2000_3000_per_fault.csv
2291,11545,3,True,1,0,9,0,22,0.213843,classic_shard_2000_3000_per_fault.csv
2292,11547,3,True,1,0,22,0,101,0.515776,classic_shard_2000_3000_per_fault.csv
2293,11548,4,True,1,0,21,0,94,0.769859,classic_shard_2000_3000_per_fault.csv
2294,11554,4,True,1,0,22,0,116,0.914115,classic_shard_2000_3000_per_fault.csv
2295,11555,3,True,1,3,30,0,131,1.042872,classic_shard_2000_3000_per_fault.csv
2296,11557,3,True,1,3,31,0,140,1.193146,classic_shard_2000_3000_per_fault.csv
2297,11559,3,True,1,0,22,0,117,0.940294,classic_shard_2000_3000_per_fault.csv
2298,11560,3,True,1,0,20,0,107,0.572453,classic_shard_2000_3000_per_fault.csv
2299,11560,4,True,1,0,20,0,107,0.471874,classic_shard_2000_3000_per_fault.csv
2300,11561,4,True,1,0,22,0,110,0.519854,classic_shard_2000_3000_per_fault.csv
2301,11570,4,True,1,0,63,0,421,1.481488,classic_shard_2000_3000_per_fault.csv
2302,11579,3,True,1,0,22,0,169,0.514389,classic_shard_2000_3000_per_fault.csv
2303,11594,4,True,1,0,41,0,351,0.96188,classic_shard_2000_3000_per_fault.csv
2304,11600,3,True,1,0,26,0,229,0.602119,classic_shard_2000_3000_per_fault.csv
2305,11606,3,True,1,0,23,0,166,0.533581,classic_shard_2000_3000_per_fault.csv
2306,11614,3,True,1,0,25,0,276,0.583161,classic_shard_2000_3000_per_fault.csv
2307,11614,4,True,1,0,78,0,649,1.827589,classic_shard_2000_3000_per_fault.csv
2308,11615,4,True,1,0,78,0,648,1.826972,classic_shard_2000_3000_per_fault.csv
2309,11616,4,True,1,0,7,0,18,0.16578,classic_shard_2000_3000_per_fault.csv
2310,11646,4,True,1,0,24,0,165,0.560713,classic_shard_2000_3000_per_fault.csv
2311,11648,3,True,1,0,34,0,214,0.801066,classic_shard_2000_3000_per_fault.csv
2312,11650,4,True,1,0,23,0,173,0.538642,classic_shard_2000_3000_per_fault.csv
2313,11653,4,True,1,0,17,0,119,0.39909,classic_shard_2000_3000_per_fault.csv
2314,11657,3,True,1,0,7,0,15,0.166381,classic_shard_2000_3000_per_fault.csv
2315,11658,3,False,2,61,158,0,977,5.012205,classic_shard_2000_3000_per_fault.csv
2316,11658,4,True,1,0,29,0,295,0.6764,classic_shard_2000_3000_per_fault.csv
2317,11661,3,False,2,34,186,0,1102,5.000512,classic_shard_2000_3000_per_fault.csv
2318,11661,4,True,1,0,32,0,314,0.744838,classic_shard_2000_3000_per_fault.csv
2319,11664,3,False,2,34,191,0,1119,5.109717,classic_shard_2000_3000_per_fault.csv
2320,11669,3,False,2,52,171,0,2385,5.082762,classic_shard_2000_3000_per_fault.csv
2321,11670,3,False,2,52,169,0,2244,5.041598,classic_shard_2000_3000_per_fault.csv
2322,11670,4,False,2,52,171,0,2257,5.110045,classic_shard_2000_3000_per_fault.csv
2323,11671,4,False,2,52,169,0,2171,5.035342,classic_shard_2000_3000_per_fault.csv
2324,11673,4,False,2,41,140,0,1608,5.01774,classic_shard_2000_3000_per_fault.csv
2325,11675,3,False,2,31,191,0,1093,5.051702,classic_shard_2000_3000_per_fault.csv
2326,11680,3,True,1,0,24,0,219,0.563936,classic_shard_2000_3000_per_fault.csv
2327,11685,3,True,1,0,8,0,18,0.189602,classic_shard_2000_3000_per_fault.csv
2328,11687,4,False,2,31,87,0,391,5.038873,classic_shard_2000_3000_per_fault.csv
2329,11690,4,False,2,26,81,0,461,5.015427,classic_shard_2000_3000_per_fault.csv
2330,11692,4,False,2,40,112,0,519,5.025139,classic_shard_2000_3000_per_fault.csv
2331,11693,4,False,2,54,129,0,545,5.000679,classic_shard_2000_3000_per_fault.csv
2332,11694,3,True,1,0,8,0,21,0.333709,classic_shard_2000_3000_per_fault.csv
2333,11694,4,True,1,0,13,0,69,0.311793,classic_shard_2000_3000_per_fault.csv
2334,11696,3,True,1,0,9,0,23,0.219321,classic_shard_2000_3000_per_fault.csv
2335,11698,4,True,1,0,47,0,402,1.122972,classic_shard_2000_3000_per_fault.csv
2336,11701,4,True,1,0,41,0,275,0.971768,classic_shard_2000_3000_per_fault.csv
2337,11709,3,True,1,7,47,0,220,1.263796,classic_shard_2000_3000_per_fault.csv
2338,11711,3,True,1,0,24,0,167,0.56516,classic_shard_2000_3000_per_fault.csv
2339,11712,4,True,1,8,47,0,300,1.287739,classic_shard_2000_3000_per_fault.csv
2340,11713,3,True,1,0,9,0,24,0.215627,classic_shard_2000_3000_per_fault.csv
2341,11714,3,False,2,41,178,0,779,5.008375,classic_shard_2000_3000_per_fault.csv
2342,11718,3,True,1,0,4,0,7,0.098216,classic_shard_2000_3000_per_fault.csv
2343,11720,4,True,1,2,48,0,554,1.173836,classic_shard_2000_3000_per_fault.csv
2344,11722,3,False,2,46,170,0,1120,5.007978,classic_shard_2000_3000_per_fault.csv
2345,11724,3,False,2,53,160,0,943,5.016667,classic_shard_2000_3000_per_fault.csv
2346,11725,3,False,2,25,104,0,740,5.000749,classic_shard_2000_3000_per_fault.csv
2347,11728,4,False,2,46,169,0,1199,5.016108,classic_shard_2000_3000_per_fault.csv
2348,11729,4,False,2,53,166,0,1621,5.022007,classic_shard_2000_3000_per_fault.csv
2349,11733,3,False,2,53,164,0,853,5.035808,classic_shard_2000_3000_per_fault.csv
2350,11734,4,False,2,46,172,0,1152,5.022536,classic_shard_2000_3000_per_fault.csv
2351,11736,3,False,2,53,161,0,636,5.001601,classic_shard_2000_3000_per_fault.csv
2352,11737,4,False,2,34,184,0,1115,5.004998,classic_shard_2000_3000_per_fault.csv
2353,11738,4,True,1,0,24,0,233,0.566633,classic_shard_2000_3000_per_fault.csv
2354,11740,4,False,2,59,156,0,531,5.007942,classic_shard_2000_3000_per_fault.csv
2355,11742,3,False,2,34,188,0,1136,5.071773,classic_shard_2000_3000_per_fault.csv
2356,11743,3,True,1,0,29,0,298,0.676063,classic_shard_2000_3000_per_fault.csv
2357,11744,3,False,2,56,160,0,408,5.053735,classic_shard_2000_3000_per_fault.csv
2358,11746,3,False,2,58,162,0,808,5.008626,classic_shard_2000_3000_per_fault.csv
2359,11746,4,True,1,0,48,0,375,1.138606,classic_shard_2000_3000_per_fault.csv
2360,11748,3,True,1,0,29,0,298,0.675143,classic_shard_2000_3000_per_fault.csv
2361,11753,4,True,1,0,24,0,233,0.562705,classic_shard_2000_3000_per_fault.csv
2362,11754,3,False,2,28,191,0,1128,5.015671,classic_shard_2000_3000_per_fault.csv
2363,11758,3,False,2,30,192,0,1134,5.055166,classic_shard_2000_3000_per_fault.csv
2364,11758,4,False,2,34,188,0,904,5.014966,classic_shard_2000_3000_per_fault.csv
2365,11759,3,True,1,0,37,0,321,0.872952,classic_shard_2000_3000_per_fault.csv
2366,11760,3,True,1,0,42,0,379,0.99302,classic_shard_2000_3000_per_fault.csv
2367,11760,4,True,1,0,9,0,39,0.214071,classic_shard_2000_3000_per_fault.csv
2368,11761,4,False,2,41,180,0,767,5.028306,classic_shard_2000_3000_per_fault.csv
2369,11768,4,True,1,44,116,0,369,3.822585,classic_shard_2000_3000_per_fault.csv
2370,11770,3,True,1,0,24,0,156,0.566621,classic_shard_2000_3000_per_fault.csv
2371,11771,3,True,1,0,21,0,121,0.502114,classic_shard_2000_3000_per_fault.csv
2372,11772,3,True,1,12,51,0,228,1.518111,classic_shard_2000_3000_per_fault.csv
2373,11773,3,True,1,8,39,0,191,1.121341,classic_shard_2000_3000_per_fault.csv
2374,11773,4,True,1,5,35,0,178,0.952501,classic_shard_2000_3000_per_fault.csv
2375,11782,3,True,1,0,9,0,34,0.216992,classic_shard_2000_3000_per_fault.csv
2376,11783,3,False,2,63,130,0,157,5.699533,classic_shard_2000_3000_per_fault.csv
2377,11784,4,True,1,21,58,0,283,3.802798,classic_shard_2000_3000_per_fault.csv
2378,11789,4,True,1,0,14,0,96,0.666994,classic_shard_2000_3000_per_fault.csv
2379,11800,4,False,2,14,93,0,360,5.035946,classic_shard_2000_3000_per_fault.csv
2380,11803,3,True,1,0,10,0,61,0.319591,classic_shard_2000_3000_per_fault.csv
2381,11805,3,True,1,0,7,0,36,0.316164,classic_shard_2000_3000_per_fault.csv
2382,11805,4,False,2,31,96,0,597,5.040814,classic_shard_2000_3000_per_fault.csv
2383,11811,4,True,1,0,22,0,146,1.132299,classic_shard_2000_3000_per_fault.csv
2384,11812,4,True,1,0,38,0,159,1.525873,classic_shard_2000_3000_per_fault.csv
2385,11814,3,True,1,0,58,0,181,2.036272,classic_shard_2000_3000_per_fault.csv
2386,11816,4,True,1,0,39,0,280,1.596233,classic_shard_2000_3000_per_fault.csv
2387,11818,4,False,2,39,117,0,546,5.037162,classic_shard_2000_3000_per_fault.csv
2388,11819,3,True,1,0,7,0,19,0.167442,classic_shard_2000_3000_per_fault.csv
2389,11820,3,False,2,59,155,0,640,5.002837,classic_shard_2000_3000_per_fault.csv
2390,11822,3,False,2,63,156,0,577,5.003278,classic_shard_2000_3000_per_fault.csv
2391,11822,4,True,1,0,18,0,103,0.426564,classic_shard_2000_3000_per_fault.csv
2392,11824,3,True,1,0,15,0,100,0.356613,classic_shard_2000_3000_per_fault.csv
2393,11824,4,False,2,64,149,0,850,5.009595,classic_shard_2000_3000_per_fault.csv
2394,11825,3,True,1,0,27,0,299,0.629531,classic_shard_2000_3000_per_fault.csv
2395,11830,3,False,2,53,165,0,1465,5.007122,classic_shard_2000_3000_per_fault.csv
2396,11831,3,False,2,60,157,0,936,5.094385,classic_shard_2000_3000_per_fault.csv
2397,11832,4,True,1,0,18,0,98,0.423785,classic_shard_2000_3000_per_fault.csv
2398,11834,4,True,1,0,19,0,150,0.4471,classic_shard_2000_3000_per_fault.csv
2399,11835,4,True,1,1,31,0,346,0.753319,classic_shard_2000_3000_per_fault.csv
2400,11838,3,True,1,0,39,0,245,1.171881,classic_shard_2000_3000_per_fault.csv
2401,11841,3,True,1,0,29,0,330,0.818806,classic_shard_2000_3000_per_fault.csv
2402,11842,3,True,1,0,39,0,245,0.920026,classic_shard_2000_3000_per_fault.csv
2403,11843,3,True,1,1,31,0,336,0.744671,classic_shard_2000_3000_per_fault.csv
2404,11843,4,True,1,1,31,0,346,0.746906,classic_shard_2000_3000_per_fault.csv
2405,11844,3,True,1,26,91,0,433,2.699471,classic_shard_2000_3000_per_fault.csv
2406,11859,3,True,1,0,29,0,330,0.727448,classic_shard_2000_3000_per_fault.csv
2407,11864,3,True,1,0,39,0,245,1.147686,classic_shard_2000_3000_per_fault.csv
2408,11865,3,True,1,0,29,0,330,0.7561,classic_shard_2000_3000_per_fault.csv
2409,11868,3,True,1,0,39,0,245,1.733127,classic_shard_2000_3000_per_fault.csv
2410,11872,3,False,2,44,145,0,476,5.11457,classic_shard_2000_3000_per_fault.csv
2411,11872,4,False,2,32,112,0,339,5.036136,classic_shard_2000_3000_per_fault.csv
2412,11873,3,True,1,0,29,0,334,0.740848,classic_shard_2000_3000_per_fault.csv
2413,11881,4,True,1,0,29,0,340,0.686035,classic_shard_2000_3000_per_fault.csv
2414,11882,4,True,1,0,19,0,150,0.808261,classic_shard_2000_3000_per_fault.csv
2415,11883,3,True,1,1,31,0,336,1.318558,classic_shard_2000_3000_per_fault.csv
2416,11884,3,True,1,26,91,0,433,3.982097,classic_shard_2000_3000_per_fault.csv
2417,11885,3,True,1,0,29,0,330,0.688148,classic_shard_2000_3000_per_fault.csv
2418,11887,3,True,1,1,31,0,336,0.757171,classic_shard_2000_3000_per_fault.csv
2419,11888,4,True,1,0,19,0,152,0.450046,classic_shard_2000_3000_per_fault.csv
2420,11889,4,True,1,0,29,0,340,0.686337,classic_shard_2000_3000_per_fault.csv
2421,11891,4,True,1,1,31,0,346,0.756006,classic_shard_2000_3000_per_fault.csv
2422,11892,4,True,1,0,19,0,152,0.450615,classic_shard_2000_3000_per_fault.csv
2423,11896,3,True,1,0,52,0,354,1.246283,classic_shard_2000_3000_per_fault.csv
2424,11896,4,True,1,0,17,0,140,0.404487,classic_shard_2000_3000_per_fault.csv
2425,11898,4,True,1,0,7,0,41,0.167993,classic_shard_2000_3000_per_fault.csv
2426,11900,4,True,1,0,16,0,77,0.379066,classic_shard_2000_3000_per_fault.csv
2427,11901,3,True,1,0,9,0,47,0.214771,classic_shard_2000_3000_per_fault.csv
2428,11902,3,True,1,0,53,0,186,1.243743,classic_shard_2000_3000_per_fault.csv
2429,11903,3,True,1,0,56,0,185,1.310889,classic_shard_2000_3000_per_fault.csv
2430,11905,3,True,1,0,39,0,168,0.915219,classic_shard_2000_3000_per_fault.csv
2431,11908,3,True,1,1,23,0,125,0.564289,classic_shard_2000_3000_per_fault.csv
2432,11917,3,False,2,62,152,0,536,5.019575,classic_shard_2000_3000_per_fault.csv
2433,11920,3,True,1,5,40,0,297,1.05821,classic_shard_2000_3000_per_fault.csv
2434,11921,3,True,1,0,9,0,28,0.216445,classic_shard_2000_3000_per_fault.csv
2435,11928,4,False,2,48,171,0,443,5.018252,classic_shard_2000_3000_per_fault.csv
2436,11930,3,False,2,54,162,0,550,5.001443,classic_shard_2000_3000_per_fault.csv
2437,11937,3,False,2,42,174,0,1426,5.061676,classic_shard_2000_3000_per_fault.csv
2438,11939,4,True,1,0,21,0,187,0.499305,classic_shard_2000_3000_per_fault.csv
2439,11942,4,False,2,60,153,0,690,5.047598,classic_shard_2000_3000_per_fault.csv
2440,11946,3,False,2,59,158,0,326,5.011312,classic_shard_2000_3000_per_fault.csv
2441,11949,3,False,2,52,165,0,283,5.009807,classic_shard_2000_3000_per_fault.csv
2442,11949,4,True,1,0,36,0,302,0.844771,classic_shard_2000_3000_per_fault.csv
2443,11951,3,False,2,55,164,0,387,5.064306,classic_shard_2000_3000_per_fault.csv
2444,11952,4,True,1,0,34,0,275,0.804185,classic_shard_2000_3000_per_fault.csv
2445,11953,3,False,2,52,165,0,228,5.022132,classic_shard_2000_3000_per_fault.csv
2446,11956,4,True,1,0,28,0,214,0.662716,classic_shard_2000_3000_per_fault.csv
2447,11957,4,True,1,0,27,0,221,0.634381,classic_shard_2000_3000_per_fault.csv
2448,11963,3,False,2,47,168,0,583,5.010832,classic_shard_2000_3000_per_fault.csv
2449,11963,4,True,1,0,26,0,192,0.623435,classic_shard_2000_3000_per_fault.csv
2450,11968,4,True,1,0,23,0,178,0.539124,classic_shard_2000_3000_per_fault.csv
2451,11970,3,False,2,50,168,0,273,5.01939,classic_shard_2000_3000_per_fault.csv
2452,11971,3,True,1,2,44,0,259,1.093614,classic_shard_2000_3000_per_fault.csv
2453,11973,3,True,1,0,24,0,215,0.568492,classic_shard_2000_3000_per_fault.csv
2454,11976,3,False,2,34,184,0,523,5.013798,classic_shard_2000_3000_per_fault.csv
2455,11983,3,True,1,0,24,0,220,0.569116,classic_shard_2000_3000_per_fault.csv
2456,11986,4,True,1,0,47,0,372,1.121637,classic_shard_2000_3000_per_fault.csv
2457,11987,4,True,1,0,48,0,377,1.143198,classic_shard_2000_3000_per_fault.csv
2458,11988,3,True,1,0,51,0,469,1.208212,classic_shard_2000_3000_per_fault.csv
2459,11992,3,True,1,0,31,0,302,0.742525,classic_shard_2000_3000_per_fault.csv
2460,11995,4,True,1,0,78,0,648,1.86526,classic_shard_2000_3000_per_fault.csv
2461,11996,3,True,1,0,25,0,249,0.5915,classic_shard_2000_3000_per_fault.csv
2462,11999,3,True,1,0,31,0,302,0.736754,classic_shard_2000_3000_per_fault.csv
2463,11999,4,True,1,0,78,0,648,1.868748,classic_shard_2000_3000_per_fault.csv
2464,12000,3,True,1,0,31,0,303,0.733942,classic_shard_2000_3000_per_fault.csv
2465,12003,3,True,1,0,16,0,88,0.381483,classic_shard_2000_3000_per_fault.csv
2466,12004,3,True,1,0,28,0,167,0.674247,classic_shard_2000_3000_per_fault.csv
2467,12007,3,True,1,0,25,0,199,0.592314,classic_shard_2000_3000_per_fault.csv
2468,12011,3,True,1,0,38,0,263,0.905631,classic_shard_2000_3000_per_fault.csv
2469,12013,3,True,1,0,31,0,144,0.740733,classic_shard_2000_3000_per_fault.csv
2470,12015,3,True,1,0,30,0,149,0.722182,classic_shard_2000_3000_per_fault.csv
2471,12016,4,True,1,0,20,0,119,0.475431,classic_shard_2000_3000_per_fault.csv
2472,12017,3,True,1,2,30,0,245,0.756364,classic_shard_2000_3000_per_fault.csv
2473,12019,4,True,1,0,17,0,89,0.40464,classic_shard_2000_3000_per_fault.csv
2474,12029,3,True,1,0,6,0,10,0.146141,classic_shard_2000_3000_per_fault.csv
2475,12031,3,True,1,0,6,0,10,0.145475,classic_shard_2000_3000_per_fault.csv
2476,12031,4,True,1,0,11,0,62,0.265239,classic_shard_2000_3000_per_fault.csv
2477,12032,3,True,1,0,6,0,10,0.147881,classic_shard_2000_3000_per_fault.csv
2478,12032,4,True,1,0,11,0,62,0.265436,classic_shard_2000_3000_per_fault.csv
2479,12033,4,True,1,0,11,0,62,0.266091,classic_shard_2000_3000_per_fault.csv
2480,12034,3,True,1,0,6,0,10,0.14874,classic_shard_2000_3000_per_fault.csv
2481,12035,3,True,1,0,6,0,10,0.147125,classic_shard_2000_3000_per_fault.csv
2482,12035,4,True,1,0,11,0,62,0.267682,classic_shard_2000_3000_per_fault.csv
2483,12036,4,True,1,0,11,0,62,0.274338,classic_shard_2000_3000_per_fault.csv
2484,12038,3,True,1,0,6,0,10,0.148189,classic_shard_2000_3000_per_fault.csv
2485,12041,4,True,1,0,11,0,63,0.267822,classic_shard_2000_3000_per_fault.csv
2486,12043,4,True,1,0,11,0,63,0.267448,classic_shard_2000_3000_per_fault.csv
2487,12045,3,True,1,0,6,0,10,0.147682,classic_shard_2000_3000_per_fault.csv
2488,12047,4,True,1,0,11,0,62,0.27098,classic_shard_2000_3000_per_fault.csv
2489,12049,3,True,1,0,6,0,10,0.150919,classic_shard_2000_3000_per_fault.csv
2490,12052,4,True,1,0,11,0,62,0.270753,classic_shard_2000_3000_per_fault.csv
2491,12054,3,True,1,0,11,0,55,0.268592,classic_shard_2000_3000_per_fault.csv
2492,12054,4,True,1,0,11,0,37,0.266399,classic_shard_2000_3000_per_fault.csv
2493,12055,4,True,1,0,11,0,36,0.26515,classic_shard_2000_3000_per_fault.csv
2494,12056,3,True,1,1,14,0,64,0.376529,classic_shard_2000_3000_per_fault.csv
2495,12058,3,True,1,0,10,0,36,0.239257,classic_shard_2000_3000_per_fault.csv
2496,12060,3,True,1,0,11,0,40,0.262841,classic_shard_2000_3000_per_fault.csv
2497,12060,4,True,1,1,15,0,56,0.381957,classic_shard_2000_3000_per_fault.csv
2498,12064,3,True,1,0,11,0,36,0.263705,classic_shard_2000_3000_per_fault.csv
2499,12064,4,True,1,0,11,0,48,0.265303,classic_shard_2000_3000_per_fault.csv
2500,12066,3,True,1,0,10,0,35,0.242465,classic_shard_2000_3000_per_fault.csv
2501,12066,4,True,1,0,12,0,46,0.289812,classic_shard_2000_3000_per_fault.csv
2502,12067,4,True,1,0,12,0,45,0.291452,classic_shard_2000_3000_per_fault.csv
2503,12073,4,True,1,0,12,0,46,0.299733,classic_shard_2000_3000_per_fault.csv
2504,12075,4,True,1,0,12,0,48,0.283985,classic_shard_2000_3000_per_fault.csv
2505,12076,3,True,1,0,8,0,26,0.190624,classic_shard_2000_3000_per_fault.csv
2506,12078,3,True,1,0,19,0,103,0.451799,classic_shard_2000_3000_per_fault.csv
2507,12080,4,True,1,0,22,0,105,0.516885,classic_shard_2000_3000_per_fault.csv
2508,12081,3,True,1,0,20,0,97,0.475444,classic_shard_2000_3000_per_fault.csv
2509,12085,4,False,2,64,143,0,561,5.013721,classic_shard_2000_3000_per_fault.csv
2510,12087,4,True,1,0,20,0,113,0.478887,classic_shard_2000_3000_per_fault.csv
2511,12091,4,False,2,64,142,0,552,5.005049,classic_shard_2000_3000_per_fault.csv
2512,12096,4,True,1,0,19,0,117,0.447326,classic_shard_2000_3000_per_fault.csv
2513,12098,4,True,1,0,22,0,121,0.514431,classic_shard_2000_3000_per_fault.csv
2514,12100,3,True,1,0,22,0,112,0.515848,classic_shard_2000_3000_per_fault.csv
2515,12111,3,True,1,0,31,0,286,0.727499,classic_shard_2000_3000_per_fault.csv
2516,12114,3,True,1,0,31,0,286,0.733437,classic_shard_2000_3000_per_fault.csv
2517,12119,4,True,1,0,48,0,416,1.130909,classic_shard_2000_3000_per_fault.csv
2518,12139,4,True,1,0,23,0,180,0.53434,classic_shard_2000_3000_per_fault.csv
2519,12145,3,True,1,0,78,0,575,1.836271,classic_shard_2000_3000_per_fault.csv
2520,12145,4,True,1,0,78,0,576,1.836198,classic_shard_2000_3000_per_fault.csv
2521,12147,4,True,1,0,78,0,575,2.02567,classic_shard_2000_3000_per_fault.csv
2522,12152,3,True,1,0,4,0,5,0.099028,classic_shard_2000_3000_per_fault.csv
2523,12153,3,True,1,0,4,0,9,0.099418,classic_shard_2000_3000_per_fault.csv
2524,12154,3,True,1,0,6,0,18,0.14694,classic_shard_2000_3000_per_fault.csv
2525,12155,3,True,1,0,4,0,8,0.10181,classic_shard_2000_3000_per_fault.csv
2526,12170,3,True,1,6,38,0,340,1.091759,classic_shard_2000_3000_per_fault.csv
2527,12174,3,True,1,2,28,0,232,1.473454,classic_shard_2000_3000_per_fault.csv
2528,12188,3,True,1,0,18,0,130,0.853782,classic_shard_2000_3000_per_fault.csv
2529,12189,4,True,1,0,34,0,231,0.915061,classic_shard_2000_3000_per_fault.csv
2530,12191,4,True,1,0,17,0,127,0.728618,classic_shard_2000_3000_per_fault.csv
2531,12193,4,False,2,35,112,0,708,5.010525,classic_shard_2000_3000_per_fault.csv
2532,12197,3,False,2,35,185,0,1105,5.035727,classic_shard_2000_3000_per_fault.csv
2533,12199,3,False,2,61,157,0,1284,5.001403,classic_shard_2000_3000_per_fault.csv
2534,12199,4,False,2,61,156,0,1091,5.009461,classic_shard_2000_3000_per_fault.csv
2535,12201,3,True,1,0,29,0,299,0.677874,classic_shard_2000_3000_per_fault.csv
2536,12202,4,False,2,59,157,0,1117,5.004179,classic_shard_2000_3000_per_fault.csv
2537,12206,4,True,1,2,60,0,833,1.492271,classic_shard_2000_3000_per_fault.csv
2538,12211,3,False,2,55,162,0,1440,5.035808,classic_shard_2000_3000_per_fault.csv
2539,12214,4,False,2,55,163,0,1306,5.05424,classic_shard_2000_3000_per_fault.csv
2540,12215,4,False,2,48,173,0,1708,5.055754,classic_shard_2000_3000_per_fault.csv
2541,12216,3,False,2,44,173,0,1629,5.009678,classic_shard_2000_3000_per_fault.csv
2542,12217,4,False,2,45,173,0,1601,5.000836,classic_shard_2000_3000_per_fault.csv
2543,12221,4,False,2,36,186,0,1116,5.019958,classic_shard_2000_3000_per_fault.csv
2544,12222,3,False,2,34,185,0,853,5.009066,classic_shard_2000_3000_per_fault.csv
2545,12222,4,False,2,39,177,0,747,5.02932,classic_shard_2000_3000_per_fault.csv
2546,12225,3,False,2,34,164,0,1323,5.004118,classic_shard_2000_3000_per_fault.csv
2547,12225,4,False,2,43,174,0,1388,5.023719,classic_shard_2000_3000_per_fault.csv
2548,12228,3,True,1,0,12,0,45,0.289721,classic_shard_2000_3000_per_fault.csv
2549,12229,3,True,1,0,39,0,314,0.931969,classic_shard_2000_3000_per_fault.csv
2550,12229,4,False,2,36,183,0,1085,5.021456,classic_shard_2000_3000_per_fault.csv
2551,12238,4,True,1,0,14,0,67,0.337041,classic_shard_2000_3000_per_fault.csv
2552,12242,4,True,1,8,74,0,402,1.945632,classic_shard_2000_3000_per_fault.csv
2553,12243,3,True,1,0,41,0,292,1.005275,classic_shard_2000_3000_per_fault.csv
2554,12245,4,True,1,6,61,0,281,1.596833,classic_shard_2000_3000_per_fault.csv
2555,12246,3,True,1,3,37,0,203,0.950437,classic_shard_2000_3000_per_fault.csv
2556,12247,3,True,1,0,40,0,272,0.962261,classic_shard_2000_3000_per_fault.csv
2557,12247,4,True,1,0,40,0,277,0.956276,classic_shard_2000_3000_per_fault.csv
2558,12248,3,True,1,0,41,0,277,0.977179,classic_shard_2000_3000_per_fault.csv
2559,12248,4,True,1,0,41,0,266,0.981106,classic_shard_2000_3000_per_fault.csv
2560,12249,4,True,1,0,36,0,210,0.858706,classic_shard_2000_3000_per_fault.csv
2561,12256,3,False,2,28,188,0,1129,5.013795,classic_shard_2000_3000_per_fault.csv
2562,12259,4,False,2,36,182,0,824,5.017936,classic_shard_2000_3000_per_fault.csv
2563,12262,3,True,1,0,22,0,158,0.525804,classic_shard_2000_3000_per_fault.csv
2564,12262,4,True,1,0,49,0,90,1.168244,classic_shard_2000_3000_per_fault.csv
2565,12263,3,True,1,0,21,0,151,0.497665,classic_shard_2000_3000_per_fault.csv
2566,12264,3,False,2,49,169,0,1297,5.005719,classic_shard_2000_3000_per_fault.csv
2567,12264,4,False,2,49,167,0,1849,5.005317,classic_shard_2000_3000_per_fault.csv
2568,12267,3,True,1,2,48,0,561,1.172503,classic_shard_2000_3000_per_fault.csv
2569,12268,3,False,2,46,168,0,1259,5.007215,classic_shard_2000_3000_per_fault.csv
2570,12269,4,False,2,53,159,0,916,5.008795,classic_shard_2000_3000_per_fault.csv
2571,12270,3,False,2,46,167,0,1215,5.006912,classic_shard_2000_3000_per_fault.csv
2572,12273,4,False,2,50,163,0,853,5.043545,classic_shard_2000_3000_per_fault.csv
2573,12276,3,True,1,0,47,0,409,1.132528,classic_shard_2000_3000_per_fault.csv
2574,12277,4,False,2,58,131,0,714,5.034261,classic_shard_2000_3000_per_fault.csv
2575,12281,3,True,1,0,35,0,299,0.861622,classic_shard_2000_3000_per_fault.csv
2576,12283,4,False,2,69,150,0,511,5.168872,classic_shard_2000_3000_per_fault.csv
2577,12286,4,True,1,8,39,0,195,1.12334,classic_shard_2000_3000_per_fault.csv
2578,12288,3,True,1,0,20,0,115,0.479011,classic_shard_2000_3000_per_fault.csv
2579,12289,3,True,1,12,51,0,243,1.489958,classic_shard_2000_3000_per_fault.csv
2580,12290,3,True,1,12,51,0,231,1.493339,classic_shard_2000_3000_per_fault.csv
2581,12297,3,True,1,64,143,0,271,4.926611,classic_shard_2000_3000_per_fault.csv
2582,12307,3,True,1,0,8,0,29,0.197272,classic_shard_2000_3000_per_fault.csv
2583,12314,3,True,1,0,21,0,174,0.514781,classic_shard_2000_3000_per_fault.csv
2584,12314,4,True,1,0,21,0,175,0.511474,classic_shard_2000_3000_per_fault.csv
2585,12317,3,True,1,0,33,0,287,0.77696,classic_shard_2000_3000_per_fault.csv
2586,12322,4,False,2,58,160,0,483,5.010147,classic_shard_2000_3000_per_fault.csv
2587,12323,3,False,2,42,177,0,628,5.018737,classic_shard_2000_3000_per_fault.csv
2588,12325,3,True,1,0,39,0,241,0.919571,classic_shard_2000_3000_per_fault.csv
2589,12325,4,True,1,0,26,0,200,0.613107,classic_shard_2000_3000_per_fault.csv
2590,12328,3,True,1,0,24,0,197,0.566643,classic_shard_2000_3000_per_fault.csv
2591,12331,4,True,1,0,20,0,90,0.681022,classic_shard_2000_3000_per_fault.csv
2592,12332,3,True,1,0,20,0,88,0.662949,classic_shard_2000_3000_per_fault.csv
2593,12332,4,True,1,0,23,0,103,0.727971,classic_shard_2000_3000_per_fault.csv
2594,12333,3,True,1,0,53,0,186,2.238662,classic_shard_2000_3000_per_fault.csv
2595,12335,3,False,2,28,80,0,556,5.111174,classic_shard_2000_3000_per_fault.csv
2596,12335,4,True,1,0,20,0,155,0.95867,classic_shard_2000_3000_per_fault.csv
2597,12341,4,False,2,26,83,0,427,5.243724,classic_shard_2000_3000_per_fault.csv
2598,12342,3,False,2,46,117,0,484,5.00794,classic_shard_2000_3000_per_fault.csv
2599,12342,4,True,1,0,18,0,116,0.424737,classic_shard_2000_3000_per_fault.csv
2600,12344,3,True,1,0,26,0,292,0.619148,classic_shard_2000_3000_per_fault.csv
2601,12350,3,True,1,0,18,0,123,0.424025,classic_shard_2000_3000_per_fault.csv
2602,12353,3,True,1,0,19,0,157,0.8368,classic_shard_2000_3000_per_fault.csv
2603,12355,3,True,1,0,19,0,159,0.936156,classic_shard_2000_3000_per_fault.csv
2604,12356,4,True,1,0,29,0,338,1.413061,classic_shard_2000_3000_per_fault.csv
2605,12357,4,True,1,0,39,0,263,1.903694,classic_shard_2000_3000_per_fault.csv
2606,12361,3,True,1,0,19,0,157,0.929243,classic_shard_2000_3000_per_fault.csv
2607,12361,4,True,1,0,39,0,263,1.961166,classic_shard_2000_3000_per_fault.csv
2608,12363,4,False,2,21,81,0,391,5.007376,classic_shard_2000_3000_per_fault.csv
2609,12365,3,True,1,0,19,0,159,0.911592,classic_shard_2000_3000_per_fault.csv
2610,12371,4,False,2,21,81,0,389,5.051688,classic_shard_2000_3000_per_fault.csv
2611,12374,3,True,1,0,29,0,348,1.404161,classic_shard_2000_3000_per_fault.csv
2612,12374,4,True,1,0,29,0,338,1.433311,classic_shard_2000_3000_per_fault.csv
2613,12376,3,True,1,0,29,0,348,1.457057,classic_shard_2000_3000_per_fault.csv
2614,12376,4,True,1,0,29,0,338,1.287857,classic_shard_2000_3000_per_fault.csv
2615,12378,3,True,1,0,29,0,348,1.457157,classic_shard_2000_3000_per_fault.csv
2616,12380,3,True,1,0,29,0,348,1.422608,classic_shard_2000_3000_per_fault.csv
2617,12381,4,True,1,0,39,0,263,1.901591,classic_shard_2000_3000_per_fault.csv
2618,12383,4,True,1,0,39,0,263,1.962398,classic_shard_2000_3000_per_fault.csv
2619,12390,4,False,2,15,86,0,358,5.070418,classic_shard_2000_3000_per_fault.csv
2620,12392,3,True,1,0,29,0,353,1.447548,classic_shard_2000_3000_per_fault.csv
2621,12393,4,True,1,0,39,0,263,1.914672,classic_shard_2000_3000_per_fault.csv
2622,12398,3,True,1,1,31,0,354,1.562506,classic_shard_2000_3000_per_fault.csv
2623,12400,4,True,1,0,29,0,338,1.448809,classic_shard_2000_3000_per_fault.csv
2624,12403,3,True,1,0,19,0,159,0.930335,classic_shard_2000_3000_per_fault.csv
2625,12406,3,True,1,1,31,0,354,1.610792,classic_shard_2000_3000_per_fault.csv
2626,12408,4,True,1,0,29,0,338,1.414045,classic_shard_2000_3000_per_fault.csv
2627,12409,4,True,1,0,39,0,263,1.895153,classic_shard_2000_3000_per_fault.csv
2628,12410,3,True,1,1,31,0,354,1.559585,classic_shard_2000_3000_per_fault.csv
2629,12410,4,True,1,1,31,0,344,1.567638,classic_shard_2000_3000_per_fault.csv
2630,12418,3,True,1,0,24,0,102,1.282152,classic_shard_2000_3000_per_fault.csv
2631,12421,3,True,1,0,23,0,107,1.119907,classic_shard_2000_3000_per_fault.csv
2632,12421,4,True,1,0,34,0,219,1.663686,classic_shard_2000_3000_per_fault.csv
2633,12424,4,True,1,8,43,0,241,2.510591,classic_shard_2000_3000_per_fault.csv
2634,12425,3,True,1,0,8,0,26,0.405796,classic_shard_2000_3000_per_fault.csv
2635,12426,3,False,2,25,79,0,265,5.020382,classic_shard_2000_3000_per_fault.csv
2636,12428,4,True,1,0,23,0,119,1.141687,classic_shard_2000_3000_per_fault.csv
2637,12429,3,True,1,0,32,0,234,1.572438,classic_shard_2000_3000_per_fault.csv
2638,12436,3,False,2,34,162,0,1051,5.021152,classic_shard_2000_3000_per_fault.csv
2639,12438,3,False,2,41,178,0,1383,5.021402,classic_shard_2000_3000_per_fault.csv
2640,12438,4,False,2,50,168,0,576,5.012749,classic_shard_2000_3000_per_fault.csv
2641,12439,3,False,2,48,172,0,446,5.020374,classic_shard_2000_3000_per_fault.csv
2642,12440,4,False,2,59,153,0,422,5.021961,classic_shard_2000_3000_per_fault.csv
2643,12442,3,False,2,44,153,0,609,5.070112,classic_shard_2000_3000_per_fault.csv
2644,12444,3,False,2,41,175,0,1261,5.016687,classic_shard_2000_3000_per_fault.csv
2645,12447,3,False,2,66,156,0,434,5.131286,classic_shard_2000_3000_per_fault.csv
2646,12449,4,False,2,51,167,0,628,5.060644,classic_shard_2000_3000_per_fault.csv
2647,12450,3,False,2,5,105,0,773,5.043555,classic_shard_2000_3000_per_fault.csv
2648,12451,3,False,2,21,81,0,338,5.035932,classic_shard_2000_3000_per_fault.csv
2649,12451,4,False,2,25,78,0,270,5.009286,classic_shard_2000_3000_per_fault.csv
2650,12453,3,True,1,11,49,0,411,2.608194,classic_shard_2000_3000_per_fault.csv
2651,12455,3,False,2,38,103,0,238,5.012437,classic_shard_2000_3000_per_fault.csv
2652,12461,4,True,1,0,68,0,376,3.352163,classic_shard_2000_3000_per_fault.csv
2653,12462,4,True,1,0,46,0,326,2.257991,classic_shard_2000_3000_per_fault.csv
2654,12463,4,True,1,0,30,0,246,1.445011,classic_shard_2000_3000_per_fault.csv
2655,12468,3,True,1,0,26,0,218,1.280009,classic_shard_2000_3000_per_fault.csv
2656,12468,4,False,2,4,97,0,326,5.017354,classic_shard_2000_3000_per_fault.csv
2657,12476,3,True,1,0,28,0,231,1.341254,classic_shard_2000_3000_per_fault.csv
2658,12476,4,False,2,4,101,0,331,5.02276,classic_shard_2000_3000_per_fault.csv
2659,12478,4,True,1,1,42,0,277,2.085871,classic_shard_2000_3000_per_fault.csv
2660,12480,4,True,1,0,27,0,231,1.273737,classic_shard_2000_3000_per_fault.csv
2661,12481,4,True,1,0,25,0,216,1.178984,classic_shard_2000_3000_per_fault.csv
2662,12483,4,True,1,2,52,0,338,2.583744,classic_shard_2000_3000_per_fault.csv
2663,12485,4,True,1,1,50,0,340,2.483211,classic_shard_2000_3000_per_fault.csv
2664,12490,3,True,1,0,20,0,162,0.94197,classic_shard_2000_3000_per_fault.csv
2665,12492,4,True,1,0,48,0,416,2.300303,classic_shard_2000_3000_per_fault.csv
2666,12494,3,True,1,0,31,0,286,1.485245,classic_shard_2000_3000_per_fault.csv
2667,12494,4,True,1,0,48,0,416,2.294259,classic_shard_2000_3000_per_fault.csv
2668,12495,3,True,1,0,38,0,256,1.875494,classic_shard_2000_3000_per_fault.csv
2669,12496,4,True,1,0,96,0,719,4.927913,classic_shard_2000_3000_per_fault.csv
2670,12504,4,True,1,0,22,0,161,0.586436,classic_shard_2000_3000_per_fault.csv
2671,12510,4,True,1,0,23,0,180,0.533901,classic_shard_2000_3000_per_fault.csv
2672,12517,3,True,1,0,34,0,361,1.515503,classic_shard_2000_3000_per_fault.csv
2673,12519,4,True,1,0,41,0,379,2.002254,classic_shard_2000_3000_per_fault.csv
2674,12520,4,True,1,0,41,0,379,1.446987,classic_shard_2000_3000_per_fault.csv
2675,12522,4,True,1,0,17,0,123,0.433399,classic_shard_2000_3000_per_fault.csv
2676,12523,4,True,1,0,47,0,415,1.095898,classic_shard_2000_3000_per_fault.csv
2677,12526,3,True,1,0,25,0,264,0.574368,classic_shard_2000_3000_per_fault.csv
2678,12528,3,True,1,0,31,0,304,0.717487,classic_shard_2000_3000_per_fault.csv
2679,12531,3,True,1,0,33,0,170,0.77402,classic_shard_2000_3000_per_fault.csv
2680,12537,4,True,1,0,18,0,128,0.412377,classic_shard_2000_3000_per_fault.csv
2681,12541,4,True,1,0,17,0,128,0.400083,classic_shard_2000_3000_per_fault.csv
2682,12544,3,True,1,0,25,0,258,0.579602,classic_shard_2000_3000_per_fault.csv
2683,12552,4,True,1,0,38,0,328,0.875046,classic_shard_2000_3000_per_fault.csv
2684,12553,3,True,1,0,31,0,286,0.724394,classic_shard_2000_3000_per_fault.csv
2685,12553,4,True,1,0,38,0,328,0.900476,classic_shard_2000_3000_per_fault.csv
2686,12557,4,True,1,0,23,0,179,0.526408,classic_shard_2000_3000_per_fault.csv
2687,12558,4,True,1,0,22,0,179,0.500303,classic_shard_2000_3000_per_fault.csv
2688,12559,3,True,1,0,48,0,490,1.111645,classic_shard_2000_3000_per_fault.csv
2689,12561,4,True,1,0,22,0,177,0.50143,classic_shard_2000_3000_per_fault.csv
2690,12567,3,True,1,0,51,0,448,1.17799,classic_shard_2000_3000_per_fault.csv
2691,12569,3,True,1,0,48,0,490,1.120335,classic_shard_2000_3000_per_fault.csv
2692,12570,3,True,1,0,26,0,270,0.593535,classic_shard_2000_3000_per_fault.csv
2693,12574,4,True,1,0,11,0,71,0.254166,classic_shard_2000_3000_per_fault.csv
2694,12575,4,True,1,0,11,0,71,0.254151,classic_shard_2000_3000_per_fault.csv
2695,12578,4,True,1,0,11,0,71,0.257024,classic_shard_2000_3000_per_fault.csv
2696,12579,3,True,1,0,6,0,12,0.1387,classic_shard_2000_3000_per_fault.csv
2697,12580,3,True,1,0,6,0,12,0.140002,classic_shard_2000_3000_per_fault.csv
2698,12586,4,True,1,0,11,0,72,0.262169,classic_shard_2000_3000_per_fault.csv
2699,12588,4,True,1,0,11,0,72,0.258612,classic_shard_2000_3000_per_fault.csv
2700,12596,4,True,1,0,11,0,73,0.261185,classic_shard_2000_3000_per_fault.csv
2701,12598,3,True,1,0,6,0,12,0.141494,classic_shard_2000_3000_per_fault.csv
2702,12598,4,True,1,0,11,0,72,0.257228,classic_shard_2000_3000_per_fault.csv
2703,12599,3,True,1,0,6,0,12,0.140178,classic_shard_2000_3000_per_fault.csv
2704,12602,3,True,1,0,6,0,12,0.142162,classic_shard_2000_3000_per_fault.csv
2705,12603,3,True,1,0,6,0,12,0.140266,classic_shard_2000_3000_per_fault.csv
2706,12606,3,True,1,0,6,0,10,0.13982,classic_shard_2000_3000_per_fault.csv
2707,12611,4,True,1,0,11,0,64,0.25603,classic_shard_2000_3000_per_fault.csv
2708,12612,3,True,1,0,6,0,10,0.141902,classic_shard_2000_3000_per_fault.csv
2709,12612,4,True,1,0,11,0,64,0.255481,classic_shard_2000_3000_per_fault.csv
2710,12614,3,True,1,0,6,0,10,0.141087,classic_shard_2000_3000_per_fault.csv
2711,12614,4,True,1,0,11,0,65,0.255951,classic_shard_2000_3000_per_fault.csv
2712,12615,3,True,1,0,6,0,10,0.140964,classic_shard_2000_3000_per_fault.csv
2713,12616,4,True,1,0,11,0,65,0.25501,classic_shard_2000_3000_per_fault.csv
2714,12622,4,True,1,1,14,0,77,0.345973,classic_shard_2000_3000_per_fault.csv
2715,12624,4,True,1,1,14,0,77,0.348594,classic_shard_2000_3000_per_fault.csv
2716,12628,4,True,1,1,14,0,77,0.345264,classic_shard_2000_3000_per_fault.csv
2717,12629,3,True,1,0,6,0,10,0.140235,classic_shard_2000_3000_per_fault.csv
2718,12629,4,True,1,1,14,0,75,0.350636,classic_shard_2000_3000_per_fault.csv
2719,12631,4,True,1,1,14,0,75,0.350934,classic_shard_2000_3000_per_fault.csv
2720,12632,3,True,1,0,6,0,10,0.139925,classic_shard_2000_3000_per_fault.csv
2721,12633,3,True,1,0,6,0,10,0.140806,classic_shard_2000_3000_per_fault.csv
2722,12639,4,True,1,0,11,0,63,0.255327,classic_shard_2000_3000_per_fault.csv
2723,12641,4,True,1,0,11,0,63,0.256366,classic_shard_2000_3000_per_fault.csv
2724,12645,4,True,1,0,11,0,64,0.255865,classic_shard_2000_3000_per_fault.csv
2725,12648,3,True,1,0,6,0,10,0.139691,classic_shard_2000_3000_per_fault.csv
2726,12650,3,True,1,0,6,0,10,0.140627,classic_shard_2000_3000_per_fault.csv
2727,12651,3,True,1,0,6,0,10,0.144549,classic_shard_2000_3000_per_fault.csv
2728,12653,3,True,1,0,6,0,10,0.139756,classic_shard_2000_3000_per_fault.csv
2729,12654,4,True,1,0,11,0,63,0.254271,classic_shard_2000_3000_per_fault.csv
2730,12655,3,True,1,0,6,0,10,0.142441,classic_shard_2000_3000_per_fault.csv
2731,12656,3,True,1,0,6,0,10,0.142597,classic_shard_2000_3000_per_fault.csv
2732,12656,4,True,1,0,11,0,63,0.263252,classic_shard_2000_3000_per_fault.csv
2733,12658,3,True,1,0,6,0,10,0.145473,classic_shard_2000_3000_per_fault.csv
2734,12658,4,True,1,0,11,0,63,0.262993,classic_shard_2000_3000_per_fault.csv
2735,12665,4,True,1,0,11,0,63,0.260687,classic_shard_2000_3000_per_fault.csv
2736,12667,3,True,1,0,6,0,10,0.13941,classic_shard_2000_3000_per_fault.csv
2737,12667,4,True,1,0,11,0,63,0.254458,classic_shard_2000_3000_per_fault.csv
2738,12677,3,True,1,0,6,0,10,0.139783,classic_shard_2000_3000_per_fault.csv
2739,12680,3,True,1,0,6,0,10,0.139866,classic_shard_2000_3000_per_fault.csv
2740,12681,3,True,1,0,6,0,10,0.140143,classic_shard_2000_3000_per_fault.csv
2741,12683,4,True,1,0,11,0,66,0.25716,classic_shard_2000_3000_per_fault.csv
2742,12688,3,True,1,0,6,0,10,0.141099,classic_shard_2000_3000_per_fault.csv
2743,12689,4,True,1,0,11,0,66,0.25477,classic_shard_2000_3000_per_fault.csv
2744,12690,4,True,1,0,11,0,66,0.255975,classic_shard_2000_3000_per_fault.csv
2745,12694,4,True,1,0,11,0,66,0.25582,classic_shard_2000_3000_per_fault.csv
2746,12695,3,True,1,0,10,0,34,0.231381,classic_shard_2000_3000_per_fault.csv
2747,12697,3,True,1,0,22,0,115,0.501487,classic_shard_2000_3000_per_fault.csv
2748,12701,3,True,1,3,30,0,155,0.752133,classic_shard_2000_3000_per_fault.csv
2749,12704,3,True,1,0,23,0,135,0.531174,classic_shard_2000_3000_per_fault.csv
2750,12707,3,True,1,3,31,0,164,0.774864,classic_shard_2000_3000_per_fault.csv
2751,12707,4,True,1,0,21,0,121,0.479959,classic_shard_2000_3000_per_fault.csv
2752,12708,3,True,1,0,19,0,119,0.438921,classic_shard_2000_3000_per_fault.csv
2753,12708,4,True,1,0,19,0,119,0.439062,classic_shard_2000_3000_per_fault.csv
2754,12709,3,True,1,0,22,0,131,0.5493,classic_shard_2000_3000_per_fault.csv
2755,12711,4,True,1,0,19,0,116,0.564706,classic_shard_2000_3000_per_fault.csv
2756,12714,4,True,1,0,48,0,334,1.173944,classic_shard_2000_3000_per_fault.csv
2757,12720,4,True,1,0,63,0,421,1.465898,classic_shard_2000_3000_per_fault.csv
2758,12729,4,True,1,0,22,0,170,0.503286,classic_shard_2000_3000_per_fault.csv
2759,12732,4,True,1,0,48,0,373,1.107419,classic_shard_2000_3000_per_fault.csv
2760,12735,3,True,1,0,13,0,75,0.307883,classic_shard_2000_3000_per_fault.csv
2761,12756,3,True,1,0,23,0,166,0.524343,classic_shard_2000_3000_per_fault.csv
2762,12759,3,True,1,0,18,0,140,0.411635,classic_shard_2000_3000_per_fault.csv
2763,12765,3,True,1,0,25,0,263,0.571996,classic_shard_2000_3000_per_fault.csv
2764,12765,4,True,1,0,78,0,648,1.82404,classic_shard_2000_3000_per_fault.csv
2765,12767,3,True,1,0,6,0,19,0.146371,classic_shard_2000_3000_per_fault.csv
2766,12770,3,True,1,0,4,0,11,0.100488,classic_shard_2000_3000_per_fault.csv
2767,12781,4,True,1,0,7,0,21,0.176726,classic_shard_2000_3000_per_fault.csv
2768,12784,3,True,1,0,8,0,25,0.195275,classic_shard_2000_3000_per_fault.csv
2769,12784,4,True,1,0,8,0,26,0.197241,classic_shard_2000_3000_per_fault.csv
2770,12803,3,True,1,0,40,0,407,0.95273,classic_shard_2000_3000_per_fault.csv
2771,12805,4,True,1,0,24,0,192,0.564635,classic_shard_2000_3000_per_fault.csv
2772,12806,3,True,1,0,40,0,407,0.939377,classic_shard_2000_3000_per_fault.csv
2773,12806,4,True,1,0,24,0,192,0.557308,classic_shard_2000_3000_per_fault.csv
2774,12808,4,True,1,0,24,0,192,0.555055,classic_shard_2000_3000_per_fault.csv
2775,12809,4,True,1,0,24,0,192,0.550835,classic_shard_2000_3000_per_fault.csv
2776,12820,3,True,1,0,40,0,407,0.931632,classic_shard_2000_3000_per_fault.csv
2777,12822,3,True,1,0,40,0,407,0.940535,classic_shard_2000_3000_per_fault.csv
2778,12826,4,True,1,0,24,0,192,0.553822,classic_shard_2000_3000_per_fault.csv
2779,12829,3,True,1,0,40,0,407,0.94833,classic_shard_2000_3000_per_fault.csv
2780,12832,4,True,1,0,24,0,193,0.554798,classic_shard_2000_3000_per_fault.csv
2781,12835,3,True,1,0,40,0,407,0.928674,classic_shard_2000_3000_per_fault.csv
2782,12836,3,True,1,0,40,0,407,0.925676,classic_shard_2000_3000_per_fault.csv
2783,12838,4,True,1,0,18,0,144,0.413749,classic_shard_2000_3000_per_fault.csv
2784,12844,3,True,1,0,40,0,407,0.925545,classic_shard_2000_3000_per_fault.csv
2785,12845,3,True,1,0,40,0,407,0.929288,classic_shard_2000_3000_per_fault.csv
2786,12852,3,True,1,0,40,0,407,0.927673,classic_shard_2000_3000_per_fault.csv
2787,12853,3,False,2,59,164,0,481,5.030699,classic_shard_2000_3000_per_fault.csv
2788,12855,4,True,1,0,18,0,144,0.415353,classic_shard_2000_3000_per_fault.csv
2789,12859,3,True,1,0,40,0,407,0.924302,classic_shard_2000_3000_per_fault.csv
2790,12860,3,True,1,0,40,0,407,0.923283,classic_shard_2000_3000_per_fault.csv
2791,12863,4,True,1,0,18,0,144,0.412356,classic_shard_2000_3000_per_fault.csv
2792,12865,3,True,1,0,71,0,485,1.64844,classic_shard_2000_3000_per_fault.csv
2793,12866,4,True,1,0,17,0,139,0.397473,classic_shard_2000_3000_per_fault.csv
2794,12869,3,True,1,0,26,0,287,0.592969,classic_shard_2000_3000_per_fault.csv
2795,12873,3,True,1,0,26,0,287,0.59411,classic_shard_2000_3000_per_fault.csv
2796,12874,4,False,2,44,180,0,1112,5.001005,classic_shard_2000_3000_per_fault.csv
2797,12882,3,False,2,38,188,0,874,5.058708,classic_shard_2000_3000_per_fault.csv
2798,12886,4,True,1,0,27,0,249,0.628927,classic_shard_2000_3000_per_fault.csv
2799,12887,4,True,1,0,28,0,274,0.642169,classic_shard_2000_3000_per_fault.csv
2800,12889,3,True,1,0,17,0,127,0.393942,classic_shard_2000_3000_per_fault.csv
2801,12891,3,True,1,0,25,0,237,0.569916,classic_shard_2000_3000_per_fault.csv
2802,12892,4,True,1,0,23,0,169,0.527798,classic_shard_2000_3000_per_fault.csv
2803,12893,4,True,1,0,40,0,289,0.911967,classic_shard_2000_3000_per_fault.csv
2804,12894,4,True,1,0,41,0,309,0.935357,classic_shard_2000_3000_per_fault.csv
2805,12896,3,True,1,6,61,0,298,1.524101,classic_shard_2000_3000_per_fault.csv
2806,12898,4,True,1,0,66,0,386,1.506196,classic_shard_2000_3000_per_fault.csv
2807,12906,4,True,1,0,40,0,284,0.914662,classic_shard_2000_3000_per_fault.csv
2808,12911,3,True,1,7,47,0,240,1.221116,classic_shard_2000_3000_per_fault.csv
2809,12914,4,False,2,53,174,0,344,5.01258,classic_shard_2000_3000_per_fault.csv
2810,12916,4,True,1,0,15,0,89,0.339313,classic_shard_2000_3000_per_fault.csv
2811,12922,4,False,2,76,176,0,937,5.569003,classic_shard_2000_3000_per_fault.csv
2812,12927,3,True,1,0,40,0,407,0.912189,classic_shard_2000_3000_per_fault.csv
2813,12928,4,True,1,0,22,0,171,0.497362,classic_shard_2000_3000_per_fault.csv
2814,12935,4,True,1,0,22,0,171,0.496904,classic_shard_2000_3000_per_fault.csv
2815,12940,4,True,1,0,22,0,171,0.498819,classic_shard_2000_3000_per_fault.csv
2816,12941,4,True,1,0,22,0,171,0.495794,classic_shard_2000_3000_per_fault.csv
2817,12942,3,True,1,0,40,0,407,0.911111,classic_shard_2000_3000_per_fault.csv
2818,12943,3,True,1,0,40,0,407,0.913325,classic_shard_2000_3000_per_fault.csv
2819,12949,3,True,1,0,40,0,407,0.91078,classic_shard_2000_3000_per_fault.csv
2820,12952,3,True,1,0,40,0,407,0.925933,classic_shard_2000_3000_per_fault.csv
2821,12957,4,False,2,56,171,0,1375,5.040263,classic_shard_2000_3000_per_fault.csv
2822,12958,3,False,2,51,173,0,1187,5.000394,classic_shard_2000_3000_per_fault.csv
2823,12962,3,False,2,43,182,0,1572,5.017483,classic_shard_2000_3000_per_fault.csv
2824,12965,4,False,2,62,159,0,782,5.017815,classic_shard_2000_3000_per_fault.csv
2825,12967,3,False,2,43,182,0,1225,5.005644,classic_shard_2000_3000_per_fault.csv
2826,12968,3,True,1,0,40,0,330,0.918394,classic_shard_2000_3000_per_fault.csv
2827,12970,4,False,2,42,184,0,795,5.01578,classic_shard_2000_3000_per_fault.csv
2828,12971,3,True,1,0,20,0,110,0.46251,classic_shard_2000_3000_per_fault.csv
2829,12972,3,True,1,0,19,0,110,0.440207,classic_shard_2000_3000_per_fault.csv
2830,12973,4,True,1,46,124,0,409,3.926995,classic_shard_2000_3000_per_fault.csv
2831,12975,3,True,1,1,34,0,230,0.828644,classic_shard_2000_3000_per_fault.csv
2832,12976,3,True,1,0,20,0,115,0.475146,classic_shard_2000_3000_per_fault.csv
2833,12986,4,True,1,0,8,0,32,0.187563,classic_shard_2000_3000_per_fault.csv
2834,13005,4,False,2,66,149,0,778,5.007648,classic_shard_2000_3000_per_fault.csv
2835,13006,3,False,2,60,163,0,542,5.00755,classic_shard_2000_3000_per_fault.csv
2836,13010,4,False,2,54,172,0,590,5.014239,classic_shard_2000_3000_per_fault.csv
2837,13011,3,False,2,47,176,0,707,5.027711,classic_shard_2000_3000_per_fault.csv
2838,13013,4,False,2,60,164,0,441,5.033512,classic_shard_2000_3000_per_fault.csv
2839,13016,4,False,2,62,166,0,525,5.024988,classic_shard_2000_3000_per_fault.csv
2840,13017,3,True,1,0,26,0,209,0.589605,classic_shard_2000_3000_per_fault.csv
2841,13019,3,False,2,55,174,0,558,5.232585,classic_shard_2000_3000_per_fault.csv
2842,13020,3,True,1,0,23,0,112,0.523937,classic_shard_2000_3000_per_fault.csv
2843,13026,4,True,1,0,51,0,130,1.139699,classic_shard_2000_3000_per_fault.csv
2844,13029,4,False,2,49,159,0,610,5.009651,classic_shard_2000_3000_per_fault.csv
2845,13030,3,False,2,63,163,0,1100,5.01875,classic_shard_2000_3000_per_fault.csv
2846,13033,3,True,1,0,9,0,28,0.20465,classic_shard_2000_3000_per_fault.csv
2847,13033,4,False,2,43,180,0,1138,5.000901,classic_shard_2000_3000_per_fault.csv
2848,13035,4,False,2,47,177,0,1061,5.042739,classic_shard_2000_3000_per_fault.csv
2849,13037,3,False,2,61,161,0,1251,5.024167,classic_shard_2000_3000_per_fault.csv
2850,13038,4,True,1,4,36,0,318,0.904214,classic_shard_2000_3000_per_fault.csv
2851,13039,3,False,2,60,160,0,474,5.023916,classic_shard_2000_3000_per_fault.csv
2852,13044,3,True,1,28,107,0,758,3.057892,classic_shard_2000_3000_per_fault.csv
2853,13044,4,True,1,4,32,0,242,0.816102,classic_shard_2000_3000_per_fault.csv
2854,13045,3,False,2,53,167,0,3756,5.003348,classic_shard_2000_3000_per_fault.csv
2855,13045,4,True,1,4,59,0,1390,1.43671,classic_shard_2000_3000_per_fault.csv
2856,13048,4,False,2,52,168,0,564,5.018434,classic_shard_2000_3000_per_fault.csv
2857,13049,3,True,1,15,80,0,621,2.146276,classic_shard_2000_3000_per_fault.csv
2858,13053,4,True,1,4,54,0,1082,1.328457,classic_shard_2000_3000_per_fault.csv
2859,13056,3,False,2,57,165,0,2620,5.047018,classic_shard_2000_3000_per_fault.csv
2860,13056,4,True,1,4,51,0,878,1.252628,classic_shard_2000_3000_per_fault.csv
2861,13060,3,False,2,60,164,0,945,5.014972,classic_shard_2000_3000_per_fault.csv
2862,13061,3,False,2,53,158,0,1942,5.014066,classic_shard_2000_3000_per_fault.csv
2863,13062,3,False,2,57,160,0,1816,5.001634,classic_shard_2000_3000_per_fault.csv
2864,13065,3,False,2,57,162,0,1713,5.018409,classic_shard_2000_3000_per_fault.csv
2865,13066,3,False,2,58,159,0,586,5.025352,classic_shard_2000_3000_per_fault.csv
2866,13070,4,True,1,4,41,0,454,1.020756,classic_shard_2000_3000_per_fault.csv
2867,13072,3,False,2,56,158,0,522,5.062246,classic_shard_2000_3000_per_fault.csv
2868,13078,3,False,2,65,163,0,914,5.119534,classic_shard_2000_3000_per_fault.csv
2869,13080,4,True,1,0,17,0,154,0.41456,classic_shard_2000_3000_per_fault.csv
2870,13081,4,True,1,0,33,0,340,0.801312,classic_shard_2000_3000_per_fault.csv
2871,13083,3,True,1,0,37,0,188,0.849168,classic_shard_2000_3000_per_fault.csv
2872,13083,4,False,2,63,154,0,992,5.00352,classic_shard_2000_3000_per_fault.csv
2873,13086,4,False,2,61,161,0,612,5.016025,classic_shard_2000_3000_per_fault.csv
2874,13088,4,True,1,0,23,0,105,0.531425,classic_shard_2000_3000_per_fault.csv
2875,13092,4,False,2,62,157,0,598,5.008446,classic_shard_2000_3000_per_fault.csv
2876,13093,4,True,1,2,48,0,241,1.116956,classic_shard_2000_3000_per_fault.csv
2877,13099,4,True,1,0,32,0,165,0.730992,classic_shard_2000_3000_per_fault.csv
2878,13103,4,True,1,0,16,0,81,0.362404,classic_shard_2000_3000_per_fault.csv
2879,13105,4,False,2,58,169,0,462,5.007644,classic_shard_2000_3000_per_fault.csv
2880,13106,3,False,2,51,179,0,455,5.053497,classic_shard_2000_3000_per_fault.csv
2881,13106,4,False,2,47,182,0,1385,5.007089,classic_shard_2000_3000_per_fault.csv
2882,13108,3,False,2,68,161,0,251,5.002393,classic_shard_2000_3000_per_fault.csv
2883,13114,3,False,2,66,164,0,441,5.002867,classic_shard_2000_3000_per_fault.csv
2884,13116,3,False,2,71,170,0,399,5.260963,classic_shard_2000_3000_per_fault.csv
2885,13117,3,False,2,57,172,0,558,5.004042,classic_shard_2000_3000_per_fault.csv
2886,13123,4,True,1,0,21,0,187,0.469479,classic_shard_2000_3000_per_fault.csv
2887,13124,4,True,1,0,47,0,354,1.063807,classic_shard_2000_3000_per_fault.csv
2888,13125,4,False,2,56,175,0,318,5.026857,classic_shard_2000_3000_per_fault.csv
2889,13135,4,True,1,0,42,0,309,0.938587,classic_shard_2000_3000_per_fault.csv
2890,13144,3,True,1,0,26,0,238,0.575525,classic_shard_2000_3000_per_fault.csv
2891,13144,4,True,1,0,26,0,231,0.574036,classic_shard_2000_3000_per_fault.csv
2892,13145,4,True,1,0,42,0,300,0.960711,classic_shard_2000_3000_per_fault.csv
2893,13147,3,True,1,0,39,0,292,0.863416,classic_shard_2000_3000_per_fault.csv
2894,13153,3,False,2,62,167,0,581,5.016245,classic_shard_2000_3000_per_fault.csv
2895,13155,4,True,1,0,22,0,188,0.477761,classic_shard_2000_3000_per_fault.csv
2896,13156,3,False,2,52,183,0,387,5.015589,classic_shard_2000_3000_per_fault.csv
2897,13157,3,True,1,0,24,0,203,0.530256,classic_shard_2000_3000_per_fault.csv
2898,13158,3,True,1,2,44,0,292,1.018564,classic_shard_2000_3000_per_fault.csv
2899,13158,4,True,1,0,24,0,218,0.522851,classic_shard_2000_3000_per_fault.csv
2900,13161,4,True,1,0,49,0,265,1.086048,classic_shard_2000_3000_per_fault.csv
2901,13162,3,True,1,0,77,0,656,1.71649,classic_shard_2000_3000_per_fault.csv
2902,13168,3,True,1,0,26,0,270,0.569056,classic_shard_2000_3000_per_fault.csv
2903,13169,4,True,1,0,63,0,479,1.397898,classic_shard_2000_3000_per_fault.csv
2904,13170,4,True,1,0,63,0,479,1.398638,classic_shard_2000_3000_per_fault.csv
2905,13173,3,True,1,0,25,0,150,0.554973,classic_shard_2000_3000_per_fault.csv
2906,13176,3,True,1,0,26,0,125,0.578846,classic_shard_2000_3000_per_fault.csv
2907,13176,4,True,1,4,34,0,266,0.829077,classic_shard_2000_3000_per_fault.csv
2908,13178,3,True,1,0,31,0,295,0.682137,classic_shard_2000_3000_per_fault.csv
2909,13179,4,True,1,0,25,0,237,0.544543,classic_shard_2000_3000_per_fault.csv
2910,13182,4,True,1,0,26,0,243,0.561168,classic_shard_2000_3000_per_fault.csv
2911,13186,4,True,1,0,26,0,243,0.561103,classic_shard_2000_3000_per_fault.csv
2912,13187,4,True,1,0,26,0,243,0.563525,classic_shard_2000_3000_per_fault.csv
2913,13189,3,True,1,0,51,0,450,1.121495,classic_shard_2000_3000_per_fault.csv
2914,13189,4,True,1,0,63,0,538,1.404271,classic_shard_2000_3000_per_fault.csv
2915,13192,3,True,1,0,26,0,272,0.568968,classic_shard_2000_3000_per_fault.csv
2916,13193,4,True,1,1,27,0,199,0.615721,classic_shard_2000_3000_per_fault.csv
2917,13194,3,True,1,26,93,0,664,2.614783,classic_shard_2000_3000_per_fault.csv
2918,13195,3,True,1,0,15,0,76,0.331268,classic_shard_2000_3000_per_fault.csv
2919,13196,3,True,1,0,17,0,146,0.371054,classic_shard_2000_3000_per_fault.csv
2920,13200,3,True,1,0,48,0,490,1.062495,classic_shard_2000_3000_per_fault.csv
2921,13204,4,True,1,0,22,0,183,0.489576,classic_shard_2000_3000_per_fault.csv
2922,13205,3,True,1,0,6,0,12,0.132619,classic_shard_2000_3000_per_fault.csv
2923,13205,4,True,1,0,11,0,74,0.241951,classic_shard_2000_3000_per_fault.csv
2924,13206,4,True,1,0,11,0,74,0.243709,classic_shard_2000_3000_per_fault.csv
2925,13209,3,True,1,0,6,0,12,0.132667,classic_shard_2000_3000_per_fault.csv
2926,13210,3,True,1,0,6,0,12,0.133103,classic_shard_2000_3000_per_fault.csv
2927,13211,3,True,1,0,6,0,12,0.132999,classic_shard_2000_3000_per_fault.csv
2928,13211,4,True,1,0,11,0,74,0.245073,classic_shard_2000_3000_per_fault.csv
2929,13215,4,True,1,0,11,0,75,0.243152,classic_shard_2000_3000_per_fault.csv
2930,13218,4,True,1,0,11,0,75,0.243392,classic_shard_2000_3000_per_fault.csv
2931,13221,4,True,1,1,14,0,88,0.331948,classic_shard_2000_3000_per_fault.csv
2932,13226,3,True,1,0,6,0,12,0.133062,classic_shard_2000_3000_per_fault.csv
2933,13227,4,True,1,1,14,0,88,0.331131,classic_shard_2000_3000_per_fault.csv
2934,13229,4,True,1,1,14,0,86,0.330434,classic_shard_2000_3000_per_fault.csv
2935,13230,3,True,1,0,6,0,12,0.132674,classic_shard_2000_3000_per_fault.csv
2936,13232,3,True,1,0,6,0,12,0.132752,classic_shard_2000_3000_per_fault.csv
2937,13235,3,True,1,0,6,0,12,0.132476,classic_shard_2000_3000_per_fault.csv
2938,13240,3,True,1,0,6,0,12,0.132646,classic_shard_2000_3000_per_fault.csv
2939,13241,3,True,1,0,6,0,12,0.132318,classic_shard_2000_3000_per_fault.csv
2940,13244,4,True,1,0,11,0,73,0.243417,classic_shard_2000_3000_per_fault.csv
2941,13246,4,True,1,0,11,0,74,0.242893,classic_shard_2000_3000_per_fault.csv
2942,13249,4,True,1,0,11,0,74,0.24194,classic_shard_2000_3000_per_fault.csv
2943,13251,4,True,1,0,11,0,74,0.245261,classic_shard_2000_3000_per_fault.csv
2944,13253,3,True,1,0,6,0,13,0.132041,classic_shard_2000_3000_per_fault.csv
2945,13259,3,True,1,0,6,0,13,0.133192,classic_shard_2000_3000_per_fault.csv
2946,13264,3,True,1,0,10,0,48,0.220455,classic_shard_2000_3000_per_fault.csv
2947,13267,3,True,1,0,6,0,10,0.132691,classic_shard_2000_3000_per_fault.csv
2948,13268,3,True,1,0,6,0,10,0.132218,classic_shard_2000_3000_per_fault.csv
2949,13268,4,True,1,0,11,0,66,0.245687,classic_shard_2000_3000_per_fault.csv
2950,13272,4,True,1,0,11,0,66,0.243848,classic_shard_2000_3000_per_fault.csv
2951,13274,4,True,1,0,11,0,73,0.243822,classic_shard_2000_3000_per_fault.csv
2952,13275,4,True,1,0,11,0,73,0.243464,classic_shard_2000_3000_per_fault.csv
2953,13279,3,True,1,0,6,0,13,0.131902,classic_shard_2000_3000_per_fault.csv
2954,13281,4,True,1,0,11,0,74,0.242653,classic_shard_2000_3000_per_fault.csv
2955,13282,4,True,1,0,11,0,74,0.243372,classic_shard_2000_3000_per_fault.csv
2956,13290,3,True,1,0,6,0,13,0.132173,classic_shard_2000_3000_per_fault.csv
2957,13292,3,True,1,0,6,0,13,0.134273,classic_shard_2000_3000_per_fault.csv
2958,13295,3,True,1,0,6,0,13,0.132683,classic_shard_2000_3000_per_fault.csv
2959,13296,3,True,1,0,6,0,13,0.132669,classic_shard_2000_3000_per_fault.csv
2960,13299,3,True,1,0,6,0,13,0.132678,classic_shard_2000_3000_per_fault.csv
2961,13304,3,True,1,0,6,0,13,0.134676,classic_shard_2000_3000_per_fault.csv
2962,13306,4,True,1,0,18,0,103,0.394113,classic_shard_2000_3000_per_fault.csv
2963,13311,4,True,1,0,20,0,130,0.437688,classic_shard_2000_3000_per_fault.csv
2964,13319,4,True,1,0,18,0,128,0.392911,classic_shard_2000_3000_per_fault.csv
2965,13324,4,True,1,0,22,0,177,0.477588,classic_shard_2000_3000_per_fault.csv
2966,13337,3,True,1,0,31,0,286,0.703861,classic_shard_2000_3000_per_fault.csv
2967,13343,4,True,1,0,41,0,379,0.904561,classic_shard_2000_3000_per_fault.csv
2968,13359,4,True,1,0,78,0,576,1.725604,classic_shard_2000_3000_per_fault.csv
2969,13365,3,True,1,26,70,0,370,2.146745,classic_shard_2000_3000_per_fault.csv
2970,13386,4,True,1,4,36,0,374,0.874539,classic_shard_2000_3000_per_fault.csv
2971,13387,4,True,1,4,36,0,374,0.871383,classic_shard_2000_3000_per_fault.csv
2972,13393,4,True,1,0,40,0,411,0.881038,classic_shard_2000_3000_per_fault.csv
2973,13399,3,True,1,0,18,0,160,0.399439,classic_shard_2000_3000_per_fault.csv
2974,13403,4,True,1,0,40,0,411,0.880868,classic_shard_2000_3000_per_fault.csv
2975,13404,3,True,1,0,18,0,160,0.394486,classic_shard_2000_3000_per_fault.csv
2976,13405,3,True,1,0,18,0,160,0.394729,classic_shard_2000_3000_per_fault.csv
2977,13408,3,True,1,0,18,0,160,0.394241,classic_shard_2000_3000_per_fault.csv
2978,13415,3,True,1,0,18,0,160,0.393868,classic_shard_2000_3000_per_fault.csv
2979,13416,4,True,1,0,40,0,411,0.882651,classic_shard_2000_3000_per_fault.csv
2980,13417,3,True,1,0,18,0,160,0.392322,classic_shard_2000_3000_per_fault.csv
2981,13422,3,True,1,0,18,0,167,0.391764,classic_shard_2000_3000_per_fault.csv
2982,13425,4,True,1,0,29,0,302,0.626156,classic_shard_2000_3000_per_fault.csv
2983,13430,3,True,1,0,32,0,321,0.696394,classic_shard_2000_3000_per_fault.csv
2984,13434,3,False,2,70,161,0,728,5.016297,classic_shard_2000_3000_per_fault.csv
2985,13434,4,False,2,70,160,0,755,5.000802,classic_shard_2000_3000_per_fault.csv
2986,13437,4,True,1,0,25,0,222,0.549575,classic_shard_2000_3000_per_fault.csv
2987,13439,3,True,1,3,104,0,641,2.356704,classic_shard_2000_3000_per_fault.csv
2988,13441,3,True,1,0,40,0,310,0.907333,classic_shard_2000_3000_per_fault.csv
2989,13445,4,False,2,67,166,0,366,5.071496,classic_shard_2000_3000_per_fault.csv
2990,13449,4,True,1,0,36,0,231,0.790336,classic_shard_2000_3000_per_fault.csv
2991,13452,4,True,1,6,49,0,250,1.220554,classic_shard_2000_3000_per_fault.csv
2992,13454,4,False,2,64,166,0,283,5.016229,classic_shard_2000_3000_per_fault.csv
2993,13457,4,False,2,60,174,0,513,5.010401,classic_shard_2000_3000_per_fault.csv
2994,13458,4,True,1,0,20,0,158,0.443335,classic_shard_2000_3000_per_fault.csv
2995,13460,3,True,1,0,71,0,485,1.571471,classic_shard_2000_3000_per_fault.csv
2996,13461,3,False,2,56,176,0,1428,5.008497,classic_shard_2000_3000_per_fault.csv
2997,13462,3,False,2,56,176,0,1399,5.007422,classic_shard_2000_3000_per_fault.csv
2998,13464,4,False,2,63,165,0,973,5.073892,classic_shard_2000_3000_per_fault.csv
2999,13468,3,True,1,0,20,0,128,0.447098,classic_shard_2000_3000_per_fault.csv
3000,13470,3,True,1,0,20,0,115,0.505775,classic_shard_3000_4000_per_fault.csv
3001,13473,3,True,1,0,20,0,128,0.492537,classic_shard_3000_4000_per_fault.csv
3002,13489,3,False,2,49,162,0,615,5.013681,classic_shard_3000_4000_per_fault.csv
3003,13489,4,True,1,0,13,0,74,0.322424,classic_shard_3000_4000_per_fault.csv
3004,13498,3,True,1,0,21,0,174,0.514281,classic_shard_3000_4000_per_fault.csv
3005,13504,3,True,1,0,30,0,360,0.731027,classic_shard_3000_4000_per_fault.csv
3006,13506,4,False,2,50,159,0,547,5.007608,classic_shard_3000_4000_per_fault.csv
3007,13510,3,False,2,53,170,0,712,5.301413,classic_shard_3000_4000_per_fault.csv
3008,13514,3,False,2,51,160,0,526,5.000533,classic_shard_3000_4000_per_fault.csv
3009,13515,3,False,2,46,174,0,736,5.118006,classic_shard_3000_4000_per_fault.csv
3010,13517,4,False,2,45,169,0,637,5.022183,classic_shard_3000_4000_per_fault.csv
3011,13520,4,False,2,57,159,0,344,5.01011,classic_shard_3000_4000_per_fault.csv
3012,13522,3,True,1,0,26,0,210,0.615235,classic_shard_3000_4000_per_fault.csv
3013,13524,3,True,1,0,23,0,178,0.544276,classic_shard_3000_4000_per_fault.csv
3014,13524,4,True,1,0,34,0,164,0.82311,classic_shard_3000_4000_per_fault.csv
3015,13528,4,False,2,43,123,0,472,5.007968,classic_shard_3000_4000_per_fault.csv
3016,13529,3,False,2,24,95,0,834,5.057135,classic_shard_3000_4000_per_fault.csv
3017,13530,4,False,2,20,90,0,582,5.026346,classic_shard_3000_4000_per_fault.csv
3018,13535,3,False,2,24,82,0,726,5.148183,classic_shard_3000_4000_per_fault.csv
3019,13536,3,False,2,24,84,0,699,5.041128,classic_shard_3000_4000_per_fault.csv
3020,13547,4,False,2,26,81,0,507,5.028336,classic_shard_3000_4000_per_fault.csv
3021,13549,3,False,2,25,82,0,431,5.03978,classic_shard_3000_4000_per_fault.csv
3022,13550,3,True,1,0,20,0,182,0.930671,classic_shard_3000_4000_per_fault.csv
3023,13553,4,True,1,0,52,0,424,2.446858,classic_shard_3000_4000_per_fault.csv
3024,13555,3,True,1,0,59,0,240,3.010808,classic_shard_3000_4000_per_fault.csv
3025,13556,4,True,1,0,39,0,178,2.066786,classic_shard_3000_4000_per_fault.csv
3026,13558,4,True,1,0,27,0,183,1.434774,classic_shard_3000_4000_per_fault.csv
3027,13562,3,True,1,0,9,0,44,0.453446,classic_shard_3000_4000_per_fault.csv
3028,13565,3,True,1,0,8,0,29,0.404058,classic_shard_3000_4000_per_fault.csv
3029,13569,4,False,2,22,85,0,499,5.066302,classic_shard_3000_4000_per_fault.csv
3030,13570,4,False,2,19,87,0,471,5.039183,classic_shard_3000_4000_per_fault.csv
3031,13571,4,False,2,23,95,0,511,5.521173,classic_shard_3000_4000_per_fault.csv
3032,13577,3,False,2,20,89,0,526,5.019348,classic_shard_3000_4000_per_fault.csv
3033,13586,4,True,1,0,56,0,397,2.651577,classic_shard_3000_4000_per_fault.csv
3034,13591,4,False,2,14,94,0,279,5.027106,classic_shard_3000_4000_per_fault.csv
3035,13592,4,True,1,0,28,0,232,1.303317,classic_shard_3000_4000_per_fault.csv
3036,13606,3,True,1,0,42,0,335,1.957206,classic_shard_3000_4000_per_fault.csv
3037,13607,4,True,1,0,39,0,314,1.853354,classic_shard_3000_4000_per_fault.csv
3038,13609,3,False,2,19,89,0,460,5.029149,classic_shard_3000_4000_per_fault.csv
3039,13610,4,False,2,18,90,0,557,5.113293,classic_shard_3000_4000_per_fault.csv
3040,13612,3,False,2,18,90,0,590,5.168809,classic_shard_3000_4000_per_fault.csv
3041,13617,3,True,1,0,28,0,247,1.333946,classic_shard_3000_4000_per_fault.csv
3042,13617,4,False,2,9,98,0,339,5.05995,classic_shard_3000_4000_per_fault.csv
3043,13619,4,True,1,0,25,0,226,1.187657,classic_shard_3000_4000_per_fault.csv
3044,13621,4,False,2,21,85,0,338,5.059931,classic_shard_3000_4000_per_fault.csv
3045,13623,4,False,2,8,96,0,362,5.015201,classic_shard_3000_4000_per_fault.csv
3046,13624,4,False,2,20,81,0,372,5.017907,classic_shard_3000_4000_per_fault.csv
3047,13625,3,False,2,26,79,0,304,5.091681,classic_shard_3000_4000_per_fault.csv
3048,13626,4,True,1,1,42,0,310,2.066753,classic_shard_3000_4000_per_fault.csv
3049,13627,4,False,2,4,100,0,371,5.031232,classic_shard_3000_4000_per_fault.csv
3050,13629,3,True,1,0,26,0,233,1.222141,classic_shard_3000_4000_per_fault.csv
3051,13629,4,True,1,0,39,0,275,1.843228,classic_shard_3000_4000_per_fault.csv
3052,13633,4,True,1,0,77,0,729,3.692779,classic_shard_3000_4000_per_fault.csv
3053,13634,4,True,1,0,78,0,734,3.773121,classic_shard_3000_4000_per_fault.csv
3054,13635,3,True,1,0,23,0,218,1.108955,classic_shard_3000_4000_per_fault.csv
3055,13636,3,True,1,0,25,0,262,1.233784,classic_shard_3000_4000_per_fault.csv
3056,13637,4,True,1,0,78,0,734,3.718315,classic_shard_3000_4000_per_fault.csv
3057,13639,3,True,1,0,31,0,286,1.030277,classic_shard_3000_4000_per_fault.csv
3058,13640,3,True,1,0,69,0,530,1.985357,classic_shard_3000_4000_per_fault.csv
3059,13641,4,True,1,0,63,0,538,3.092221,classic_shard_3000_4000_per_fault.csv
3060,13649,4,True,1,0,26,0,257,1.254513,classic_shard_3000_4000_per_fault.csv
3061,13652,3,True,1,0,22,0,217,0.88391,classic_shard_3000_4000_per_fault.csv
3062,13652,4,True,1,0,22,0,170,0.520039,classic_shard_3000_4000_per_fault.csv
3063,13656,3,True,1,0,34,0,364,1.373989,classic_shard_3000_4000_per_fault.csv
3064,13657,3,True,1,0,48,0,492,1.619547,classic_shard_3000_4000_per_fault.csv
3065,13662,4,True,1,0,12,0,60,0.591444,classic_shard_3000_4000_per_fault.csv
3066,13663,3,True,1,0,11,0,36,0.527674,classic_shard_3000_4000_per_fault.csv
3067,13663,4,True,1,0,12,0,59,0.581982,classic_shard_3000_4000_per_fault.csv
3068,13672,3,True,1,0,6,0,12,0.298433,classic_shard_3000_4000_per_fault.csv
3069,13673,4,True,1,0,11,0,76,0.526661,classic_shard_3000_4000_per_fault.csv
3070,13676,4,True,1,0,11,0,76,0.527539,classic_shard_3000_4000_per_fault.csv
3071,13679,3,True,1,0,6,0,12,0.296881,classic_shard_3000_4000_per_fault.csv
3072,13679,4,True,1,0,11,0,76,0.5345,classic_shard_3000_4000_per_fault.csv
3073,13680,3,True,1,0,18,0,105,0.877748,classic_shard_3000_4000_per_fault.csv
3074,13680,4,True,1,0,19,0,111,0.901451,classic_shard_3000_4000_per_fault.csv
3075,13681,4,True,1,0,21,0,118,0.998273,classic_shard_3000_4000_per_fault.csv
3076,13682,4,True,1,0,22,0,138,1.054339,classic_shard_3000_4000_per_fault.csv
3077,13683,4,True,1,0,20,0,109,0.68886,classic_shard_3000_4000_per_fault.csv
3078,13685,4,True,1,0,24,0,143,1.165457,classic_shard_3000_4000_per_fault.csv
3079,13686,3,True,1,0,34,0,231,1.637821,classic_shard_3000_4000_per_fault.csv
3080,13690,3,True,1,0,19,0,115,0.904874,classic_shard_3000_4000_per_fault.csv
3081,13691,4,True,1,0,20,0,121,0.966655,classic_shard_3000_4000_per_fault.csv
3082,13692,4,True,1,0,22,0,126,1.068958,classic_shard_3000_4000_per_fault.csv
3083,13693,3,True,1,0,34,0,230,1.63655,classic_shard_3000_4000_per_fault.csv
3084,13696,4,True,1,0,25,0,154,1.197666,classic_shard_3000_4000_per_fault.csv
3085,13700,4,True,1,0,19,0,127,0.923478,classic_shard_3000_4000_per_fault.csv
3086,13701,4,True,1,0,19,0,132,0.90483,classic_shard_3000_4000_per_fault.csv
3087,13703,3,True,1,0,13,0,68,0.643646,classic_shard_3000_4000_per_fault.csv
3088,13709,3,True,1,0,48,0,333,2.275761,classic_shard_3000_4000_per_fault.csv
3089,13710,3,True,1,0,31,0,304,1.484018,classic_shard_3000_4000_per_fault.csv
3090,13716,3,True,1,0,63,0,420,3.056008,classic_shard_3000_4000_per_fault.csv
3091,13716,4,True,1,0,63,0,421,3.027179,classic_shard_3000_4000_per_fault.csv
3092,13722,3,True,1,0,18,0,119,0.865082,classic_shard_3000_4000_per_fault.csv
3093,13725,3,True,1,0,22,0,169,1.023288,classic_shard_3000_4000_per_fault.csv
3094,13725,4,True,1,0,22,0,170,1.050609,classic_shard_3000_4000_per_fault.csv
3095,13729,3,True,1,0,31,0,288,1.495981,classic_shard_3000_4000_per_fault.csv
3096,13735,4,True,1,0,33,0,216,1.603569,classic_shard_3000_4000_per_fault.csv
3097,13750,4,True,1,0,38,0,300,1.892731,classic_shard_3000_4000_per_fault.csv
3098,13753,3,True,1,0,23,0,166,0.981688,classic_shard_3000_4000_per_fault.csv
3099,13761,3,True,1,0,25,0,264,0.783094,classic_shard_3000_4000_per_fault.csv
3100,13765,4,True,1,0,8,0,27,0.245447,classic_shard_3000_4000_per_fault.csv
3101,13766,3,True,1,0,17,0,107,0.682009,classic_shard_3000_4000_per_fault.csv
3102,13766,4,True,1,41,100,0,595,4.622449,classic_shard_3000_4000_per_fault.csv
3103,13790,4,True,1,4,36,0,354,0.942227,classic_shard_3000_4000_per_fault.csv
3104,13791,3,True,1,0,28,0,298,0.655249,classic_shard_3000_4000_per_fault.csv
3105,13792,3,True,1,0,27,0,278,0.632509,classic_shard_3000_4000_per_fault.csv
3106,13799,4,False,2,69,147,0,727,5.011965,classic_shard_3000_4000_per_fault.csv
3107,13801,4,False,2,69,147,0,745,5.042795,classic_shard_3000_4000_per_fault.csv
3108,13804,3,True,1,0,46,0,1000,1.075616,classic_shard_3000_4000_per_fault.csv
3109,13807,3,True,1,0,43,0,838,1.992035,classic_shard_3000_4000_per_fault.csv
3110,13808,3,True,1,0,42,0,788,1.984147,classic_shard_3000_4000_per_fault.csv
3111,13810,3,True,1,0,40,0,694,1.778155,classic_shard_3000_4000_per_fault.csv
3112,13812,4,False,2,57,164,0,482,5.056238,classic_shard_3000_4000_per_fault.csv
3113,13814,4,False,2,31,115,0,407,5.035628,classic_shard_3000_4000_per_fault.csv
3114,13815,4,True,1,0,37,0,622,1.729102,classic_shard_3000_4000_per_fault.csv
3115,13816,4,True,1,0,36,0,580,1.689052,classic_shard_3000_4000_per_fault.csv
3116,13818,3,True,1,0,35,0,494,1.396029,classic_shard_3000_4000_per_fault.csv
3117,13818,4,True,1,0,34,0,502,0.818504,classic_shard_3000_4000_per_fault.csv
3118,13819,3,True,1,0,34,0,460,0.801536,classic_shard_3000_4000_per_fault.csv
3119,13820,4,True,1,0,32,0,432,1.122172,classic_shard_3000_4000_per_fault.csv
3120,13825,3,True,1,0,20,0,139,0.484347,classic_shard_3000_4000_per_fault.csv
3121,13825,4,True,1,0,18,0,181,0.424226,classic_shard_3000_4000_per_fault.csv
3122,13828,3,True,1,11,75,0,388,1.988329,classic_shard_3000_4000_per_fault.csv
3123,13828,4,False,2,67,170,0,434,5.514833,classic_shard_3000_4000_per_fault.csv
3124,13830,4,True,1,0,41,0,333,0.965053,classic_shard_3000_4000_per_fault.csv
3125,13834,4,False,2,60,157,0,452,5.020003,classic_shard_3000_4000_per_fault.csv
3126,13835,4,True,1,6,57,0,328,1.471059,classic_shard_3000_4000_per_fault.csv
3127,13837,4,True,1,0,28,0,249,0.656431,classic_shard_3000_4000_per_fault.csv
3128,13838,3,False,2,34,184,0,649,5.009416,classic_shard_3000_4000_per_fault.csv
3129,13838,4,False,2,59,158,0,435,5.002604,classic_shard_3000_4000_per_fault.csv
3130,13841,4,True,1,0,19,0,139,0.443305,classic_shard_3000_4000_per_fault.csv
3131,13842,4,False,2,57,164,0,434,5.017989,classic_shard_3000_4000_per_fault.csv
3132,13846,3,True,1,0,17,0,161,0.397448,classic_shard_3000_4000_per_fault.csv
3133,13850,3,False,2,47,170,0,1310,5.009462,classic_shard_3000_4000_per_fault.csv
3134,13850,4,False,2,66,150,0,732,5.020446,classic_shard_3000_4000_per_fault.csv
3135,13852,3,False,2,57,160,0,1008,5.012418,classic_shard_3000_4000_per_fault.csv
3136,13859,4,False,2,50,171,0,1337,5.086711,classic_shard_3000_4000_per_fault.csv
3137,13867,4,True,1,0,20,0,119,0.471337,classic_shard_3000_4000_per_fault.csv
3138,13872,4,True,1,0,24,0,255,0.56244,classic_shard_3000_4000_per_fault.csv
3139,13875,3,True,1,0,37,0,375,0.85934,classic_shard_3000_4000_per_fault.csv
3140,13875,4,True,1,0,37,0,376,0.859154,classic_shard_3000_4000_per_fault.csv
3141,13878,3,True,1,0,9,0,34,0.212085,classic_shard_3000_4000_per_fault.csv
3142,13879,4,True,1,0,10,0,44,0.235905,classic_shard_3000_4000_per_fault.csv
3143,13881,3,True,1,0,14,0,115,0.330304,classic_shard_3000_4000_per_fault.csv
3144,13881,4,True,1,26,68,0,297,2.198721,classic_shard_3000_4000_per_fault.csv
3145,13889,3,True,1,0,28,0,303,0.650039,classic_shard_3000_4000_per_fault.csv
3146,13899,4,False,2,55,162,0,719,5.002694,classic_shard_3000_4000_per_fault.csv
3147,13901,4,False,2,50,169,0,594,5.003795,classic_shard_3000_4000_per_fault.csv
3148,13904,4,False,2,54,166,0,527,5.008491,classic_shard_3000_4000_per_fault.csv
3149,13905,3,False,2,42,180,0,1404,5.003459,classic_shard_3000_4000_per_fault.csv
3150,13906,4,False,2,51,169,0,574,5.00388,classic_shard_3000_4000_per_fault.csv
3151,13907,3,False,2,54,168,0,545,5.006195,classic_shard_3000_4000_per_fault.csv
3152,13908,4,False,2,54,168,0,523,5.01954,classic_shard_3000_4000_per_fault.csv
3153,13916,3,False,2,56,166,0,1388,5.029061,classic_shard_3000_4000_per_fault.csv
3154,13921,3,True,1,0,23,0,208,0.543068,classic_shard_3000_4000_per_fault.csv
3155,13923,3,True,1,0,21,0,164,0.496279,classic_shard_3000_4000_per_fault.csv
3156,13923,4,False,2,58,163,0,1128,5.012805,classic_shard_3000_4000_per_fault.csv
3157,13924,3,False,2,66,158,0,885,5.176736,classic_shard_3000_4000_per_fault.csv
3158,13924,4,True,1,0,31,0,371,0.721254,classic_shard_3000_4000_per_fault.csv
3159,13925,3,False,2,66,158,0,885,5.161322,classic_shard_3000_4000_per_fault.csv
3160,13928,3,True,1,0,29,0,320,0.674239,classic_shard_3000_4000_per_fault.csv
3161,13934,4,True,1,0,9,0,47,0.211744,classic_shard_3000_4000_per_fault.csv
3162,13935,4,True,1,0,21,0,189,0.49228,classic_shard_3000_4000_per_fault.csv
3163,13936,4,False,2,60,156,0,865,5.043237,classic_shard_3000_4000_per_fault.csv
3164,13939,4,True,1,46,118,0,627,3.79422,classic_shard_3000_4000_per_fault.csv
3165,13943,3,True,1,0,13,0,108,0.305184,classic_shard_3000_4000_per_fault.csv
3166,13943,4,True,1,0,8,0,32,0.188728,classic_shard_3000_4000_per_fault.csv
3167,13944,3,True,1,0,12,0,67,0.283136,classic_shard_3000_4000_per_fault.csv
3168,13945,3,True,1,0,7,0,26,0.164867,classic_shard_3000_4000_per_fault.csv
3169,13946,3,False,2,43,180,0,1269,5.040075,classic_shard_3000_4000_per_fault.csv
3170,13949,3,True,1,0,24,0,216,0.561353,classic_shard_3000_4000_per_fault.csv
3171,13952,3,True,1,0,27,0,230,0.631226,classic_shard_3000_4000_per_fault.csv
3172,13952,4,False,2,48,180,0,504,5.172567,classic_shard_3000_4000_per_fault.csv
3173,13956,4,True,1,0,27,0,244,0.630594,classic_shard_3000_4000_per_fault.csv
3174,13957,3,True,1,0,28,0,262,0.649022,classic_shard_3000_4000_per_fault.csv
3175,13959,3,True,1,0,28,0,234,0.649264,classic_shard_3000_4000_per_fault.csv
3176,13960,3,True,1,0,28,0,239,0.649429,classic_shard_3000_4000_per_fault.csv
3177,13964,4,True,1,0,42,0,290,0.988157,classic_shard_3000_4000_per_fault.csv
3178,13966,4,False,2,52,168,0,290,5.022223,classic_shard_3000_4000_per_fault.csv
3179,13968,3,True,1,0,26,0,216,0.601132,classic_shard_3000_4000_per_fault.csv
3180,13968,4,False,2,63,153,0,577,5.049251,classic_shard_3000_4000_per_fault.csv
3181,13969,4,False,2,62,156,0,489,5.021767,classic_shard_3000_4000_per_fault.csv
3182,13973,4,False,2,60,169,0,494,5.24986,classic_shard_3000_4000_per_fault.csv
3183,13978,3,True,1,0,26,0,235,0.601725,classic_shard_3000_4000_per_fault.csv
3184,13983,4,True,1,0,28,0,257,0.652615,classic_shard_3000_4000_per_fault.csv
3185,13985,4,True,1,0,26,0,244,0.606858,classic_shard_3000_4000_per_fault.csv
3186,13986,3,True,1,0,26,0,253,0.608796,classic_shard_3000_4000_per_fault.csv
3187,13988,3,False,2,61,155,0,592,5.00734,classic_shard_3000_4000_per_fault.csv
3188,13992,3,True,1,0,25,0,217,0.580941,classic_shard_3000_4000_per_fault.csv
3189,13992,4,True,1,0,25,0,218,0.578783,classic_shard_3000_4000_per_fault.csv
3190,13993,4,True,1,0,39,0,335,0.918691,classic_shard_3000_4000_per_fault.csv
3191,13996,4,True,1,0,49,0,329,1.153858,classic_shard_3000_4000_per_fault.csv
3192,13998,3,True,1,0,20,0,164,0.46529,classic_shard_3000_4000_per_fault.csv
3193,13999,4,True,1,0,78,0,808,1.836444,classic_shard_3000_4000_per_fault.csv
3194,14004,3,True,1,0,57,0,546,1.335743,classic_shard_3000_4000_per_fault.csv
3195,14005,3,True,1,0,13,0,75,0.303721,classic_shard_3000_4000_per_fault.csv
3196,14005,4,True,1,0,40,0,292,0.938109,classic_shard_3000_4000_per_fault.csv
3197,14007,4,True,1,0,11,0,39,0.260251,classic_shard_3000_4000_per_fault.csv
3198,14008,3,True,1,0,12,0,53,0.282359,classic_shard_3000_4000_per_fault.csv
3199,14009,4,True,1,0,11,0,37,0.260434,classic_shard_3000_4000_per_fault.csv
3200,14010,4,True,1,0,10,0,34,0.246739,classic_shard_3000_4000_per_fault.csv
3201,14013,4,True,1,0,11,0,37,0.2614,classic_shard_3000_4000_per_fault.csv
3202,14017,3,True,1,0,11,0,64,0.260713,classic_shard_3000_4000_per_fault.csv
3203,14017,4,True,1,0,11,0,37,0.261206,classic_shard_3000_4000_per_fault.csv
3204,14018,4,True,1,0,10,0,34,0.235657,classic_shard_3000_4000_per_fault.csv
3205,14022,4,True,1,0,11,0,56,0.260892,classic_shard_3000_4000_per_fault.csv
3206,14025,3,True,1,0,11,0,37,0.259969,classic_shard_3000_4000_per_fault.csv
3207,14027,4,True,1,0,12,0,62,0.282624,classic_shard_3000_4000_per_fault.csv
3208,14028,4,True,1,0,12,0,64,0.283689,classic_shard_3000_4000_per_fault.csv
3209,14033,3,True,1,0,22,0,153,0.513376,classic_shard_3000_4000_per_fault.csv
3210,14034,3,True,1,0,16,0,112,0.375438,classic_shard_3000_4000_per_fault.csv
3211,14036,4,True,1,0,21,0,107,0.491959,classic_shard_3000_4000_per_fault.csv
3212,14038,3,True,1,0,21,0,106,0.491639,classic_shard_3000_4000_per_fault.csv
3213,14039,3,True,1,0,21,0,153,0.491605,classic_shard_3000_4000_per_fault.csv
3214,14041,4,True,1,0,18,0,129,0.42273,classic_shard_3000_4000_per_fault.csv
3215,14042,3,True,1,0,21,0,126,0.48979,classic_shard_3000_4000_per_fault.csv
3216,14044,4,True,1,0,33,0,259,0.780025,classic_shard_3000_4000_per_fault.csv
3217,14048,4,True,1,0,22,0,129,0.513479,classic_shard_3000_4000_per_fault.csv
3218,14050,3,True,1,0,19,0,114,0.445187,classic_shard_3000_4000_per_fault.csv
3219,14050,4,True,1,0,19,0,147,0.446155,classic_shard_3000_4000_per_fault.csv
3220,14055,3,True,1,0,26,0,271,0.605429,classic_shard_3000_4000_per_fault.csv
3221,14056,4,True,1,0,26,0,257,0.599749,classic_shard_3000_4000_per_fault.csv
3222,14077,4,True,1,0,13,0,84,0.303619,classic_shard_3000_4000_per_fault.csv
3223,14080,3,True,1,0,31,0,286,0.724891,classic_shard_3000_4000_per_fault.csv
3224,14080,4,True,1,0,33,0,244,0.773746,classic_shard_3000_4000_per_fault.csv
3225,14083,3,True,1,0,31,0,286,0.725397,classic_shard_3000_4000_per_fault.csv
3226,14083,4,True,1,0,78,0,734,1.85808,classic_shard_3000_4000_per_fault.csv
3227,14086,3,True,1,0,31,0,318,0.728195,classic_shard_3000_4000_per_fault.csv
3228,14089,3,True,1,0,31,0,334,0.727038,classic_shard_3000_4000_per_fault.csv
3229,14089,4,True,1,0,33,0,268,0.773818,classic_shard_3000_4000_per_fault.csv
3230,14098,3,True,1,0,31,0,318,0.731169,classic_shard_3000_4000_per_fault.csv
3231,14098,4,True,1,0,23,0,180,0.534282,classic_shard_3000_4000_per_fault.csv
3232,14107,4,True,1,0,78,0,575,1.832364,classic_shard_3000_4000_per_fault.csv
3233,14111,3,True,1,0,15,0,132,0.356556,classic_shard_3000_4000_per_fault.csv
3234,14120,4,True,1,6,38,0,342,1.027103,classic_shard_3000_4000_per_fault.csv
3235,14122,4,True,1,6,38,0,341,1.025578,classic_shard_3000_4000_per_fault.csv
3236,14144,3,True,1,0,20,0,104,0.469207,classic_shard_3000_4000_per_fault.csv
3237,14145,3,False,2,38,182,0,684,5.006008,classic_shard_3000_4000_per_fault.csv
3238,14145,4,False,2,34,185,0,672,5.017297,classic_shard_3000_4000_per_fault.csv
3239,14146,3,True,1,0,23,0,207,0.541061,classic_shard_3000_4000_per_fault.csv
3240,14147,3,True,1,0,34,0,306,0.79356,classic_shard_3000_4000_per_fault.csv
3241,14149,4,True,1,0,34,0,312,0.794628,classic_shard_3000_4000_per_fault.csv
3242,14151,3,True,1,0,23,0,107,0.537612,classic_shard_3000_4000_per_fault.csv
3243,14154,4,True,1,0,17,0,175,0.397537,classic_shard_3000_4000_per_fault.csv
3244,14155,4,True,1,0,18,0,174,0.421277,classic_shard_3000_4000_per_fault.csv
3245,14156,4,True,1,0,19,0,180,0.444473,classic_shard_3000_4000_per_fault.csv
3246,14165,4,False,2,64,152,0,670,5.000636,classic_shard_3000_4000_per_fault.csv
3247,14171,3,True,1,0,26,0,274,0.61037,classic_shard_3000_4000_per_fault.csv
3248,14179,3,True,1,64,145,0,335,4.893479,classic_shard_3000_4000_per_fault.csv
3249,14181,4,True,1,28,68,0,228,2.263564,classic_shard_3000_4000_per_fault.csv
3250,14182,3,True,1,21,61,0,410,1.933607,classic_shard_3000_4000_per_fault.csv
3251,14191,3,True,1,25,94,0,478,2.763182,classic_shard_3000_4000_per_fault.csv
3252,14196,3,True,1,0,21,0,175,0.491806,classic_shard_3000_4000_per_fault.csv
3253,14201,3,True,1,0,33,0,287,1.110561,classic_shard_3000_4000_per_fault.csv
3254,14204,4,True,1,0,30,0,361,0.709302,classic_shard_3000_4000_per_fault.csv
3255,14207,3,False,2,14,101,0,387,5.036611,classic_shard_3000_4000_per_fault.csv
3256,14212,4,False,2,14,101,0,370,5.015748,classic_shard_3000_4000_per_fault.csv
3257,14213,3,False,2,28,87,0,323,5.255242,classic_shard_3000_4000_per_fault.csv
3258,14215,3,False,2,30,77,0,382,5.048013,classic_shard_3000_4000_per_fault.csv
3259,14219,4,False,2,7,99,0,381,5.026953,classic_shard_3000_4000_per_fault.csv
3260,14220,3,True,1,0,23,0,200,1.076949,classic_shard_3000_4000_per_fault.csv
3261,14227,3,True,1,0,21,0,162,0.986622,classic_shard_3000_4000_per_fault.csv
3262,14228,3,False,2,16,90,0,402,5.022682,classic_shard_3000_4000_per_fault.csv
3263,14228,4,False,2,29,79,0,240,5.040744,classic_shard_3000_4000_per_fault.csv
3264,14231,4,False,2,36,98,0,267,6.085344,classic_shard_3000_4000_per_fault.csv
3265,14232,3,False,2,37,100,0,264,6.231236,classic_shard_3000_4000_per_fault.csv
3266,14233,4,True,1,2,27,0,160,1.350418,classic_shard_3000_4000_per_fault.csv
3267,14236,4,True,1,0,8,0,44,0.372644,classic_shard_3000_4000_per_fault.csv
3268,14237,3,False,2,24,86,0,360,5.057545,classic_shard_3000_4000_per_fault.csv
3269,14238,4,False,2,24,84,0,585,5.016396,classic_shard_3000_4000_per_fault.csv
3270,14244,3,False,2,3,106,0,407,5.027205,classic_shard_3000_4000_per_fault.csv
3271,14249,3,False,2,2,106,0,557,5.023968,classic_shard_3000_4000_per_fault.csv
3272,14251,4,True,1,0,29,0,264,1.348231,classic_shard_3000_4000_per_fault.csv
3273,14254,4,True,1,0,29,0,249,1.339931,classic_shard_3000_4000_per_fault.csv
3274,14258,4,True,1,0,27,0,238,1.237675,classic_shard_3000_4000_per_fault.csv
3275,14259,4,False,2,0,109,0,475,5.042291,classic_shard_3000_4000_per_fault.csv
3276,14260,4,True,1,0,25,0,189,1.18942,classic_shard_3000_4000_per_fault.csv
3277,14261,3,False,2,20,92,0,461,5.069333,classic_shard_3000_4000_per_fault.csv
3278,14263,3,False,2,20,88,0,495,5.039221,classic_shard_3000_4000_per_fault.csv
3279,14267,3,True,1,0,28,0,224,1.309386,classic_shard_3000_4000_per_fault.csv
3280,14270,3,False,2,15,93,0,668,5.032913,classic_shard_3000_4000_per_fault.csv
3281,14273,3,False,2,18,90,0,591,5.056339,classic_shard_3000_4000_per_fault.csv
3282,14276,3,False,2,32,130,0,296,5.055056,classic_shard_3000_4000_per_fault.csv
3283,14277,4,False,2,61,154,0,676,5.015081,classic_shard_3000_4000_per_fault.csv
3284,14278,3,True,1,0,28,0,260,0.654042,classic_shard_3000_4000_per_fault.csv
3285,14280,4,True,1,0,45,0,378,1.054192,classic_shard_3000_4000_per_fault.csv
3286,14281,3,True,1,0,25,0,220,0.585029,classic_shard_3000_4000_per_fault.csv
3287,14283,3,True,1,0,32,0,330,0.768866,classic_shard_3000_4000_per_fault.csv
3288,14283,4,True,1,0,32,0,263,0.763968,classic_shard_3000_4000_per_fault.csv
3289,14284,4,True,1,0,33,0,268,0.784267,classic_shard_3000_4000_per_fault.csv
3290,14285,3,True,1,0,24,0,244,0.564124,classic_shard_3000_4000_per_fault.csv
3291,14292,3,True,1,0,32,0,330,0.763994,classic_shard_3000_4000_per_fault.csv
3292,14294,3,True,1,0,24,0,244,0.562703,classic_shard_3000_4000_per_fault.csv
3293,14295,3,True,1,0,26,0,257,0.609948,classic_shard_3000_4000_per_fault.csv
3294,14296,4,True,1,0,18,0,154,0.421839,classic_shard_3000_4000_per_fault.csv
3295,14297,4,True,1,0,18,0,154,0.422403,classic_shard_3000_4000_per_fault.csv
3296,14298,3,True,1,0,31,0,302,0.731041,classic_shard_3000_4000_per_fault.csv
3297,14299,3,True,1,0,26,0,271,0.610013,classic_shard_3000_4000_per_fault.csv
3298,14301,3,True,1,0,20,0,175,0.471975,classic_shard_3000_4000_per_fault.csv
3299,14303,4,True,1,0,13,0,84,0.306373,classic_shard_3000_4000_per_fault.csv
3300,14304,4,True,1,0,13,0,84,0.310685,classic_shard_3000_4000_per_fault.csv
3301,14305,3,True,1,0,25,0,262,0.586946,classic_shard_3000_4000_per_fault.csv
3302,14306,4,True,1,0,13,0,84,0.306375,classic_shard_3000_4000_per_fault.csv
3303,14308,3,True,1,0,31,0,302,0.740772,classic_shard_3000_4000_per_fault.csv
3304,14314,3,True,1,0,6,0,12,0.146604,classic_shard_3000_4000_per_fault.csv
3305,14317,3,True,1,0,6,0,12,0.144667,classic_shard_3000_4000_per_fault.csv
3306,14318,4,True,1,0,11,0,73,0.263789,classic_shard_3000_4000_per_fault.csv
3307,14320,4,False,0,13,27,0,90,0.949506,classic_shard_3000_4000_per_fault.csv
3308,14325,4,True,1,0,11,0,72,0.262156,classic_shard_3000_4000_per_fault.csv
3309,14326,3,True,1,0,6,0,12,0.14413,classic_shard_3000_4000_per_fault.csv
3310,14327,3,True,1,0,6,0,12,0.144633,classic_shard_3000_4000_per_fault.csv
3311,14328,4,True,1,0,11,0,72,0.261996,classic_shard_3000_4000_per_fault.csv
3312,14331,3,True,1,0,8,0,25,0.191534,classic_shard_3000_4000_per_fault.csv
3313,14335,4,True,1,0,11,0,73,0.262396,classic_shard_3000_4000_per_fault.csv
3314,14339,4,True,1,0,11,0,73,0.266151,classic_shard_3000_4000_per_fault.csv
3315,14340,4,False,0,13,27,0,92,0.973914,classic_shard_3000_4000_per_fault.csv
3316,14341,4,True,1,0,12,0,60,0.285452,classic_shard_3000_4000_per_fault.csv
3317,14351,3,True,1,0,8,0,26,0.195274,classic_shard_3000_4000_per_fault.csv
3318,14352,3,True,1,0,6,0,12,0.14521,classic_shard_3000_4000_per_fault.csv
3319,14354,3,True,1,0,6,0,12,0.147659,classic_shard_3000_4000_per_fault.csv
3320,14355,3,True,1,0,6,0,12,0.144555,classic_shard_3000_4000_per_fault.csv
3321,14355,4,True,1,0,11,0,74,0.262015,classic_shard_3000_4000_per_fault.csv
3322,14356,3,True,1,0,6,0,12,0.145707,classic_shard_3000_4000_per_fault.csv
3323,14356,4,True,1,0,11,0,74,0.264261,classic_shard_3000_4000_per_fault.csv
3324,14358,3,True,1,0,6,0,12,0.148373,classic_shard_3000_4000_per_fault.csv
3325,14359,3,True,1,0,6,0,12,0.144466,classic_shard_3000_4000_per_fault.csv
3326,14361,4,True,1,0,12,0,61,0.284597,classic_shard_3000_4000_per_fault.csv
3327,14362,3,True,1,0,6,0,12,0.144069,classic_shard_3000_4000_per_fault.csv
3328,14368,3,True,1,0,6,0,12,0.14362,classic_shard_3000_4000_per_fault.csv
3329,14368,4,True,1,0,11,0,74,0.262907,classic_shard_3000_4000_per_fault.csv
3330,14372,4,True,1,0,11,0,76,0.26141,classic_shard_3000_4000_per_fault.csv
3331,14374,4,True,1,0,11,0,76,0.262152,classic_shard_3000_4000_per_fault.csv
3332,14376,3,True,1,0,6,0,12,0.145247,classic_shard_3000_4000_per_fault.csv
3333,14377,3,True,1,0,6,0,12,0.144045,classic_shard_3000_4000_per_fault.csv
3334,14380,4,False,0,14,29,0,107,1.020314,classic_shard_3000_4000_per_fault.csv
3335,14382,3,True,1,0,6,0,12,0.145966,classic_shard_3000_4000_per_fault.csv
3336,14386,3,True,1,0,6,0,12,0.144017,classic_shard_3000_4000_per_fault.csv
3337,14389,4,True,1,0,11,0,75,0.262089,classic_shard_3000_4000_per_fault.csv
3338,14391,4,True,1,0,11,0,39,0.262314,classic_shard_3000_4000_per_fault.csv
3339,14392,4,True,1,0,10,0,51,0.238942,classic_shard_3000_4000_per_fault.csv
3340,14394,3,True,1,0,11,0,63,0.263211,classic_shard_3000_4000_per_fault.csv
3341,14397,4,True,1,0,11,0,38,0.261946,classic_shard_3000_4000_per_fault.csv
3342,14401,4,True,1,0,11,0,38,0.262603,classic_shard_3000_4000_per_fault.csv
3343,14406,4,True,1,0,10,0,33,0.238882,classic_shard_3000_4000_per_fault.csv
3344,14408,3,True,1,0,34,0,180,0.810188,classic_shard_3000_4000_per_fault.csv
3345,14408,4,True,1,0,18,0,100,0.426816,classic_shard_3000_4000_per_fault.csv
3346,14411,3,True,1,0,50,0,232,1.192302,classic_shard_3000_4000_per_fault.csv
3347,14413,4,True,1,0,36,0,191,0.855632,classic_shard_3000_4000_per_fault.csv
3348,14414,4,True,1,0,21,0,165,0.496642,classic_shard_3000_4000_per_fault.csv
3349,14415,3,True,1,0,21,0,124,0.49693,classic_shard_3000_4000_per_fault.csv
3350,14415,4,True,1,0,24,0,190,0.56481,classic_shard_3000_4000_per_fault.csv
3351,14417,4,True,1,0,25,0,195,0.587278,classic_shard_3000_4000_per_fault.csv
3352,14419,4,True,1,0,20,0,151,0.471544,classic_shard_3000_4000_per_fault.csv
3353,14421,4,True,1,0,19,0,162,0.449088,classic_shard_3000_4000_per_fault.csv
3354,14422,4,True,1,0,21,0,166,0.492206,classic_shard_3000_4000_per_fault.csv
3355,14430,4,True,1,0,18,0,115,0.4219,classic_shard_3000_4000_per_fault.csv
3356,14431,4,True,1,0,63,0,538,1.49393,classic_shard_3000_4000_per_fault.csv
3357,14434,4,True,1,0,63,0,421,1.486977,classic_shard_3000_4000_per_fault.csv
3358,14447,4,True,1,0,48,0,373,1.132241,classic_shard_3000_4000_per_fault.csv
3359,14451,4,True,1,0,13,0,76,0.306282,classic_shard_3000_4000_per_fault.csv
3360,14454,4,True,1,0,33,0,216,0.777175,classic_shard_3000_4000_per_fault.csv
3361,14457,3,True,1,0,78,0,660,1.835252,classic_shard_3000_4000_per_fault.csv
3362,14460,4,True,1,0,41,0,351,0.961804,classic_shard_3000_4000_per_fault.csv
3363,14466,3,True,1,0,26,0,229,0.605098,classic_shard_3000_4000_per_fault.csv
3364,14470,3,True,1,0,38,0,299,0.896438,classic_shard_3000_4000_per_fault.csv
3365,14482,3,True,1,0,25,0,275,0.590303,classic_shard_3000_4000_per_fault.csv
3366,14487,3,True,1,26,78,0,451,2.488539,classic_shard_3000_4000_per_fault.csv
3367,14488,3,True,1,0,15,0,141,0.360751,classic_shard_3000_4000_per_fault.csv
3368,14508,3,True,1,4,38,0,390,1.004665,classic_shard_3000_4000_per_fault.csv
3369,14511,3,True,1,4,36,0,353,0.947937,classic_shard_3000_4000_per_fault.csv
3370,14515,3,False,2,68,165,0,298,5.406983,classic_shard_3000_4000_per_fault.csv
3371,14517,3,True,1,0,33,0,225,0.777906,classic_shard_3000_4000_per_fault.csv
3372,14518,3,True,1,3,40,0,299,1.015349,classic_shard_3000_4000_per_fault.csv
3373,14520,3,False,2,64,149,0,678,5.021805,classic_shard_3000_4000_per_fault.csv
3374,14521,3,True,1,0,32,0,238,0.750631,classic_shard_3000_4000_per_fault.csv
3375,14521,4,True,1,0,20,0,105,0.470261,classic_shard_3000_4000_per_fault.csv
3376,14522,3,True,1,0,19,0,110,0.444498,classic_shard_3000_4000_per_fault.csv
3377,14524,3,False,2,34,184,0,681,5.01538,classic_shard_3000_4000_per_fault.csv
3378,14526,4,True,1,0,70,0,658,1.652423,classic_shard_3000_4000_per_fault.csv
3379,14527,4,True,1,0,66,0,644,1.554113,classic_shard_3000_4000_per_fault.csv
3380,14530,3,False,2,55,166,0,593,5.01717,classic_shard_3000_4000_per_fault.csv
3381,14530,4,True,1,17,56,0,326,1.708101,classic_shard_3000_4000_per_fault.csv
3382,14531,4,True,1,0,65,0,642,1.531236,classic_shard_3000_4000_per_fault.csv
3383,14534,4,False,2,52,168,0,1387,5.008251,classic_shard_3000_4000_per_fault.csv
3384,14537,4,False,2,66,152,0,680,5.083449,classic_shard_3000_4000_per_fault.csv
3385,14538,4,False,2,45,173,0,1758,5.00886,classic_shard_3000_4000_per_fault.csv
3386,14541,4,True,1,0,29,0,302,0.674665,classic_shard_3000_4000_per_fault.csv
3387,14545,3,True,1,0,20,0,149,0.473146,classic_shard_3000_4000_per_fault.csv
3388,14545,4,True,1,0,13,0,86,0.309858,classic_shard_3000_4000_per_fault.csv
3389,14548,3,True,1,0,35,0,212,0.830382,classic_shard_3000_4000_per_fault.csv
3390,14549,4,True,1,0,22,0,166,0.518585,classic_shard_3000_4000_per_fault.csv
3391,14555,4,True,1,0,37,0,376,0.864797,classic_shard_3000_4000_per_fault.csv
3392,14560,3,True,1,30,71,0,170,2.380902,classic_shard_3000_4000_per_fault.csv
3393,14560,4,True,1,36,90,0,663,2.975891,classic_shard_3000_4000_per_fault.csv
3394,14567,3,False,2,61,157,0,1117,5.002245,classic_shard_3000_4000_per_fault.csv
3395,14569,3,True,1,25,93,0,471,2.744621,classic_shard_3000_4000_per_fault.csv
3396,14580,3,False,2,52,168,0,376,5.010927,classic_shard_3000_4000_per_fault.csv
3397,14584,3,False,2,48,172,0,452,5.013065,classic_shard_3000_4000_per_fault.csv
3398,14587,4,True,1,0,25,0,196,0.586811,classic_shard_3000_4000_per_fault.csv
3399,14589,4,False,2,41,135,0,1193,5.034584,classic_shard_3000_4000_per_fault.csv
3400,14592,4,True,1,0,27,0,333,1.273047,classic_shard_3000_4000_per_fault.csv
3401,14596,4,True,1,0,19,0,134,0.895743,classic_shard_3000_4000_per_fault.csv
3402,14597,4,False,2,38,121,0,382,5.062756,classic_shard_3000_4000_per_fault.csv
3403,14599,3,True,1,45,111,0,639,3.59801,classic_shard_3000_4000_per_fault.csv
3404,14605,3,True,1,0,8,0,48,0.189178,classic_shard_3000_4000_per_fault.csv
3405,14606,4,False,2,60,160,0,671,5.019531,classic_shard_3000_4000_per_fault.csv
3406,14607,4,True,1,11,48,0,401,1.365551,classic_shard_3000_4000_per_fault.csv
3407,14609,4,True,1,0,21,0,187,0.492599,classic_shard_3000_4000_per_fault.csv
3408,14614,3,True,1,0,39,0,380,0.91621,classic_shard_3000_4000_per_fault.csv
3409,14616,4,False,2,53,163,0,489,5.017532,classic_shard_3000_4000_per_fault.csv
3410,14617,3,True,1,0,40,0,403,0.933442,classic_shard_3000_4000_per_fault.csv
3411,14617,4,True,1,0,40,0,403,0.924967,classic_shard_3000_4000_per_fault.csv
3412,14618,3,True,1,0,31,0,303,0.719996,classic_shard_3000_4000_per_fault.csv
3413,14621,4,False,2,47,167,0,499,5.016651,classic_shard_3000_4000_per_fault.csv
3414,14622,3,False,2,66,151,0,508,5.022093,classic_shard_3000_4000_per_fault.csv
3415,14624,3,False,2,65,153,0,516,5.019368,classic_shard_3000_4000_per_fault.csv
3416,14628,3,False,2,32,93,0,175,5.025914,classic_shard_3000_4000_per_fault.csv
3417,14629,4,False,2,24,110,0,655,5.032383,classic_shard_3000_4000_per_fault.csv
3418,14630,4,True,1,0,53,0,552,1.993988,classic_shard_3000_4000_per_fault.csv
3419,14640,3,True,1,0,49,0,576,1.838182,classic_shard_3000_4000_per_fault.csv
3420,14645,4,False,2,29,120,0,389,5.01128,classic_shard_3000_4000_per_fault.csv
3421,14650,3,False,2,51,132,0,838,5.06689,classic_shard_3000_4000_per_fault.csv
3422,14653,3,False,2,23,123,0,833,5.034741,classic_shard_3000_4000_per_fault.csv
3423,14653,4,False,2,23,127,0,868,5.022025,classic_shard_3000_4000_per_fault.csv
3424,14654,4,False,2,47,172,0,2047,5.002466,classic_shard_3000_4000_per_fault.csv
3425,14656,3,False,2,47,172,0,1914,5.002335,classic_shard_3000_4000_per_fault.csv
3426,14658,3,False,2,46,170,0,1433,5.014969,classic_shard_3000_4000_per_fault.csv
3427,14660,4,False,2,48,171,0,1625,5.015126,classic_shard_3000_4000_per_fault.csv
3428,14667,4,False,2,48,169,0,1630,5.009273,classic_shard_3000_4000_per_fault.csv
3429,14668,3,False,2,50,166,0,1776,5.012443,classic_shard_3000_4000_per_fault.csv
3430,14671,3,False,2,51,162,0,1452,5.023658,classic_shard_3000_4000_per_fault.csv
3431,14674,3,False,2,54,163,0,1398,5.0554,classic_shard_3000_4000_per_fault.csv
3432,14676,3,False,2,58,160,0,1259,5.069041,classic_shard_3000_4000_per_fault.csv
3433,14677,3,False,2,49,168,0,1282,5.00947,classic_shard_3000_4000_per_fault.csv
3434,14677,4,False,2,49,168,0,1266,5.011059,classic_shard_3000_4000_per_fault.csv
3435,14678,3,False,2,57,157,0,1132,5.017665,classic_shard_3000_4000_per_fault.csv
3436,14689,3,True,1,0,27,0,253,0.639743,classic_shard_3000_4000_per_fault.csv
3437,14692,4,False,2,48,167,0,523,5.00175,classic_shard_3000_4000_per_fault.csv
3438,14695,4,True,1,0,28,0,254,0.652776,classic_shard_3000_4000_per_fault.csv
3439,14698,3,True,1,0,29,0,256,0.68382,classic_shard_3000_4000_per_fault.csv
3440,14699,3,False,2,56,162,0,708,5.103853,classic_shard_3000_4000_per_fault.csv
3441,14699,4,False,2,56,162,0,740,5.119284,classic_shard_3000_4000_per_fault.csv
3442,14701,4,True,1,0,28,0,255,0.660398,classic_shard_3000_4000_per_fault.csv
3443,14705,4,True,1,0,35,0,254,0.82497,classic_shard_3000_4000_per_fault.csv
3444,14706,4,False,2,52,166,0,252,5.019203,classic_shard_3000_4000_per_fault.csv
3445,14707,4,False,2,35,170,0,550,5.063038,classic_shard_3000_4000_per_fault.csv
3446,14708,3,False,2,53,162,0,726,5.006659,classic_shard_3000_4000_per_fault.csv
3447,14708,4,False,2,53,163,0,760,5.01656,classic_shard_3000_4000_per_fault.csv
3448,14709,4,True,1,0,27,0,208,0.625853,classic_shard_3000_4000_per_fault.csv
3449,14711,4,False,2,53,163,0,761,5.003603,classic_shard_3000_4000_per_fault.csv
3450,14716,4,True,1,0,31,0,273,0.719983,classic_shard_3000_4000_per_fault.csv
3451,14717,3,True,1,0,39,0,336,0.907904,classic_shard_3000_4000_per_fault.csv
3452,14718,4,False,2,53,167,0,361,5.007529,classic_shard_3000_4000_per_fault.csv
3453,14719,3,True,1,0,39,0,315,0.915367,classic_shard_3000_4000_per_fault.csv
3454,14719,4,False,2,61,154,0,684,5.004939,classic_shard_3000_4000_per_fault.csv
3455,14720,4,True,1,0,40,0,346,0.935691,classic_shard_3000_4000_per_fault.csv
3456,14721,4,False,2,53,138,0,991,5.021466,classic_shard_3000_4000_per_fault.csv
3457,14724,4,True,1,0,28,0,266,0.665373,classic_shard_3000_4000_per_fault.csv
3458,14725,4,True,1,0,26,0,255,0.619059,classic_shard_3000_4000_per_fault.csv
3459,14726,4,False,2,31,184,0,720,5.005772,classic_shard_3000_4000_per_fault.csv
3460,14734,4,True,1,0,18,0,168,0.421954,classic_shard_3000_4000_per_fault.csv
3461,14735,3,True,1,0,26,0,273,0.605544,classic_shard_3000_4000_per_fault.csv
3462,14735,4,True,1,0,18,0,168,0.421211,classic_shard_3000_4000_per_fault.csv
3463,14736,4,True,1,0,17,0,134,0.39929,classic_shard_3000_4000_per_fault.csv
3464,14737,3,True,1,0,17,0,144,0.400618,classic_shard_3000_4000_per_fault.csv
3465,14741,4,True,1,0,11,0,52,0.261427,classic_shard_3000_4000_per_fault.csv
3466,14743,4,True,1,0,11,0,83,0.262836,classic_shard_3000_4000_per_fault.csv
3467,14746,4,True,1,0,11,0,83,0.2606,classic_shard_3000_4000_per_fault.csv
3468,14751,4,True,1,0,11,0,45,0.261308,classic_shard_3000_4000_per_fault.csv
3469,14760,3,True,1,0,6,0,15,0.144413,classic_shard_3000_4000_per_fault.csv
3470,14761,4,True,1,0,11,0,47,0.259453,classic_shard_3000_4000_per_fault.csv
3471,14762,3,True,1,0,12,0,66,0.283907,classic_shard_3000_4000_per_fault.csv
3472,14764,3,True,1,0,6,0,15,0.145699,classic_shard_3000_4000_per_fault.csv
3473,14765,3,True,1,0,6,0,15,0.143308,classic_shard_3000_4000_per_fault.csv
3474,14767,3,True,1,0,6,0,15,0.143347,classic_shard_3000_4000_per_fault.csv
3475,14769,3,True,1,0,6,0,15,0.143966,classic_shard_3000_4000_per_fault.csv
3476,14775,3,True,1,0,6,0,15,0.144125,classic_shard_3000_4000_per_fault.csv
3477,14777,4,True,1,0,11,0,83,0.261253,classic_shard_3000_4000_per_fault.csv
3478,14782,4,True,1,0,8,0,29,0.191097,classic_shard_3000_4000_per_fault.csv
3479,14785,4,True,1,0,11,0,84,0.261089,classic_shard_3000_4000_per_fault.csv
3480,14788,3,True,1,0,6,0,15,0.143504,classic_shard_3000_4000_per_fault.csv
3481,14789,4,True,1,0,11,0,84,0.261933,classic_shard_3000_4000_per_fault.csv
3482,14790,4,True,1,0,11,0,84,0.261507,classic_shard_3000_4000_per_fault.csv
3483,14793,3,True,1,0,6,0,15,0.144272,classic_shard_3000_4000_per_fault.csv
3484,14793,4,True,1,0,11,0,84,0.262403,classic_shard_3000_4000_per_fault.csv
3485,14794,3,True,1,0,6,0,15,0.144069,classic_shard_3000_4000_per_fault.csv
3486,14798,3,True,1,0,6,0,15,0.145468,classic_shard_3000_4000_per_fault.csv
3487,14801,3,True,1,0,27,0,147,0.635717,classic_shard_3000_4000_per_fault.csv
3488,14804,3,True,1,0,6,0,15,0.144064,classic_shard_3000_4000_per_fault.csv
3489,14805,3,True,1,0,6,0,15,0.143816,classic_shard_3000_4000_per_fault.csv
3490,14806,4,True,1,0,11,0,86,0.261904,classic_shard_3000_4000_per_fault.csv
3491,14807,4,True,1,0,11,0,86,0.261569,classic_shard_3000_4000_per_fault.csv
3492,14810,3,True,1,0,6,0,15,0.146554,classic_shard_3000_4000_per_fault.csv
3493,14815,3,True,1,0,6,0,15,0.146658,classic_shard_3000_4000_per_fault.csv
3494,14816,3,True,1,0,6,0,15,0.14911,classic_shard_3000_4000_per_fault.csv
3495,14817,3,True,1,0,6,0,15,0.144426,classic_shard_3000_4000_per_fault.csv
3496,14819,3,True,1,0,6,0,15,0.144021,classic_shard_3000_4000_per_fault.csv
3497,14820,3,True,1,0,6,0,15,0.144021,classic_shard_3000_4000_per_fault.csv
3498,14822,3,True,1,0,8,0,25,0.189553,classic_shard_3000_4000_per_fault.csv
3499,14822,4,True,1,0,12,0,54,0.284379,classic_shard_3000_4000_per_fault.csv
3500,14824,4,True,1,0,11,0,74,0.550566,classic_shard_3000_4000_per_fault.csv
3501,14825,4,True,1,0,11,0,74,0.534879,classic_shard_3000_4000_per_fault.csv
3502,14826,3,True,1,0,6,0,12,0.291116,classic_shard_3000_4000_per_fault.csv
3503,14828,4,True,1,0,11,0,74,0.53737,classic_shard_3000_4000_per_fault.csv
3504,14836,4,True,1,0,11,0,73,0.526705,classic_shard_3000_4000_per_fault.csv
3505,14837,3,True,1,0,6,0,12,0.292321,classic_shard_3000_4000_per_fault.csv
3506,14838,4,True,1,0,11,0,73,0.307913,classic_shard_3000_4000_per_fault.csv
3507,14840,3,True,1,0,6,0,12,0.143675,classic_shard_3000_4000_per_fault.csv
3508,14845,3,True,1,0,6,0,12,0.144185,classic_shard_3000_4000_per_fault.csv
3509,14849,4,True,1,0,11,0,74,0.261168,classic_shard_3000_4000_per_fault.csv
3510,14850,3,True,1,0,6,0,12,0.143559,classic_shard_3000_4000_per_fault.csv
3511,14850,4,True,1,0,11,0,74,0.262255,classic_shard_3000_4000_per_fault.csv
3512,14851,4,True,1,0,11,0,74,0.260611,classic_shard_3000_4000_per_fault.csv
3513,14858,4,True,1,0,11,0,74,0.261648,classic_shard_3000_4000_per_fault.csv
3514,14867,3,True,1,0,6,0,13,0.145183,classic_shard_3000_4000_per_fault.csv
3515,14868,3,True,1,0,6,0,13,0.143828,classic_shard_3000_4000_per_fault.csv
3516,14869,3,True,1,0,8,0,25,0.190387,classic_shard_3000_4000_per_fault.csv
3517,14870,3,True,1,0,6,0,13,0.14425,classic_shard_3000_4000_per_fault.csv
3518,14871,3,True,1,0,6,0,13,0.144213,classic_shard_3000_4000_per_fault.csv
3519,14872,3,True,1,0,6,0,13,0.143657,classic_shard_3000_4000_per_fault.csv
3520,14875,4,True,1,0,11,0,75,0.262052,classic_shard_3000_4000_per_fault.csv
3521,14876,3,True,1,0,6,0,13,0.144393,classic_shard_3000_4000_per_fault.csv
3522,14877,3,True,1,0,6,0,13,0.143375,classic_shard_3000_4000_per_fault.csv
3523,14877,4,True,1,0,11,0,75,0.260721,classic_shard_3000_4000_per_fault.csv
3524,14879,4,True,1,0,11,0,77,0.260319,classic_shard_3000_4000_per_fault.csv
3525,14880,4,True,1,0,11,0,77,0.261004,classic_shard_3000_4000_per_fault.csv
3526,14881,3,True,1,0,6,0,13,0.144751,classic_shard_3000_4000_per_fault.csv
3527,14882,3,True,1,0,6,0,13,0.145216,classic_shard_3000_4000_per_fault.csv
3528,14883,3,True,1,0,6,0,13,0.146398,classic_shard_3000_4000_per_fault.csv
3529,14884,3,True,1,0,6,0,13,0.143872,classic_shard_3000_4000_per_fault.csv
3530,14887,3,True,1,0,8,0,25,0.191426,classic_shard_3000_4000_per_fault.csv
3531,14891,3,True,1,0,6,0,13,0.145308,classic_shard_3000_4000_per_fault.csv
3532,14891,4,True,1,0,11,0,76,0.260163,classic_shard_3000_4000_per_fault.csv
3533,14893,4,True,1,0,11,0,76,0.262099,classic_shard_3000_4000_per_fault.csv
3534,14894,3,True,1,0,6,0,13,0.144064,classic_shard_3000_4000_per_fault.csv
3535,14896,4,True,1,0,12,0,63,0.284584,classic_shard_3000_4000_per_fault.csv
3536,14902,3,True,1,0,21,0,180,0.494146,classic_shard_3000_4000_per_fault.csv
3537,14905,3,True,1,0,4,0,3,0.099984,classic_shard_3000_4000_per_fault.csv
3538,14909,3,True,1,0,4,0,3,0.097495,classic_shard_3000_4000_per_fault.csv
3539,14909,4,True,1,0,3,0,4,0.072486,classic_shard_3000_4000_per_fault.csv
3540,14910,4,True,1,0,3,0,4,0.072951,classic_shard_3000_4000_per_fault.csv
3541,14911,3,True,1,0,4,0,3,0.096505,classic_shard_3000_4000_per_fault.csv
3542,14913,3,True,1,0,4,0,3,0.096082,classic_shard_3000_4000_per_fault.csv
3543,14917,4,True,1,0,3,0,4,0.072802,classic_shard_3000_4000_per_fault.csv
3544,14918,4,True,1,0,3,0,4,0.07231,classic_shard_3000_4000_per_fault.csv
3545,14919,4,True,1,0,3,0,4,0.072115,classic_shard_3000_4000_per_fault.csv
3546,14920,4,True,1,0,3,0,4,0.072337,classic_shard_3000_4000_per_fault.csv
3547,14921,3,True,1,0,4,0,3,0.097602,classic_shard_3000_4000_per_fault.csv
3548,14923,3,True,1,0,4,0,3,0.096992,classic_shard_3000_4000_per_fault.csv
3549,14928,3,True,1,0,4,0,3,0.096403,classic_shard_3000_4000_per_fault.csv
3550,14931,4,True,1,0,3,0,4,0.07266,classic_shard_3000_4000_per_fault.csv
3551,14936,3,True,1,0,13,0,71,0.308307,classic_shard_3000_4000_per_fault.csv
3552,14937,3,True,1,0,17,0,81,0.400882,classic_shard_3000_4000_per_fault.csv
3553,14938,3,True,1,0,21,0,190,0.49345,classic_shard_3000_4000_per_fault.csv
3554,14939,3,True,1,0,20,0,183,0.466519,classic_shard_3000_4000_per_fault.csv
3555,14940,4,True,1,0,3,0,4,0.072506,classic_shard_3000_4000_per_fault.csv
3556,14944,3,True,1,0,4,0,7,0.096637,classic_shard_3000_4000_per_fault.csv
3557,14948,4,True,1,0,3,0,4,0.072775,classic_shard_3000_4000_per_fault.csv
3558,14952,3,True,1,0,19,0,70,0.453083,classic_shard_3000_4000_per_fault.csv
3559,14952,4,True,1,0,3,0,4,0.073079,classic_shard_3000_4000_per_fault.csv
3560,14953,4,True,1,0,3,0,4,0.072457,classic_shard_3000_4000_per_fault.csv
3561,14955,4,True,1,0,3,0,4,0.073,classic_shard_3000_4000_per_fault.csv
3562,14958,4,True,1,0,3,0,4,0.073047,classic_shard_3000_4000_per_fault.csv
3563,14960,3,True,1,0,19,0,70,0.455305,classic_shard_3000_4000_per_fault.csv
3564,14967,4,True,1,0,3,0,4,0.074117,classic_shard_3000_4000_per_fault.csv
3565,14968,3,True,1,0,4,0,11,0.097903,classic_shard_3000_4000_per_fault.csv
3566,14971,4,True,1,0,3,0,4,0.073528,classic_shard_3000_4000_per_fault.csv
3567,14974,3,True,1,0,31,0,334,0.724768,classic_shard_3000_4000_per_fault.csv
3568,14977,3,True,1,0,31,0,318,1.365646,classic_shard_3000_4000_per_fault.csv
3569,14980,4,True,1,0,63,0,479,2.952555,classic_shard_3000_4000_per_fault.csv
3570,14983,3,True,1,0,25,0,275,1.001786,classic_shard_3000_4000_per_fault.csv
3571,14992,4,True,1,0,48,0,416,1.123893,classic_shard_3000_4000_per_fault.csv
3572,14995,4,True,1,0,13,0,84,0.460708,classic_shard_3000_4000_per_fault.csv
3573,14998,4,True,1,0,33,0,244,0.775007,classic_shard_3000_4000_per_fault.csv
3574,15011,4,True,1,0,18,0,168,0.422441,classic_shard_3000_4000_per_fault.csv
3575,15017,4,True,1,0,23,0,180,0.534367,classic_shard_3000_4000_per_fault.csv
3576,15020,3,True,1,0,25,0,275,0.5836,classic_shard_3000_4000_per_fault.csv
3577,15026,3,True,1,0,78,0,574,1.834258,classic_shard_3000_4000_per_fault.csv
3578,15030,3,True,1,0,16,0,138,0.380887,classic_shard_3000_4000_per_fault.csv
3579,15030,4,True,1,0,17,0,149,0.407357,classic_shard_3000_4000_per_fault.csv
3580,15040,4,True,1,6,38,0,341,1.021514,classic_shard_3000_4000_per_fault.csv
3581,15046,3,True,1,2,28,0,231,0.697561,classic_shard_3000_4000_per_fault.csv
3582,15051,4,True,1,4,36,0,374,0.93662,classic_shard_3000_4000_per_fault.csv
3583,15056,3,True,1,0,65,0,392,1.518057,classic_shard_3000_4000_per_fault.csv
3584,15058,3,True,1,0,40,0,342,0.935755,classic_shard_3000_4000_per_fault.csv
3585,15059,3,True,1,0,40,0,345,0.937791,classic_shard_3000_4000_per_fault.csv
3586,15060,4,True,1,0,37,0,246,0.865786,classic_shard_3000_4000_per_fault.csv
3587,15061,4,True,1,3,39,0,317,0.977907,classic_shard_3000_4000_per_fault.csv
3588,15062,4,False,2,38,183,0,676,5.019213,classic_shard_3000_4000_per_fault.csv
3589,15063,3,False,2,64,150,0,722,5.009888,classic_shard_3000_4000_per_fault.csv
3590,15063,4,False,2,63,149,0,858,5.02423,classic_shard_3000_4000_per_fault.csv
3591,15064,3,True,1,0,19,0,111,0.446442,classic_shard_3000_4000_per_fault.csv
3592,15069,4,False,2,57,162,0,431,5.002738,classic_shard_3000_4000_per_fault.csv
3593,15070,3,False,2,20,104,0,409,5.025733,classic_shard_3000_4000_per_fault.csv
3594,15072,3,True,1,0,12,0,56,0.576502,classic_shard_3000_4000_per_fault.csv
3595,15073,4,False,2,19,91,0,383,5.026893,classic_shard_3000_4000_per_fault.csv
3596,15075,4,False,2,10,99,0,517,5.011221,classic_shard_3000_4000_per_fault.csv
3597,15077,3,False,2,34,124,0,1165,5.002099,classic_shard_3000_4000_per_fault.csv
3598,15078,4,False,2,55,159,0,1146,5.005253,classic_shard_3000_4000_per_fault.csv
3599,15080,3,False,2,57,160,0,1008,5.041408,classic_shard_3000_4000_per_fault.csv
3600,15082,3,False,2,54,163,0,1275,5.076667,classic_shard_3000_4000_per_fault.csv
3601,15084,4,True,1,2,44,0,423,1.601679,classic_shard_3000_4000_per_fault.csv
3602,15086,3,True,1,0,6,0,10,0.284359,classic_shard_3000_4000_per_fault.csv
3603,15087,4,True,1,0,24,0,189,1.102608,classic_shard_3000_4000_per_fault.csv
3604,15088,4,True,1,0,23,0,163,0.598166,classic_shard_3000_4000_per_fault.csv
3605,15090,4,True,1,0,18,0,144,0.425031,classic_shard_3000_4000_per_fault.csv
3606,15100,3,True,1,64,139,0,236,4.72757,classic_shard_3000_4000_per_fault.csv
3607,15101,4,False,2,66,144,0,368,5.028906,classic_shard_3000_4000_per_fault.csv
3608,15108,4,True,1,0,8,0,30,0.192198,classic_shard_3000_4000_per_fault.csv
3609,15124,4,True,1,0,30,0,361,0.706759,classic_shard_3000_4000_per_fault.csv
3610,15126,3,True,1,0,28,0,232,0.658913,classic_shard_3000_4000_per_fault.csv
3611,15127,3,True,1,0,25,0,203,0.587512,classic_shard_3000_4000_per_fault.csv
3612,15128,4,False,2,58,158,0,1008,5.000716,classic_shard_3000_4000_per_fault.csv
3613,15129,3,False,2,58,159,0,1012,5.003521,classic_shard_3000_4000_per_fault.csv
3614,15129,4,True,1,0,26,0,317,0.625879,classic_shard_3000_4000_per_fault.csv
3615,15132,3,True,1,0,27,0,325,0.644567,classic_shard_3000_4000_per_fault.csv
3616,15134,3,True,1,0,8,0,52,0.19266,classic_shard_3000_4000_per_fault.csv
3617,15134,4,True,1,0,24,0,253,0.571506,classic_shard_3000_4000_per_fault.csv
3618,15138,4,True,1,0,19,0,168,0.4546,classic_shard_3000_4000_per_fault.csv
3619,15139,3,True,1,12,47,0,281,1.39524,classic_shard_3000_4000_per_fault.csv
3620,15139,4,True,1,0,39,0,299,0.935107,classic_shard_3000_4000_per_fault.csv
3621,15143,3,True,1,0,23,0,106,0.551533,classic_shard_3000_4000_per_fault.csv
3622,15144,3,False,2,62,152,0,835,5.006176,classic_shard_3000_4000_per_fault.csv
3623,15146,4,True,1,37,105,0,525,3.402544,classic_shard_3000_4000_per_fault.csv
3624,15151,3,True,1,0,21,0,193,0.499731,classic_shard_3000_4000_per_fault.csv
3625,15156,3,True,1,0,30,0,279,0.705198,classic_shard_3000_4000_per_fault.csv
3626,15157,4,True,1,0,38,0,372,0.898381,classic_shard_3000_4000_per_fault.csv
3627,15161,4,True,1,0,30,0,291,0.717971,classic_shard_3000_4000_per_fault.csv
3628,15164,4,True,1,0,30,0,289,0.715272,classic_shard_3000_4000_per_fault.csv
3629,15168,3,True,1,0,30,0,281,0.71393,classic_shard_3000_4000_per_fault.csv
3630,15168,4,True,1,0,30,0,293,0.718206,classic_shard_3000_4000_per_fault.csv
3631,15170,3,True,1,0,30,0,281,0.71034,classic_shard_3000_4000_per_fault.csv
3632,15170,4,True,1,0,30,0,293,0.711761,classic_shard_3000_4000_per_fault.csv
3633,15171,3,True,1,0,53,0,604,1.253338,classic_shard_3000_4000_per_fault.csv
3634,15173,3,True,1,0,52,0,596,1.219558,classic_shard_3000_4000_per_fault.csv
3635,15173,4,True,1,0,52,0,608,1.22106,classic_shard_3000_4000_per_fault.csv
3636,15178,4,True,1,0,30,0,292,0.708534,classic_shard_3000_4000_per_fault.csv
3637,15181,4,True,1,0,30,0,289,0.707794,classic_shard_3000_4000_per_fault.csv
3638,15187,3,True,1,0,30,0,281,0.708286,classic_shard_3000_4000_per_fault.csv
3639,15190,4,True,1,0,41,0,420,0.971252,classic_shard_3000_4000_per_fault.csv
3640,15191,3,True,1,0,30,0,281,0.709788,classic_shard_3000_4000_per_fault.csv
3641,15191,4,True,1,0,30,0,293,0.712045,classic_shard_3000_4000_per_fault.csv
3642,15196,3,True,1,0,33,0,309,0.780074,classic_shard_3000_4000_per_fault.csv
3643,15196,4,False,2,49,163,0,775,5.004222,classic_shard_3000_4000_per_fault.csv
3644,15203,3,False,2,59,154,0,1102,5.001927,classic_shard_3000_4000_per_fault.csv
3645,15206,3,True,1,0,48,0,430,1.134365,classic_shard_3000_4000_per_fault.csv
3646,15207,3,True,1,0,32,0,309,0.752885,classic_shard_3000_4000_per_fault.csv
3647,15209,4,True,1,0,49,0,550,1.14746,classic_shard_3000_4000_per_fault.csv
3648,15210,3,True,1,0,49,0,589,1.148746,classic_shard_3000_4000_per_fault.csv
3649,15212,4,False,2,55,164,0,769,5.115517,classic_shard_3000_4000_per_fault.csv
3650,15213,4,True,1,0,49,0,550,1.149134,classic_shard_3000_4000_per_fault.csv
3651,15215,3,False,2,46,166,0,1013,5.011129,classic_shard_3000_4000_per_fault.csv
3652,15216,3,True,1,0,36,0,330,0.859475,classic_shard_3000_4000_per_fault.csv
3653,15218,4,False,2,56,158,0,1328,5.009875,classic_shard_3000_4000_per_fault.csv
3654,15219,3,True,1,0,59,0,737,1.379971,classic_shard_3000_4000_per_fault.csv
3655,15219,4,True,1,0,59,0,739,1.393826,classic_shard_3000_4000_per_fault.csv
3656,15220,4,True,1,0,30,0,292,0.706282,classic_shard_3000_4000_per_fault.csv
3657,15226,4,True,1,0,30,0,293,0.710305,classic_shard_3000_4000_per_fault.csv
3658,15227,3,True,1,0,57,0,696,1.340806,classic_shard_3000_4000_per_fault.csv
3659,15227,4,True,1,0,57,0,708,1.338486,classic_shard_3000_4000_per_fault.csv
3660,15229,3,True,1,0,30,0,306,0.709517,classic_shard_3000_4000_per_fault.csv
3661,15230,3,True,1,0,54,0,626,1.278919,classic_shard_3000_4000_per_fault.csv
3662,15232,3,True,1,0,53,0,617,1.244581,classic_shard_3000_4000_per_fault.csv
3663,15234,3,True,1,0,52,0,609,1.216426,classic_shard_3000_4000_per_fault.csv
3664,15235,3,True,1,0,30,0,306,0.711139,classic_shard_3000_4000_per_fault.csv
3665,15236,3,True,1,0,51,0,659,1.195981,classic_shard_3000_4000_per_fault.csv
3666,15237,4,True,1,0,30,0,295,0.715412,classic_shard_3000_4000_per_fault.csv
3667,15238,4,True,1,0,30,0,293,0.719466,classic_shard_3000_4000_per_fault.csv
3668,15239,3,True,1,0,48,0,548,1.135492,classic_shard_3000_4000_per_fault.csv
3669,15240,4,True,1,0,30,0,293,1.156103,classic_shard_3000_4000_per_fault.csv
3670,15243,3,True,1,0,45,0,473,1.059689,classic_shard_3000_4000_per_fault.csv
3671,15246,3,True,1,0,30,0,306,0.698984,classic_shard_3000_4000_per_fault.csv
3672,15247,3,True,1,0,30,0,306,0.699863,classic_shard_3000_4000_per_fault.csv
3673,15250,3,True,1,0,30,0,305,0.699172,classic_shard_3000_4000_per_fault.csv
3674,15252,4,False,2,53,163,0,785,5.012241,classic_shard_3000_4000_per_fault.csv
3675,15263,4,True,1,0,30,0,255,0.697618,classic_shard_3000_4000_per_fault.csv
3676,15264,4,True,1,0,29,0,265,0.672828,classic_shard_3000_4000_per_fault.csv
3677,15275,4,True,1,0,28,0,246,0.651116,classic_shard_3000_4000_per_fault.csv
3678,15277,3,True,1,0,27,0,260,0.630105,classic_shard_3000_4000_per_fault.csv
3679,15280,3,True,1,0,26,0,216,0.606779,classic_shard_3000_4000_per_fault.csv
3680,15280,4,True,1,0,28,0,234,0.649788,classic_shard_3000_4000_per_fault.csv
3681,15281,4,True,1,0,39,0,361,0.921208,classic_shard_3000_4000_per_fault.csv
3682,15284,3,True,1,0,39,0,386,0.921901,classic_shard_3000_4000_per_fault.csv
3683,15284,4,True,1,0,39,0,362,0.926979,classic_shard_3000_4000_per_fault.csv
3684,15285,3,True,1,0,21,0,206,1.033478,classic_shard_3000_4000_per_fault.csv
3685,15285,4,True,1,0,40,0,430,1.915668,classic_shard_3000_4000_per_fault.csv
3686,15287,4,True,1,0,27,0,257,1.265965,classic_shard_3000_4000_per_fault.csv
3687,15289,4,False,2,2,105,0,590,5.02928,classic_shard_3000_4000_per_fault.csv
3688,15290,3,True,1,0,27,0,250,1.090491,classic_shard_3000_4000_per_fault.csv
3689,15293,4,True,1,2,41,0,344,1.015531,classic_shard_3000_4000_per_fault.csv
3690,15294,4,True,1,0,17,0,144,0.400541,classic_shard_3000_4000_per_fault.csv
3691,15299,4,True,1,0,27,0,148,0.634954,classic_shard_3000_4000_per_fault.csv
3692,15301,3,True,1,0,10,0,34,0.238166,classic_shard_3000_4000_per_fault.csv
3693,15305,4,True,1,0,27,0,148,0.633964,classic_shard_3000_4000_per_fault.csv
3694,15306,3,True,1,0,5,0,9,0.119963,classic_shard_3000_4000_per_fault.csv
3695,15308,4,True,1,0,11,0,47,0.260615,classic_shard_3000_4000_per_fault.csv
3696,15310,4,True,1,0,11,0,51,0.259317,classic_shard_3000_4000_per_fault.csv
3697,15312,3,True,1,0,5,0,9,0.120743,classic_shard_3000_4000_per_fault.csv
3698,15313,4,True,1,0,11,0,53,0.263749,classic_shard_3000_4000_per_fault.csv
3699,15314,4,True,1,0,8,0,28,0.205522,classic_shard_3000_4000_per_fault.csv
3700,15316,4,True,1,0,11,0,84,0.261074,classic_shard_3000_4000_per_fault.csv
3701,15319,4,True,1,0,11,0,84,0.261741,classic_shard_3000_4000_per_fault.csv
3702,15322,3,True,1,0,6,0,15,0.143872,classic_shard_3000_4000_per_fault.csv
3703,15322,4,True,1,0,11,0,84,0.261844,classic_shard_3000_4000_per_fault.csv
3704,15326,4,True,1,0,11,0,83,0.260874,classic_shard_3000_4000_per_fault.csv
3705,15328,4,True,1,0,11,0,83,0.264032,classic_shard_3000_4000_per_fault.csv
3706,15334,3,True,1,0,27,0,147,0.63438,classic_shard_3000_4000_per_fault.csv
3707,15334,4,True,1,0,11,0,48,0.260429,classic_shard_3000_4000_per_fault.csv
3708,15337,4,True,1,0,11,0,84,0.263252,classic_shard_3000_4000_per_fault.csv
3709,15341,4,True,1,0,11,0,84,0.262344,classic_shard_3000_4000_per_fault.csv
3710,15342,4,True,1,0,11,0,84,0.262264,classic_shard_3000_4000_per_fault.csv
3711,15343,3,True,1,0,6,0,15,0.145676,classic_shard_3000_4000_per_fault.csv
3712,15345,4,True,1,0,11,0,84,0.265274,classic_shard_3000_4000_per_fault.csv
3713,15347,4,True,1,0,11,0,84,0.265201,classic_shard_3000_4000_per_fault.csv
3714,15348,3,True,1,0,6,0,17,0.144677,classic_shard_3000_4000_per_fault.csv
3715,15349,3,True,1,0,6,0,17,0.146002,classic_shard_3000_4000_per_fault.csv
3716,15350,3,True,1,0,6,0,17,0.144493,classic_shard_3000_4000_per_fault.csv
3717,15351,4,True,1,0,11,0,84,0.263876,classic_shard_3000_4000_per_fault.csv
3718,15353,3,True,1,0,6,0,17,0.144704,classic_shard_3000_4000_per_fault.csv
3719,15354,3,True,1,0,6,0,17,0.15098,classic_shard_3000_4000_per_fault.csv
3720,15356,4,True,1,0,11,0,85,0.260593,classic_shard_3000_4000_per_fault.csv
3721,15361,4,True,1,0,8,0,28,0.190205,classic_shard_3000_4000_per_fault.csv
3722,15362,3,True,1,0,6,0,17,0.143773,classic_shard_3000_4000_per_fault.csv
3723,15369,3,True,1,0,6,0,17,0.144074,classic_shard_3000_4000_per_fault.csv
3724,15370,3,True,1,0,11,0,43,0.260538,classic_shard_3000_4000_per_fault.csv
3725,15373,3,True,1,0,6,0,17,0.144433,classic_shard_3000_4000_per_fault.csv
3726,15375,3,True,1,0,6,0,17,0.14509,classic_shard_3000_4000_per_fault.csv
3727,15377,4,True,1,0,11,0,87,0.260606,classic_shard_3000_4000_per_fault.csv
3728,15380,4,True,1,0,11,0,86,0.261572,classic_shard_3000_4000_per_fault.csv
3729,15382,3,True,1,0,6,0,17,0.144506,classic_shard_3000_4000_per_fault.csv
3730,15394,4,True,1,0,8,0,19,0.190374,classic_shard_3000_4000_per_fault.csv
3731,15398,4,True,1,0,5,0,3,0.11943,classic_shard_3000_4000_per_fault.csv
3732,15399,4,True,1,0,5,0,4,0.119515,classic_shard_3000_4000_per_fault.csv
3733,15403,4,True,1,0,13,0,67,0.305132,classic_shard_3000_4000_per_fault.csv
3734,15407,3,True,1,0,20,0,193,0.470993,classic_shard_3000_4000_per_fault.csv
3735,15415,3,True,1,0,18,0,114,0.421296,classic_shard_3000_4000_per_fault.csv
3736,15415,4,True,1,0,18,0,115,0.422159,classic_shard_3000_4000_per_fault.csv
3737,15422,3,True,1,0,22,0,163,0.511984,classic_shard_3000_4000_per_fault.csv
3738,15423,3,True,1,0,25,0,277,0.585239,classic_shard_3000_4000_per_fault.csv
3739,15423,4,True,1,0,41,0,408,0.957978,classic_shard_3000_4000_per_fault.csv
3740,15436,3,True,1,0,13,0,75,0.305371,classic_shard_3000_4000_per_fault.csv
3741,15442,3,True,1,0,78,0,660,2.072526,classic_shard_3000_4000_per_fault.csv
3742,15451,4,True,1,0,26,0,230,0.602879,classic_shard_3000_4000_per_fault.csv
3743,15458,4,True,1,0,23,0,167,0.535499,classic_shard_3000_4000_per_fault.csv
3744,15470,3,True,1,0,8,0,26,0.190263,classic_shard_3000_4000_per_fault.csv
3745,15471,3,True,1,0,9,0,40,0.215566,classic_shard_3000_4000_per_fault.csv
3746,15472,4,True,1,0,17,0,159,0.404221,classic_shard_3000_4000_per_fault.csv
3747,15494,3,True,1,4,38,0,390,0.977078,classic_shard_3000_4000_per_fault.csv
3748,15497,3,True,1,4,36,0,353,0.931277,classic_shard_3000_4000_per_fault.csv
3749,15501,3,False,2,67,170,0,463,5.481303,classic_shard_3000_4000_per_fault.csv
3750,15502,4,True,1,0,40,0,330,0.940338,classic_shard_3000_4000_per_fault.csv
3751,15503,4,True,1,0,35,0,365,0.835411,classic_shard_3000_4000_per_fault.csv
3752,15505,3,True,1,0,37,0,263,0.871089,classic_shard_3000_4000_per_fault.csv
3753,15506,3,True,1,0,41,0,316,0.967947,classic_shard_3000_4000_per_fault.csv
3754,15508,3,True,1,3,39,0,338,1.246523,classic_shard_3000_4000_per_fault.csv
3755,15508,4,True,1,14,55,0,355,3.245569,classic_shard_3000_4000_per_fault.csv
3756,15509,3,False,2,3,122,0,518,5.018348,classic_shard_3000_4000_per_fault.csv
3757,15511,3,False,2,21,160,0,642,5.007443,classic_shard_3000_4000_per_fault.csv
3758,15512,3,False,2,38,180,0,698,5.039459,classic_shard_3000_4000_per_fault.csv
3759,15514,3,True,1,0,18,0,194,0.426712,classic_shard_3000_4000_per_fault.csv
3760,15517,4,True,1,0,7,0,18,0.169703,classic_shard_3000_4000_per_fault.csv
3761,15528,3,False,2,42,176,0,756,5.022979,classic_shard_3000_4000_per_fault.csv
3762,15535,4,True,1,0,3,0,5,0.074325,classic_shard_3000_4000_per_fault.csv
3763,15536,3,True,1,0,5,0,8,0.12314,classic_shard_3000_4000_per_fault.csv
3764,15538,4,True,1,0,3,0,5,0.07429,classic_shard_3000_4000_per_fault.csv
3765,15539,3,True,1,0,5,0,8,0.123247,classic_shard_3000_4000_per_fault.csv
3766,15540,3,True,1,0,5,0,8,0.12256,classic_shard_3000_4000_per_fault.csv
3767,15541,3,True,1,0,5,0,8,0.123067,classic_shard_3000_4000_per_fault.csv
3768,15554,3,True,1,0,5,0,8,0.122942,classic_shard_3000_4000_per_fault.csv
3769,15555,3,True,1,0,5,0,8,0.125821,classic_shard_3000_4000_per_fault.csv
3770,15555,4,True,1,0,3,0,5,0.074769,classic_shard_3000_4000_per_fault.csv
3771,15556,4,True,1,0,3,0,5,0.074001,classic_shard_3000_4000_per_fault.csv
3772,15557,4,True,1,0,3,0,5,0.075082,classic_shard_3000_4000_per_fault.csv
3773,15559,3,True,1,0,5,0,8,0.12436,classic_shard_3000_4000_per_fault.csv
3774,15562,3,True,1,0,5,0,8,0.122336,classic_shard_3000_4000_per_fault.csv
3775,15567,3,True,1,0,24,0,254,0.572,classic_shard_3000_4000_per_fault.csv
3776,15574,3,True,1,64,140,0,243,4.879617,classic_shard_3000_4000_per_fault.csv
3777,15584,3,False,2,64,151,0,1283,5.011266,classic_shard_3000_4000_per_fault.csv
3778,15595,3,True,1,0,26,0,317,0.615238,classic_shard_3000_4000_per_fault.csv
3779,15596,4,False,2,58,160,0,1018,5.010006,classic_shard_3000_4000_per_fault.csv
3780,15600,3,False,2,57,162,0,1186,5.004354,classic_shard_3000_4000_per_fault.csv
3781,15602,4,True,1,0,8,0,47,0.205224,classic_shard_3000_4000_per_fault.csv
3782,15603,3,False,2,63,157,0,1190,5.018693,classic_shard_3000_4000_per_fault.csv
3783,15610,3,True,1,0,19,0,177,0.448461,classic_shard_3000_4000_per_fault.csv
3784,15611,4,True,1,15,80,0,671,2.230927,classic_shard_3000_4000_per_fault.csv
3785,15612,4,True,1,0,39,0,305,0.925195,classic_shard_3000_4000_per_fault.csv
3786,15615,3,False,2,46,120,0,723,5.012255,classic_shard_3000_4000_per_fault.csv
3787,15617,4,True,1,3,36,0,297,1.541394,classic_shard_3000_4000_per_fault.csv
3788,15618,3,False,2,56,141,0,757,5.010752,classic_shard_3000_4000_per_fault.csv
3789,15621,3,True,1,0,26,0,244,0.616202,classic_shard_3000_4000_per_fault.csv
3790,15622,4,True,1,0,21,0,187,0.493602,classic_shard_3000_4000_per_fault.csv
3791,15624,4,True,1,0,40,0,408,0.930915,classic_shard_3000_4000_per_fault.csv
3792,15625,3,False,2,47,167,0,622,5.003705,classic_shard_3000_4000_per_fault.csv
3793,15628,4,True,1,0,27,0,247,0.634752,classic_shard_3000_4000_per_fault.csv
3794,15629,3,True,1,0,30,0,292,0.709046,classic_shard_3000_4000_per_fault.csv
3795,15630,3,True,1,0,26,0,252,0.609915,classic_shard_3000_4000_per_fault.csv
3796,15631,4,False,2,53,159,0,796,5.005168,classic_shard_3000_4000_per_fault.csv
3797,15634,3,True,1,0,36,0,308,0.857899,classic_shard_3000_4000_per_fault.csv
3798,15635,4,False,2,44,171,0,480,5.00016,classic_shard_3000_4000_per_fault.csv
3799,15637,4,False,2,54,161,0,828,5.082906,classic_shard_3000_4000_per_fault.csv
3800,15639,3,False,2,45,151,0,841,5.018249,classic_shard_3000_4000_per_fault.csv
3801,15641,4,True,1,0,27,0,261,0.638927,classic_shard_3000_4000_per_fault.csv
3802,15642,3,False,2,31,159,0,591,5.038318,classic_shard_3000_4000_per_fault.csv
3803,15644,3,True,1,0,35,0,296,1.164397,classic_shard_3000_4000_per_fault.csv
3804,15645,4,True,1,0,34,0,272,0.938213,classic_shard_3000_4000_per_fault.csv
3805,15650,3,False,2,46,171,0,692,5.0296,classic_shard_3000_4000_per_fault.csv
3806,15650,4,False,2,52,165,0,468,5.011325,classic_shard_3000_4000_per_fault.csv
3807,15651,3,True,1,0,26,0,232,0.604207,classic_shard_3000_4000_per_fault.csv
3808,15655,3,True,1,0,27,0,258,0.635645,classic_shard_3000_4000_per_fault.csv
3809,15656,4,True,1,0,26,0,227,0.606345,classic_shard_3000_4000_per_fault.csv
3810,15661,4,True,1,0,26,0,238,0.60565,classic_shard_3000_4000_per_fault.csv
3811,15663,3,True,1,0,6,0,10,0.144677,classic_shard_3000_4000_per_fault.csv
3812,15666,3,True,1,0,23,0,224,0.53797,classic_shard_3000_4000_per_fault.csv
3813,15666,4,True,1,0,26,0,265,0.608442,classic_shard_3000_4000_per_fault.csv
3814,15668,3,False,2,37,179,0,630,5.002575,classic_shard_3000_4000_per_fault.csv
3815,15668,4,True,1,0,29,0,277,0.678568,classic_shard_3000_4000_per_fault.csv
3816,15670,3,True,1,0,27,0,264,0.62746,classic_shard_3000_4000_per_fault.csv
3817,15672,4,True,1,6,91,0,805,2.294875,classic_shard_3000_4000_per_fault.csv
3818,15673,3,True,1,0,19,0,107,0.45396,classic_shard_3000_4000_per_fault.csv
3819,15674,3,True,1,0,18,0,77,0.427325,classic_shard_3000_4000_per_fault.csv
3820,15676,3,True,1,0,10,0,42,0.239064,classic_shard_3000_4000_per_fault.csv
3821,15680,3,True,1,0,6,0,15,0.145039,classic_shard_3000_4000_per_fault.csv
3822,15681,4,True,1,0,5,0,12,0.120582,classic_shard_3000_4000_per_fault.csv
3823,15682,3,True,1,0,6,0,15,0.144338,classic_shard_3000_4000_per_fault.csv
3824,15683,3,True,1,0,6,0,15,0.145278,classic_shard_3000_4000_per_fault.csv
3825,15688,3,True,1,0,6,0,15,0.143966,classic_shard_3000_4000_per_fault.csv
3826,15689,3,True,1,0,6,0,15,0.144987,classic_shard_3000_4000_per_fault.csv
3827,15691,3,True,1,0,6,0,15,0.144474,classic_shard_3000_4000_per_fault.csv
3828,15695,3,True,1,0,6,0,15,0.14473,classic_shard_3000_4000_per_fault.csv
3829,15695,4,True,1,0,5,0,13,0.121851,classic_shard_3000_4000_per_fault.csv
3830,15696,4,True,1,0,5,0,13,0.121456,classic_shard_3000_4000_per_fault.csv
3831,15697,4,True,1,0,5,0,13,0.121318,classic_shard_3000_4000_per_fault.csv
3832,15699,3,True,1,0,6,0,15,0.217853,classic_shard_3000_4000_per_fault.csv
3833,15699,4,True,1,0,5,0,13,0.185002,classic_shard_3000_4000_per_fault.csv
3834,15700,4,True,1,0,5,0,13,0.121455,classic_shard_3000_4000_per_fault.csv
3835,15711,4,True,1,0,5,0,13,0.120363,classic_shard_3000_4000_per_fault.csv
3836,15712,4,True,1,0,8,0,28,0.191409,classic_shard_3000_4000_per_fault.csv
3837,15713,4,True,1,0,5,0,12,0.120947,classic_shard_3000_4000_per_fault.csv
3838,15715,3,True,1,0,6,0,15,0.145101,classic_shard_3000_4000_per_fault.csv
3839,15717,4,True,1,0,5,0,12,0.122235,classic_shard_3000_4000_per_fault.csv
3840,15719,4,True,1,0,5,0,12,0.120415,classic_shard_3000_4000_per_fault.csv
3841,15721,3,True,1,0,10,0,36,0.29817,classic_shard_3000_4000_per_fault.csv
3842,15721,4,True,1,0,23,0,132,0.54404,classic_shard_3000_4000_per_fault.csv
3843,15722,3,True,1,0,6,0,15,0.144884,classic_shard_3000_4000_per_fault.csv
3844,15723,4,True,1,0,5,0,13,0.120651,classic_shard_3000_4000_per_fault.csv
3845,15726,4,True,1,0,5,0,13,0.121788,classic_shard_3000_4000_per_fault.csv
3846,15731,4,True,1,0,5,0,13,0.120176,classic_shard_3000_4000_per_fault.csv
3847,15733,4,True,1,0,5,0,13,0.120344,classic_shard_3000_4000_per_fault.csv
3848,15734,3,True,1,0,6,0,15,0.144376,classic_shard_3000_4000_per_fault.csv
3849,15735,4,True,1,0,5,0,13,0.121614,classic_shard_3000_4000_per_fault.csv
3850,15740,4,True,1,0,5,0,12,0.120411,classic_shard_3000_4000_per_fault.csv
3851,15741,4,True,1,0,5,0,12,0.120133,classic_shard_3000_4000_per_fault.csv
3852,15745,3,True,1,0,6,0,15,0.144195,classic_shard_3000_4000_per_fault.csv
3853,15748,3,True,1,0,10,0,38,0.236683,classic_shard_3000_4000_per_fault.csv
3854,15748,4,True,1,0,27,0,154,0.684175,classic_shard_3000_4000_per_fault.csv
3855,15751,3,True,1,0,10,0,33,0.237393,classic_shard_3000_4000_per_fault.csv
3856,15751,4,True,1,0,27,0,149,0.634232,classic_shard_3000_4000_per_fault.csv
3857,15753,3,True,1,0,10,0,35,0.237771,classic_shard_3000_4000_per_fault.csv
3858,15756,3,True,1,0,5,0,12,0.120469,classic_shard_3000_4000_per_fault.csv
3859,15758,4,True,1,0,11,0,52,0.260826,classic_shard_3000_4000_per_fault.csv
3860,15759,4,True,1,0,11,0,51,0.259491,classic_shard_3000_4000_per_fault.csv
3861,15760,3,True,1,0,3,0,3,0.074606,classic_shard_3000_4000_per_fault.csv
3862,15761,3,True,1,0,16,0,96,0.37729,classic_shard_3000_4000_per_fault.csv
3863,15761,4,True,1,0,35,0,221,0.827646,classic_shard_3000_4000_per_fault.csv
3864,15763,3,True,1,0,23,0,212,0.537951,classic_shard_3000_4000_per_fault.csv
3865,15763,4,True,1,0,21,0,104,0.502131,classic_shard_3000_4000_per_fault.csv
3866,15764,4,True,1,0,9,0,31,0.214369,classic_shard_3000_4000_per_fault.csv
3867,15767,3,True,1,0,6,0,11,0.144454,classic_shard_3000_4000_per_fault.csv
3868,15770,3,True,1,0,7,0,22,0.215308,classic_shard_3000_4000_per_fault.csv
3869,15771,3,True,1,0,6,0,12,0.296547,classic_shard_3000_4000_per_fault.csv
3870,15773,3,True,1,0,5,0,12,0.245245,classic_shard_3000_4000_per_fault.csv
3871,15775,3,True,1,0,5,0,12,0.243767,classic_shard_3000_4000_per_fault.csv
3872,15779,3,True,1,0,5,0,12,0.155132,classic_shard_3000_4000_per_fault.csv
3873,15780,4,True,1,0,7,0,26,0.258508,classic_shard_3000_4000_per_fault.csv
3874,15783,4,True,1,0,6,0,20,0.213513,classic_shard_3000_4000_per_fault.csv
3875,15784,4,True,1,0,6,0,20,0.175756,classic_shard_3000_4000_per_fault.csv
3876,15786,3,True,1,0,5,0,10,0.253387,classic_shard_3000_4000_per_fault.csv
3877,15787,4,True,1,0,6,0,20,0.295556,classic_shard_3000_4000_per_fault.csv
3878,15788,3,True,1,0,5,0,10,0.146766,classic_shard_3000_4000_per_fault.csv
3879,15789,3,True,1,0,5,0,10,0.19125,classic_shard_3000_4000_per_fault.csv
3880,15790,3,True,1,0,5,0,10,0.149358,classic_shard_3000_4000_per_fault.csv
3881,15790,4,True,1,0,6,0,20,0.301064,classic_shard_3000_4000_per_fault.csv
3882,15794,4,True,1,0,6,0,20,0.275238,classic_shard_3000_4000_per_fault.csv
3883,15795,3,True,1,0,5,0,10,0.125261,classic_shard_3000_4000_per_fault.csv
3884,15795,4,True,1,0,6,0,20,0.284872,classic_shard_3000_4000_per_fault.csv
3885,15796,3,True,1,0,5,0,10,0.25847,classic_shard_3000_4000_per_fault.csv
3886,15800,3,True,1,0,5,0,10,0.249907,classic_shard_3000_4000_per_fault.csv
3887,15804,4,True,1,0,6,0,20,0.307496,classic_shard_3000_4000_per_fault.csv
3888,15806,3,True,1,0,5,0,10,0.271468,classic_shard_3000_4000_per_fault.csv
3889,15809,4,True,1,0,6,0,20,0.317657,classic_shard_3000_4000_per_fault.csv
3890,15810,3,True,1,0,5,0,10,0.25031,classic_shard_3000_4000_per_fault.csv
3891,15811,3,True,1,0,5,0,10,0.245553,classic_shard_3000_4000_per_fault.csv
3892,15811,4,True,1,0,6,0,20,0.291571,classic_shard_3000_4000_per_fault.csv
3893,15815,4,True,1,0,4,0,13,0.200294,classic_shard_3000_4000_per_fault.csv
3894,15819,4,True,1,0,4,0,13,0.197915,classic_shard_3000_4000_per_fault.csv
3895,15821,4,True,1,0,4,0,13,0.193166,classic_shard_3000_4000_per_fault.csv
3896,15826,4,True,1,0,4,0,13,0.192765,classic_shard_3000_4000_per_fault.csv
3897,15829,4,True,1,0,4,0,13,0.195672,classic_shard_3000_4000_per_fault.csv
3898,15831,3,True,1,0,5,0,10,0.247943,classic_shard_3000_4000_per_fault.csv
3899,15832,3,True,1,0,5,0,10,0.244849,classic_shard_3000_4000_per_fault.csv
3900,15833,3,True,1,0,5,0,10,0.245529,classic_shard_3000_4000_per_fault.csv
3901,15834,4,True,1,0,4,0,13,0.195922,classic_shard_3000_4000_per_fault.csv
3902,15835,3,True,1,0,5,0,10,0.24563,classic_shard_3000_4000_per_fault.csv
3903,15835,4,True,1,0,4,0,13,0.201874,classic_shard_3000_4000_per_fault.csv
3904,15848,3,True,1,16,58,0,474,3.550758,classic_shard_3000_4000_per_fault.csv
3905,15848,4,True,1,0,5,0,6,0.251938,classic_shard_3000_4000_per_fault.csv
3906,15853,4,True,1,0,23,0,243,1.108469,classic_shard_3000_4000_per_fault.csv
3907,15854,4,True,1,0,23,0,243,1.125835,classic_shard_3000_4000_per_fault.csv
3908,15855,3,True,1,0,4,0,3,0.196975,classic_shard_3000_4000_per_fault.csv
3909,15864,4,True,1,0,23,0,243,0.90182,classic_shard_3000_4000_per_fault.csv
3910,15866,3,True,1,0,4,0,3,0.098424,classic_shard_3000_4000_per_fault.csv
3911,15870,4,True,1,0,5,0,14,0.122758,classic_shard_3000_4000_per_fault.csv
3912,15873,4,True,1,0,5,0,14,0.121081,classic_shard_3000_4000_per_fault.csv
3913,15874,4,True,1,0,5,0,14,0.121543,classic_shard_3000_4000_per_fault.csv
3914,15876,4,True,1,0,5,0,14,0.121505,classic_shard_3000_4000_per_fault.csv
3915,15877,4,True,1,0,5,0,14,0.121132,classic_shard_3000_4000_per_fault.csv
3916,15878,3,True,1,0,4,0,3,0.096792,classic_shard_3000_4000_per_fault.csv
3917,15880,3,True,1,0,4,0,3,0.097954,classic_shard_3000_4000_per_fault.csv
3918,15881,4,True,1,0,5,0,14,0.119941,classic_shard_3000_4000_per_fault.csv
3919,15882,3,True,1,0,4,0,3,0.097418,classic_shard_3000_4000_per_fault.csv
3920,15885,3,True,1,0,4,0,3,0.098366,classic_shard_3000_4000_per_fault.csv
3921,15885,4,True,1,0,5,0,14,0.122962,classic_shard_3000_4000_per_fault.csv
3922,15886,4,True,1,0,5,0,14,0.120344,classic_shard_3000_4000_per_fault.csv
3923,15887,4,True,1,0,5,0,14,0.120438,classic_shard_3000_4000_per_fault.csv
3924,15888,3,True,1,0,4,0,3,0.101107,classic_shard_3000_4000_per_fault.csv
3925,15890,3,True,1,0,4,0,3,0.102561,classic_shard_3000_4000_per_fault.csv
3926,15891,4,True,1,0,5,0,14,0.126762,classic_shard_3000_4000_per_fault.csv
3927,15893,3,True,1,0,4,0,3,0.098358,classic_shard_3000_4000_per_fault.csv
3928,15897,4,True,1,0,3,0,6,0.078056,classic_shard_3000_4000_per_fault.csv
3929,15898,4,True,1,0,3,0,6,0.075818,classic_shard_3000_4000_per_fault.csv
3930,15899,4,True,1,0,3,0,6,0.076165,classic_shard_3000_4000_per_fault.csv
3931,15903,4,True,1,0,3,0,6,0.079525,classic_shard_3000_4000_per_fault.csv
3932,15904,3,True,1,0,4,0,3,0.10031,classic_shard_3000_4000_per_fault.csv
3933,15906,4,True,1,0,3,0,6,0.076312,classic_shard_3000_4000_per_fault.csv
3934,15907,3,True,1,0,4,0,3,0.101164,classic_shard_3000_4000_per_fault.csv
3935,15912,4,True,1,0,3,0,6,0.075703,classic_shard_3000_4000_per_fault.csv
3936,15914,3,True,1,0,4,0,3,0.101787,classic_shard_3000_4000_per_fault.csv
3937,15914,4,True,1,0,3,0,6,0.107603,classic_shard_3000_4000_per_fault.csv
3938,15915,3,True,1,0,4,0,3,0.102157,classic_shard_3000_4000_per_fault.csv
3939,15915,4,True,1,0,3,0,6,0.073305,classic_shard_3000_4000_per_fault.csv
3940,15916,3,True,1,0,4,0,3,0.10297,classic_shard_3000_4000_per_fault.csv
3941,15916,4,True,1,0,3,0,6,0.077222,classic_shard_3000_4000_per_fault.csv
3942,15918,4,True,1,0,3,0,6,0.077917,classic_shard_3000_4000_per_fault.csv
3943,15924,4,True,1,0,3,0,6,0.092273,classic_shard_3000_4000_per_fault.csv
3944,15928,3,True,1,0,4,0,3,0.180356,classic_shard_3000_4000_per_fault.csv
3945,15933,4,True,1,0,24,0,261,0.714537,classic_shard_3000_4000_per_fault.csv
3946,15941,3,True,1,0,4,0,3,0.097415,classic_shard_3000_4000_per_fault.csv
3947,15948,3,True,1,0,4,0,3,0.10786,classic_shard_3000_4000_per_fault.csv
3948,15949,4,True,1,0,24,0,261,0.631928,classic_shard_3000_4000_per_fault.csv
3949,15950,4,True,1,0,24,0,261,0.568952,classic_shard_3000_4000_per_fault.csv
3950,15951,3,True,1,0,4,0,3,0.096604,classic_shard_3000_4000_per_fault.csv
3951,15952,4,True,1,0,24,0,261,0.566239,classic_shard_3000_4000_per_fault.csv
3952,15953,3,True,1,0,4,0,3,0.097837,classic_shard_3000_4000_per_fault.csv
3953,15957,3,True,1,0,4,0,3,0.097088,classic_shard_3000_4000_per_fault.csv
3954,15958,4,True,1,0,24,0,261,0.602329,classic_shard_3000_4000_per_fault.csv
3955,15959,3,True,1,0,4,0,3,0.09775,classic_shard_3000_4000_per_fault.csv
3956,15964,3,True,1,0,4,0,3,0.200482,classic_shard_3000_4000_per_fault.csv
3957,15966,3,True,1,0,4,0,3,0.197148,classic_shard_3000_4000_per_fault.csv
3958,15967,3,True,1,0,4,0,3,0.135531,classic_shard_3000_4000_per_fault.csv
3959,15968,4,True,1,0,25,0,262,0.797679,classic_shard_3000_4000_per_fault.csv
3960,15969,3,True,1,0,4,0,3,0.096777,classic_shard_3000_4000_per_fault.csv
3961,15971,4,True,1,0,25,0,262,0.667205,classic_shard_3000_4000_per_fault.csv
3962,15972,3,True,1,0,4,0,3,0.09663,classic_shard_3000_4000_per_fault.csv
3963,15973,4,True,1,0,25,0,262,0.586166,classic_shard_3000_4000_per_fault.csv
3964,15978,3,True,1,0,4,0,3,0.096325,classic_shard_3000_4000_per_fault.csv
3965,15978,4,True,1,0,25,0,262,0.586228,classic_shard_3000_4000_per_fault.csv
3966,15979,4,True,1,0,25,0,262,0.583646,classic_shard_3000_4000_per_fault.csv
3967,15981,3,True,1,0,4,0,3,0.095745,classic_shard_3000_4000_per_fault.csv
3968,15983,4,True,1,0,25,0,262,0.629792,classic_shard_3000_4000_per_fault.csv
3969,15984,4,True,1,0,25,0,262,0.597332,classic_shard_3000_4000_per_fault.csv
3970,15986,3,True,1,0,4,0,3,0.097123,classic_shard_3000_4000_per_fault.csv
3971,15990,4,True,1,0,13,0,75,0.317292,classic_shard_3000_4000_per_fault.csv
3972,15992,3,True,1,0,20,0,190,0.471274,classic_shard_3000_4000_per_fault.csv
3973,15995,4,False,2,60,146,0,578,5.053385,classic_shard_3000_4000_per_fault.csv
3974,15996,3,False,2,56,140,0,907,5.030416,classic_shard_3000_4000_per_fault.csv
3975,15997,3,True,1,0,4,0,7,0.096361,classic_shard_3000_4000_per_fault.csv
3976,15999,3,True,1,0,21,0,186,0.492133,classic_shard_3000_4000_per_fault.csv
3977,15999,4,True,1,2,27,0,253,0.673388,classic_shard_3000_4000_per_fault.csv
3978,16001,3,True,1,0,4,0,9,0.096022,classic_shard_3000_4000_per_fault.csv
3979,16002,4,True,1,2,28,0,258,0.71041,classic_shard_3000_4000_per_fault.csv
3980,16003,3,True,1,0,4,0,9,0.096287,classic_shard_3000_4000_per_fault.csv
3981,16005,3,True,1,0,4,0,9,0.096525,classic_shard_3000_4000_per_fault.csv
3982,16005,4,True,1,2,28,0,258,0.71998,classic_shard_3000_4000_per_fault.csv
3983,16008,3,True,1,0,19,0,73,0.473408,classic_shard_3000_4000_per_fault.csv
3984,16008,4,True,1,2,28,0,259,0.705753,classic_shard_3000_4000_per_fault.csv
3985,16009,4,True,1,2,28,0,258,0.699522,classic_shard_3000_4000_per_fault.csv
3986,16011,3,True,1,0,19,0,72,0.453809,classic_shard_3000_4000_per_fault.csv
3987,16013,3,True,1,0,19,0,72,0.454559,classic_shard_3000_4000_per_fault.csv
3988,16014,3,True,1,0,19,0,73,0.458417,classic_shard_3000_4000_per_fault.csv
3989,16016,3,True,1,0,19,0,73,0.456771,classic_shard_3000_4000_per_fault.csv
3990,16021,4,True,1,0,20,0,220,0.46829,classic_shard_3000_4000_per_fault.csv
3991,16026,3,True,1,0,18,0,65,0.430921,classic_shard_3000_4000_per_fault.csv
3992,16028,3,True,1,0,19,0,71,0.456608,classic_shard_3000_4000_per_fault.csv
3993,16028,4,True,1,0,22,0,225,0.54018,classic_shard_3000_4000_per_fault.csv
3994,16030,3,True,1,0,19,0,71,0.467146,classic_shard_3000_4000_per_fault.csv
3995,16031,4,True,1,0,22,0,225,0.52405,classic_shard_3000_4000_per_fault.csv
3996,16035,3,True,1,0,19,0,70,0.46315,classic_shard_3000_4000_per_fault.csv
3997,16036,3,True,1,0,19,0,71,0.471229,classic_shard_3000_4000_per_fault.csv
3998,16037,4,True,1,0,20,0,196,0.482093,classic_shard_3000_4000_per_fault.csv
3999,16039,3,True,1,0,19,0,70,0.460175,classic_shard_3000_4000_per_fault.csv
4000,16043,3,True,1,0,3,0,6,0.088539,classic_shard_4000_5000_per_fault.csv
4001,16043,4,True,1,0,21,0,232,0.51606,classic_shard_4000_5000_per_fault.csv
4002,16052,3,True,1,0,25,0,275,0.602878,classic_shard_4000_5000_per_fault.csv
4003,16055,4,True,1,0,22,0,177,0.527004,classic_shard_4000_5000_per_fault.csv
4004,16058,3,True,1,0,25,0,275,0.601346,classic_shard_4000_5000_per_fault.csv
4005,16070,3,True,1,0,25,0,275,0.599212,classic_shard_4000_5000_per_fault.csv
4006,16070,4,True,1,0,33,0,244,0.795913,classic_shard_4000_5000_per_fault.csv
4007,16073,3,True,1,0,25,0,263,0.600608,classic_shard_4000_5000_per_fault.csv
4008,16076,3,True,1,0,25,0,275,0.598974,classic_shard_4000_5000_per_fault.csv
4009,16076,4,True,1,0,41,0,379,0.984505,classic_shard_4000_5000_per_fault.csv
4010,16079,4,True,1,0,33,0,268,0.7991,classic_shard_4000_5000_per_fault.csv
4011,16082,3,True,1,0,25,0,275,0.773628,classic_shard_4000_5000_per_fault.csv
4012,16086,4,True,1,0,38,0,328,1.450386,classic_shard_4000_5000_per_fault.csv
4013,16098,3,True,1,0,78,0,574,2.613894,classic_shard_4000_5000_per_fault.csv
4014,16098,4,True,1,0,78,0,575,2.388277,classic_shard_4000_5000_per_fault.csv
4015,16103,3,True,1,0,10,0,49,0.309243,classic_shard_4000_5000_per_fault.csv
4016,16109,3,True,1,0,6,0,16,0.221078,classic_shard_4000_5000_per_fault.csv
4017,16115,4,True,1,6,38,0,341,1.408719,classic_shard_4000_5000_per_fault.csv
4018,16123,4,True,1,0,19,0,88,0.46835,classic_shard_4000_5000_per_fault.csv
4019,16134,3,True,1,0,61,0,388,1.487471,classic_shard_4000_5000_per_fault.csv
4020,16137,4,True,1,0,40,0,347,0.968539,classic_shard_4000_5000_per_fault.csv
4021,16138,4,True,1,0,31,0,251,0.74618,classic_shard_4000_5000_per_fault.csv
4022,16139,4,False,2,32,182,0,679,5.002061,classic_shard_4000_5000_per_fault.csv
4023,16140,3,True,1,0,41,0,352,0.988358,classic_shard_4000_5000_per_fault.csv
4024,16142,3,True,1,0,29,0,219,0.695575,classic_shard_4000_5000_per_fault.csv
4025,16143,4,False,2,38,181,0,696,5.006613,classic_shard_4000_5000_per_fault.csv
4026,16146,3,True,1,0,34,0,306,0.798423,classic_shard_4000_5000_per_fault.csv
4027,16146,4,False,2,57,163,0,452,5.018287,classic_shard_4000_5000_per_fault.csv
4028,16148,3,True,1,0,17,0,140,0.404803,classic_shard_4000_5000_per_fault.csv
4029,16150,3,True,1,0,7,0,21,0.170386,classic_shard_4000_5000_per_fault.csv
4030,16153,4,False,2,55,167,0,1453,5.002395,classic_shard_4000_5000_per_fault.csv
4031,16155,3,False,2,46,178,0,2557,5.000744,classic_shard_4000_5000_per_fault.csv
4032,16155,4,False,2,58,163,0,1261,5.021202,classic_shard_4000_5000_per_fault.csv
4033,16160,4,True,1,0,24,0,251,0.556306,classic_shard_4000_5000_per_fault.csv
4034,16163,3,True,1,6,36,0,279,0.968947,classic_shard_4000_5000_per_fault.csv
4035,16171,3,True,1,64,147,0,411,4.947534,classic_shard_4000_5000_per_fault.csv
4036,16174,3,True,1,36,93,0,724,3.09951,classic_shard_4000_5000_per_fault.csv
4037,16174,4,False,2,62,154,0,167,5.003551,classic_shard_4000_5000_per_fault.csv
4038,16177,4,True,1,12,56,0,616,1.57058,classic_shard_4000_5000_per_fault.csv
4039,16196,3,True,1,0,30,0,360,0.695608,classic_shard_4000_5000_per_fault.csv
4040,16200,4,False,2,61,165,0,1233,5.062464,classic_shard_4000_5000_per_fault.csv
4041,16201,4,False,2,66,158,0,1033,5.125524,classic_shard_4000_5000_per_fault.csv
4042,16202,4,False,2,46,138,0,1081,5.007007,classic_shard_4000_5000_per_fault.csv
4043,16204,3,False,2,40,122,0,630,5.047982,classic_shard_4000_5000_per_fault.csv
4044,16209,3,False,2,35,94,0,275,5.952913,classic_shard_4000_5000_per_fault.csv
4045,16210,4,True,1,0,39,0,317,1.822609,classic_shard_4000_5000_per_fault.csv
4046,16211,3,True,1,0,39,0,287,1.820474,classic_shard_4000_5000_per_fault.csv
4047,16211,4,True,1,0,19,0,168,0.970297,classic_shard_4000_5000_per_fault.csv
4048,16217,3,False,2,19,93,0,243,5.057642,classic_shard_4000_5000_per_fault.csv
4049,16220,3,True,1,11,48,0,407,2.709266,classic_shard_4000_5000_per_fault.csv
4050,16220,4,False,2,27,86,0,482,5.313503,classic_shard_4000_5000_per_fault.csv
4051,16223,3,True,1,0,21,0,193,0.97334,classic_shard_4000_5000_per_fault.csv
4052,16224,3,False,2,19,92,0,593,5.053097,classic_shard_4000_5000_per_fault.csv
4053,16224,4,False,2,19,92,0,625,5.067755,classic_shard_4000_5000_per_fault.csv
4054,16225,3,False,2,16,92,0,711,5.039147,classic_shard_4000_5000_per_fault.csv
4055,16226,3,False,2,17,91,0,626,5.01709,classic_shard_4000_5000_per_fault.csv
4056,16229,4,False,2,22,85,0,211,5.00594,classic_shard_4000_5000_per_fault.csv
4057,16231,4,False,2,33,74,0,380,5.006923,classic_shard_4000_5000_per_fault.csv
4058,16232,4,False,2,33,85,0,473,5.00295,classic_shard_4000_5000_per_fault.csv
4059,16234,4,False,2,56,134,0,239,5.002336,classic_shard_4000_5000_per_fault.csv
4060,16235,3,False,2,55,163,0,710,5.000175,classic_shard_4000_5000_per_fault.csv
4061,16237,4,True,1,0,30,0,259,0.691531,classic_shard_4000_5000_per_fault.csv
4062,16241,4,False,2,50,173,0,626,5.04117,classic_shard_4000_5000_per_fault.csv
4063,16242,4,False,2,54,161,0,938,5.049936,classic_shard_4000_5000_per_fault.csv
4064,16245,4,True,1,0,29,0,237,0.674827,classic_shard_4000_5000_per_fault.csv
4065,16246,4,True,1,0,35,0,309,0.810022,classic_shard_4000_5000_per_fault.csv
4066,16247,3,True,1,0,28,0,248,0.650692,classic_shard_4000_5000_per_fault.csv
4067,16253,4,True,1,0,27,0,224,0.940579,classic_shard_4000_5000_per_fault.csv
4068,16255,3,False,2,24,120,0,489,5.07307,classic_shard_4000_5000_per_fault.csv
4069,16255,4,True,1,0,31,0,248,1.247996,classic_shard_4000_5000_per_fault.csv
4070,16260,3,True,1,0,25,0,212,0.65833,classic_shard_4000_5000_per_fault.csv
4071,16265,3,True,1,0,6,0,14,0.143605,classic_shard_4000_5000_per_fault.csv
4072,16269,4,False,2,28,113,0,810,5.015028,classic_shard_4000_5000_per_fault.csv
4073,16270,4,False,2,6,100,0,561,5.015032,classic_shard_4000_5000_per_fault.csv
4074,16271,3,False,2,17,88,0,716,5.062772,classic_shard_4000_5000_per_fault.csv
4075,16272,3,False,2,17,88,0,855,5.049557,classic_shard_4000_5000_per_fault.csv
4076,16272,4,False,2,17,90,0,806,5.039402,classic_shard_4000_5000_per_fault.csv
4077,16274,4,False,2,26,80,0,620,5.030819,classic_shard_4000_5000_per_fault.csv
4078,16276,3,True,1,0,17,0,154,0.797824,classic_shard_4000_5000_per_fault.csv
4079,16279,4,True,1,0,10,0,51,0.472651,classic_shard_4000_5000_per_fault.csv
4080,16280,4,True,1,0,10,0,51,0.46529,classic_shard_4000_5000_per_fault.csv
4081,16281,4,True,1,0,10,0,51,0.506689,classic_shard_4000_5000_per_fault.csv
4082,16284,3,True,1,0,6,0,15,0.30063,classic_shard_4000_5000_per_fault.csv
4083,16284,4,True,1,0,10,0,51,0.471096,classic_shard_4000_5000_per_fault.csv
4084,16288,4,True,1,0,6,0,20,0.286624,classic_shard_4000_5000_per_fault.csv
4085,16289,3,True,1,0,4,0,13,0.194536,classic_shard_4000_5000_per_fault.csv
4086,16291,3,True,1,0,4,0,13,0.191972,classic_shard_4000_5000_per_fault.csv
4087,16293,4,True,1,0,10,0,46,0.469759,classic_shard_4000_5000_per_fault.csv
4088,16295,3,True,1,0,6,0,15,0.290168,classic_shard_4000_5000_per_fault.csv
4089,16296,4,True,1,0,10,0,46,0.473569,classic_shard_4000_5000_per_fault.csv
4090,16298,4,True,1,0,10,0,46,0.48183,classic_shard_4000_5000_per_fault.csv
4091,16302,3,True,1,0,4,0,14,0.193806,classic_shard_4000_5000_per_fault.csv
4092,16306,4,True,1,0,6,0,20,0.287334,classic_shard_4000_5000_per_fault.csv
4093,16308,4,True,1,0,6,0,20,0.289134,classic_shard_4000_5000_per_fault.csv
4094,16310,4,True,1,0,10,0,48,0.481816,classic_shard_4000_5000_per_fault.csv
4095,16311,4,True,1,0,10,0,48,0.485263,classic_shard_4000_5000_per_fault.csv
4096,16313,4,True,1,0,10,0,48,0.479977,classic_shard_4000_5000_per_fault.csv
4097,16314,4,True,1,0,10,0,48,0.476657,classic_shard_4000_5000_per_fault.csv
4098,16317,3,True,1,0,4,0,14,0.190051,classic_shard_4000_5000_per_fault.csv
4099,16318,4,True,1,0,6,0,20,0.291471,classic_shard_4000_5000_per_fault.csv
4100,16319,4,True,1,0,6,0,20,0.290097,classic_shard_4000_5000_per_fault.csv
4101,16320,3,True,1,0,4,0,14,0.193526,classic_shard_4000_5000_per_fault.csv
4102,16320,4,True,1,0,6,0,20,0.29589,classic_shard_4000_5000_per_fault.csv
4103,16321,4,True,1,0,6,0,20,0.284669,classic_shard_4000_5000_per_fault.csv
4104,16322,3,True,1,0,4,0,14,0.199658,classic_shard_4000_5000_per_fault.csv
4105,16323,3,True,1,0,4,0,14,0.205728,classic_shard_4000_5000_per_fault.csv
4106,16323,4,True,1,0,6,0,20,0.290967,classic_shard_4000_5000_per_fault.csv
4107,16324,4,True,1,0,6,0,20,0.292798,classic_shard_4000_5000_per_fault.csv
4108,16325,3,True,1,0,6,0,15,0.287859,classic_shard_4000_5000_per_fault.csv
4109,16326,3,True,1,0,6,0,15,0.2905,classic_shard_4000_5000_per_fault.csv
4110,16327,4,True,1,0,10,0,54,0.470909,classic_shard_4000_5000_per_fault.csv
4111,16329,4,True,1,0,10,0,54,0.475057,classic_shard_4000_5000_per_fault.csv
4112,16330,3,True,1,0,6,0,15,0.295329,classic_shard_4000_5000_per_fault.csv
4113,16333,3,True,1,0,4,0,14,0.193888,classic_shard_4000_5000_per_fault.csv
4114,16334,3,True,1,0,4,0,14,0.195435,classic_shard_4000_5000_per_fault.csv
4115,16335,3,True,1,0,4,0,14,0.196603,classic_shard_4000_5000_per_fault.csv
4116,16336,3,True,1,0,4,0,14,0.193691,classic_shard_4000_5000_per_fault.csv
4117,16338,3,True,1,0,4,0,14,0.189714,classic_shard_4000_5000_per_fault.csv
4118,16339,4,True,1,0,6,0,20,0.282862,classic_shard_4000_5000_per_fault.csv
4119,16340,4,True,1,0,6,0,20,0.286917,classic_shard_4000_5000_per_fault.csv
4120,16341,4,True,1,0,10,0,46,0.469847,classic_shard_4000_5000_per_fault.csv
4121,16343,3,True,1,0,6,0,15,0.284593,classic_shard_4000_5000_per_fault.csv
4122,16347,4,True,1,0,10,0,46,0.471158,classic_shard_4000_5000_per_fault.csv
4123,16349,4,True,1,0,6,0,20,0.285503,classic_shard_4000_5000_per_fault.csv
4124,16350,3,True,1,0,4,0,13,0.192385,classic_shard_4000_5000_per_fault.csv
4125,16351,4,True,1,0,6,0,20,0.284853,classic_shard_4000_5000_per_fault.csv
4126,16352,3,True,1,0,4,0,13,0.190249,classic_shard_4000_5000_per_fault.csv
4127,16352,4,True,1,0,6,0,20,0.282359,classic_shard_4000_5000_per_fault.csv
4128,16355,3,True,1,0,4,0,13,0.194686,classic_shard_4000_5000_per_fault.csv
4129,16355,4,True,1,0,6,0,20,0.282597,classic_shard_4000_5000_per_fault.csv
4130,16362,4,True,1,0,10,0,45,0.484125,classic_shard_4000_5000_per_fault.csv
4131,16363,3,True,1,0,6,0,15,0.283833,classic_shard_4000_5000_per_fault.csv
4132,16363,4,True,1,0,10,0,45,0.467844,classic_shard_4000_5000_per_fault.csv
4133,16364,4,True,1,0,10,0,45,0.475904,classic_shard_4000_5000_per_fault.csv
4134,16367,3,True,1,0,4,0,14,0.188671,classic_shard_4000_5000_per_fault.csv
4135,16368,4,True,1,0,6,0,20,0.286413,classic_shard_4000_5000_per_fault.csv
4136,16371,3,True,1,0,4,0,14,0.190322,classic_shard_4000_5000_per_fault.csv
4137,16371,4,True,1,0,6,0,20,0.292882,classic_shard_4000_5000_per_fault.csv
4138,16372,3,True,1,0,4,0,14,0.19563,classic_shard_4000_5000_per_fault.csv
4139,16372,4,True,1,0,6,0,20,0.283573,classic_shard_4000_5000_per_fault.csv
4140,16375,4,True,1,0,10,0,49,0.484697,classic_shard_4000_5000_per_fault.csv
4141,16376,3,True,1,0,6,0,15,0.293875,classic_shard_4000_5000_per_fault.csv
4142,16377,4,True,1,0,10,0,49,0.483347,classic_shard_4000_5000_per_fault.csv
4143,16379,3,True,1,0,6,0,15,0.286901,classic_shard_4000_5000_per_fault.csv
4144,16380,3,True,1,0,6,0,15,0.289714,classic_shard_4000_5000_per_fault.csv
4145,16383,3,True,1,0,4,0,14,0.193807,classic_shard_4000_5000_per_fault.csv
4146,16385,3,True,1,0,4,0,14,0.193575,classic_shard_4000_5000_per_fault.csv
4147,16385,4,True,1,0,6,0,20,0.292348,classic_shard_4000_5000_per_fault.csv
4148,16386,3,True,1,0,4,0,14,0.193582,classic_shard_4000_5000_per_fault.csv
4149,16387,3,True,1,0,4,0,14,0.191251,classic_shard_4000_5000_per_fault.csv
4150,16387,4,True,1,0,6,0,20,0.292132,classic_shard_4000_5000_per_fault.csv
4151,16389,4,True,1,0,10,0,57,0.300244,classic_shard_4000_5000_per_fault.csv
4152,16393,4,True,1,0,10,0,57,0.239271,classic_shard_4000_5000_per_fault.csv
4153,16398,3,True,1,0,4,0,13,0.096621,classic_shard_4000_5000_per_fault.csv
4154,16406,3,True,1,0,6,0,15,0.144215,classic_shard_4000_5000_per_fault.csv
4155,16406,4,True,1,0,5,0,13,0.120382,classic_shard_4000_5000_per_fault.csv
4156,16407,3,True,1,0,6,0,15,0.144421,classic_shard_4000_5000_per_fault.csv
4157,16408,4,True,1,0,5,0,13,0.221032,classic_shard_4000_5000_per_fault.csv
4158,16410,4,True,1,0,5,0,13,0.190078,classic_shard_4000_5000_per_fault.csv
4159,16411,3,True,1,0,6,0,15,0.222671,classic_shard_4000_5000_per_fault.csv
4160,16416,4,True,1,0,5,0,13,0.148155,classic_shard_4000_5000_per_fault.csv
4161,16417,3,True,1,0,6,0,15,0.144806,classic_shard_4000_5000_per_fault.csv
4162,16418,3,True,1,0,6,0,15,0.145506,classic_shard_4000_5000_per_fault.csv
4163,16423,3,True,1,0,6,0,15,0.144809,classic_shard_4000_5000_per_fault.csv
4164,16426,4,True,1,0,5,0,13,0.120174,classic_shard_4000_5000_per_fault.csv
4165,16429,4,True,1,0,5,0,13,0.119557,classic_shard_4000_5000_per_fault.csv
4166,16430,4,True,1,0,5,0,13,0.119068,classic_shard_4000_5000_per_fault.csv
4167,16432,3,True,1,0,6,0,15,0.145652,classic_shard_4000_5000_per_fault.csv
4168,16433,3,True,1,0,6,0,17,0.143298,classic_shard_4000_5000_per_fault.csv
4169,16439,4,True,1,0,5,0,15,0.119023,classic_shard_4000_5000_per_fault.csv
4170,16440,4,True,1,0,5,0,15,0.119562,classic_shard_4000_5000_per_fault.csv
4171,16443,3,True,1,0,6,0,17,0.220884,classic_shard_4000_5000_per_fault.csv
4172,16452,3,True,1,0,6,0,17,0.291404,classic_shard_4000_5000_per_fault.csv
4173,16452,4,True,1,0,5,0,14,0.243691,classic_shard_4000_5000_per_fault.csv
4174,16453,4,True,1,0,5,0,14,0.247927,classic_shard_4000_5000_per_fault.csv
4175,16455,4,True,1,0,5,0,14,0.233324,classic_shard_4000_5000_per_fault.csv
4176,16466,4,True,1,0,5,0,15,0.126263,classic_shard_4000_5000_per_fault.csv
4177,16471,3,True,1,0,6,0,17,0.211148,classic_shard_4000_5000_per_fault.csv
4178,16474,4,True,1,1,42,0,369,1.514804,classic_shard_4000_5000_per_fault.csv
4179,16480,3,True,1,0,15,0,89,0.535657,classic_shard_4000_5000_per_fault.csv
4180,16480,4,True,1,0,26,0,278,1.173324,classic_shard_4000_5000_per_fault.csv
4181,16484,4,True,1,0,7,0,26,0.341734,classic_shard_4000_5000_per_fault.csv
4182,16487,3,True,1,0,6,0,16,0.293216,classic_shard_4000_5000_per_fault.csv
4183,16488,3,True,1,0,6,0,16,0.297443,classic_shard_4000_5000_per_fault.csv
4184,16491,3,True,1,0,6,0,16,0.292563,classic_shard_4000_5000_per_fault.csv
4185,16493,4,True,1,0,8,0,32,0.391224,classic_shard_4000_5000_per_fault.csv
4186,16495,3,True,1,0,6,0,16,0.289974,classic_shard_4000_5000_per_fault.csv
4187,16503,4,True,1,0,8,0,33,0.380796,classic_shard_4000_5000_per_fault.csv
4188,16506,3,True,1,0,5,0,14,0.165045,classic_shard_4000_5000_per_fault.csv
4189,16508,3,True,1,0,6,0,15,0.142081,classic_shard_4000_5000_per_fault.csv
4190,16510,4,True,1,0,14,0,67,0.328066,classic_shard_4000_5000_per_fault.csv
4191,16515,3,True,1,0,5,0,15,0.118592,classic_shard_4000_5000_per_fault.csv
4192,16516,4,True,1,0,4,0,10,0.096975,classic_shard_4000_5000_per_fault.csv
4193,16517,4,True,1,0,20,0,228,0.823428,classic_shard_4000_5000_per_fault.csv
4194,16518,3,True,1,0,24,0,149,0.833688,classic_shard_4000_5000_per_fault.csv
4195,16523,3,True,1,0,4,0,5,0.194607,classic_shard_4000_5000_per_fault.csv
4196,16528,3,True,1,0,4,0,5,0.183283,classic_shard_4000_5000_per_fault.csv
4197,16530,3,True,1,0,4,0,5,0.11067,classic_shard_4000_5000_per_fault.csv
4198,16533,4,True,1,4,34,0,339,0.901207,classic_shard_4000_5000_per_fault.csv
4199,16536,4,True,1,0,4,0,6,0.132526,classic_shard_4000_5000_per_fault.csv
4200,16539,4,True,1,0,4,0,6,0.192616,classic_shard_4000_5000_per_fault.csv
4201,16541,3,True,1,0,23,0,265,0.635359,classic_shard_4000_5000_per_fault.csv
4202,16542,4,True,1,0,4,0,6,0.09672,classic_shard_4000_5000_per_fault.csv
4203,16544,3,True,1,0,23,0,265,0.54094,classic_shard_4000_5000_per_fault.csv
4204,16546,4,True,1,0,4,0,6,0.097399,classic_shard_4000_5000_per_fault.csv
4205,16548,4,True,1,0,4,0,6,0.09766,classic_shard_4000_5000_per_fault.csv
4206,16549,4,True,1,0,4,0,6,0.097482,classic_shard_4000_5000_per_fault.csv
4207,16551,4,True,1,0,5,0,18,0.120453,classic_shard_4000_5000_per_fault.csv
4208,16557,3,True,1,0,4,0,5,0.097815,classic_shard_4000_5000_per_fault.csv
4209,16561,4,True,1,0,5,0,18,0.120444,classic_shard_4000_5000_per_fault.csv
4210,16562,3,True,1,0,4,0,5,0.096971,classic_shard_4000_5000_per_fault.csv
4211,16562,4,True,1,0,5,0,18,0.121082,classic_shard_4000_5000_per_fault.csv
4212,16565,3,True,1,0,4,0,5,0.099202,classic_shard_4000_5000_per_fault.csv
4213,16566,3,True,1,0,24,0,284,0.565774,classic_shard_4000_5000_per_fault.csv
4214,16570,4,True,1,0,4,0,6,0.098203,classic_shard_4000_5000_per_fault.csv
4215,16581,3,True,1,0,24,0,284,0.567013,classic_shard_4000_5000_per_fault.csv
4216,16582,4,True,1,0,4,0,6,0.097538,classic_shard_4000_5000_per_fault.csv
4217,16583,4,True,1,0,4,0,6,0.096919,classic_shard_4000_5000_per_fault.csv
4218,16585,3,True,1,0,24,0,284,0.565877,classic_shard_4000_5000_per_fault.csv
4219,16586,3,True,1,0,24,0,284,0.567011,classic_shard_4000_5000_per_fault.csv
4220,16590,3,True,1,0,24,0,284,0.569845,classic_shard_4000_5000_per_fault.csv
4221,16591,3,True,1,0,24,0,284,0.565778,classic_shard_4000_5000_per_fault.csv
4222,16591,4,True,1,0,4,0,6,0.098591,classic_shard_4000_5000_per_fault.csv
4223,16597,3,True,1,0,12,0,65,0.286116,classic_shard_4000_5000_per_fault.csv
4224,16598,3,True,1,0,3,0,2,0.073153,classic_shard_4000_5000_per_fault.csv
4225,16601,3,True,1,0,20,0,69,0.480664,classic_shard_4000_5000_per_fault.csv
4226,16603,3,True,1,0,20,0,71,0.488405,classic_shard_4000_5000_per_fault.csv
4227,16607,4,True,1,0,3,0,4,0.077971,classic_shard_4000_5000_per_fault.csv
4228,16609,3,True,1,0,20,0,72,0.481184,classic_shard_4000_5000_per_fault.csv
4229,16609,4,True,1,0,3,0,4,0.073172,classic_shard_4000_5000_per_fault.csv
4230,16610,3,True,1,0,20,0,71,0.478348,classic_shard_4000_5000_per_fault.csv
4231,16612,3,True,1,0,20,0,71,0.478187,classic_shard_4000_5000_per_fault.csv
4232,16616,4,True,1,0,3,0,4,0.072481,classic_shard_4000_5000_per_fault.csv
4233,16618,4,True,1,0,3,0,4,0.073125,classic_shard_4000_5000_per_fault.csv
4234,16624,4,True,1,0,3,0,4,0.073935,classic_shard_4000_5000_per_fault.csv
4235,16625,4,True,1,0,3,0,4,0.072329,classic_shard_4000_5000_per_fault.csv
4236,16629,4,True,1,0,3,0,4,0.073034,classic_shard_4000_5000_per_fault.csv
4237,16631,4,True,1,0,3,0,4,0.072769,classic_shard_4000_5000_per_fault.csv
4238,16635,4,False,2,59,157,0,839,5.005821,classic_shard_4000_5000_per_fault.csv
4239,16636,3,True,1,0,20,0,239,0.47289,classic_shard_4000_5000_per_fault.csv
4240,16638,3,True,1,0,20,0,239,0.468718,classic_shard_4000_5000_per_fault.csv
4241,16639,3,True,1,0,20,0,239,0.47017,classic_shard_4000_5000_per_fault.csv
4242,16639,4,True,1,0,4,0,10,0.09673,classic_shard_4000_5000_per_fault.csv
4243,16645,3,True,1,0,3,0,6,0.073099,classic_shard_4000_5000_per_fault.csv
4244,16645,4,True,1,0,19,0,89,0.453271,classic_shard_4000_5000_per_fault.csv
4245,16649,4,True,1,0,19,0,89,0.455581,classic_shard_4000_5000_per_fault.csv
4246,16652,4,True,1,0,19,0,88,0.454889,classic_shard_4000_5000_per_fault.csv
4247,16653,4,True,1,0,19,0,89,0.455563,classic_shard_4000_5000_per_fault.csv
4248,16656,3,True,1,0,48,0,333,1.133716,classic_shard_4000_5000_per_fault.csv
4249,16663,4,True,1,0,63,0,421,1.477022,classic_shard_4000_5000_per_fault.csv
4250,16667,4,True,1,0,41,0,408,0.956521,classic_shard_4000_5000_per_fault.csv
4251,16673,3,True,1,0,22,0,169,0.511191,classic_shard_4000_5000_per_fault.csv
4252,16714,3,True,1,0,8,0,26,0.191289,classic_shard_4000_5000_per_fault.csv
4253,16716,4,True,1,54,129,0,1023,4.364075,classic_shard_4000_5000_per_fault.csv
4254,16723,4,True,1,0,8,0,26,0.192239,classic_shard_4000_5000_per_fault.csv
4255,16745,3,True,1,0,48,0,420,1.438514,classic_shard_4000_5000_per_fault.csv
4256,16746,3,False,2,37,100,0,600,5.011453,classic_shard_4000_5000_per_fault.csv
4257,16746,4,True,1,0,20,0,117,0.942441,classic_shard_4000_5000_per_fault.csv
4258,16752,4,True,1,1,25,0,162,0.89304,classic_shard_4000_5000_per_fault.csv
4259,16753,4,False,2,27,169,0,650,5.038037,classic_shard_4000_5000_per_fault.csv
4260,16755,3,True,1,0,36,0,339,1.439876,classic_shard_4000_5000_per_fault.csv
4261,16755,4,True,1,1,26,0,174,0.623414,classic_shard_4000_5000_per_fault.csv
4262,16756,3,False,2,40,182,0,677,5.038914,classic_shard_4000_5000_per_fault.csv
4263,16756,4,False,2,59,157,0,347,5.005631,classic_shard_4000_5000_per_fault.csv
4264,16758,3,False,2,13,141,0,581,5.000878,classic_shard_4000_5000_per_fault.csv
4265,16759,4,True,1,0,18,0,149,0.422036,classic_shard_4000_5000_per_fault.csv
4266,16760,4,True,1,0,34,0,307,0.797918,classic_shard_4000_5000_per_fault.csv
4267,16761,3,True,1,0,18,0,159,0.419072,classic_shard_4000_5000_per_fault.csv
4268,16769,4,False,2,38,185,0,1033,5.000847,classic_shard_4000_5000_per_fault.csv
4269,16772,3,False,2,36,184,0,1145,5.006779,classic_shard_4000_5000_per_fault.csv
4270,16772,4,False,2,29,194,0,1107,5.002734,classic_shard_4000_5000_per_fault.csv
4271,16781,3,False,2,56,162,0,1262,5.003934,classic_shard_4000_5000_per_fault.csv
4272,16782,4,False,2,34,187,0,1136,5.012175,classic_shard_4000_5000_per_fault.csv
4273,16785,4,False,2,65,155,0,1083,5.021462,classic_shard_4000_5000_per_fault.csv
4274,16787,4,True,1,0,24,0,223,0.56244,classic_shard_4000_5000_per_fault.csv
4275,16789,4,True,1,0,24,0,223,0.562942,classic_shard_4000_5000_per_fault.csv
4276,16791,3,True,1,0,5,0,8,0.120068,classic_shard_4000_5000_per_fault.csv
4277,16793,3,True,1,0,5,0,8,0.120095,classic_shard_4000_5000_per_fault.csv
4278,16795,3,True,1,0,5,0,8,0.119439,classic_shard_4000_5000_per_fault.csv
4279,16796,3,True,1,0,5,0,8,0.119977,classic_shard_4000_5000_per_fault.csv
4280,16797,3,True,1,0,5,0,8,0.120203,classic_shard_4000_5000_per_fault.csv
4281,16797,4,True,1,0,24,0,223,0.562716,classic_shard_4000_5000_per_fault.csv
4282,16798,3,True,1,0,5,0,8,0.120725,classic_shard_4000_5000_per_fault.csv
4283,16800,3,True,1,0,5,0,8,0.120157,classic_shard_4000_5000_per_fault.csv
4284,16803,3,True,1,0,5,0,8,0.12132,classic_shard_4000_5000_per_fault.csv
4285,16805,4,True,1,0,24,0,223,0.567428,classic_shard_4000_5000_per_fault.csv
4286,16806,4,True,1,0,24,0,223,0.562218,classic_shard_4000_5000_per_fault.csv
4287,16810,3,True,1,0,5,0,8,0.119661,classic_shard_4000_5000_per_fault.csv
4288,16811,3,True,1,0,5,0,8,0.120309,classic_shard_4000_5000_per_fault.csv
4289,16811,4,True,1,0,24,0,223,0.563731,classic_shard_4000_5000_per_fault.csv
4290,16813,4,True,1,0,24,0,223,0.562938,classic_shard_4000_5000_per_fault.csv
4291,16817,3,True,1,0,5,0,8,0.120536,classic_shard_4000_5000_per_fault.csv
4292,16818,3,True,1,0,5,0,8,0.120865,classic_shard_4000_5000_per_fault.csv
4293,16819,3,True,1,0,5,0,8,0.120047,classic_shard_4000_5000_per_fault.csv
4294,16820,3,True,1,0,5,0,8,0.120189,classic_shard_4000_5000_per_fault.csv
4295,16821,3,True,1,0,5,0,8,0.119951,classic_shard_4000_5000_per_fault.csv
4296,16823,4,True,1,0,21,0,210,0.49075,classic_shard_4000_5000_per_fault.csv
4297,16825,3,True,1,0,5,0,8,0.119474,classic_shard_4000_5000_per_fault.csv
4298,16826,4,True,1,0,21,0,210,0.492598,classic_shard_4000_5000_per_fault.csv
4299,16831,4,True,1,0,21,0,210,0.495975,classic_shard_4000_5000_per_fault.csv
4300,16837,3,True,1,0,5,0,8,0.124274,classic_shard_4000_5000_per_fault.csv
4301,16839,3,True,1,0,5,0,8,0.119797,classic_shard_4000_5000_per_fault.csv
4302,16839,4,True,1,0,21,0,210,0.493401,classic_shard_4000_5000_per_fault.csv
4303,16846,4,True,1,0,21,0,210,0.491904,classic_shard_4000_5000_per_fault.csv
4304,16847,4,True,1,0,21,0,210,0.492427,classic_shard_4000_5000_per_fault.csv
4305,16850,3,True,1,0,24,0,254,0.563657,classic_shard_4000_5000_per_fault.csv
4306,16859,4,True,1,55,131,0,1103,4.381935,classic_shard_4000_5000_per_fault.csv
4307,16866,3,True,1,0,20,0,199,0.472531,classic_shard_4000_5000_per_fault.csv
4308,16868,4,False,2,51,169,0,956,5.043505,classic_shard_4000_5000_per_fault.csv
4309,16870,4,False,2,65,148,0,957,5.006618,classic_shard_4000_5000_per_fault.csv
4310,16881,4,True,1,0,30,0,387,0.701387,classic_shard_4000_5000_per_fault.csv
4311,16882,4,True,1,0,29,0,371,0.677021,classic_shard_4000_5000_per_fault.csv
4312,16884,4,True,1,0,10,0,89,0.236421,classic_shard_4000_5000_per_fault.csv
4313,16885,3,False,2,65,157,0,1062,5.034207,classic_shard_4000_5000_per_fault.csv
4314,16886,3,False,2,67,150,0,943,5.032891,classic_shard_4000_5000_per_fault.csv
4315,16887,3,False,2,54,166,0,768,5.007029,classic_shard_4000_5000_per_fault.csv
4316,16887,4,True,1,0,22,0,146,0.519322,classic_shard_4000_5000_per_fault.csv
4317,16891,4,False,2,60,158,0,1043,5.001409,classic_shard_4000_5000_per_fault.csv
4318,16892,3,False,2,66,151,0,1161,5.001001,classic_shard_4000_5000_per_fault.csv
4319,16894,4,False,2,61,159,0,1156,5.037148,classic_shard_4000_5000_per_fault.csv
4320,16896,4,False,2,62,161,0,291,5.018524,classic_shard_4000_5000_per_fault.csv
4321,16899,3,True,1,4,34,0,285,0.890241,classic_shard_4000_5000_per_fault.csv
4322,16902,3,True,1,0,19,0,175,0.443469,classic_shard_4000_5000_per_fault.csv
4323,16902,4,True,1,0,39,0,305,0.914971,classic_shard_4000_5000_per_fault.csv
4324,16910,4,False,2,60,159,0,932,5.003812,classic_shard_4000_5000_per_fault.csv
4325,16914,4,False,2,58,160,0,894,5.074661,classic_shard_4000_5000_per_fault.csv
4326,16915,3,True,1,0,56,0,362,1.317297,classic_shard_4000_5000_per_fault.csv
4327,16915,4,True,1,0,21,0,187,0.49407,classic_shard_4000_5000_per_fault.csv
4328,16918,4,False,2,60,158,0,825,5.015615,classic_shard_4000_5000_per_fault.csv
4329,16921,4,False,2,51,169,0,323,5.011493,classic_shard_4000_5000_per_fault.csv
4330,16923,4,False,2,51,157,0,785,5.020927,classic_shard_4000_5000_per_fault.csv
4331,16925,4,True,1,0,29,0,282,0.803092,classic_shard_4000_5000_per_fault.csv
4332,16926,4,False,2,38,156,0,556,5.037285,classic_shard_4000_5000_per_fault.csv
4333,16928,3,False,2,41,134,0,827,5.334997,classic_shard_4000_5000_per_fault.csv
4334,16930,3,False,2,53,159,0,941,5.043829,classic_shard_4000_5000_per_fault.csv
4335,16932,3,False,2,59,161,0,747,5.000831,classic_shard_4000_5000_per_fault.csv
4336,16933,4,False,2,58,162,0,825,5.003573,classic_shard_4000_5000_per_fault.csv
4337,16939,4,False,2,54,163,0,835,5.021001,classic_shard_4000_5000_per_fault.csv
4338,16942,3,False,2,50,172,0,517,5.00941,classic_shard_4000_5000_per_fault.csv
4339,16943,3,True,1,0,24,0,231,0.553691,classic_shard_4000_5000_per_fault.csv
4340,16943,4,True,1,0,28,0,276,0.649016,classic_shard_4000_5000_per_fault.csv
4341,16946,3,True,1,0,48,0,493,1.110198,classic_shard_4000_5000_per_fault.csv
4342,16948,4,True,1,0,63,0,597,1.463075,classic_shard_4000_5000_per_fault.csv
4343,16950,4,True,1,0,7,0,34,0.165605,classic_shard_4000_5000_per_fault.csv
4344,16951,3,True,1,0,32,0,316,0.741705,classic_shard_4000_5000_per_fault.csv
4345,16953,3,False,2,43,173,0,601,5.015257,classic_shard_4000_5000_per_fault.csv
4346,16953,4,True,1,0,29,0,264,0.669568,classic_shard_4000_5000_per_fault.csv
4347,16954,3,False,2,55,162,0,932,5.016247,classic_shard_4000_5000_per_fault.csv
4348,16959,4,True,1,0,17,0,150,0.395456,classic_shard_4000_5000_per_fault.csv
4349,16967,3,True,1,0,6,0,15,0.14261,classic_shard_4000_5000_per_fault.csv
4350,16969,4,True,1,0,6,0,20,0.143924,classic_shard_4000_5000_per_fault.csv
4351,16971,4,True,1,0,6,0,20,0.142795,classic_shard_4000_5000_per_fault.csv
4352,16973,3,True,1,0,4,0,14,0.096954,classic_shard_4000_5000_per_fault.csv
4353,16975,4,True,1,0,6,0,20,0.142677,classic_shard_4000_5000_per_fault.csv
4354,16978,3,True,1,0,6,0,15,0.142377,classic_shard_4000_5000_per_fault.csv
4355,16981,3,True,1,0,6,0,15,0.142436,classic_shard_4000_5000_per_fault.csv
4356,16981,4,True,1,0,10,0,47,0.234459,classic_shard_4000_5000_per_fault.csv
4357,16983,3,True,1,0,6,0,15,0.142879,classic_shard_4000_5000_per_fault.csv
4358,16988,3,True,1,0,4,0,14,0.095481,classic_shard_4000_5000_per_fault.csv
4359,16990,3,True,1,0,4,0,14,0.0957,classic_shard_4000_5000_per_fault.csv
4360,16991,3,True,1,0,4,0,14,0.095789,classic_shard_4000_5000_per_fault.csv
4361,16992,3,True,1,0,4,0,14,0.095356,classic_shard_4000_5000_per_fault.csv
4362,16994,4,True,1,0,10,0,49,0.234474,classic_shard_4000_5000_per_fault.csv
4363,16996,4,True,1,0,10,0,49,0.233966,classic_shard_4000_5000_per_fault.csv
4364,16997,3,True,1,0,6,0,15,0.142941,classic_shard_4000_5000_per_fault.csv
4365,16997,4,True,1,0,10,0,49,0.234543,classic_shard_4000_5000_per_fault.csv
4366,16998,4,True,1,0,10,0,49,0.234999,classic_shard_4000_5000_per_fault.csv
4367,16999,4,True,1,0,10,0,49,0.236255,classic_shard_4000_5000_per_fault.csv
4368,17003,4,True,1,0,6,0,20,0.142527,classic_shard_4000_5000_per_fault.csv
4369,17006,3,True,1,0,4,0,14,0.094993,classic_shard_4000_5000_per_fault.csv
4370,17011,3,True,1,0,4,0,14,0.095405,classic_shard_4000_5000_per_fault.csv
4371,17012,3,True,1,0,4,0,14,0.096231,classic_shard_4000_5000_per_fault.csv
4372,17013,4,True,1,0,6,0,22,0.143388,classic_shard_4000_5000_per_fault.csv
4373,17017,3,True,1,0,4,0,14,0.095155,classic_shard_4000_5000_per_fault.csv
4374,17018,3,True,1,0,4,0,14,0.095304,classic_shard_4000_5000_per_fault.csv
4375,17020,3,True,1,0,4,0,14,0.09519,classic_shard_4000_5000_per_fault.csv
4376,17020,4,True,1,0,6,0,22,0.142,classic_shard_4000_5000_per_fault.csv
4377,17021,4,True,1,0,6,0,22,0.14213,classic_shard_4000_5000_per_fault.csv
4378,17022,4,True,1,0,6,0,22,0.14304,classic_shard_4000_5000_per_fault.csv
4379,17031,4,True,1,0,6,0,22,0.142402,classic_shard_4000_5000_per_fault.csv
4380,17033,4,True,1,0,6,0,22,0.143913,classic_shard_4000_5000_per_fault.csv
4381,17034,4,True,1,0,6,0,22,0.14296,classic_shard_4000_5000_per_fault.csv
4382,17035,3,True,1,0,4,0,14,0.096348,classic_shard_4000_5000_per_fault.csv
4383,17038,3,True,1,0,4,0,14,0.095314,classic_shard_4000_5000_per_fault.csv
4384,17039,4,True,1,0,6,0,22,0.144502,classic_shard_4000_5000_per_fault.csv
4385,17041,3,True,1,0,4,0,14,0.096448,classic_shard_4000_5000_per_fault.csv
4386,17043,4,True,1,0,6,0,22,0.144514,classic_shard_4000_5000_per_fault.csv
4387,17045,4,True,1,0,6,0,22,0.14305,classic_shard_4000_5000_per_fault.csv
4388,17050,3,True,1,0,7,0,32,0.261036,classic_shard_4000_5000_per_fault.csv
4389,17051,3,True,1,0,7,0,32,0.166552,classic_shard_4000_5000_per_fault.csv
4390,17052,3,True,1,26,77,0,694,3.902395,classic_shard_4000_5000_per_fault.csv
4391,17053,4,True,1,0,8,0,23,0.366561,classic_shard_4000_5000_per_fault.csv
4392,17061,4,True,1,0,13,0,68,0.598325,classic_shard_4000_5000_per_fault.csv
4393,17062,3,True,1,0,8,0,20,0.368269,classic_shard_4000_5000_per_fault.csv
4394,17065,4,True,1,0,17,0,146,0.778254,classic_shard_4000_5000_per_fault.csv
4395,17071,4,True,1,0,23,0,314,1.069447,classic_shard_4000_5000_per_fault.csv
4396,17073,4,True,1,0,25,0,386,1.151138,classic_shard_4000_5000_per_fault.csv
4397,17074,3,True,1,0,8,0,20,0.369196,classic_shard_4000_5000_per_fault.csv
4398,17075,4,True,1,0,27,0,466,1.255032,classic_shard_4000_5000_per_fault.csv
4399,17077,4,True,1,0,29,0,554,1.348517,classic_shard_4000_5000_per_fault.csv
4400,17079,3,True,1,0,7,0,14,0.330721,classic_shard_4000_5000_per_fault.csv
4401,17081,4,True,1,0,33,0,754,1.54082,classic_shard_4000_5000_per_fault.csv
4402,17084,3,True,1,0,7,0,14,0.352874,classic_shard_4000_5000_per_fault.csv
4403,17084,4,True,1,0,36,0,925,1.665531,classic_shard_4000_5000_per_fault.csv
4404,17087,4,True,1,0,38,0,1079,1.543082,classic_shard_4000_5000_per_fault.csv
4405,17088,4,True,1,0,6,0,25,0.142085,classic_shard_4000_5000_per_fault.csv
4406,17093,3,True,1,0,9,0,30,0.212724,classic_shard_4000_5000_per_fault.csv
4407,17095,3,True,1,0,8,0,20,0.189347,classic_shard_4000_5000_per_fault.csv
4408,17095,4,True,1,0,6,0,25,0.142383,classic_shard_4000_5000_per_fault.csv
4409,17100,3,True,1,0,8,0,20,0.189137,classic_shard_4000_5000_per_fault.csv
4410,17102,3,True,1,0,8,0,20,0.18975,classic_shard_4000_5000_per_fault.csv
4411,17103,4,True,1,0,6,0,25,0.14249,classic_shard_4000_5000_per_fault.csv
4412,17107,3,True,1,0,8,0,20,0.189396,classic_shard_4000_5000_per_fault.csv
4413,17109,3,True,1,0,7,0,14,0.175359,classic_shard_4000_5000_per_fault.csv
4414,17110,3,True,1,0,7,0,14,0.16917,classic_shard_4000_5000_per_fault.csv
4415,17110,4,True,1,0,6,0,25,0.145075,classic_shard_4000_5000_per_fault.csv
4416,17112,3,True,1,0,7,0,14,0.171638,classic_shard_4000_5000_per_fault.csv
4417,17112,4,True,1,0,6,0,25,0.143828,classic_shard_4000_5000_per_fault.csv
4418,17116,3,True,1,0,7,0,14,0.167485,classic_shard_4000_5000_per_fault.csv
4419,17122,4,True,1,0,4,0,11,0.095649,classic_shard_4000_5000_per_fault.csv
4420,17126,4,True,1,0,4,0,8,0.096195,classic_shard_4000_5000_per_fault.csv
4421,17131,4,True,1,0,4,0,8,0.096635,classic_shard_4000_5000_per_fault.csv
4422,17133,3,True,1,0,20,0,223,0.466797,classic_shard_4000_5000_per_fault.csv
4423,17135,3,True,1,0,20,0,223,0.466122,classic_shard_4000_5000_per_fault.csv
4424,17137,4,True,1,0,4,0,8,0.096608,classic_shard_4000_5000_per_fault.csv
4425,17141,4,True,1,0,12,0,75,0.280141,classic_shard_4000_5000_per_fault.csv
4426,17145,4,True,1,0,10,0,37,0.235884,classic_shard_4000_5000_per_fault.csv
4427,17148,3,True,1,0,4,0,10,0.095845,classic_shard_4000_5000_per_fault.csv
4428,17148,4,True,1,0,4,0,12,0.094997,classic_shard_4000_5000_per_fault.csv
4429,17150,3,True,1,0,9,0,60,0.212208,classic_shard_4000_5000_per_fault.csv
4430,17153,3,True,1,0,4,0,15,0.096107,classic_shard_4000_5000_per_fault.csv
4431,17160,3,True,1,0,25,0,275,0.578074,classic_shard_4000_5000_per_fault.csv
4432,17166,4,True,1,0,22,0,177,0.510458,classic_shard_4000_5000_per_fault.csv
4433,17172,3,True,1,0,25,0,263,0.578608,classic_shard_4000_5000_per_fault.csv
4434,17184,3,True,1,0,25,0,263,0.580528,classic_shard_4000_5000_per_fault.csv
4435,17187,4,True,1,0,41,0,379,1.663734,classic_shard_4000_5000_per_fault.csv
4436,17194,4,True,1,0,18,0,168,0.844723,classic_shard_4000_5000_per_fault.csv
4437,17214,3,True,1,0,18,0,184,0.551312,classic_shard_4000_5000_per_fault.csv
4438,17217,3,True,1,0,5,0,12,0.260168,classic_shard_4000_5000_per_fault.csv
4439,17217,4,True,1,0,7,0,26,0.268774,classic_shard_4000_5000_per_fault.csv
4440,17224,4,True,1,6,38,0,342,1.052006,classic_shard_4000_5000_per_fault.csv
4441,17232,3,True,1,2,28,0,231,0.715545,classic_shard_4000_5000_per_fault.csv
4442,17233,3,True,1,0,3,0,6,0.072236,classic_shard_4000_5000_per_fault.csv
4443,17234,4,True,1,0,19,0,88,0.449451,classic_shard_4000_5000_per_fault.csv
4444,17245,4,False,2,47,142,0,396,5.002995,classic_shard_4000_5000_per_fault.csv
4445,17247,3,False,2,37,100,0,732,5.05562,classic_shard_4000_5000_per_fault.csv
4446,17252,3,True,1,0,36,0,379,1.194688,classic_shard_4000_5000_per_fault.csv
4447,17255,3,True,1,0,18,0,116,0.570912,classic_shard_4000_5000_per_fault.csv
4448,17256,3,False,2,38,176,0,697,5.066836,classic_shard_4000_5000_per_fault.csv
4449,17261,4,False,2,57,166,0,527,5.030755,classic_shard_4000_5000_per_fault.csv
4450,17262,4,False,2,38,123,0,459,5.000527,classic_shard_4000_5000_per_fault.csv
4451,17264,3,True,1,0,20,0,116,0.466372,classic_shard_4000_5000_per_fault.csv
4452,17265,3,False,2,52,131,0,448,5.047121,classic_shard_4000_5000_per_fault.csv
4453,17268,4,False,2,59,146,0,858,5.015395,classic_shard_4000_5000_per_fault.csv
4454,17271,3,False,2,40,134,0,681,5.035072,classic_shard_4000_5000_per_fault.csv
4455,17271,4,False,2,22,147,0,827,5.139706,classic_shard_4000_5000_per_fault.csv
4456,17272,3,False,2,65,158,0,451,5.032584,classic_shard_4000_5000_per_fault.csv
4457,17273,3,False,2,77,176,0,951,5.657647,classic_shard_4000_5000_per_fault.csv
4458,17276,4,True,1,0,7,0,26,0.165531,classic_shard_4000_5000_per_fault.csv
4459,17278,3,False,2,46,178,0,977,5.026637,classic_shard_4000_5000_per_fault.csv
4460,17284,3,False,2,58,163,0,1261,5.020004,classic_shard_4000_5000_per_fault.csv
4461,17305,3,True,1,0,21,0,230,0.487775,classic_shard_4000_5000_per_fault.csv
4462,17307,3,True,1,0,21,0,230,0.487537,classic_shard_4000_5000_per_fault.csv
4463,17307,4,True,1,0,5,0,12,0.118876,classic_shard_4000_5000_per_fault.csv
4464,17308,3,True,1,0,21,0,230,0.489046,classic_shard_4000_5000_per_fault.csv
4465,17314,4,True,1,0,5,0,12,0.119327,classic_shard_4000_5000_per_fault.csv
4466,17315,4,True,1,0,5,0,12,0.119593,classic_shard_4000_5000_per_fault.csv
4467,17317,4,True,1,0,5,0,12,0.118539,classic_shard_4000_5000_per_fault.csv
4468,17319,4,True,1,0,5,0,12,0.118898,classic_shard_4000_5000_per_fault.csv
4469,17328,4,False,2,66,151,0,498,5.000115,classic_shard_4000_5000_per_fault.csv
4470,17329,4,True,1,37,94,0,506,3.029532,classic_shard_4000_5000_per_fault.csv
4471,17335,3,True,1,0,8,0,29,0.189536,classic_shard_4000_5000_per_fault.csv
4472,17335,4,True,1,0,8,0,30,0.187266,classic_shard_4000_5000_per_fault.csv
4473,17338,3,False,2,70,158,0,1499,5.127439,classic_shard_4000_5000_per_fault.csv
4474,17340,3,False,2,51,170,0,1192,5.107556,classic_shard_4000_5000_per_fault.csv
4475,17340,4,False,2,61,143,0,1347,5.103846,classic_shard_4000_5000_per_fault.csv
4476,17353,3,False,2,55,158,0,1587,5.016196,classic_shard_4000_5000_per_fault.csv
4477,17356,4,False,2,63,161,0,1130,5.063434,classic_shard_4000_5000_per_fault.csv
4478,17359,3,True,1,17,50,0,264,1.536101,classic_shard_4000_5000_per_fault.csv
4479,17359,4,False,2,41,163,0,1301,5.009971,classic_shard_4000_5000_per_fault.csv
4480,17362,4,False,2,71,171,0,1155,5.451808,classic_shard_4000_5000_per_fault.csv
4481,17363,3,False,2,54,171,0,550,5.029081,classic_shard_4000_5000_per_fault.csv
4482,17364,4,False,2,60,163,0,940,5.01409,classic_shard_4000_5000_per_fault.csv
4483,17365,4,True,1,0,3,0,6,0.072304,classic_shard_4000_5000_per_fault.csv
4484,17367,4,False,2,48,172,0,805,5.009679,classic_shard_4000_5000_per_fault.csv
4485,17368,4,True,1,0,16,0,96,0.374284,classic_shard_4000_5000_per_fault.csv
4486,17369,3,False,2,63,160,0,1168,5.042797,classic_shard_4000_5000_per_fault.csv
4487,17371,4,False,2,67,155,0,992,5.016199,classic_shard_4000_5000_per_fault.csv
4488,17375,4,False,2,63,158,0,1080,5.007751,classic_shard_4000_5000_per_fault.csv
4489,17378,3,False,2,68,154,0,1243,5.004294,classic_shard_4000_5000_per_fault.csv
4490,17381,3,False,2,65,157,0,1182,5.022329,classic_shard_4000_5000_per_fault.csv
4491,17381,4,True,1,2,35,0,253,0.854834,classic_shard_4000_5000_per_fault.csv
4492,17384,4,True,1,0,19,0,168,0.441887,classic_shard_4000_5000_per_fault.csv
4493,17385,4,True,1,0,39,0,299,0.907691,classic_shard_4000_5000_per_fault.csv
4494,17386,4,True,1,0,19,0,166,0.441643,classic_shard_4000_5000_per_fault.csv
4495,17389,3,True,1,33,96,0,442,2.934777,classic_shard_4000_5000_per_fault.csv
4496,17394,4,False,2,64,158,0,879,5.02063,classic_shard_4000_5000_per_fault.csv
4497,17395,3,False,2,62,162,0,565,5.023008,classic_shard_4000_5000_per_fault.csv
4498,17396,3,True,1,4,47,0,339,1.177314,classic_shard_4000_5000_per_fault.csv
4499,17399,3,True,1,0,35,0,227,0.813334,classic_shard_4000_5000_per_fault.csv
4500,17399,4,True,1,0,28,0,267,1.280638,classic_shard_4000_5000_per_fault.csv
4501,17405,3,False,2,56,135,0,782,5.065071,classic_shard_4000_5000_per_fault.csv
4502,17405,4,False,2,63,155,0,909,5.01679,classic_shard_4000_5000_per_fault.csv
4503,17408,4,True,1,0,26,0,248,0.602749,classic_shard_4000_5000_per_fault.csv
4504,17412,3,False,2,53,167,0,729,5.017459,classic_shard_4000_5000_per_fault.csv
4505,17412,4,True,1,0,28,0,243,0.650197,classic_shard_4000_5000_per_fault.csv
4506,17414,3,True,1,0,28,0,252,0.650234,classic_shard_4000_5000_per_fault.csv
4507,17417,3,True,1,0,26,0,246,0.604043,classic_shard_4000_5000_per_fault.csv
4508,17417,4,True,1,0,26,0,254,0.601007,classic_shard_4000_5000_per_fault.csv
4509,17418,4,True,1,0,63,0,597,1.463386,classic_shard_4000_5000_per_fault.csv
4510,17419,4,True,1,0,6,0,25,0.142617,classic_shard_4000_5000_per_fault.csv
4511,17420,3,True,1,0,25,0,254,0.577707,classic_shard_4000_5000_per_fault.csv
4512,17422,3,True,1,0,6,0,16,0.143031,classic_shard_4000_5000_per_fault.csv
4513,17423,3,True,1,0,27,0,249,0.624594,classic_shard_4000_5000_per_fault.csv
4514,17424,3,False,2,48,167,0,937,5.000532,classic_shard_4000_5000_per_fault.csv
4515,17426,3,True,1,0,63,0,738,1.465462,classic_shard_4000_5000_per_fault.csv
4516,17428,4,True,1,0,20,0,180,0.465806,classic_shard_4000_5000_per_fault.csv
4517,17431,4,True,1,0,5,0,9,0.118028,classic_shard_4000_5000_per_fault.csv
4518,17432,4,True,1,0,18,0,149,0.420081,classic_shard_4000_5000_per_fault.csv
4519,17435,3,True,1,0,5,0,7,0.118995,classic_shard_4000_5000_per_fault.csv
4520,17441,4,True,1,0,21,0,229,0.486767,classic_shard_4000_5000_per_fault.csv
4521,17442,3,True,1,0,9,0,34,0.212526,classic_shard_4000_5000_per_fault.csv
4522,17443,3,True,1,0,8,0,28,0.189477,classic_shard_4000_5000_per_fault.csv
4523,17443,4,False,2,56,136,0,1138,5.018072,classic_shard_4000_5000_per_fault.csv
4524,17444,3,True,1,0,5,0,5,0.118621,classic_shard_4000_5000_per_fault.csv
4525,17448,4,True,1,0,21,0,255,0.487095,classic_shard_4000_5000_per_fault.csv
4526,17451,3,True,1,0,10,0,29,0.236336,classic_shard_4000_5000_per_fault.csv
4527,17457,3,True,1,0,8,0,22,0.188974,classic_shard_4000_5000_per_fault.csv
4528,17458,4,True,1,0,6,0,30,0.141989,classic_shard_4000_5000_per_fault.csv
4529,17459,3,True,1,0,8,0,22,0.192662,classic_shard_4000_5000_per_fault.csv
4530,17464,4,True,1,0,6,0,30,0.146223,classic_shard_4000_5000_per_fault.csv
4531,17469,3,True,1,0,8,0,22,0.194578,classic_shard_4000_5000_per_fault.csv
4532,17470,3,True,1,0,7,0,16,0.167046,classic_shard_4000_5000_per_fault.csv
4533,17471,3,True,1,0,7,0,16,0.166362,classic_shard_4000_5000_per_fault.csv
4534,17475,3,True,1,0,7,0,16,0.165497,classic_shard_4000_5000_per_fault.csv
4535,17481,3,True,1,0,37,0,1155,0.873846,classic_shard_4000_5000_per_fault.csv
4536,17484,3,True,1,0,3,0,5,0.071151,classic_shard_4000_5000_per_fault.csv
4537,17491,4,True,1,6,38,0,377,1.023882,classic_shard_4000_5000_per_fault.csv
4538,17496,4,True,1,6,38,0,377,1.037078,classic_shard_4000_5000_per_fault.csv
4539,17497,3,True,1,0,20,0,74,0.48256,classic_shard_4000_5000_per_fault.csv
4540,17501,4,True,1,6,38,0,378,1.036835,classic_shard_4000_5000_per_fault.csv
4541,17503,3,True,1,0,20,0,90,0.482887,classic_shard_4000_5000_per_fault.csv
4542,17504,3,True,1,0,20,0,89,0.482248,classic_shard_4000_5000_per_fault.csv
4543,17504,4,True,1,6,38,0,377,1.035866,classic_shard_4000_5000_per_fault.csv
4544,17505,4,True,1,6,38,0,378,1.035016,classic_shard_4000_5000_per_fault.csv
4545,17507,4,True,1,6,38,0,378,1.036876,classic_shard_4000_5000_per_fault.csv
4546,17519,3,True,1,0,20,0,74,0.483867,classic_shard_4000_5000_per_fault.csv
4547,17523,3,True,1,0,20,0,74,0.482335,classic_shard_4000_5000_per_fault.csv
4548,17524,4,True,1,11,48,0,450,1.382757,classic_shard_4000_5000_per_fault.csv
4549,17525,3,True,1,0,20,0,74,0.483936,classic_shard_4000_5000_per_fault.csv
4550,17525,4,True,1,11,48,0,450,1.381689,classic_shard_4000_5000_per_fault.csv
4551,17527,3,True,1,0,20,0,72,0.475445,classic_shard_4000_5000_per_fault.csv
4552,17533,3,True,1,0,21,0,73,0.497819,classic_shard_4000_5000_per_fault.csv
4553,17533,4,True,1,11,46,0,421,1.31037,classic_shard_4000_5000_per_fault.csv
4554,17534,3,True,1,0,21,0,72,0.496797,classic_shard_4000_5000_per_fault.csv
4555,17536,3,True,1,0,20,0,71,0.473395,classic_shard_4000_5000_per_fault.csv
4556,17541,3,True,1,0,3,0,6,0.071788,classic_shard_4000_5000_per_fault.csv
4557,17541,4,False,2,67,155,0,1016,5.025411,classic_shard_4000_5000_per_fault.csv
4558,17542,3,True,1,0,3,0,6,0.07158,classic_shard_4000_5000_per_fault.csv
4559,17543,4,False,2,63,158,0,1174,5.007306,classic_shard_4000_5000_per_fault.csv
4560,17546,4,True,1,0,48,0,334,1.117844,classic_shard_4000_5000_per_fault.csv
4561,17556,4,True,1,0,22,0,164,0.509484,classic_shard_4000_5000_per_fault.csv
4562,17557,3,True,1,0,25,0,265,0.58145,classic_shard_4000_5000_per_fault.csv
4563,17557,4,True,1,0,41,0,408,0.954125,classic_shard_4000_5000_per_fault.csv
4564,17567,3,True,1,0,25,0,265,0.59496,classic_shard_4000_5000_per_fault.csv
4565,17570,3,True,1,0,13,0,75,0.308919,classic_shard_4000_5000_per_fault.csv
4566,17573,4,True,1,0,33,0,216,0.787183,classic_shard_4000_5000_per_fault.csv
4567,17579,4,True,1,0,41,0,351,0.968373,classic_shard_4000_5000_per_fault.csv
4568,17586,4,True,1,0,26,0,257,0.610117,classic_shard_4000_5000_per_fault.csv
4569,17595,4,True,1,0,18,0,141,0.426604,classic_shard_4000_5000_per_fault.csv
4570,17604,3,True,1,0,8,0,26,0.194686,classic_shard_4000_5000_per_fault.csv
4571,17605,4,False,2,67,144,0,1086,5.02725,classic_shard_4000_5000_per_fault.csv
4572,17622,4,True,1,2,28,0,258,0.696982,classic_shard_4000_5000_per_fault.csv
4573,17631,4,True,1,4,36,0,354,0.927325,classic_shard_4000_5000_per_fault.csv
4574,17634,4,False,2,66,150,0,1025,5.03634,classic_shard_4000_5000_per_fault.csv
4575,17639,4,False,2,66,153,0,1111,5.083067,classic_shard_4000_5000_per_fault.csv
4576,17640,3,True,1,42,109,0,775,3.447911,classic_shard_4000_5000_per_fault.csv
4577,17640,4,True,1,1,27,0,187,0.65367,classic_shard_4000_5000_per_fault.csv
4578,17643,4,False,2,39,182,0,684,5.007825,classic_shard_4000_5000_per_fault.csv
4579,17651,4,True,1,0,34,0,329,0.786883,classic_shard_4000_5000_per_fault.csv
4580,17653,3,True,1,0,24,0,220,0.557724,classic_shard_4000_5000_per_fault.csv
4581,17654,4,False,2,48,162,0,856,5.01532,classic_shard_4000_5000_per_fault.csv
4582,17658,4,False,2,55,137,0,587,5.065417,classic_shard_4000_5000_per_fault.csv
4583,17659,3,False,2,65,149,0,1014,5.009659,classic_shard_4000_5000_per_fault.csv
4584,17666,4,False,2,53,167,0,2011,5.010998,classic_shard_4000_5000_per_fault.csv
4585,17669,4,False,2,42,178,0,3699,5.017465,classic_shard_4000_5000_per_fault.csv
4586,17671,3,False,2,52,165,0,1385,5.022143,classic_shard_4000_5000_per_fault.csv
4587,17675,4,False,2,34,188,0,1173,5.003326,classic_shard_4000_5000_per_fault.csv
4588,17682,4,True,1,0,37,0,376,0.857049,classic_shard_4000_5000_per_fault.csv
4589,17694,4,False,2,64,151,0,861,5.004431,classic_shard_4000_5000_per_fault.csv
4590,17695,4,False,2,57,165,0,852,5.034406,classic_shard_4000_5000_per_fault.csv
4591,17696,3,True,1,20,86,0,492,2.465939,classic_shard_4000_5000_per_fault.csv
4592,17708,3,True,1,0,14,0,79,0.331175,classic_shard_4000_5000_per_fault.csv
4593,17708,4,False,2,72,156,0,1049,5.19766,classic_shard_4000_5000_per_fault.csv
4594,17709,3,True,1,0,14,0,79,0.329747,classic_shard_4000_5000_per_fault.csv
4595,17711,4,False,2,67,154,0,1237,5.042289,classic_shard_4000_5000_per_fault.csv
4596,17716,3,False,2,65,158,0,1434,5.044453,classic_shard_4000_5000_per_fault.csv
4597,17718,3,False,2,62,158,0,1214,5.004025,classic_shard_4000_5000_per_fault.csv
4598,17720,3,False,2,65,154,0,985,5.010409,classic_shard_4000_5000_per_fault.csv
4599,17720,4,True,1,0,30,0,224,0.694197,classic_shard_4000_5000_per_fault.csv
4600,17724,4,True,1,0,15,0,87,0.354971,classic_shard_4000_5000_per_fault.csv
4601,17725,3,True,1,0,14,0,48,0.32827,classic_shard_4000_5000_per_fault.csv
4602,17726,3,True,1,0,14,0,49,0.326311,classic_shard_4000_5000_per_fault.csv
4603,17728,3,True,1,0,5,0,24,0.117679,classic_shard_4000_5000_per_fault.csv
4604,17728,4,True,1,0,18,0,144,0.419584,classic_shard_4000_5000_per_fault.csv
4605,17732,3,False,2,47,176,0,617,5.015871,classic_shard_4000_5000_per_fault.csv
4606,17736,3,True,1,0,49,0,456,1.129047,classic_shard_4000_5000_per_fault.csv
4607,17736,4,True,1,12,53,0,370,1.496254,classic_shard_4000_5000_per_fault.csv
4608,17739,3,True,1,4,35,0,317,0.902514,classic_shard_4000_5000_per_fault.csv
4609,17739,4,False,2,61,159,0,1211,5.038947,classic_shard_4000_5000_per_fault.csv
4610,17744,3,False,2,68,154,0,297,5.004494,classic_shard_4000_5000_per_fault.csv
4611,17744,4,False,2,51,171,0,474,5.056889,classic_shard_4000_5000_per_fault.csv
4612,17748,4,True,1,0,56,0,345,1.32528,classic_shard_4000_5000_per_fault.csv
4613,17749,3,True,1,0,49,0,327,1.15137,classic_shard_4000_5000_per_fault.csv
4614,17749,4,True,1,0,21,0,187,0.48659,classic_shard_4000_5000_per_fault.csv
4615,17752,3,False,2,46,172,0,878,5.002628,classic_shard_4000_5000_per_fault.csv
4616,17752,4,False,2,32,115,0,679,5.139408,classic_shard_4000_5000_per_fault.csv
4617,17754,4,False,2,19,92,0,555,5.021596,classic_shard_4000_5000_per_fault.csv
4618,17756,4,False,2,16,114,0,777,5.02027,classic_shard_4000_5000_per_fault.csv
4619,17759,3,False,2,53,166,0,756,5.005366,classic_shard_4000_5000_per_fault.csv
4620,17759,4,False,2,48,155,0,750,5.022416,classic_shard_4000_5000_per_fault.csv
4621,17761,4,False,2,53,166,0,821,5.021003,classic_shard_4000_5000_per_fault.csv
4622,17767,3,True,1,0,5,0,10,0.12143,classic_shard_4000_5000_per_fault.csv
4623,17768,4,True,1,0,26,0,272,0.607098,classic_shard_4000_5000_per_fault.csv
4624,17770,3,True,1,0,13,0,93,0.304276,classic_shard_4000_5000_per_fault.csv
4625,17771,3,False,2,54,163,0,1167,5.036181,classic_shard_4000_5000_per_fault.csv
4626,17773,4,False,2,57,162,0,1123,5.015086,classic_shard_4000_5000_per_fault.csv
4627,17782,3,True,1,0,5,0,14,0.120713,classic_shard_4000_5000_per_fault.csv
4628,17783,3,True,1,0,28,0,215,0.656638,classic_shard_4000_5000_per_fault.csv
4629,17783,4,True,1,0,18,0,160,0.4213,classic_shard_4000_5000_per_fault.csv
4630,17784,3,True,1,0,4,0,5,0.096217,classic_shard_4000_5000_per_fault.csv
4631,17787,3,True,1,0,4,0,5,0.096231,classic_shard_4000_5000_per_fault.csv
4632,17787,4,True,1,0,6,0,24,0.143484,classic_shard_4000_5000_per_fault.csv
4633,17789,4,True,1,0,6,0,24,0.142494,classic_shard_4000_5000_per_fault.csv
4634,17790,4,True,1,0,6,0,24,0.144164,classic_shard_4000_5000_per_fault.csv
4635,17791,4,True,1,0,6,0,24,0.143249,classic_shard_4000_5000_per_fault.csv
4636,17792,4,True,1,0,6,0,24,0.143316,classic_shard_4000_5000_per_fault.csv
4637,17795,3,True,1,0,4,0,5,0.096702,classic_shard_4000_5000_per_fault.csv
4638,17802,4,True,1,0,6,0,24,0.143694,classic_shard_4000_5000_per_fault.csv
4639,17803,4,True,1,0,6,0,24,0.143007,classic_shard_4000_5000_per_fault.csv
4640,17805,4,True,1,0,6,0,24,0.142814,classic_shard_4000_5000_per_fault.csv
4641,17806,3,True,1,0,4,0,5,0.096853,classic_shard_4000_5000_per_fault.csv
4642,17809,3,True,1,0,4,0,5,0.096029,classic_shard_4000_5000_per_fault.csv
4643,17812,3,True,1,0,4,0,5,0.096058,classic_shard_4000_5000_per_fault.csv
4644,17816,3,True,1,0,18,0,158,0.422849,classic_shard_4000_5000_per_fault.csv
4645,17818,3,True,1,0,4,0,5,0.096017,classic_shard_4000_5000_per_fault.csv
4646,17820,3,True,1,0,4,0,5,0.095628,classic_shard_4000_5000_per_fault.csv
4647,17820,4,True,1,0,4,0,13,0.09639,classic_shard_4000_5000_per_fault.csv
4648,17821,3,True,1,0,4,0,5,0.095916,classic_shard_4000_5000_per_fault.csv
4649,17826,4,True,1,0,4,0,13,0.096617,classic_shard_4000_5000_per_fault.csv
4650,17831,3,True,1,0,4,0,5,0.095862,classic_shard_4000_5000_per_fault.csv
4651,17832,4,True,1,0,4,0,13,0.096121,classic_shard_4000_5000_per_fault.csv
4652,17833,3,True,1,0,4,0,5,0.095342,classic_shard_4000_5000_per_fault.csv
4653,17833,4,True,1,0,4,0,13,0.095944,classic_shard_4000_5000_per_fault.csv
4654,17834,3,True,1,0,4,0,5,0.096201,classic_shard_4000_5000_per_fault.csv
4655,17838,4,True,1,0,4,0,13,0.097404,classic_shard_4000_5000_per_fault.csv
4656,17844,4,True,1,0,4,0,13,0.09617,classic_shard_4000_5000_per_fault.csv
4657,17845,3,True,1,0,4,0,5,0.09743,classic_shard_4000_5000_per_fault.csv
4658,17849,3,True,1,4,38,0,396,0.976492,classic_shard_4000_5000_per_fault.csv
4659,17849,4,True,1,0,8,0,14,0.191807,classic_shard_4000_5000_per_fault.csv
4660,17850,3,True,1,0,7,0,12,0.166371,classic_shard_4000_5000_per_fault.csv
4661,17851,3,True,1,4,35,0,375,0.906856,classic_shard_4000_5000_per_fault.csv
4662,17854,3,True,1,0,13,0,57,0.308566,classic_shard_4000_5000_per_fault.csv
4663,17855,4,True,1,4,36,0,387,0.93167,classic_shard_4000_5000_per_fault.csv
4664,17857,4,True,1,4,36,0,387,0.938973,classic_shard_4000_5000_per_fault.csv
4665,17858,4,True,1,4,36,0,387,0.939432,classic_shard_4000_5000_per_fault.csv
4666,17859,3,True,1,0,8,0,28,0.193828,classic_shard_4000_5000_per_fault.csv
4667,17859,4,True,1,4,36,0,387,0.947057,classic_shard_4000_5000_per_fault.csv
4668,17860,3,True,1,0,8,0,28,0.196654,classic_shard_4000_5000_per_fault.csv
4669,17860,4,True,1,4,36,0,387,0.947092,classic_shard_4000_5000_per_fault.csv
4670,17864,4,True,1,4,36,0,387,0.93503,classic_shard_4000_5000_per_fault.csv
4671,17865,3,True,1,0,8,0,28,0.197798,classic_shard_4000_5000_per_fault.csv
4672,17878,3,True,1,0,21,0,89,0.506979,classic_shard_4000_5000_per_fault.csv
4673,17880,4,True,1,0,22,0,253,0.683676,classic_shard_4000_5000_per_fault.csv
4674,17885,4,True,1,0,22,0,253,0.556429,classic_shard_4000_5000_per_fault.csv
4675,17889,3,True,1,0,6,0,14,0.145952,classic_shard_4000_5000_per_fault.csv
4676,17890,4,True,1,0,22,0,253,0.517415,classic_shard_4000_5000_per_fault.csv
4677,17891,4,True,1,0,22,0,253,0.527271,classic_shard_4000_5000_per_fault.csv
4678,17893,4,True,1,0,21,0,281,0.494768,classic_shard_4000_5000_per_fault.csv
4679,17895,3,True,1,0,20,0,73,0.48,classic_shard_4000_5000_per_fault.csv
4680,17897,3,True,1,0,20,0,74,0.707691,classic_shard_4000_5000_per_fault.csv
4681,17905,4,True,1,0,21,0,281,0.881847,classic_shard_4000_5000_per_fault.csv
4682,17907,4,True,1,0,21,0,281,0.960405,classic_shard_4000_5000_per_fault.csv
4683,17910,4,True,1,14,52,0,555,2.992113,classic_shard_4000_5000_per_fault.csv
4684,17913,3,True,1,0,21,0,90,1.001486,classic_shard_4000_5000_per_fault.csv
4685,17915,4,True,1,14,52,0,555,2.877543,classic_shard_4000_5000_per_fault.csv
4686,17918,3,True,1,0,5,0,10,0.121075,classic_shard_4000_5000_per_fault.csv
4687,17920,3,True,1,0,6,0,13,0.143109,classic_shard_4000_5000_per_fault.csv
4688,17921,3,True,1,0,6,0,14,0.142151,classic_shard_4000_5000_per_fault.csv
4689,17923,3,True,1,0,3,0,8,0.071764,classic_shard_4000_5000_per_fault.csv
4690,17924,3,True,1,0,20,0,71,0.475694,classic_shard_4000_5000_per_fault.csv
4691,17924,4,True,1,0,3,0,6,0.071825,classic_shard_4000_5000_per_fault.csv
4692,17928,4,True,1,0,3,0,6,0.071676,classic_shard_4000_5000_per_fault.csv
4693,17930,3,True,1,0,20,0,74,0.475165,classic_shard_4000_5000_per_fault.csv
4694,17930,4,True,1,0,3,0,6,0.072656,classic_shard_4000_5000_per_fault.csv
4695,17932,4,True,1,0,3,0,6,0.072541,classic_shard_4000_5000_per_fault.csv
4696,17936,4,True,1,0,4,0,12,0.095786,classic_shard_4000_5000_per_fault.csv
4697,17939,3,True,1,0,21,0,301,0.487141,classic_shard_4000_5000_per_fault.csv
4698,17939,4,True,1,0,20,0,92,0.473726,classic_shard_4000_5000_per_fault.csv
4699,17944,4,True,1,0,20,0,92,0.475065,classic_shard_4000_5000_per_fault.csv
4700,17955,3,True,1,0,21,0,90,0.975779,classic_shard_4000_5000_per_fault.csv
4701,17955,4,True,1,0,3,0,6,0.138621,classic_shard_4000_5000_per_fault.csv
4702,17956,3,True,1,0,21,0,89,0.978198,classic_shard_4000_5000_per_fault.csv
4703,17956,4,True,1,0,3,0,6,0.144635,classic_shard_4000_5000_per_fault.csv
4704,17959,3,True,1,0,3,0,8,0.140771,classic_shard_4000_5000_per_fault.csv
4705,17960,4,True,1,0,3,0,6,0.140517,classic_shard_4000_5000_per_fault.csv
4706,17966,3,True,1,0,25,0,263,1.138114,classic_shard_4000_5000_per_fault.csv
4707,17966,4,True,1,0,48,0,377,2.203851,classic_shard_4000_5000_per_fault.csv
4708,17969,4,True,1,0,18,0,128,0.82217,classic_shard_4000_5000_per_fault.csv
4709,17972,3,True,1,0,25,0,263,1.173144,classic_shard_4000_5000_per_fault.csv
4710,17972,4,True,1,0,63,0,479,2.399363,classic_shard_4000_5000_per_fault.csv
4711,17981,4,True,1,0,22,0,183,0.515976,classic_shard_4000_5000_per_fault.csv
4712,17987,4,True,1,0,13,0,84,0.304709,classic_shard_4000_5000_per_fault.csv
4713,17993,3,True,1,0,25,0,263,0.587585,classic_shard_4000_5000_per_fault.csv
4714,17996,4,True,1,0,41,0,379,0.960566,classic_shard_4000_5000_per_fault.csv
4715,17999,3,True,1,0,31,0,318,0.73319,classic_shard_4000_5000_per_fault.csv
4716,18009,3,True,1,0,31,0,318,0.735126,classic_shard_4000_5000_per_fault.csv
4717,18022,4,False,2,64,146,0,1096,5.020145,classic_shard_4000_5000_per_fault.csv
4718,18024,4,True,1,0,9,0,42,0.216552,classic_shard_4000_5000_per_fault.csv
4719,18036,4,True,1,6,38,0,341,1.031564,classic_shard_4000_5000_per_fault.csv
4720,18044,3,True,1,0,3,0,6,0.073417,classic_shard_4000_5000_per_fault.csv
4721,18044,4,True,1,0,19,0,88,0.456431,classic_shard_4000_5000_per_fault.csv
4722,18055,4,False,2,57,157,0,651,5.003955,classic_shard_4000_5000_per_fault.csv
4723,18059,3,True,1,0,19,0,116,0.4477,classic_shard_4000_5000_per_fault.csv
4724,18061,3,False,2,36,183,0,720,5.007106,classic_shard_4000_5000_per_fault.csv
4725,18063,3,True,1,0,20,0,137,0.472504,classic_shard_4000_5000_per_fault.csv
4726,18066,4,False,2,46,144,0,335,5.021293,classic_shard_4000_5000_per_fault.csv
4727,18070,3,True,1,0,24,0,146,1.111866,classic_shard_4000_5000_per_fault.csv
4728,18073,3,False,2,36,93,0,507,5.846883,classic_shard_4000_5000_per_fault.csv
4729,18075,3,True,1,0,11,0,56,0.50648,classic_shard_4000_5000_per_fault.csv
4730,18078,3,False,2,11,101,0,536,5.029,classic_shard_4000_5000_per_fault.csv
4731,18082,3,False,2,38,96,0,526,5.847888,classic_shard_4000_5000_per_fault.csv
4732,18083,4,False,2,47,159,0,1114,5.04506,classic_shard_4000_5000_per_fault.csv
4733,18092,3,False,2,51,172,0,3152,5.000584,classic_shard_4000_5000_per_fault.csv
4734,18092,4,False,2,56,163,0,1876,5.019301,classic_shard_4000_5000_per_fault.csv
4735,18094,4,False,2,46,171,0,2585,5.012315,classic_shard_4000_5000_per_fault.csv
4736,18099,4,True,1,0,29,0,310,0.672585,classic_shard_4000_5000_per_fault.csv
4737,18106,3,True,1,64,149,0,499,4.975834,classic_shard_4000_5000_per_fault.csv
4738,18107,4,False,2,65,149,0,576,5.017213,classic_shard_4000_5000_per_fault.csv
4739,18115,4,True,1,0,8,0,30,0.192665,classic_shard_4000_5000_per_fault.csv
4740,18116,3,False,2,51,167,0,925,5.011992,classic_shard_4000_5000_per_fault.csv
4741,18123,4,True,1,0,21,0,176,0.488212,classic_shard_4000_5000_per_fault.csv
4742,18125,3,True,1,0,21,0,174,0.487779,classic_shard_4000_5000_per_fault.csv
4743,18128,3,True,1,0,33,0,287,0.761368,classic_shard_4000_5000_per_fault.csv
4744,18128,4,True,1,0,33,0,288,0.76233,classic_shard_4000_5000_per_fault.csv
4745,18131,4,True,1,0,30,0,361,0.690631,classic_shard_4000_5000_per_fault.csv
4746,18133,3,True,1,0,31,0,428,0.713264,classic_shard_4000_5000_per_fault.csv
4747,18134,3,True,1,0,14,0,51,0.330125,classic_shard_4000_5000_per_fault.csv
4748,18134,4,True,1,0,14,0,80,0.325692,classic_shard_4000_5000_per_fault.csv
4749,18135,4,True,1,0,14,0,80,0.32572,classic_shard_4000_5000_per_fault.csv
4750,18136,3,True,1,0,14,0,49,0.330225,classic_shard_4000_5000_per_fault.csv
4751,18138,3,False,2,63,156,0,1216,5.006814,classic_shard_4000_5000_per_fault.csv
4752,18141,3,True,1,0,12,0,50,0.282578,classic_shard_4000_5000_per_fault.csv
4753,18142,3,False,2,56,165,0,950,5.021513,classic_shard_4000_5000_per_fault.csv
4754,18143,4,True,1,0,22,0,165,0.514518,classic_shard_4000_5000_per_fault.csv
4755,18145,3,False,2,54,171,0,562,5.061491,classic_shard_4000_5000_per_fault.csv
4756,18145,4,False,2,67,156,0,308,5.016264,classic_shard_4000_5000_per_fault.csv
4757,18147,3,True,1,0,11,0,63,0.260053,classic_shard_4000_5000_per_fault.csv
4758,18149,3,False,2,63,161,0,1199,5.139163,classic_shard_4000_5000_per_fault.csv
4759,18152,4,True,1,0,14,0,80,0.33017,classic_shard_4000_5000_per_fault.csv
4760,18153,4,False,2,64,158,0,1231,5.074995,classic_shard_4000_5000_per_fault.csv
4761,18154,4,False,2,64,156,0,1433,5.032133,classic_shard_4000_5000_per_fault.csv
4762,18156,3,True,1,0,4,0,22,0.094371,classic_shard_4000_5000_per_fault.csv
4763,18161,3,False,2,54,171,0,514,5.054087,classic_shard_4000_5000_per_fault.csv
4764,18162,4,False,2,63,153,0,1083,5.00002,classic_shard_4000_5000_per_fault.csv
4765,18163,4,True,1,0,13,0,46,0.305834,classic_shard_4000_5000_per_fault.csv
4766,18165,4,True,1,0,13,0,44,0.30444,classic_shard_4000_5000_per_fault.csv
4767,18168,3,False,2,64,154,0,1013,5.006425,classic_shard_4000_5000_per_fault.csv
4768,18168,4,True,1,0,13,0,44,0.305459,classic_shard_4000_5000_per_fault.csv
4769,18173,3,True,1,0,10,0,70,0.233564,classic_shard_4000_5000_per_fault.csv
4770,18174,4,False,2,56,163,0,1035,5.052469,classic_shard_4000_5000_per_fault.csv
4771,18175,4,True,1,0,10,0,76,0.233799,classic_shard_4000_5000_per_fault.csv
4772,18177,4,True,1,0,19,0,168,0.443216,classic_shard_4000_5000_per_fault.csv
4773,18191,3,False,2,46,172,0,1104,5.020808,classic_shard_4000_5000_per_fault.csv
4774,18192,3,True,1,0,31,0,306,0.722691,classic_shard_4000_5000_per_fault.csv
4775,18193,3,False,2,53,160,0,854,5.000877,classic_shard_4000_5000_per_fault.csv
4776,18194,3,True,1,0,25,0,211,0.588433,classic_shard_4000_5000_per_fault.csv
4777,18195,4,False,2,54,162,0,931,5.038145,classic_shard_4000_5000_per_fault.csv
4778,18197,3,True,1,0,5,0,14,0.120173,classic_shard_4000_5000_per_fault.csv
4779,18198,3,True,1,0,4,0,5,0.095362,classic_shard_4000_5000_per_fault.csv
4780,18199,3,True,1,0,4,0,5,0.094959,classic_shard_4000_5000_per_fault.csv
4781,18204,3,False,2,62,156,0,670,5.001553,classic_shard_4000_5000_per_fault.csv
4782,18205,3,True,1,0,17,0,170,0.396468,classic_shard_4000_5000_per_fault.csv
4783,18206,3,True,1,2,35,0,263,0.863604,classic_shard_4000_5000_per_fault.csv
4784,18207,4,True,1,0,22,0,225,0.513147,classic_shard_4000_5000_per_fault.csv
4785,18212,3,True,1,0,4,0,16,0.094762,classic_shard_4000_5000_per_fault.csv
4786,18215,3,True,1,0,4,0,7,0.09484,classic_shard_4000_5000_per_fault.csv
4787,18217,3,True,1,0,4,0,7,0.095103,classic_shard_4000_5000_per_fault.csv
4788,18220,3,True,1,0,4,0,7,0.095361,classic_shard_4000_5000_per_fault.csv
4789,18221,4,True,1,0,17,0,168,0.396442,classic_shard_4000_5000_per_fault.csv
4790,18222,3,True,1,0,4,0,5,0.09533,classic_shard_4000_5000_per_fault.csv
4791,18225,4,True,1,0,4,0,8,0.094813,classic_shard_4000_5000_per_fault.csv
4792,18227,4,True,1,0,4,0,16,0.095278,classic_shard_4000_5000_per_fault.csv
4793,18228,3,True,1,0,5,0,6,0.12005,classic_shard_4000_5000_per_fault.csv
4794,18229,3,True,1,0,13,0,54,0.30602,classic_shard_4000_5000_per_fault.csv
4795,18229,4,True,1,4,37,0,421,0.948614,classic_shard_4000_5000_per_fault.csv
4796,18231,4,True,1,4,38,0,426,0.979713,classic_shard_4000_5000_per_fault.csv
4797,18232,3,True,1,0,7,0,22,0.169663,classic_shard_4000_5000_per_fault.csv
4798,18233,3,True,1,0,8,0,25,0.191485,classic_shard_4000_5000_per_fault.csv
4799,18234,3,True,1,0,8,0,26,0.18951,classic_shard_4000_5000_per_fault.csv
4800,18236,4,True,1,4,38,0,426,1.926941,classic_shard_4000_5000_per_fault.csv
4801,18237,3,True,1,0,8,0,26,0.381605,classic_shard_4000_5000_per_fault.csv
4802,18237,4,True,1,4,38,0,426,1.941611,classic_shard_4000_5000_per_fault.csv
4803,18239,4,True,1,4,38,0,426,1.916827,classic_shard_4000_5000_per_fault.csv
4804,18240,4,True,1,4,38,0,426,1.917112,classic_shard_4000_5000_per_fault.csv
4805,18244,4,False,2,30,80,0,388,5.012384,classic_shard_4000_5000_per_fault.csv
4806,18245,3,True,1,0,9,0,27,0.214835,classic_shard_4000_5000_per_fault.csv
4807,18247,3,True,1,0,8,0,25,0.190943,classic_shard_4000_5000_per_fault.csv
4808,18249,4,False,2,62,157,0,813,5.003801,classic_shard_4000_5000_per_fault.csv
4809,18253,3,True,1,0,8,0,26,0.191103,classic_shard_4000_5000_per_fault.csv
4810,18258,4,False,2,67,151,0,1062,5.005278,classic_shard_4000_5000_per_fault.csv
4811,18260,4,False,2,63,156,0,1229,5.00608,classic_shard_4000_5000_per_fault.csv
4812,18264,4,False,2,67,153,0,1277,5.032665,classic_shard_4000_5000_per_fault.csv
4813,18268,3,True,1,0,5,0,9,0.120502,classic_shard_4000_5000_per_fault.csv
4814,18274,3,True,1,0,22,0,274,0.516366,classic_shard_4000_5000_per_fault.csv
4815,18274,4,True,1,0,21,0,109,0.50268,classic_shard_4000_5000_per_fault.csv
4816,18278,4,True,1,0,21,0,109,0.502387,classic_shard_4000_5000_per_fault.csv
4817,18280,4,True,1,0,20,0,108,0.477643,classic_shard_4000_5000_per_fault.csv
4818,18281,3,True,1,0,21,0,301,0.490314,classic_shard_4000_5000_per_fault.csv
4819,18289,4,True,1,0,63,0,538,1.482708,classic_shard_4000_5000_per_fault.csv
4820,18305,3,True,1,0,48,0,372,1.12377,classic_shard_4000_5000_per_fault.csv
4821,18306,3,True,1,0,25,0,265,0.583797,classic_shard_4000_5000_per_fault.csv
4822,18306,4,True,1,0,78,0,808,1.831905,classic_shard_4000_5000_per_fault.csv
4823,18312,3,True,1,0,33,0,215,0.933358,classic_shard_4000_5000_per_fault.csv
4824,18315,3,True,1,0,78,0,660,3.595355,classic_shard_4000_5000_per_fault.csv
4825,18321,3,True,1,0,33,0,239,1.525738,classic_shard_4000_5000_per_fault.csv
4826,18325,3,True,1,0,31,0,320,1.31114,classic_shard_4000_5000_per_fault.csv
4827,18328,3,True,1,0,38,0,299,1.515594,classic_shard_4000_5000_per_fault.csv
4828,18328,4,True,1,0,38,0,300,1.75976,classic_shard_4000_5000_per_fault.csv
4829,18331,3,True,1,0,23,0,166,1.049435,classic_shard_4000_5000_per_fault.csv
4830,18331,4,True,1,0,23,0,167,1.062376,classic_shard_4000_5000_per_fault.csv
4831,18343,4,True,1,0,8,0,27,0.373731,classic_shard_4000_5000_per_fault.csv
4832,18344,3,True,1,0,10,0,43,0.290667,classic_shard_4000_5000_per_fault.csv
4833,18344,4,False,2,64,149,0,1296,5.004113,classic_shard_4000_5000_per_fault.csv
4834,18345,3,False,2,64,135,0,1030,5.017899,classic_shard_4000_5000_per_fault.csv
4835,18345,4,False,2,64,148,0,1272,5.01466,classic_shard_4000_5000_per_fault.csv
4836,18349,4,True,1,0,7,0,21,0.167754,classic_shard_4000_5000_per_fault.csv
4837,18352,3,True,1,0,8,0,25,0.189785,classic_shard_4000_5000_per_fault.csv
4838,18352,4,True,1,0,8,0,26,0.190204,classic_shard_4000_5000_per_fault.csv
4839,18357,4,True,1,6,38,0,378,1.020727,classic_shard_4000_5000_per_fault.csv
4840,18370,4,True,1,4,38,0,391,0.973599,classic_shard_4000_5000_per_fault.csv
4841,18376,3,False,2,40,179,0,533,5.041627,classic_shard_4000_5000_per_fault.csv
4842,18376,4,False,2,50,167,0,364,5.020636,classic_shard_4000_5000_per_fault.csv
4843,18381,3,False,2,40,182,0,708,5.028096,classic_shard_4000_5000_per_fault.csv
4844,18382,4,False,2,38,183,0,699,5.030676,classic_shard_4000_5000_per_fault.csv
4845,18384,3,False,2,56,164,0,372,5.050692,classic_shard_4000_5000_per_fault.csv
4846,18386,3,True,1,0,18,0,194,0.423634,classic_shard_4000_5000_per_fault.csv
4847,18388,4,False,2,48,168,0,1393,5.012316,classic_shard_4000_5000_per_fault.csv
4848,18389,3,False,2,40,183,0,1009,5.045433,classic_shard_4000_5000_per_fault.csv
4849,18391,4,False,2,55,168,0,687,5.036628,classic_shard_4000_5000_per_fault.csv
4850,18392,3,False,2,57,167,0,550,5.010085,classic_shard_4000_5000_per_fault.csv
4851,18393,4,False,2,55,168,0,750,5.019807,classic_shard_4000_5000_per_fault.csv
4852,18395,3,False,2,50,171,0,1091,5.010576,classic_shard_4000_5000_per_fault.csv
4853,18395,4,False,2,55,168,0,721,5.010007,classic_shard_4000_5000_per_fault.csv
4854,18396,3,False,2,57,166,0,410,5.013055,classic_shard_4000_5000_per_fault.csv
4855,18398,3,True,1,0,28,0,271,0.658437,classic_shard_4000_5000_per_fault.csv
4856,18400,3,False,2,49,172,0,841,5.067353,classic_shard_4000_5000_per_fault.csv
4857,18402,4,False,2,57,163,0,474,5.000939,classic_shard_4000_5000_per_fault.csv
4858,18403,4,False,2,49,171,0,1164,5.013952,classic_shard_4000_5000_per_fault.csv
4859,18406,4,False,2,75,169,0,936,5.499939,classic_shard_4000_5000_per_fault.csv
4860,18409,3,False,2,49,171,0,1258,5.008772,classic_shard_4000_5000_per_fault.csv
4861,18409,4,True,1,0,12,0,42,0.280885,classic_shard_4000_5000_per_fault.csv
4862,18410,3,True,1,0,19,0,97,0.458672,classic_shard_4000_5000_per_fault.csv
4863,18411,3,False,2,50,172,0,626,5.00164,classic_shard_4000_5000_per_fault.csv
4864,18412,4,False,2,55,167,0,687,5.019226,classic_shard_4000_5000_per_fault.csv
4865,18413,4,False,2,53,169,0,670,5.035747,classic_shard_4000_5000_per_fault.csv
4866,18414,3,False,2,41,178,0,826,5.032693,classic_shard_4000_5000_per_fault.csv
4867,18414,4,False,2,53,169,0,699,5.013105,classic_shard_4000_5000_per_fault.csv
4868,18415,4,False,2,55,167,0,626,5.017702,classic_shard_4000_5000_per_fault.csv
4869,18416,4,False,2,56,166,0,555,5.006587,classic_shard_4000_5000_per_fault.csv
4870,18417,4,False,2,55,169,0,558,5.026172,classic_shard_4000_5000_per_fault.csv
4871,18418,3,False,2,29,144,0,568,5.0464,classic_shard_4000_5000_per_fault.csv
4872,18421,3,False,2,62,142,0,759,5.000605,classic_shard_4000_5000_per_fault.csv
4873,18422,3,False,2,65,152,0,794,5.019368,classic_shard_4000_5000_per_fault.csv
4874,18429,4,False,2,33,174,0,2850,5.038132,classic_shard_4000_5000_per_fault.csv
4875,18431,4,False,2,27,191,0,2853,5.005759,classic_shard_4000_5000_per_fault.csv
4876,18436,3,False,2,53,154,0,1851,5.01246,classic_shard_4000_5000_per_fault.csv
4877,18437,4,False,2,35,187,0,1152,5.020106,classic_shard_4000_5000_per_fault.csv
4878,18440,4,False,2,61,161,0,1369,5.015652,classic_shard_4000_5000_per_fault.csv
4879,18443,3,True,1,0,24,0,254,0.587205,classic_shard_4000_5000_per_fault.csv
4880,18443,4,True,1,0,24,0,255,0.575078,classic_shard_4000_5000_per_fault.csv
4881,18450,4,True,1,0,20,0,253,0.573372,classic_shard_4000_5000_per_fault.csv
4882,18453,4,True,1,41,94,0,406,3.161787,classic_shard_4000_5000_per_fault.csv
4883,18458,3,False,2,57,160,0,1238,5.01313,classic_shard_4000_5000_per_fault.csv
4884,18459,4,False,2,64,143,0,804,5.099641,classic_shard_4000_5000_per_fault.csv
4885,18460,4,False,2,44,150,0,865,5.017312,classic_shard_4000_5000_per_fault.csv
4886,18461,3,True,1,19,85,0,516,2.398742,classic_shard_4000_5000_per_fault.csv
4887,18461,4,True,1,19,99,0,646,2.735755,classic_shard_4000_5000_per_fault.csv
4888,18470,4,True,1,0,31,0,407,0.72218,classic_shard_4000_5000_per_fault.csv
4889,18475,4,False,2,64,150,0,1191,5.024946,classic_shard_4000_5000_per_fault.csv
4890,18478,4,True,1,0,10,0,37,0.254101,classic_shard_4000_5000_per_fault.csv
4891,18482,3,True,1,27,93,0,466,2.904392,classic_shard_4000_5000_per_fault.csv
4892,18483,3,False,2,44,176,0,801,5.000952,classic_shard_4000_5000_per_fault.csv
4893,18485,4,False,2,60,159,0,1266,5.017764,classic_shard_4000_5000_per_fault.csv
4894,18490,3,True,1,0,14,0,50,0.327231,classic_shard_4000_5000_per_fault.csv
4895,18492,3,True,1,0,30,0,237,0.695877,classic_shard_4000_5000_per_fault.csv
4896,18493,3,False,2,42,179,0,814,5.018501,classic_shard_4000_5000_per_fault.csv
4897,18494,4,False,2,42,179,0,833,5.007483,classic_shard_4000_5000_per_fault.csv
4898,18497,4,False,2,62,163,0,335,5.01657,classic_shard_4000_5000_per_fault.csv
4899,18500,3,False,2,56,163,0,322,5.007598,classic_shard_4000_5000_per_fault.csv
4900,18503,3,False,2,51,169,0,579,5.002493,classic_shard_4000_5000_per_fault.csv
4901,18504,3,False,2,52,171,0,675,5.01783,classic_shard_4000_5000_per_fault.csv
4902,18504,4,False,2,54,171,0,332,5.003722,classic_shard_4000_5000_per_fault.csv
4903,18512,4,True,1,0,40,0,225,0.931651,classic_shard_4000_5000_per_fault.csv
4904,18515,4,True,1,0,31,0,350,0.712727,classic_shard_4000_5000_per_fault.csv
4905,18520,3,True,1,0,24,0,224,0.551535,classic_shard_4000_5000_per_fault.csv
4906,18522,4,True,1,0,33,0,387,0.756441,classic_shard_4000_5000_per_fault.csv
4907,18526,3,False,2,68,157,0,369,5.006157,classic_shard_4000_5000_per_fault.csv
4908,18527,4,False,2,67,157,0,1250,5.012982,classic_shard_4000_5000_per_fault.csv
4909,18534,3,False,2,53,170,0,398,5.057226,classic_shard_4000_5000_per_fault.csv
4910,18534,4,True,1,0,26,0,219,0.599256,classic_shard_4000_5000_per_fault.csv
4911,18536,4,True,1,0,26,0,219,0.592778,classic_shard_4000_5000_per_fault.csv
4912,18537,4,False,2,55,168,0,872,5.050407,classic_shard_4000_5000_per_fault.csv
4913,18540,3,True,1,0,13,0,93,0.300482,classic_shard_4000_5000_per_fault.csv
4914,18542,4,True,1,0,26,0,248,0.594853,classic_shard_4000_5000_per_fault.csv
4915,18545,4,True,1,0,38,0,395,0.860255,classic_shard_4000_5000_per_fault.csv
4916,18550,4,True,1,0,6,0,26,0.139387,classic_shard_4000_5000_per_fault.csv
4917,18556,3,False,2,63,154,0,1096,5.008976,classic_shard_4000_5000_per_fault.csv
4918,18560,3,True,1,0,7,0,26,0.165227,classic_shard_4000_5000_per_fault.csv
4919,18560,4,True,1,4,36,0,434,0.923441,classic_shard_4000_5000_per_fault.csv
4920,18562,4,True,1,4,36,0,434,0.924085,classic_shard_4000_5000_per_fault.csv
4921,18567,4,True,1,4,36,0,436,0.927835,classic_shard_4000_5000_per_fault.csv
4922,18573,4,True,1,6,41,0,492,1.099905,classic_shard_4000_5000_per_fault.csv
4923,18574,3,True,1,0,8,0,29,0.189668,classic_shard_4000_5000_per_fault.csv
4924,18575,4,True,1,6,41,0,492,1.078876,classic_shard_4000_5000_per_fault.csv
4925,18578,4,True,1,6,41,0,492,1.082272,classic_shard_4000_5000_per_fault.csv
4926,18579,3,True,1,0,8,0,28,0.188844,classic_shard_4000_5000_per_fault.csv
4927,18579,4,True,1,6,41,0,492,1.079883,classic_shard_4000_5000_per_fault.csv
4928,18580,3,True,1,0,8,0,28,0.18749,classic_shard_4000_5000_per_fault.csv
4929,18586,3,True,1,0,8,0,28,0.188792,classic_shard_4000_5000_per_fault.csv
4930,18586,4,True,1,6,41,0,492,1.085162,classic_shard_4000_5000_per_fault.csv
4931,18589,3,True,1,0,7,0,19,0.16573,classic_shard_4000_5000_per_fault.csv
4932,18590,3,True,1,0,7,0,19,0.166223,classic_shard_4000_5000_per_fault.csv
4933,18591,4,True,1,6,41,0,492,1.083632,classic_shard_4000_5000_per_fault.csv
4934,18593,3,True,1,0,7,0,19,0.164947,classic_shard_4000_5000_per_fault.csv
4935,18595,4,True,1,6,41,0,492,1.079794,classic_shard_4000_5000_per_fault.csv
4936,18599,3,True,1,0,7,0,19,0.164991,classic_shard_4000_5000_per_fault.csv
4937,18600,4,True,1,4,67,0,1585,1.624528,classic_shard_4000_5000_per_fault.csv
4938,18603,3,True,1,0,31,0,318,0.722438,classic_shard_4000_5000_per_fault.csv
4939,18609,3,True,1,0,31,0,318,0.72057,classic_shard_4000_5000_per_fault.csv
4940,18643,3,True,1,0,25,0,275,0.578351,classic_shard_4000_5000_per_fault.csv
4941,18649,4,True,1,0,18,0,154,0.416475,classic_shard_4000_5000_per_fault.csv
4942,18659,3,False,2,64,149,0,1130,5.002162,classic_shard_4000_5000_per_fault.csv
4943,18659,4,False,2,64,150,0,1152,5.019078,classic_shard_4000_5000_per_fault.csv
4944,18674,4,True,1,0,5,0,14,0.124063,classic_shard_4000_5000_per_fault.csv
4945,18678,3,True,1,2,28,0,232,0.692038,classic_shard_4000_5000_per_fault.csv
4946,18680,3,True,1,2,28,0,231,0.67777,classic_shard_4000_5000_per_fault.csv
4947,18690,3,True,1,0,8,0,26,0.185927,classic_shard_4000_5000_per_fault.csv
4948,18694,4,False,2,54,167,0,738,5.011722,classic_shard_4000_5000_per_fault.csv
4949,18696,4,False,2,50,174,0,1205,5.018082,classic_shard_4000_5000_per_fault.csv
4950,18704,3,False,2,48,176,0,996,5.000931,classic_shard_4000_5000_per_fault.csv
4951,18706,3,False,2,49,178,0,912,5.019475,classic_shard_4000_5000_per_fault.csv
4952,18706,4,False,2,49,178,0,903,5.015089,classic_shard_4000_5000_per_fault.csv
4953,18709,4,False,2,37,190,0,907,5.007874,classic_shard_4000_5000_per_fault.csv
4954,18711,4,False,2,35,188,0,847,5.004624,classic_shard_4000_5000_per_fault.csv
4955,18712,3,False,2,48,183,0,807,5.084762,classic_shard_4000_5000_per_fault.csv
4956,18715,3,False,2,37,191,0,781,5.011771,classic_shard_4000_5000_per_fault.csv
4957,18715,4,False,2,36,190,0,772,5.013533,classic_shard_4000_5000_per_fault.csv
4958,18720,3,False,2,57,170,0,693,5.013402,classic_shard_4000_5000_per_fault.csv
4959,18721,3,False,2,38,189,0,728,5.000732,classic_shard_4000_5000_per_fault.csv
4960,18722,3,False,2,40,188,0,749,5.019847,classic_shard_4000_5000_per_fault.csv
4961,18723,3,False,2,40,187,0,727,5.021575,classic_shard_4000_5000_per_fault.csv
4962,18728,4,False,2,70,154,0,562,5.018681,classic_shard_4000_5000_per_fault.csv
4963,18729,3,False,2,51,169,0,1597,5.005311,classic_shard_4000_5000_per_fault.csv
4964,18730,4,False,2,50,172,0,1164,5.026103,classic_shard_4000_5000_per_fault.csv
4965,18731,3,False,2,57,168,0,528,5.009878,classic_shard_4000_5000_per_fault.csv
4966,18731,4,False,2,40,184,0,1080,5.022635,classic_shard_4000_5000_per_fault.csv
4967,18732,3,True,1,0,13,0,43,0.293293,classic_shard_4000_5000_per_fault.csv
4968,18732,4,True,1,0,11,0,52,0.247222,classic_shard_4000_5000_per_fault.csv
4969,18735,4,False,2,41,186,0,1090,5.020171,classic_shard_4000_5000_per_fault.csv
4970,18737,3,False,2,52,171,0,1585,5.024022,classic_shard_4000_5000_per_fault.csv
4971,18749,4,True,1,0,28,0,273,0.635739,classic_shard_4000_5000_per_fault.csv
4972,18751,4,False,2,30,193,0,1191,5.017915,classic_shard_4000_5000_per_fault.csv
4973,18752,3,False,2,73,166,0,916,5.232311,classic_shard_4000_5000_per_fault.csv
4974,18752,4,True,1,0,28,0,288,0.633932,classic_shard_4000_5000_per_fault.csv
4975,18754,3,False,2,68,155,0,627,5.012758,classic_shard_4000_5000_per_fault.csv
4976,18754,4,True,1,0,12,0,39,0.274948,classic_shard_4000_5000_per_fault.csv
4977,18762,3,False,2,61,162,0,1143,5.009445,classic_shard_4000_5000_per_fault.csv
4978,18764,3,True,1,0,9,0,45,0.206691,classic_shard_4000_5000_per_fault.csv
4979,18767,3,False,2,52,173,0,688,5.010416,classic_shard_4000_5000_per_fault.csv
4980,18769,3,False,2,43,181,0,830,5.045806,classic_shard_4000_5000_per_fault.csv
4981,18770,3,False,2,52,176,0,653,5.009329,classic_shard_4000_5000_per_fault.csv
4982,18771,4,False,2,56,173,0,620,5.011929,classic_shard_4000_5000_per_fault.csv
4983,18780,4,False,2,56,171,0,636,5.012713,classic_shard_4000_5000_per_fault.csv
4984,18781,3,False,2,53,177,0,599,5.034662,classic_shard_4000_5000_per_fault.csv
4985,18786,4,False,2,31,200,0,1177,5.009492,classic_shard_4000_5000_per_fault.csv
4986,18792,4,False,2,56,171,0,716,5.00819,classic_shard_4000_5000_per_fault.csv
4987,18794,4,False,2,57,170,0,578,5.01336,classic_shard_4000_5000_per_fault.csv
4988,18795,4,False,2,57,171,0,575,5.017599,classic_shard_4000_5000_per_fault.csv
4989,18796,4,False,2,55,172,0,653,5.005838,classic_shard_4000_5000_per_fault.csv
4990,18797,3,False,2,71,155,0,836,5.005566,classic_shard_4000_5000_per_fault.csv
4991,18798,3,False,2,70,155,0,857,5.018742,classic_shard_4000_5000_per_fault.csv
4992,18799,4,False,2,67,158,0,969,5.006069,classic_shard_4000_5000_per_fault.csv
4993,18804,4,False,2,65,154,0,869,5.013243,classic_shard_4000_5000_per_fault.csv
4994,18807,3,False,2,40,189,0,2521,5.002474,classic_shard_4000_5000_per_fault.csv
4995,18808,4,False,2,56,167,0,1448,5.01666,classic_shard_4000_5000_per_fault.csv
4996,18810,4,False,2,56,169,0,1484,5.022526,classic_shard_4000_5000_per_fault.csv
4997,18822,4,False,2,70,152,0,601,5.049378,classic_shard_4000_5000_per_fault.csv
4998,18823,3,True,1,0,20,0,256,0.460955,classic_shard_4000_5000_per_fault.csv
4999,18831,3,False,2,66,160,0,1527,5.029455,classic_shard_4000_5000_per_fault.csv
5000,18842,3,True,1,0,33,0,287,0.807191,classic_shard_5000_6000_per_fault.csv
5001,18845,4,True,1,0,30,0,361,0.722868,classic_shard_5000_6000_per_fault.csv
5002,18846,4,True,1,0,13,0,47,0.318379,classic_shard_5000_6000_per_fault.csv
5003,18850,3,False,2,65,154,0,377,5.243293,classic_shard_5000_6000_per_fault.csv
5004,18851,4,False,2,51,171,0,503,5.199365,classic_shard_5000_6000_per_fault.csv
5005,18856,3,False,2,56,156,0,325,5.014343,classic_shard_5000_6000_per_fault.csv
5006,18858,4,False,2,44,169,0,642,5.004333,classic_shard_5000_6000_per_fault.csv
5007,18859,3,False,2,54,159,0,568,5.058453,classic_shard_5000_6000_per_fault.csv
5008,18860,3,True,1,0,39,0,287,0.920229,classic_shard_5000_6000_per_fault.csv
5009,18861,4,True,1,0,39,0,299,0.922618,classic_shard_5000_6000_per_fault.csv
5010,18867,4,True,1,0,25,0,248,0.590047,classic_shard_5000_6000_per_fault.csv
5011,18868,3,True,1,0,20,0,120,0.483887,classic_shard_5000_6000_per_fault.csv
5012,18875,4,True,1,0,25,0,248,0.697195,classic_shard_5000_6000_per_fault.csv
5013,18876,3,True,1,0,20,0,120,0.486226,classic_shard_5000_6000_per_fault.csv
5014,18876,4,True,1,0,25,0,248,0.585875,classic_shard_5000_6000_per_fault.csv
5015,18881,3,True,1,0,20,0,120,0.479169,classic_shard_5000_6000_per_fault.csv
5016,18882,4,True,1,0,25,0,248,0.652868,classic_shard_5000_6000_per_fault.csv
5017,18883,4,True,1,0,25,0,248,0.583974,classic_shard_5000_6000_per_fault.csv
5018,18884,4,True,1,0,25,0,248,0.582734,classic_shard_5000_6000_per_fault.csv
5019,18886,3,True,1,0,20,0,120,0.478885,classic_shard_5000_6000_per_fault.csv
5020,18891,3,True,1,0,20,0,120,0.480256,classic_shard_5000_6000_per_fault.csv
5021,18892,4,True,1,0,25,0,248,0.611164,classic_shard_5000_6000_per_fault.csv
5022,18893,3,True,1,0,20,0,120,0.565203,classic_shard_5000_6000_per_fault.csv
5023,18893,4,True,1,0,25,0,248,0.654667,classic_shard_5000_6000_per_fault.csv
5024,18897,4,True,1,0,22,0,200,0.973547,classic_shard_5000_6000_per_fault.csv
5025,18900,3,True,1,0,54,0,607,1.92441,classic_shard_5000_6000_per_fault.csv
5026,18900,4,True,1,0,25,0,270,0.815136,classic_shard_5000_6000_per_fault.csv
5027,18905,3,True,1,9,51,0,447,1.932208,classic_shard_5000_6000_per_fault.csv
5028,18906,4,True,1,0,6,0,7,0.142006,classic_shard_5000_6000_per_fault.csv
5029,18914,4,False,2,63,153,0,210,5.022179,classic_shard_5000_6000_per_fault.csv
5030,18917,3,False,2,62,154,0,1265,5.004682,classic_shard_5000_6000_per_fault.csv
5031,18918,4,False,2,56,157,0,1554,5.003838,classic_shard_5000_6000_per_fault.csv
5032,18921,3,True,1,0,25,0,222,0.598603,classic_shard_5000_6000_per_fault.csv
5033,18923,4,False,2,25,128,0,843,5.012885,classic_shard_5000_6000_per_fault.csv
5034,18927,4,False,2,29,127,0,514,5.009657,classic_shard_5000_6000_per_fault.csv
5035,18929,3,True,1,0,30,0,333,0.699924,classic_shard_5000_6000_per_fault.csv
5036,18932,3,True,1,0,4,0,15,0.095815,classic_shard_5000_6000_per_fault.csv
5037,18932,4,True,1,0,4,0,13,0.095946,classic_shard_5000_6000_per_fault.csv
5038,18934,4,True,1,0,24,0,130,0.566701,classic_shard_5000_6000_per_fault.csv
5039,18943,3,True,1,0,18,0,114,0.422419,classic_shard_5000_6000_per_fault.csv
5040,18947,3,True,1,0,63,0,420,1.482672,classic_shard_5000_6000_per_fault.csv
5041,18951,4,True,1,0,41,0,408,0.959153,classic_shard_5000_6000_per_fault.csv
5042,18957,3,True,1,0,22,0,169,0.512608,classic_shard_5000_6000_per_fault.csv
5043,18960,4,True,1,0,48,0,373,1.127293,classic_shard_5000_6000_per_fault.csv
5044,18967,3,True,1,0,33,0,215,0.774362,classic_shard_5000_6000_per_fault.csv
5045,18970,3,True,1,0,78,0,660,1.830881,classic_shard_5000_6000_per_fault.csv
5046,18973,3,True,1,0,41,0,350,0.95867,classic_shard_5000_6000_per_fault.csv
5047,18973,4,True,1,0,41,0,351,0.958458,classic_shard_5000_6000_per_fault.csv
5048,18976,3,True,1,0,33,0,239,1.176564,classic_shard_5000_6000_per_fault.csv
5049,18980,3,True,1,0,25,0,265,1.340232,classic_shard_5000_6000_per_fault.csv
5050,19003,3,True,1,0,7,0,20,0.25126,classic_shard_5000_6000_per_fault.csv
5051,19003,4,True,1,0,7,0,21,0.368409,classic_shard_5000_6000_per_fault.csv
5052,19011,3,True,1,0,6,0,17,0.231004,classic_shard_5000_6000_per_fault.csv
5053,19012,4,True,1,6,38,0,377,1.481003,classic_shard_5000_6000_per_fault.csv
5054,19027,4,True,1,4,36,0,434,0.980186,classic_shard_5000_6000_per_fault.csv
5055,19030,3,True,1,4,36,0,353,0.945798,classic_shard_5000_6000_per_fault.csv
5056,19032,3,True,1,8,77,0,900,2.222889,classic_shard_5000_6000_per_fault.csv
5057,19034,3,False,2,43,146,0,836,5.014629,classic_shard_5000_6000_per_fault.csv
5058,19034,4,False,2,43,144,0,839,5.07964,classic_shard_5000_6000_per_fault.csv
5059,19035,4,False,2,48,159,0,931,5.016155,classic_shard_5000_6000_per_fault.csv
5060,19037,4,False,2,48,167,0,931,5.010156,classic_shard_5000_6000_per_fault.csv
5061,19040,4,False,2,40,144,0,735,5.008164,classic_shard_5000_6000_per_fault.csv
5062,19041,4,False,2,48,171,0,871,5.005285,classic_shard_5000_6000_per_fault.csv
5063,19042,3,False,2,47,172,0,731,5.018096,classic_shard_5000_6000_per_fault.csv
5064,19044,3,False,2,45,172,0,805,5.007746,classic_shard_5000_6000_per_fault.csv
5065,19045,4,False,2,44,174,0,790,5.020244,classic_shard_5000_6000_per_fault.csv
5066,19046,3,False,2,44,174,0,786,5.006147,classic_shard_5000_6000_per_fault.csv
5067,19047,3,False,2,47,171,0,615,5.003049,classic_shard_5000_6000_per_fault.csv
5068,19047,4,False,2,46,172,0,755,5.005873,classic_shard_5000_6000_per_fault.csv
5069,19049,3,False,2,38,166,0,589,5.010636,classic_shard_5000_6000_per_fault.csv
5070,19049,4,False,2,44,168,0,713,5.038025,classic_shard_5000_6000_per_fault.csv
5071,19054,3,False,2,41,175,0,684,5.020252,classic_shard_5000_6000_per_fault.csv
5072,19055,4,False,2,39,175,0,553,5.00346,classic_shard_5000_6000_per_fault.csv
5073,19058,3,False,2,36,180,0,713,5.002328,classic_shard_5000_6000_per_fault.csv
5074,19067,3,False,2,44,175,0,759,5.068298,classic_shard_5000_6000_per_fault.csv
5075,19069,3,False,2,49,167,0,634,5.007816,classic_shard_5000_6000_per_fault.csv
5076,19071,4,False,2,50,165,0,1676,5.01969,classic_shard_5000_6000_per_fault.csv
5077,19085,4,False,2,54,163,0,735,5.015181,classic_shard_5000_6000_per_fault.csv
5078,19087,4,False,2,49,167,0,711,5.0061,classic_shard_5000_6000_per_fault.csv
5079,19090,4,False,2,52,167,0,608,5.04346,classic_shard_5000_6000_per_fault.csv
5080,19095,4,False,2,53,165,0,696,5.007558,classic_shard_5000_6000_per_fault.csv
5081,19096,3,False,2,49,168,0,679,5.008476,classic_shard_5000_6000_per_fault.csv
5082,19096,4,False,2,53,165,0,681,5.008074,classic_shard_5000_6000_per_fault.csv
5083,19097,3,False,2,44,175,0,759,5.077964,classic_shard_5000_6000_per_fault.csv
5084,19098,3,False,2,40,176,0,826,5.006014,classic_shard_5000_6000_per_fault.csv
5085,19099,4,False,2,53,165,0,620,5.001781,classic_shard_5000_6000_per_fault.csv
5086,19100,4,False,2,54,165,0,553,5.037344,classic_shard_5000_6000_per_fault.csv
5087,19102,3,False,2,42,172,0,617,5.042801,classic_shard_5000_6000_per_fault.csv
5088,19103,3,False,2,66,148,0,602,5.002673,classic_shard_5000_6000_per_fault.csv
5089,19107,3,False,2,41,174,0,759,5.02262,classic_shard_5000_6000_per_fault.csv
5090,19111,3,False,2,58,156,0,1131,5.014115,classic_shard_5000_6000_per_fault.csv
5091,19113,3,False,2,48,167,0,1219,5.022562,classic_shard_5000_6000_per_fault.csv
5092,19113,4,True,1,0,12,0,39,0.287109,classic_shard_5000_6000_per_fault.csv
5093,19117,3,False,2,41,174,0,759,5.021312,classic_shard_5000_6000_per_fault.csv
5094,19120,3,False,2,41,154,0,569,5.031096,classic_shard_5000_6000_per_fault.csv
5095,19120,4,False,2,54,164,0,554,5.026137,classic_shard_5000_6000_per_fault.csv
5096,19125,4,False,2,56,163,0,651,5.063802,classic_shard_5000_6000_per_fault.csv
5097,19127,3,False,2,41,174,0,759,5.01501,classic_shard_5000_6000_per_fault.csv
5098,19130,3,False,2,48,167,0,587,5.005805,classic_shard_5000_6000_per_fault.csv
5099,19131,3,False,2,58,153,0,1084,5.139518,classic_shard_5000_6000_per_fault.csv
5100,19134,3,True,1,0,18,0,90,0.682621,classic_shard_5000_6000_per_fault.csv
5101,19136,4,False,2,56,164,0,593,5.010046,classic_shard_5000_6000_per_fault.csv
5102,19137,4,False,2,53,168,0,588,5.011651,classic_shard_5000_6000_per_fault.csv
5103,19138,4,False,2,55,167,0,626,5.030293,classic_shard_5000_6000_per_fault.csv
5104,19140,4,False,2,57,166,0,513,5.034564,classic_shard_5000_6000_per_fault.csv
5105,19141,4,False,2,55,165,0,516,5.030538,classic_shard_5000_6000_per_fault.csv
5106,19142,3,False,2,44,175,0,621,5.031677,classic_shard_5000_6000_per_fault.csv
5107,19145,3,True,1,0,13,0,44,0.307875,classic_shard_5000_6000_per_fault.csv
5108,19148,4,False,2,49,171,0,421,5.018181,classic_shard_5000_6000_per_fault.csv
5109,19152,3,False,2,75,169,0,932,5.520867,classic_shard_5000_6000_per_fault.csv
5110,19154,4,True,1,0,27,0,270,0.624128,classic_shard_5000_6000_per_fault.csv
5111,19155,3,True,1,0,26,0,266,0.60162,classic_shard_5000_6000_per_fault.csv
5112,19159,3,False,2,75,169,0,940,5.531627,classic_shard_5000_6000_per_fault.csv
5113,19160,3,False,2,75,170,0,946,5.556366,classic_shard_5000_6000_per_fault.csv
5114,19161,4,False,2,69,149,0,794,5.011224,classic_shard_5000_6000_per_fault.csv
5115,19162,3,False,2,68,151,0,929,5.03909,classic_shard_5000_6000_per_fault.csv
5116,19162,4,False,2,66,151,0,1248,5.016442,classic_shard_5000_6000_per_fault.csv
5117,19163,4,False,2,66,150,0,1231,5.003638,classic_shard_5000_6000_per_fault.csv
5118,19170,4,True,1,0,29,0,299,0.671681,classic_shard_5000_6000_per_fault.csv
5119,19172,3,False,2,66,154,0,650,5.05054,classic_shard_5000_6000_per_fault.csv
5120,19176,3,True,1,0,24,0,254,0.564635,classic_shard_5000_6000_per_fault.csv
5121,19193,3,False,2,57,163,0,1252,5.00576,classic_shard_5000_6000_per_fault.csv
5122,19203,3,False,2,59,159,0,422,5.00305,classic_shard_5000_6000_per_fault.csv
5123,19208,3,False,2,52,167,0,516,5.003095,classic_shard_5000_6000_per_fault.csv
5124,19212,3,False,2,52,171,0,556,5.020289,classic_shard_5000_6000_per_fault.csv
5125,19214,4,True,1,12,57,0,466,1.604725,classic_shard_5000_6000_per_fault.csv
5126,19215,4,False,2,57,158,0,1507,5.006851,classic_shard_5000_6000_per_fault.csv
5127,19216,3,True,1,0,19,0,177,0.446366,classic_shard_5000_6000_per_fault.csv
5128,19218,4,True,1,0,39,0,305,0.919818,classic_shard_5000_6000_per_fault.csv
5129,19222,3,True,1,0,22,0,118,0.521984,classic_shard_5000_6000_per_fault.csv
5130,19223,3,True,1,0,22,0,118,0.522133,classic_shard_5000_6000_per_fault.csv
5131,19223,4,True,1,0,27,0,269,0.63177,classic_shard_5000_6000_per_fault.csv
5132,19224,3,True,1,0,22,0,118,0.525077,classic_shard_5000_6000_per_fault.csv
5133,19226,3,True,1,0,22,0,118,0.524033,classic_shard_5000_6000_per_fault.csv
5134,19227,3,True,1,0,22,0,118,0.522406,classic_shard_5000_6000_per_fault.csv
5135,19227,4,True,1,0,27,0,269,0.633507,classic_shard_5000_6000_per_fault.csv
5136,19231,3,True,1,0,22,0,118,0.521767,classic_shard_5000_6000_per_fault.csv
5137,19231,4,True,1,0,27,0,269,0.631319,classic_shard_5000_6000_per_fault.csv
5138,19232,4,True,1,0,27,0,269,0.631985,classic_shard_5000_6000_per_fault.csv
5139,19234,4,True,1,0,27,0,269,0.632551,classic_shard_5000_6000_per_fault.csv
5140,19236,4,True,1,0,27,0,269,0.629945,classic_shard_5000_6000_per_fault.csv
5141,19239,4,True,1,0,27,0,269,0.63051,classic_shard_5000_6000_per_fault.csv
5142,19240,3,True,1,0,22,0,118,0.523134,classic_shard_5000_6000_per_fault.csv
5143,19242,3,True,1,0,22,0,118,0.522208,classic_shard_5000_6000_per_fault.csv
5144,19243,4,True,1,0,27,0,269,0.63179,classic_shard_5000_6000_per_fault.csv
5145,19245,4,True,1,0,27,0,269,0.631335,classic_shard_5000_6000_per_fault.csv
5146,19246,3,True,1,0,22,0,118,0.52202,classic_shard_5000_6000_per_fault.csv
5147,19248,4,True,1,0,27,0,269,0.630008,classic_shard_5000_6000_per_fault.csv
5148,19251,3,True,1,0,22,0,118,0.522651,classic_shard_5000_6000_per_fault.csv
5149,19254,3,True,1,0,22,0,118,0.521772,classic_shard_5000_6000_per_fault.csv
5150,19262,4,True,1,0,24,0,260,0.561595,classic_shard_5000_6000_per_fault.csv
5151,19265,4,True,1,0,24,0,260,0.560942,classic_shard_5000_6000_per_fault.csv
5152,19267,4,True,1,0,24,0,260,0.561156,classic_shard_5000_6000_per_fault.csv
5153,19271,4,True,1,0,24,0,260,0.560642,classic_shard_5000_6000_per_fault.csv
5154,19274,4,True,1,0,24,0,260,0.56332,classic_shard_5000_6000_per_fault.csv
5155,19275,4,True,1,0,24,0,260,0.561493,classic_shard_5000_6000_per_fault.csv
5156,19276,3,True,1,0,22,0,118,0.521143,classic_shard_5000_6000_per_fault.csv
5157,19277,3,True,1,0,22,0,118,0.521974,classic_shard_5000_6000_per_fault.csv
5158,19279,4,True,1,0,24,0,260,0.560025,classic_shard_5000_6000_per_fault.csv
5159,19281,4,True,1,0,20,0,139,0.478287,classic_shard_5000_6000_per_fault.csv
5160,19282,4,True,1,0,20,0,139,0.478514,classic_shard_5000_6000_per_fault.csv
5161,19284,3,True,1,0,5,0,14,0.120879,classic_shard_5000_6000_per_fault.csv
5162,19288,3,True,1,0,5,0,14,0.12002,classic_shard_5000_6000_per_fault.csv
5163,19294,4,True,1,0,20,0,139,0.478571,classic_shard_5000_6000_per_fault.csv
5164,19295,3,True,1,0,5,0,14,0.11977,classic_shard_5000_6000_per_fault.csv
5165,19295,4,True,1,0,20,0,139,0.478322,classic_shard_5000_6000_per_fault.csv
5166,19299,3,True,1,0,5,0,14,0.120076,classic_shard_5000_6000_per_fault.csv
5167,19300,4,True,1,0,20,0,139,0.479297,classic_shard_5000_6000_per_fault.csv
5168,19302,3,True,1,0,5,0,14,0.119636,classic_shard_5000_6000_per_fault.csv
5169,19303,4,True,1,0,20,0,139,0.484374,classic_shard_5000_6000_per_fault.csv
5170,19304,4,True,1,0,20,0,139,0.498196,classic_shard_5000_6000_per_fault.csv
5171,19305,4,True,1,0,20,0,139,0.495617,classic_shard_5000_6000_per_fault.csv
5172,19308,4,True,1,0,20,0,139,0.491495,classic_shard_5000_6000_per_fault.csv
5173,19309,3,True,1,0,5,0,14,0.122399,classic_shard_5000_6000_per_fault.csv
5174,19309,4,True,1,0,20,0,139,0.48997,classic_shard_5000_6000_per_fault.csv
5175,19310,3,True,1,0,5,0,14,0.122683,classic_shard_5000_6000_per_fault.csv
5176,19312,4,True,1,0,23,0,248,0.54908,classic_shard_5000_6000_per_fault.csv
5177,19313,3,True,1,0,37,0,233,0.886035,classic_shard_5000_6000_per_fault.csv
5178,19314,4,True,1,0,7,0,17,0.168772,classic_shard_5000_6000_per_fault.csv
5179,19316,4,True,1,0,51,0,279,1.231295,classic_shard_5000_6000_per_fault.csv
5180,19320,4,True,1,0,27,0,266,0.630473,classic_shard_5000_6000_per_fault.csv
5181,19322,3,True,1,0,4,0,6,0.096077,classic_shard_5000_6000_per_fault.csv
5182,19323,3,True,1,0,6,0,17,0.142376,classic_shard_5000_6000_per_fault.csv
5183,19324,4,True,1,0,31,0,420,0.724588,classic_shard_5000_6000_per_fault.csv
5184,19325,4,False,2,63,154,0,1709,5.008031,classic_shard_5000_6000_per_fault.csv
5185,19326,3,True,1,0,5,0,9,0.119257,classic_shard_5000_6000_per_fault.csv
5186,19328,3,True,1,0,41,0,311,0.970317,classic_shard_5000_6000_per_fault.csv
5187,19331,3,True,1,0,13,0,107,0.303669,classic_shard_5000_6000_per_fault.csv
5188,19332,3,False,2,70,159,0,1554,5.196837,classic_shard_5000_6000_per_fault.csv
5189,19335,3,False,2,60,155,0,1141,5.000339,classic_shard_5000_6000_per_fault.csv
5190,19337,4,False,2,59,161,0,1132,5.000233,classic_shard_5000_6000_per_fault.csv
5191,19341,4,True,1,0,23,0,208,0.531568,classic_shard_5000_6000_per_fault.csv
5192,19343,4,True,1,0,23,0,208,0.533021,classic_shard_5000_6000_per_fault.csv
5193,19346,4,True,1,0,25,0,231,0.586264,classic_shard_5000_6000_per_fault.csv
5194,19348,3,False,2,59,158,0,847,5.021656,classic_shard_5000_6000_per_fault.csv
5195,19348,4,False,2,59,159,0,811,5.021009,classic_shard_5000_6000_per_fault.csv
5196,19349,4,False,2,45,170,0,1651,5.013227,classic_shard_5000_6000_per_fault.csv
5197,19351,3,True,1,0,13,0,93,0.307771,classic_shard_5000_6000_per_fault.csv
5198,19357,4,True,1,0,48,0,455,1.115514,classic_shard_5000_6000_per_fault.csv
5199,19362,4,True,1,27,88,0,504,2.657533,classic_shard_5000_6000_per_fault.csv
5200,19373,4,True,1,0,63,0,479,2.480296,classic_shard_5000_6000_per_fault.csv
5201,19379,3,True,1,0,25,0,275,1.201068,classic_shard_5000_6000_per_fault.csv
5202,19388,3,True,1,0,25,0,263,1.171407,classic_shard_5000_6000_per_fault.csv
5203,19388,4,True,1,0,13,0,84,0.607975,classic_shard_5000_6000_per_fault.csv
5204,19391,4,True,1,0,33,0,244,1.559445,classic_shard_5000_6000_per_fault.csv
5205,19394,3,True,1,0,25,0,263,1.177695,classic_shard_5000_6000_per_fault.csv
5206,19400,3,True,1,0,25,0,263,0.989453,classic_shard_5000_6000_per_fault.csv
5207,19407,4,True,1,0,38,0,328,1.288547,classic_shard_5000_6000_per_fault.csv
5208,19422,4,False,2,64,146,0,1238,5.015617,classic_shard_5000_6000_per_fault.csv
5209,19423,4,True,1,0,22,0,284,0.523918,classic_shard_5000_6000_per_fault.csv
5210,19424,4,True,1,0,9,0,42,0.215683,classic_shard_5000_6000_per_fault.csv
5211,19430,3,True,1,0,6,0,16,0.144571,classic_shard_5000_6000_per_fault.csv
5212,19435,3,True,1,6,38,0,340,1.020713,classic_shard_5000_6000_per_fault.csv
5213,19442,3,True,1,2,28,0,231,0.701169,classic_shard_5000_6000_per_fault.csv
5214,19446,4,True,1,4,36,0,374,0.931633,classic_shard_5000_6000_per_fault.csv
5215,19450,4,True,1,4,38,0,426,0.976881,classic_shard_5000_6000_per_fault.csv
5216,19458,4,False,2,36,183,0,742,5.007827,classic_shard_5000_6000_per_fault.csv
5217,19460,3,True,1,0,20,0,166,0.470107,classic_shard_5000_6000_per_fault.csv
5218,19460,4,False,2,56,162,0,371,5.020397,classic_shard_5000_6000_per_fault.csv
5219,19462,4,True,1,0,40,0,428,0.937032,classic_shard_5000_6000_per_fault.csv
5220,19463,3,True,1,0,13,0,85,0.308871,classic_shard_5000_6000_per_fault.csv
5221,19465,3,False,2,52,169,0,683,5.078264,classic_shard_5000_6000_per_fault.csv
5222,19476,3,False,2,49,171,0,630,5.032869,classic_shard_5000_6000_per_fault.csv
5223,19478,3,False,2,44,175,0,763,5.027306,classic_shard_5000_6000_per_fault.csv
5224,19479,3,False,2,41,178,0,830,5.01213,classic_shard_5000_6000_per_fault.csv
5225,19483,3,False,2,38,167,0,617,5.021681,classic_shard_5000_6000_per_fault.csv
5226,19484,3,True,1,1,16,0,95,0.4024,classic_shard_5000_6000_per_fault.csv
5227,19486,4,False,2,41,154,0,1547,5.080054,classic_shard_5000_6000_per_fault.csv
5228,19489,3,False,2,49,171,0,626,5.034078,classic_shard_5000_6000_per_fault.csv
5229,19489,4,False,2,49,168,0,1675,5.001616,classic_shard_5000_6000_per_fault.csv
5230,19491,3,False,2,44,175,0,759,5.010926,classic_shard_5000_6000_per_fault.csv
5231,19491,4,False,2,59,160,0,1480,5.04978,classic_shard_5000_6000_per_fault.csv
5232,19495,3,False,2,58,160,0,1143,5.011776,classic_shard_5000_6000_per_fault.csv
5233,19498,4,True,1,0,12,0,48,0.284719,classic_shard_5000_6000_per_fault.csv
5234,19499,3,False,2,49,171,0,626,5.024387,classic_shard_5000_6000_per_fault.csv
5235,19500,4,False,2,55,167,0,687,5.057599,classic_shard_5000_6000_per_fault.csv
5236,19501,4,False,2,53,169,0,670,5.04887,classic_shard_5000_6000_per_fault.csv
5237,19507,3,True,1,0,9,0,44,0.2123,classic_shard_5000_6000_per_fault.csv
5238,19508,4,True,1,0,12,0,48,0.284451,classic_shard_5000_6000_per_fault.csv
5239,19512,3,False,2,41,178,0,826,5.02787,classic_shard_5000_6000_per_fault.csv
5240,19514,4,False,2,53,168,0,609,5.020148,classic_shard_5000_6000_per_fault.csv
5241,19524,4,False,2,55,166,0,554,5.003959,classic_shard_5000_6000_per_fault.csv
5242,19526,4,False,2,53,170,0,631,5.054169,classic_shard_5000_6000_per_fault.csv
5243,19531,3,True,1,0,26,0,286,0.601126,classic_shard_5000_6000_per_fault.csv
5244,19533,4,False,2,68,149,0,942,5.000362,classic_shard_5000_6000_per_fault.csv
5245,19534,3,False,2,70,151,0,544,5.080045,classic_shard_5000_6000_per_fault.csv
5246,19539,3,False,2,28,195,0,1215,5.019773,classic_shard_5000_6000_per_fault.csv
5247,19539,4,False,2,75,166,0,935,5.471502,classic_shard_5000_6000_per_fault.csv
5248,19540,4,False,2,67,152,0,904,5.04484,classic_shard_5000_6000_per_fault.csv
5249,19544,4,False,2,68,149,0,1016,5.066515,classic_shard_5000_6000_per_fault.csv
5250,19546,3,False,2,67,150,0,844,5.024791,classic_shard_5000_6000_per_fault.csv
5251,19546,4,False,2,66,150,0,972,5.009126,classic_shard_5000_6000_per_fault.csv
5252,19547,4,False,2,68,145,0,989,5.010454,classic_shard_5000_6000_per_fault.csv
5253,19548,4,False,2,67,151,0,974,5.035817,classic_shard_5000_6000_per_fault.csv
5254,19549,4,False,2,70,150,0,1242,5.089441,classic_shard_5000_6000_per_fault.csv
5255,19550,3,False,2,65,154,0,1191,5.022279,classic_shard_5000_6000_per_fault.csv
5256,19552,4,True,1,3,56,0,510,1.379859,classic_shard_5000_6000_per_fault.csv
5257,19553,4,True,1,0,41,0,388,1.317709,classic_shard_5000_6000_per_fault.csv
5258,19554,3,True,1,3,56,0,535,2.034845,classic_shard_5000_6000_per_fault.csv
5259,19555,4,True,1,0,29,0,299,0.84158,classic_shard_5000_6000_per_fault.csv
5260,19566,4,True,1,0,23,0,320,0.770719,classic_shard_5000_6000_per_fault.csv
5261,19568,3,True,1,0,10,0,51,0.237876,classic_shard_5000_6000_per_fault.csv
5262,19576,3,False,2,51,164,0,726,5.017585,classic_shard_5000_6000_per_fault.csv
5263,19576,4,False,2,64,158,0,1623,5.041968,classic_shard_5000_6000_per_fault.csv
5264,19577,3,True,1,2,43,0,325,1.05616,classic_shard_5000_6000_per_fault.csv
5265,19578,3,False,2,57,163,0,1247,5.00433,classic_shard_5000_6000_per_fault.csv
5266,19582,3,True,1,0,21,0,175,0.49243,classic_shard_5000_6000_per_fault.csv
5267,19584,3,True,1,0,21,0,174,0.490222,classic_shard_5000_6000_per_fault.csv
5268,19587,3,True,1,0,33,0,287,0.766824,classic_shard_5000_6000_per_fault.csv
5269,19587,4,True,1,0,33,0,288,0.766451,classic_shard_5000_6000_per_fault.csv
5270,19590,4,True,1,0,30,0,361,0.697926,classic_shard_5000_6000_per_fault.csv
5271,19591,3,False,2,56,167,0,367,5.015812,classic_shard_5000_6000_per_fault.csv
5272,19592,3,True,1,0,10,0,84,0.235703,classic_shard_5000_6000_per_fault.csv
5273,19593,3,False,2,68,153,0,301,5.000472,classic_shard_5000_6000_per_fault.csv
5274,19594,4,False,2,68,154,0,312,5.022429,classic_shard_5000_6000_per_fault.csv
5275,19596,3,True,1,0,39,0,287,0.915652,classic_shard_5000_6000_per_fault.csv
5276,19601,4,True,1,0,22,0,121,0.522691,classic_shard_5000_6000_per_fault.csv
5277,19605,4,True,1,0,22,0,121,0.522969,classic_shard_5000_6000_per_fault.csv
5278,19609,4,True,1,0,22,0,121,0.522292,classic_shard_5000_6000_per_fault.csv
5279,19611,4,True,1,0,22,0,121,0.523131,classic_shard_5000_6000_per_fault.csv
5280,19612,4,True,1,0,22,0,121,0.521645,classic_shard_5000_6000_per_fault.csv
5281,19613,3,True,1,0,24,0,279,0.561738,classic_shard_5000_6000_per_fault.csv
5282,19615,4,True,1,0,22,0,121,0.521686,classic_shard_5000_6000_per_fault.csv
5283,19617,3,True,1,0,24,0,279,0.561682,classic_shard_5000_6000_per_fault.csv
5284,19617,4,True,1,0,22,0,121,0.521799,classic_shard_5000_6000_per_fault.csv
5285,19620,3,True,1,0,24,0,279,0.561403,classic_shard_5000_6000_per_fault.csv
5286,19623,3,True,1,0,24,0,279,0.560953,classic_shard_5000_6000_per_fault.csv
5287,19625,3,True,1,0,24,0,279,0.560247,classic_shard_5000_6000_per_fault.csv
5288,19626,4,True,1,0,22,0,121,0.52061,classic_shard_5000_6000_per_fault.csv
5289,19627,4,True,1,0,22,0,121,0.522096,classic_shard_5000_6000_per_fault.csv
5290,19628,3,True,1,0,24,0,279,0.561239,classic_shard_5000_6000_per_fault.csv
5291,19631,3,True,1,0,7,0,29,0.166065,classic_shard_5000_6000_per_fault.csv
5292,19635,3,True,1,0,4,0,10,0.09547,classic_shard_5000_6000_per_fault.csv
5293,19636,3,True,1,0,17,0,86,0.402763,classic_shard_5000_6000_per_fault.csv
5294,19637,3,True,1,0,3,0,2,0.071787,classic_shard_5000_6000_per_fault.csv
5295,19637,4,True,1,0,51,0,343,1.193789,classic_shard_5000_6000_per_fault.csv
5296,19638,3,False,2,54,162,0,1306,5.02013,classic_shard_5000_6000_per_fault.csv
5297,19640,3,True,1,0,10,0,50,0.23691,classic_shard_5000_6000_per_fault.csv
5298,19643,4,False,2,58,159,0,1480,5.007316,classic_shard_5000_6000_per_fault.csv
5299,19646,3,True,1,0,26,0,285,0.60268,classic_shard_5000_6000_per_fault.csv
5300,19647,4,True,1,0,5,0,12,0.241689,classic_shard_5000_6000_per_fault.csv
5301,19648,4,True,1,0,12,0,42,0.52606,classic_shard_5000_6000_per_fault.csv
5302,19650,4,True,1,0,24,0,124,0.570235,classic_shard_5000_6000_per_fault.csv
5303,19651,4,False,2,59,158,0,766,5.017463,classic_shard_5000_6000_per_fault.csv
5304,19652,3,False,2,64,155,0,1194,5.003,classic_shard_5000_6000_per_fault.csv
5305,19654,4,False,2,61,157,0,557,5.000822,classic_shard_5000_6000_per_fault.csv
5306,19655,3,False,2,64,155,0,799,5.00755,classic_shard_5000_6000_per_fault.csv
5307,19655,4,False,2,64,154,0,524,5.003304,classic_shard_5000_6000_per_fault.csv
5308,19658,3,False,2,64,156,0,866,5.010772,classic_shard_5000_6000_per_fault.csv
5309,19658,4,False,2,64,154,0,1200,5.005504,classic_shard_5000_6000_per_fault.csv
5310,19660,4,False,2,63,157,0,943,5.011876,classic_shard_5000_6000_per_fault.csv
5311,19663,3,True,1,0,23,0,231,0.534443,classic_shard_5000_6000_per_fault.csv
5312,19665,3,True,1,0,23,0,206,0.533257,classic_shard_5000_6000_per_fault.csv
5313,19666,3,False,2,62,154,0,1238,5.007456,classic_shard_5000_6000_per_fault.csv
5314,19667,4,True,1,0,23,0,211,0.534692,classic_shard_5000_6000_per_fault.csv
5315,19668,3,True,1,0,23,0,210,0.536096,classic_shard_5000_6000_per_fault.csv
5316,19669,4,False,2,62,154,0,1502,5.003171,classic_shard_5000_6000_per_fault.csv
5317,19670,4,False,2,62,154,0,1502,5.006932,classic_shard_5000_6000_per_fault.csv
5318,19672,3,True,1,0,28,0,246,0.657583,classic_shard_5000_6000_per_fault.csv
5319,19672,4,False,2,55,163,0,295,5.020262,classic_shard_5000_6000_per_fault.csv
5320,19677,4,True,1,0,30,0,318,0.70093,classic_shard_5000_6000_per_fault.csv
5321,19680,3,True,1,5,51,0,357,1.310854,classic_shard_5000_6000_per_fault.csv
5322,19683,3,False,2,66,154,0,907,5.091088,classic_shard_5000_6000_per_fault.csv
5323,19683,4,False,2,62,157,0,827,5.018266,classic_shard_5000_6000_per_fault.csv
5324,19691,4,True,1,0,63,0,538,1.481196,classic_shard_5000_6000_per_fault.csv
5325,19698,3,True,1,0,25,0,277,0.585564,classic_shard_5000_6000_per_fault.csv
5326,19701,4,True,1,0,18,0,120,0.423309,classic_shard_5000_6000_per_fault.csv
5327,19711,4,True,1,0,13,0,76,0.305717,classic_shard_5000_6000_per_fault.csv
5328,19723,3,True,1,0,33,0,239,0.777766,classic_shard_5000_6000_per_fault.csv
5329,19726,4,True,1,0,26,0,230,0.607687,classic_shard_5000_6000_per_fault.csv
5330,19736,3,True,1,0,18,0,140,0.422678,classic_shard_5000_6000_per_fault.csv
5331,19745,3,False,2,64,146,0,1240,5.00942,classic_shard_5000_6000_per_fault.csv
5332,19749,3,True,1,0,7,0,20,0.167389,classic_shard_5000_6000_per_fault.csv
5333,19756,4,True,1,6,38,0,377,1.097246,classic_shard_5000_6000_per_fault.csv
5334,19760,4,True,1,2,28,0,258,0.820398,classic_shard_5000_6000_per_fault.csv
5335,19774,3,True,1,12,49,0,345,2.237157,classic_shard_5000_6000_per_fault.csv
5336,19776,3,False,2,33,145,0,825,5.439028,classic_shard_5000_6000_per_fault.csv
5337,19776,4,False,2,42,174,0,544,5.019834,classic_shard_5000_6000_per_fault.csv
5338,19778,4,True,1,0,40,0,419,0.961184,classic_shard_5000_6000_per_fault.csv
5339,19779,4,True,1,0,18,0,176,0.431904,classic_shard_5000_6000_per_fault.csv
5340,19780,3,True,1,0,13,0,86,0.312053,classic_shard_5000_6000_per_fault.csv
5341,19781,3,False,2,49,171,0,630,5.034056,classic_shard_5000_6000_per_fault.csv
5342,19782,4,False,2,55,167,0,704,5.034519,classic_shard_5000_6000_per_fault.csv
5343,19785,4,False,2,55,167,0,643,5.051623,classic_shard_5000_6000_per_fault.csv
5344,19787,3,False,2,58,160,0,1147,5.012455,classic_shard_5000_6000_per_fault.csv
5345,19787,4,False,2,54,168,0,575,5.02688,classic_shard_5000_6000_per_fault.csv
5346,19793,3,False,2,34,187,0,1120,5.002644,classic_shard_5000_6000_per_fault.csv
5347,19795,4,False,2,65,149,0,590,5.035149,classic_shard_5000_6000_per_fault.csv
5348,19797,3,False,2,65,152,0,961,5.012524,classic_shard_5000_6000_per_fault.csv
5349,19801,4,False,2,59,162,0,997,5.014194,classic_shard_5000_6000_per_fault.csv
5350,19802,4,False,2,66,155,0,1017,5.018625,classic_shard_5000_6000_per_fault.csv
5351,19810,4,False,2,65,150,0,1004,5.041066,classic_shard_5000_6000_per_fault.csv
5352,19812,4,False,2,64,138,0,891,5.008735,classic_shard_5000_6000_per_fault.csv
5353,19814,3,False,2,63,145,0,1072,5.00621,classic_shard_5000_6000_per_fault.csv
5354,19818,4,False,2,68,151,0,729,5.034689,classic_shard_5000_6000_per_fault.csv
5355,19829,4,True,1,0,29,0,299,0.674131,classic_shard_5000_6000_per_fault.csv
5356,19831,3,False,2,63,154,0,709,5.004245,classic_shard_5000_6000_per_fault.csv
5357,19833,4,True,1,0,29,0,303,0.673845,classic_shard_5000_6000_per_fault.csv
5358,19840,3,True,1,0,37,0,375,0.860972,classic_shard_5000_6000_per_fault.csv
5359,19840,4,True,1,0,37,0,376,0.860877,classic_shard_5000_6000_per_fault.csv
5360,19845,3,True,1,48,107,0,296,3.656749,classic_shard_5000_6000_per_fault.csv
5361,19854,3,True,1,0,24,0,314,0.568918,classic_shard_5000_6000_per_fault.csv
5362,19863,3,False,2,48,171,0,506,5.018245,classic_shard_5000_6000_per_fault.csv
5363,19863,4,False,2,56,162,0,327,5.000269,classic_shard_5000_6000_per_fault.csv
5364,19864,3,False,2,54,167,0,540,5.008742,classic_shard_5000_6000_per_fault.csv
5365,19866,3,False,2,54,160,0,571,5.003659,classic_shard_5000_6000_per_fault.csv
5366,19867,3,True,1,0,49,0,456,1.148876,classic_shard_5000_6000_per_fault.csv
5367,19870,3,True,1,4,41,0,461,1.052459,classic_shard_5000_6000_per_fault.csv
5368,19873,4,True,1,0,24,0,302,0.561096,classic_shard_5000_6000_per_fault.csv
5369,19874,4,True,1,0,24,0,302,0.560741,classic_shard_5000_6000_per_fault.csv
5370,19875,3,True,1,0,5,0,14,0.120831,classic_shard_5000_6000_per_fault.csv
5371,19878,4,True,1,0,24,0,302,0.561271,classic_shard_5000_6000_per_fault.csv
5372,19880,3,True,1,0,5,0,14,0.119958,classic_shard_5000_6000_per_fault.csv
5373,19883,4,True,1,0,24,0,302,0.561594,classic_shard_5000_6000_per_fault.csv
5374,19884,4,True,1,0,24,0,302,0.562478,classic_shard_5000_6000_per_fault.csv
5375,19886,4,True,1,0,24,0,302,0.562659,classic_shard_5000_6000_per_fault.csv
5376,19888,3,True,1,0,5,0,14,0.121382,classic_shard_5000_6000_per_fault.csv
5377,19889,3,True,1,0,5,0,14,0.120045,classic_shard_5000_6000_per_fault.csv
5378,19901,4,True,1,0,24,0,302,0.562723,classic_shard_5000_6000_per_fault.csv
5379,19903,3,True,1,0,4,0,6,0.095376,classic_shard_5000_6000_per_fault.csv
5380,19903,4,True,1,0,21,0,163,0.488817,classic_shard_5000_6000_per_fault.csv
5381,19907,4,True,1,0,6,0,22,0.14217,classic_shard_5000_6000_per_fault.csv
5382,19915,3,True,1,0,6,0,12,0.142193,classic_shard_5000_6000_per_fault.csv
5383,19916,3,True,1,0,6,0,12,0.143519,classic_shard_5000_6000_per_fault.csv
5384,19919,3,True,1,0,6,0,12,0.142531,classic_shard_5000_6000_per_fault.csv
5385,19921,3,True,1,0,6,0,12,0.142621,classic_shard_5000_6000_per_fault.csv
5386,19921,4,True,1,0,6,0,22,0.142248,classic_shard_5000_6000_per_fault.csv
5387,19923,4,True,1,0,6,0,22,0.142392,classic_shard_5000_6000_per_fault.csv
5388,19925,4,True,1,0,6,0,22,0.14299,classic_shard_5000_6000_per_fault.csv
5389,19927,3,True,1,0,6,0,12,0.142615,classic_shard_5000_6000_per_fault.csv
5390,19928,3,True,1,0,6,0,12,0.143097,classic_shard_5000_6000_per_fault.csv
5391,19928,4,True,1,0,6,0,22,0.142033,classic_shard_5000_6000_per_fault.csv
5392,19933,4,True,1,0,6,0,22,0.142765,classic_shard_5000_6000_per_fault.csv
5393,19936,4,True,1,0,7,0,30,0.166886,classic_shard_5000_6000_per_fault.csv
5394,19940,4,True,1,0,8,0,36,0.191726,classic_shard_5000_6000_per_fault.csv
5395,19943,4,True,1,0,8,0,36,0.189358,classic_shard_5000_6000_per_fault.csv
5396,19944,4,True,1,0,8,0,36,0.189784,classic_shard_5000_6000_per_fault.csv
5397,19945,3,True,1,0,6,0,14,0.143775,classic_shard_5000_6000_per_fault.csv
5398,19958,3,True,1,0,6,0,12,0.142823,classic_shard_5000_6000_per_fault.csv
5399,19958,4,True,1,0,4,0,13,0.095717,classic_shard_5000_6000_per_fault.csv
5400,19959,3,True,1,0,6,0,12,0.288347,classic_shard_5000_6000_per_fault.csv
5401,19961,3,True,1,0,6,0,12,0.285329,classic_shard_5000_6000_per_fault.csv
5402,19964,3,True,1,0,6,0,12,0.285995,classic_shard_5000_6000_per_fault.csv
5403,19965,4,True,1,0,4,0,13,0.193659,classic_shard_5000_6000_per_fault.csv
5404,19966,4,True,1,0,4,0,13,0.188813,classic_shard_5000_6000_per_fault.csv
5405,19967,4,True,1,0,4,0,13,0.191014,classic_shard_5000_6000_per_fault.csv
5406,19977,3,True,1,0,6,0,12,0.283904,classic_shard_5000_6000_per_fault.csv
5407,19978,3,True,1,0,6,0,12,0.288069,classic_shard_5000_6000_per_fault.csv
5408,19979,3,True,1,0,6,0,12,0.286891,classic_shard_5000_6000_per_fault.csv
5409,19980,4,True,1,0,4,0,13,0.191833,classic_shard_5000_6000_per_fault.csv
5410,19984,4,True,1,0,17,0,93,0.803041,classic_shard_5000_6000_per_fault.csv
5411,19989,4,True,1,0,3,0,5,0.142362,classic_shard_5000_6000_per_fault.csv
5412,19990,4,True,1,0,3,0,5,0.142783,classic_shard_5000_6000_per_fault.csv
5413,19993,4,True,1,0,3,0,5,0.142016,classic_shard_5000_6000_per_fault.csv
5414,19996,4,True,1,0,3,0,5,0.141936,classic_shard_5000_6000_per_fault.csv
5415,20001,4,True,1,0,3,0,5,0.147974,classic_shard_5000_6000_per_fault.csv
5416,20003,4,True,1,0,3,0,5,0.142615,classic_shard_5000_6000_per_fault.csv
5417,20005,4,True,1,0,3,0,5,0.148462,classic_shard_5000_6000_per_fault.csv
5418,20006,3,True,1,0,19,0,87,0.823557,classic_shard_5000_6000_per_fault.csv
5419,20008,3,True,1,0,19,0,87,0.457444,classic_shard_5000_6000_per_fault.csv
5420,20010,3,True,1,0,19,0,87,0.455209,classic_shard_5000_6000_per_fault.csv
5421,20010,4,True,1,0,3,0,5,0.08916,classic_shard_5000_6000_per_fault.csv
5422,20013,4,True,1,0,3,0,5,0.088895,classic_shard_5000_6000_per_fault.csv
5423,20014,3,True,1,0,19,0,87,0.486979,classic_shard_5000_6000_per_fault.csv
5424,20015,3,True,1,0,19,0,87,0.94805,classic_shard_5000_6000_per_fault.csv
5425,20016,4,True,1,0,3,0,5,0.151293,classic_shard_5000_6000_per_fault.csv
5426,20021,3,True,1,0,26,0,284,0.778802,classic_shard_5000_6000_per_fault.csv
5427,20026,3,True,1,0,5,0,32,0.120466,classic_shard_5000_6000_per_fault.csv
5428,20027,4,True,1,0,26,0,310,0.614712,classic_shard_5000_6000_per_fault.csv
5429,20037,4,True,1,0,10,0,35,0.244656,classic_shard_5000_6000_per_fault.csv
5430,20038,3,True,1,0,13,0,61,0.313051,classic_shard_5000_6000_per_fault.csv
5431,20043,3,True,1,0,14,0,139,0.338459,classic_shard_5000_6000_per_fault.csv
5432,20043,4,True,1,0,5,0,10,0.119709,classic_shard_5000_6000_per_fault.csv
5433,20045,3,True,1,1,17,0,161,0.423659,classic_shard_5000_6000_per_fault.csv
5434,20046,4,True,1,0,5,0,9,0.121297,classic_shard_5000_6000_per_fault.csv
5435,20050,3,True,1,0,14,0,143,0.32911,classic_shard_5000_6000_per_fault.csv
5436,20054,4,True,1,0,5,0,9,0.119675,classic_shard_5000_6000_per_fault.csv
5437,20058,3,True,1,0,6,0,8,0.14466,classic_shard_5000_6000_per_fault.csv
5438,20060,3,True,1,0,18,0,136,0.427084,classic_shard_5000_6000_per_fault.csv
5439,20060,4,False,2,62,154,0,1017,5.0353,classic_shard_5000_6000_per_fault.csv
5440,20066,3,False,2,66,155,0,1234,5.010288,classic_shard_5000_6000_per_fault.csv
5441,20068,3,False,2,64,157,0,807,5.050494,classic_shard_5000_6000_per_fault.csv
5442,20070,3,False,2,65,152,0,1205,5.02442,classic_shard_5000_6000_per_fault.csv
5443,20070,4,False,2,64,155,0,1006,5.004959,classic_shard_5000_6000_per_fault.csv
5444,20072,4,True,1,0,23,0,236,0.535841,classic_shard_5000_6000_per_fault.csv
5445,20085,3,True,1,0,36,0,281,0.840378,classic_shard_5000_6000_per_fault.csv
5446,20086,3,True,1,0,28,0,270,0.654276,classic_shard_5000_6000_per_fault.csv
5447,20086,4,True,1,0,28,0,258,0.658329,classic_shard_5000_6000_per_fault.csv
5448,20087,3,True,1,0,31,0,289,0.725537,classic_shard_5000_6000_per_fault.csv
5449,20087,4,False,2,51,151,0,1541,5.038609,classic_shard_5000_6000_per_fault.csv
5450,20088,3,True,1,0,5,0,10,0.246974,classic_shard_5000_6000_per_fault.csv
5451,20089,3,True,1,0,13,0,93,0.634637,classic_shard_5000_6000_per_fault.csv
5452,20091,4,True,1,0,4,0,8,0.141068,classic_shard_5000_6000_per_fault.csv
5453,20096,3,True,1,0,30,0,291,0.703417,classic_shard_5000_6000_per_fault.csv
5454,20100,4,True,1,2,45,0,386,1.104133,classic_shard_5000_6000_per_fault.csv
5455,20101,3,True,1,0,44,0,495,1.024691,classic_shard_5000_6000_per_fault.csv
5456,20103,3,True,1,0,6,0,16,0.142895,classic_shard_5000_6000_per_fault.csv
5457,20104,4,False,2,38,103,0,689,5.033112,classic_shard_5000_6000_per_fault.csv
5458,20107,4,True,1,0,48,0,377,1.296838,classic_shard_5000_6000_per_fault.csv
5459,20110,4,True,1,0,18,0,128,0.478771,classic_shard_5000_6000_per_fault.csv
5460,20119,4,True,1,0,18,0,133,0.534496,classic_shard_5000_6000_per_fault.csv
5461,20125,4,True,1,0,48,0,416,1.129159,classic_shard_5000_6000_per_fault.csv
5462,20150,4,True,1,0,23,0,180,0.533936,classic_shard_5000_6000_per_fault.csv
5463,20156,3,True,1,0,78,0,574,1.845318,classic_shard_5000_6000_per_fault.csv
5464,20159,3,True,1,0,5,0,14,0.120738,classic_shard_5000_6000_per_fault.csv
5465,20161,3,True,1,0,22,0,300,0.52715,classic_shard_5000_6000_per_fault.csv
5466,20161,4,True,1,0,23,0,317,0.550971,classic_shard_5000_6000_per_fault.csv
5467,20164,3,True,1,0,5,0,12,0.119582,classic_shard_5000_6000_per_fault.csv
5468,20172,4,True,1,0,6,0,18,0.144223,classic_shard_5000_6000_per_fault.csv
5469,20175,3,True,1,2,28,0,231,0.701737,classic_shard_5000_6000_per_fault.csv
5470,20177,3,True,1,0,3,0,6,0.07226,classic_shard_5000_6000_per_fault.csv
5471,20177,4,True,1,0,4,0,14,0.096312,classic_shard_5000_6000_per_fault.csv
5472,20184,3,True,1,0,8,0,26,0.191172,classic_shard_5000_6000_per_fault.csv
5473,20184,4,True,1,4,38,0,426,0.979178,classic_shard_5000_6000_per_fault.csv
5474,20193,3,False,2,40,179,0,738,5.006547,classic_shard_5000_6000_per_fault.csv
5475,20193,4,False,2,40,179,0,748,5.008458,classic_shard_5000_6000_per_fault.csv
5476,20194,3,True,1,0,20,0,166,0.471459,classic_shard_5000_6000_per_fault.csv
5477,20195,3,True,1,0,25,0,264,0.582145,classic_shard_5000_6000_per_fault.csv
5478,20196,4,True,1,0,40,0,428,0.938704,classic_shard_5000_6000_per_fault.csv
5479,20201,4,False,2,52,168,0,654,5.067538,classic_shard_5000_6000_per_fault.csv
5480,20208,4,False,2,64,153,0,1021,5.004766,classic_shard_5000_6000_per_fault.csv
5481,20210,3,False,2,64,153,0,787,5.016103,classic_shard_5000_6000_per_fault.csv
5482,20211,4,False,2,65,154,0,1107,5.008752,classic_shard_5000_6000_per_fault.csv
5483,20213,4,False,2,65,153,0,577,5.045464,classic_shard_5000_6000_per_fault.csv
5484,20214,4,False,2,69,146,0,926,5.011024,classic_shard_5000_6000_per_fault.csv
5485,20219,4,False,2,47,172,0,1005,5.00973,classic_shard_5000_6000_per_fault.csv
5486,20220,3,False,2,70,152,0,933,5.15283,classic_shard_5000_6000_per_fault.csv
5487,20222,4,False,2,68,148,0,1032,5.016381,classic_shard_5000_6000_per_fault.csv
5488,20226,4,False,2,56,134,0,906,5.130681,classic_shard_5000_6000_per_fault.csv
5489,20234,4,False,2,46,119,0,1181,5.049835,classic_shard_5000_6000_per_fault.csv
5490,20243,4,True,1,49,122,0,798,4.331086,classic_shard_5000_6000_per_fault.csv
5491,20252,4,False,2,33,79,0,695,5.016585,classic_shard_5000_6000_per_fault.csv
5492,20254,3,False,2,59,153,0,1105,5.035504,classic_shard_5000_6000_per_fault.csv
5493,20254,4,False,2,63,153,0,1576,5.007506,classic_shard_5000_6000_per_fault.csv
5494,20257,3,True,1,0,21,0,174,0.502496,classic_shard_5000_6000_per_fault.csv
5495,20260,4,True,1,0,33,0,288,0.780027,classic_shard_5000_6000_per_fault.csv
5496,20263,4,True,1,0,30,0,361,0.708345,classic_shard_5000_6000_per_fault.csv
5497,20269,4,False,2,61,156,0,1183,5.011418,classic_shard_5000_6000_per_fault.csv
5498,20271,3,True,1,0,15,0,156,0.369202,classic_shard_5000_6000_per_fault.csv
5499,20272,4,False,2,56,150,0,1185,5.020384,classic_shard_5000_6000_per_fault.csv
5500,20274,3,True,1,0,8,0,27,0.262459,classic_shard_5000_6000_per_fault.csv
5501,20276,3,False,2,54,159,0,640,5.025468,classic_shard_5000_6000_per_fault.csv
5502,20288,4,True,1,0,5,0,18,0.121369,classic_shard_5000_6000_per_fault.csv
5503,20289,3,True,1,0,20,0,158,0.484766,classic_shard_5000_6000_per_fault.csv
5504,20290,3,True,1,0,20,0,158,0.483907,classic_shard_5000_6000_per_fault.csv
5505,20296,3,True,1,0,20,0,158,0.483984,classic_shard_5000_6000_per_fault.csv
5506,20299,3,True,1,0,20,0,158,0.482943,classic_shard_5000_6000_per_fault.csv
5507,20301,4,True,1,0,5,0,18,0.12104,classic_shard_5000_6000_per_fault.csv
5508,20302,4,True,1,0,5,0,18,0.122504,classic_shard_5000_6000_per_fault.csv
5509,20306,4,True,1,0,5,0,18,0.12321,classic_shard_5000_6000_per_fault.csv
5510,20311,3,True,1,0,7,0,16,0.167962,classic_shard_5000_6000_per_fault.csv
5511,20312,4,True,1,0,5,0,12,0.119947,classic_shard_5000_6000_per_fault.csv
5512,20313,3,True,1,0,5,0,12,0.119543,classic_shard_5000_6000_per_fault.csv
5513,20319,3,True,1,0,17,0,152,0.402406,classic_shard_5000_6000_per_fault.csv
5514,20321,3,False,2,63,154,0,1620,5.022894,classic_shard_5000_6000_per_fault.csv
5515,20321,4,True,1,0,5,0,6,0.1205,classic_shard_5000_6000_per_fault.csv
5516,20323,3,True,1,0,4,0,3,0.096723,classic_shard_5000_6000_per_fault.csv
5517,20325,3,True,1,0,4,0,3,0.098229,classic_shard_5000_6000_per_fault.csv
5518,20327,4,True,1,0,26,0,309,0.609117,classic_shard_5000_6000_per_fault.csv
5519,20328,4,True,1,0,26,0,309,0.610331,classic_shard_5000_6000_per_fault.csv
5520,20335,4,True,1,0,26,0,309,0.609549,classic_shard_5000_6000_per_fault.csv
5521,20338,4,True,1,0,5,0,14,0.120584,classic_shard_5000_6000_per_fault.csv
5522,20340,3,True,1,0,4,0,3,0.097291,classic_shard_5000_6000_per_fault.csv
5523,20341,3,True,1,0,4,0,3,0.097872,classic_shard_5000_6000_per_fault.csv
5524,20342,3,True,1,0,4,0,3,0.097396,classic_shard_5000_6000_per_fault.csv
5525,20344,3,True,1,0,4,0,3,0.097168,classic_shard_5000_6000_per_fault.csv
5526,20345,3,True,1,0,4,0,3,0.098015,classic_shard_5000_6000_per_fault.csv
5527,20347,3,True,1,0,4,0,3,0.097261,classic_shard_5000_6000_per_fault.csv
5528,20349,3,True,1,0,4,0,3,0.097612,classic_shard_5000_6000_per_fault.csv
5529,20349,4,True,1,0,5,0,14,0.119837,classic_shard_5000_6000_per_fault.csv
5530,20353,4,True,1,0,5,0,14,0.121239,classic_shard_5000_6000_per_fault.csv
5531,20354,4,True,1,0,5,0,14,0.120085,classic_shard_5000_6000_per_fault.csv
5532,20355,3,True,1,0,4,0,3,0.097124,classic_shard_5000_6000_per_fault.csv
5533,20355,4,True,1,0,5,0,14,0.120165,classic_shard_5000_6000_per_fault.csv
5534,20357,4,True,1,0,5,0,14,0.120003,classic_shard_5000_6000_per_fault.csv
5535,20359,3,True,1,0,4,0,3,0.097486,classic_shard_5000_6000_per_fault.csv
5536,20368,3,True,1,0,4,0,3,0.097301,classic_shard_5000_6000_per_fault.csv
5537,20368,4,True,1,0,5,0,14,0.119765,classic_shard_5000_6000_per_fault.csv
5538,20369,3,True,1,0,3,0,6,0.074292,classic_shard_5000_6000_per_fault.csv
5539,20371,3,True,1,0,4,0,3,0.097389,classic_shard_5000_6000_per_fault.csv
5540,20374,4,True,1,0,3,0,6,0.072915,classic_shard_5000_6000_per_fault.csv
5541,20375,3,True,1,0,4,0,3,0.097433,classic_shard_5000_6000_per_fault.csv
5542,20376,3,True,1,0,4,0,3,0.098656,classic_shard_5000_6000_per_fault.csv
5543,20376,4,True,1,0,3,0,6,0.073761,classic_shard_5000_6000_per_fault.csv
5544,20378,3,True,1,0,4,0,3,0.097337,classic_shard_5000_6000_per_fault.csv
5545,20381,4,True,1,0,3,0,6,0.073275,classic_shard_5000_6000_per_fault.csv
5546,20384,3,True,1,0,4,0,3,0.098153,classic_shard_5000_6000_per_fault.csv
5547,20384,4,True,1,0,3,0,6,0.074071,classic_shard_5000_6000_per_fault.csv
5548,20385,4,True,1,0,3,0,6,0.072934,classic_shard_5000_6000_per_fault.csv
5549,20386,4,True,1,0,3,0,6,0.073822,classic_shard_5000_6000_per_fault.csv
5550,20387,3,True,1,0,4,0,3,0.096786,classic_shard_5000_6000_per_fault.csv
5551,20387,4,True,1,0,3,0,6,0.072942,classic_shard_5000_6000_per_fault.csv
5552,20390,4,True,1,0,3,0,6,0.074613,classic_shard_5000_6000_per_fault.csv
5553,20393,3,True,1,0,4,0,3,0.097107,classic_shard_5000_6000_per_fault.csv
5554,20393,4,True,1,0,3,0,6,0.074027,classic_shard_5000_6000_per_fault.csv
5555,20394,4,True,1,0,3,0,6,0.073716,classic_shard_5000_6000_per_fault.csv
5556,20396,3,True,1,0,4,0,3,0.098363,classic_shard_5000_6000_per_fault.csv
5557,20398,3,True,1,0,4,0,3,0.097492,classic_shard_5000_6000_per_fault.csv
5558,20407,3,True,1,0,14,0,126,0.334037,classic_shard_5000_6000_per_fault.csv
5559,20412,3,True,1,0,14,0,139,0.334368,classic_shard_5000_6000_per_fault.csv
5560,20420,4,True,1,0,14,0,55,0.337071,classic_shard_5000_6000_per_fault.csv
5561,20426,3,True,1,0,27,0,336,0.637223,classic_shard_5000_6000_per_fault.csv
5562,20427,4,True,1,0,3,0,5,0.073285,classic_shard_5000_6000_per_fault.csv
5563,20428,3,True,1,0,5,0,13,0.121917,classic_shard_5000_6000_per_fault.csv
5564,20431,3,True,1,0,5,0,13,0.121514,classic_shard_5000_6000_per_fault.csv
5565,20434,3,True,1,0,5,0,13,0.12247,classic_shard_5000_6000_per_fault.csv
5566,20434,4,True,1,0,3,0,5,0.073821,classic_shard_5000_6000_per_fault.csv
5567,20437,3,True,1,0,5,0,13,0.121238,classic_shard_5000_6000_per_fault.csv
5568,20438,3,True,1,0,5,0,13,0.121687,classic_shard_5000_6000_per_fault.csv
5569,20442,3,True,1,0,5,0,13,0.123868,classic_shard_5000_6000_per_fault.csv
5570,20442,4,True,1,0,3,0,5,0.07365,classic_shard_5000_6000_per_fault.csv
5571,20443,4,True,1,0,3,0,5,0.072623,classic_shard_5000_6000_per_fault.csv
5572,20450,3,True,1,0,7,0,19,0.169262,classic_shard_5000_6000_per_fault.csv
5573,20457,3,True,1,0,7,0,19,0.170268,classic_shard_5000_6000_per_fault.csv
5574,20461,3,True,1,0,6,0,33,0.142931,classic_shard_5000_6000_per_fault.csv
5575,20463,3,True,1,0,6,0,32,0.143561,classic_shard_5000_6000_per_fault.csv
5576,20465,3,True,1,0,7,0,14,0.168272,classic_shard_5000_6000_per_fault.csv
5577,20465,4,True,1,0,6,0,10,0.14421,classic_shard_5000_6000_per_fault.csv
5578,20467,4,False,2,64,154,0,1691,5.019526,classic_shard_5000_6000_per_fault.csv
5579,20470,4,True,1,0,9,0,19,0.216685,classic_shard_5000_6000_per_fault.csv
5580,20472,3,True,1,0,10,0,25,0.238691,classic_shard_5000_6000_per_fault.csv
5581,20472,4,True,1,0,10,0,22,0.239789,classic_shard_5000_6000_per_fault.csv
5582,20475,4,False,2,59,156,0,1370,5.0068,classic_shard_5000_6000_per_fault.csv
5583,20479,4,True,1,0,34,0,256,0.809985,classic_shard_5000_6000_per_fault.csv
5584,20480,3,True,1,0,24,0,237,0.5632,classic_shard_5000_6000_per_fault.csv
5585,20481,3,True,1,0,26,0,232,0.612923,classic_shard_5000_6000_per_fault.csv
5586,20483,4,False,2,61,153,0,291,5.014472,classic_shard_5000_6000_per_fault.csv
5587,20484,4,False,2,65,152,0,664,5.044915,classic_shard_5000_6000_per_fault.csv
5588,20485,4,False,2,62,155,0,1582,5.068169,classic_shard_5000_6000_per_fault.csv
5589,20488,3,True,1,0,36,0,284,0.84904,classic_shard_5000_6000_per_fault.csv
5590,20488,4,True,1,0,36,0,283,0.845913,classic_shard_5000_6000_per_fault.csv
5591,20490,3,True,1,0,36,0,283,0.846726,classic_shard_5000_6000_per_fault.csv
5592,20491,3,True,1,0,28,0,283,0.656043,classic_shard_5000_6000_per_fault.csv
5593,20492,4,True,1,0,63,0,597,1.493545,classic_shard_5000_6000_per_fault.csv
5594,20496,3,True,1,0,30,0,333,0.703672,classic_shard_5000_6000_per_fault.csv
5595,20497,4,True,1,0,30,0,320,0.705172,classic_shard_5000_6000_per_fault.csv
5596,20500,3,True,1,2,45,0,330,1.108819,classic_shard_5000_6000_per_fault.csv
5597,20502,3,True,1,0,30,0,334,0.706669,classic_shard_5000_6000_per_fault.csv
5598,20502,4,True,1,0,30,0,321,0.701988,classic_shard_5000_6000_per_fault.csv
5599,20503,3,False,2,43,105,0,227,5.01758,classic_shard_5000_6000_per_fault.csv
5600,20505,3,True,1,0,30,0,334,1.425071,classic_shard_5000_6000_per_fault.csv
5601,20509,4,True,1,0,48,0,334,2.277038,classic_shard_5000_6000_per_fault.csv
5602,20512,3,True,1,0,18,0,114,0.899867,classic_shard_5000_6000_per_fault.csv
5603,20513,3,True,1,0,25,0,277,1.225313,classic_shard_5000_6000_per_fault.csv
5604,20513,4,True,1,0,63,0,538,2.040091,classic_shard_5000_6000_per_fault.csv
5605,20519,4,True,1,0,22,0,164,0.514765,classic_shard_5000_6000_per_fault.csv
5606,20523,4,True,1,0,18,0,120,0.426228,classic_shard_5000_6000_per_fault.csv
5607,20526,3,True,1,0,22,0,169,0.513894,classic_shard_5000_6000_per_fault.csv
5608,20526,4,True,1,0,22,0,170,0.514683,classic_shard_5000_6000_per_fault.csv
5609,20530,3,True,1,0,25,0,265,0.585489,classic_shard_5000_6000_per_fault.csv
5610,20533,3,True,1,0,13,0,75,0.305444,classic_shard_5000_6000_per_fault.csv
5611,20565,4,False,2,64,146,0,1389,5.021589,classic_shard_5000_6000_per_fault.csv
5612,20566,3,True,1,0,22,0,316,0.526547,classic_shard_5000_6000_per_fault.csv
5613,20578,4,True,1,2,28,0,258,0.705486,classic_shard_5000_6000_per_fault.csv
5614,20580,3,True,1,4,96,0,2109,2.335199,classic_shard_5000_6000_per_fault.csv
5615,20591,4,False,2,40,179,0,763,5.019377,classic_shard_5000_6000_per_fault.csv
5616,20593,3,False,2,54,125,0,386,5.01507,classic_shard_5000_6000_per_fault.csv
5617,20593,4,True,1,0,18,0,134,0.428153,classic_shard_5000_6000_per_fault.csv
5618,20596,4,False,2,65,148,0,786,5.008935,classic_shard_5000_6000_per_fault.csv
5619,20597,3,False,2,66,148,0,811,5.043041,classic_shard_5000_6000_per_fault.csv
5620,20597,4,False,2,68,148,0,1141,5.066366,classic_shard_5000_6000_per_fault.csv
5621,20599,3,False,2,61,153,0,599,5.020008,classic_shard_5000_6000_per_fault.csv
5622,20604,4,False,2,53,165,0,758,5.021053,classic_shard_5000_6000_per_fault.csv
5623,20605,3,False,2,45,161,0,786,5.066396,classic_shard_5000_6000_per_fault.csv
5624,20606,3,False,2,39,169,0,902,5.021604,classic_shard_5000_6000_per_fault.csv
5625,20606,4,False,2,51,168,0,726,5.019511,classic_shard_5000_6000_per_fault.csv
5626,20608,4,False,2,52,163,0,678,5.031299,classic_shard_5000_6000_per_fault.csv
5627,20609,3,False,2,39,162,0,598,5.054714,classic_shard_5000_6000_per_fault.csv
5628,20609,4,False,2,34,125,0,571,5.012015,classic_shard_5000_6000_per_fault.csv
5629,20610,3,False,2,48,172,0,519,5.012936,classic_shard_5000_6000_per_fault.csv
5630,20614,4,False,2,34,186,0,1164,5.004581,classic_shard_5000_6000_per_fault.csv
5631,20621,4,False,2,65,154,0,1128,5.019372,classic_shard_5000_6000_per_fault.csv
5632,20623,4,False,2,67,151,0,825,5.038177,classic_shard_5000_6000_per_fault.csv
5633,20628,4,False,2,67,150,0,1069,5.020426,classic_shard_5000_6000_per_fault.csv
5634,20629,4,False,2,67,150,0,984,5.020607,classic_shard_5000_6000_per_fault.csv
5635,20630,3,False,2,68,149,0,1057,5.014538,classic_shard_5000_6000_per_fault.csv
5636,20634,4,False,2,68,148,0,1041,5.010771,classic_shard_5000_6000_per_fault.csv
5637,20639,4,False,2,65,152,0,1147,5.006319,classic_shard_5000_6000_per_fault.csv
5638,20641,3,False,2,60,136,0,1107,5.00918,classic_shard_5000_6000_per_fault.csv
5639,20645,3,True,1,0,9,0,46,0.214418,classic_shard_5000_6000_per_fault.csv
5640,20647,3,True,1,0,37,0,337,1.062639,classic_shard_5000_6000_per_fault.csv
5641,20650,3,True,1,0,28,0,284,0.658032,classic_shard_5000_6000_per_fault.csv
5642,20654,4,True,1,0,24,0,255,0.566645,classic_shard_5000_6000_per_fault.csv
5643,20660,4,True,1,0,8,0,32,0.192117,classic_shard_5000_6000_per_fault.csv
5644,20668,4,True,1,0,8,0,36,0.192277,classic_shard_5000_6000_per_fault.csv
5645,20677,4,False,2,56,163,0,339,5.012389,classic_shard_5000_6000_per_fault.csv
5646,20679,4,False,2,36,138,0,528,5.000089,classic_shard_5000_6000_per_fault.csv
5647,20680,4,False,2,62,146,0,315,5.252527,classic_shard_5000_6000_per_fault.csv
5648,20694,4,True,1,12,61,0,578,1.726363,classic_shard_5000_6000_per_fault.csv
5649,20696,3,True,1,0,19,0,177,0.452801,classic_shard_5000_6000_per_fault.csv
5650,20698,3,True,1,0,19,0,175,0.450882,classic_shard_5000_6000_per_fault.csv
5651,20702,4,True,1,0,5,0,21,0.122215,classic_shard_5000_6000_per_fault.csv
5652,20703,3,True,1,0,6,0,21,0.147239,classic_shard_5000_6000_per_fault.csv
5653,20708,3,True,1,0,3,0,5,0.074336,classic_shard_5000_6000_per_fault.csv
5654,20710,3,True,1,0,3,0,6,0.075499,classic_shard_5000_6000_per_fault.csv
5655,20711,3,True,1,0,3,0,7,0.073576,classic_shard_5000_6000_per_fault.csv
5656,20715,3,True,1,0,3,0,7,0.073706,classic_shard_5000_6000_per_fault.csv
5657,20718,3,True,1,0,3,0,7,0.073436,classic_shard_5000_6000_per_fault.csv
5658,20723,3,True,1,0,3,0,7,0.073888,classic_shard_5000_6000_per_fault.csv
5659,20723,4,True,1,0,18,0,176,0.42889,classic_shard_5000_6000_per_fault.csv
5660,20726,3,True,1,0,3,0,7,0.073133,classic_shard_5000_6000_per_fault.csv
5661,20728,4,True,1,2,32,0,360,0.803881,classic_shard_5000_6000_per_fault.csv
5662,20730,4,True,1,2,32,0,360,0.805657,classic_shard_5000_6000_per_fault.csv
5663,20733,3,True,1,0,4,0,5,0.098317,classic_shard_5000_6000_per_fault.csv
5664,20735,3,True,1,0,4,0,5,0.098688,classic_shard_5000_6000_per_fault.csv
5665,20736,3,True,1,0,4,0,5,0.097914,classic_shard_5000_6000_per_fault.csv
5666,20737,4,True,1,2,32,0,360,0.820159,classic_shard_5000_6000_per_fault.csv
5667,20741,3,True,1,0,4,0,5,0.098326,classic_shard_5000_6000_per_fault.csv
5668,20749,3,True,1,0,26,0,334,0.614764,classic_shard_5000_6000_per_fault.csv
5669,20749,4,True,1,0,4,0,6,0.09772,classic_shard_5000_6000_per_fault.csv
5670,20753,3,True,1,0,26,0,334,0.616551,classic_shard_5000_6000_per_fault.csv
5671,20757,4,True,1,0,4,0,6,0.09864,classic_shard_5000_6000_per_fault.csv
5672,20759,4,True,1,0,5,0,18,0.122561,classic_shard_5000_6000_per_fault.csv
5673,20770,3,True,1,0,4,0,5,0.098085,classic_shard_5000_6000_per_fault.csv
5674,20770,4,True,1,0,5,0,18,0.121896,classic_shard_5000_6000_per_fault.csv
5675,20773,3,True,1,0,4,0,5,0.100063,classic_shard_5000_6000_per_fault.csv
5676,20773,4,True,1,0,5,0,18,0.121239,classic_shard_5000_6000_per_fault.csv
5677,20777,3,True,1,0,4,0,9,0.096802,classic_shard_5000_6000_per_fault.csv
5678,20779,4,True,1,0,14,0,72,0.334144,classic_shard_5000_6000_per_fault.csv
5679,20780,3,True,1,0,10,0,42,0.246391,classic_shard_5000_6000_per_fault.csv
5680,20781,3,True,1,0,10,0,41,0.246354,classic_shard_5000_6000_per_fault.csv
5681,20782,3,True,1,0,10,0,42,0.247232,classic_shard_5000_6000_per_fault.csv
5682,20783,3,True,1,0,10,0,42,0.247648,classic_shard_5000_6000_per_fault.csv
5683,20784,4,True,1,0,14,0,75,0.338301,classic_shard_5000_6000_per_fault.csv
5684,20786,4,True,1,0,14,0,72,0.339525,classic_shard_5000_6000_per_fault.csv
5685,20787,3,True,1,0,10,0,42,0.246464,classic_shard_5000_6000_per_fault.csv
5686,20797,4,True,1,0,14,0,69,0.333132,classic_shard_5000_6000_per_fault.csv
5687,20799,4,True,1,0,14,0,75,0.332937,classic_shard_5000_6000_per_fault.csv
5688,20800,4,True,1,0,14,0,75,0.333252,classic_shard_5000_6000_per_fault.csv
5689,20802,3,True,1,0,10,0,42,0.24273,classic_shard_5000_6000_per_fault.csv
5690,20803,3,True,1,0,10,0,42,0.242948,classic_shard_5000_6000_per_fault.csv
5691,20804,4,True,1,0,14,0,73,0.333012,classic_shard_5000_6000_per_fault.csv
5692,20805,3,True,1,0,10,0,41,0.242343,classic_shard_5000_6000_per_fault.csv
5693,20813,4,True,1,0,14,0,68,0.334157,classic_shard_5000_6000_per_fault.csv
5694,20815,4,True,1,0,14,0,74,0.332028,classic_shard_5000_6000_per_fault.csv
5695,20817,3,True,1,0,10,0,41,0.242936,classic_shard_5000_6000_per_fault.csv
5696,20821,3,True,1,0,10,0,41,0.242011,classic_shard_5000_6000_per_fault.csv
5697,20824,4,True,1,0,14,0,71,0.335623,classic_shard_5000_6000_per_fault.csv
5698,20825,4,True,1,0,14,0,68,0.415833,classic_shard_5000_6000_per_fault.csv
5699,20826,4,True,1,0,14,0,71,0.715713,classic_shard_5000_6000_per_fault.csv
5700,20828,4,True,1,0,14,0,72,0.478788,classic_shard_5000_6000_per_fault.csv
5701,20831,4,True,1,0,14,0,75,0.471352,classic_shard_5000_6000_per_fault.csv
5702,20832,3,True,1,0,10,0,42,0.371984,classic_shard_5000_6000_per_fault.csv
5703,20833,3,True,1,0,10,0,41,0.489261,classic_shard_5000_6000_per_fault.csv
5704,20833,4,True,1,0,14,0,72,0.670069,classic_shard_5000_6000_per_fault.csv
5705,20834,3,True,1,0,10,0,42,0.254479,classic_shard_5000_6000_per_fault.csv
5706,20834,4,True,1,0,14,0,72,0.329149,classic_shard_5000_6000_per_fault.csv
5707,20839,3,True,1,0,10,0,42,0.239656,classic_shard_5000_6000_per_fault.csv
5708,20841,3,True,1,0,10,0,41,0.239733,classic_shard_5000_6000_per_fault.csv
5709,20842,3,True,1,0,10,0,42,0.240121,classic_shard_5000_6000_per_fault.csv
5710,20843,4,True,1,0,14,0,72,0.328588,classic_shard_5000_6000_per_fault.csv
5711,20846,3,True,1,0,10,0,42,0.240305,classic_shard_5000_6000_per_fault.csv
5712,20846,4,True,1,0,14,0,74,0.328057,classic_shard_5000_6000_per_fault.csv
5713,20851,4,True,1,0,14,0,73,0.328261,classic_shard_5000_6000_per_fault.csv
5714,20852,3,True,1,0,10,0,42,0.240107,classic_shard_5000_6000_per_fault.csv
5715,20856,3,True,1,0,17,0,209,0.404819,classic_shard_5000_6000_per_fault.csv
5716,20856,4,True,1,0,14,0,72,0.328259,classic_shard_5000_6000_per_fault.csv
5717,20858,4,True,1,0,14,0,68,0.328836,classic_shard_5000_6000_per_fault.csv
5718,20863,3,True,1,0,10,0,42,0.240458,classic_shard_5000_6000_per_fault.csv
5719,20866,3,True,1,0,10,0,42,0.239654,classic_shard_5000_6000_per_fault.csv
5720,20866,4,True,1,0,14,0,69,0.32763,classic_shard_5000_6000_per_fault.csv
5721,20868,3,True,1,0,10,0,42,0.239386,classic_shard_5000_6000_per_fault.csv
5722,20868,4,True,1,0,14,0,70,0.330323,classic_shard_5000_6000_per_fault.csv
5723,20869,4,True,1,0,14,0,67,0.330193,classic_shard_5000_6000_per_fault.csv
5724,20870,3,True,1,0,17,0,209,0.406794,classic_shard_5000_6000_per_fault.csv
5725,20870,4,True,1,0,14,0,68,0.329209,classic_shard_5000_6000_per_fault.csv
5726,20873,4,True,1,0,14,0,66,0.330287,classic_shard_5000_6000_per_fault.csv
5727,20877,4,True,1,0,14,0,65,0.330832,classic_shard_5000_6000_per_fault.csv
5728,20881,4,True,1,0,14,0,68,0.328671,classic_shard_5000_6000_per_fault.csv
5729,20884,3,True,1,0,10,0,42,0.240675,classic_shard_5000_6000_per_fault.csv
5730,20887,3,True,1,0,10,0,42,0.240623,classic_shard_5000_6000_per_fault.csv
5731,20887,4,True,1,0,14,0,68,0.329883,classic_shard_5000_6000_per_fault.csv
5732,20889,4,True,1,0,14,0,65,0.332492,classic_shard_5000_6000_per_fault.csv
5733,20892,3,True,1,0,10,0,42,0.275244,classic_shard_5000_6000_per_fault.csv
5734,20895,4,True,1,0,14,0,75,0.61402,classic_shard_5000_6000_per_fault.csv
5735,20896,3,True,1,0,10,0,42,0.314654,classic_shard_5000_6000_per_fault.csv
5736,20897,3,True,1,0,10,0,41,0.325443,classic_shard_5000_6000_per_fault.csv
5737,20898,4,True,1,0,14,0,72,0.580323,classic_shard_5000_6000_per_fault.csv
5738,20899,3,True,1,0,10,0,42,0.491243,classic_shard_5000_6000_per_fault.csv
5739,20905,4,True,1,0,14,0,69,0.668837,classic_shard_5000_6000_per_fault.csv
5740,20909,4,True,1,0,6,0,16,0.295152,classic_shard_5000_6000_per_fault.csv
5741,20910,3,True,1,0,4,0,15,0.202479,classic_shard_5000_6000_per_fault.csv
5742,20911,4,True,1,0,6,0,38,0.299015,classic_shard_5000_6000_per_fault.csv
5743,20915,3,True,1,0,23,0,81,1.131458,classic_shard_5000_6000_per_fault.csv
5744,20916,4,True,1,0,9,0,23,0.439257,classic_shard_5000_6000_per_fault.csv
5745,20917,4,True,1,0,9,0,25,0.434541,classic_shard_5000_6000_per_fault.csv
5746,20919,3,True,1,0,10,0,25,0.481363,classic_shard_5000_6000_per_fault.csv
5747,20922,3,True,1,0,100,0,1150,2.652274,classic_shard_5000_6000_per_fault.csv
5748,20924,3,True,1,0,33,0,229,0.782746,classic_shard_5000_6000_per_fault.csv
5749,20925,3,True,1,0,24,0,238,0.563274,classic_shard_5000_6000_per_fault.csv
5750,20926,4,True,1,0,26,0,234,0.614696,classic_shard_5000_6000_per_fault.csv
5751,20927,4,True,1,0,34,0,316,0.819322,classic_shard_5000_6000_per_fault.csv
5752,20928,3,True,1,0,5,0,7,0.143408,classic_shard_5000_6000_per_fault.csv
5753,20928,4,True,1,0,25,0,292,0.585667,classic_shard_5000_6000_per_fault.csv
5754,20929,4,True,1,0,24,0,209,0.560942,classic_shard_5000_6000_per_fault.csv
5755,20932,4,True,1,0,23,0,207,0.535068,classic_shard_5000_6000_per_fault.csv
5756,20935,3,True,1,0,25,0,263,0.586522,classic_shard_5000_6000_per_fault.csv
5757,20936,3,True,1,0,6,0,16,0.144821,classic_shard_5000_6000_per_fault.csv
5758,20939,3,True,1,0,30,0,277,0.706536,classic_shard_5000_6000_per_fault.csv
5759,20941,3,True,1,0,36,0,285,0.944617,classic_shard_5000_6000_per_fault.csv
5760,20942,4,True,1,0,28,0,285,0.654913,classic_shard_5000_6000_per_fault.csv
5761,20946,3,True,1,0,4,0,16,0.097172,classic_shard_5000_6000_per_fault.csv
5762,20950,3,True,1,0,6,0,16,0.144571,classic_shard_5000_6000_per_fault.csv
5763,20956,4,True,1,0,45,0,502,1.055033,classic_shard_5000_6000_per_fault.csv
5764,20962,3,True,1,0,25,0,275,0.588405,classic_shard_5000_6000_per_fault.csv
5765,20965,4,True,1,0,18,0,128,0.423963,classic_shard_5000_6000_per_fault.csv
5766,20968,4,True,1,0,63,0,479,1.493415,classic_shard_5000_6000_per_fault.csv
5767,20974,4,True,1,0,18,0,133,0.692281,classic_shard_5000_6000_per_fault.csv
5768,20977,3,True,1,0,31,0,318,0.747117,classic_shard_5000_6000_per_fault.csv
5769,20995,3,True,1,0,31,0,302,1.517083,classic_shard_5000_6000_per_fault.csv
5770,20998,4,True,1,0,26,0,243,1.263721,classic_shard_5000_6000_per_fault.csv
5771,21002,4,True,1,0,38,0,328,2.066832,classic_shard_5000_6000_per_fault.csv
5772,21016,3,False,2,26,74,0,750,5.003009,classic_shard_5000_6000_per_fault.csv
5773,21019,4,True,1,0,7,0,26,0.337307,classic_shard_5000_6000_per_fault.csv
5774,21024,4,True,1,6,38,0,341,2.086068,classic_shard_5000_6000_per_fault.csv
5775,21027,3,True,1,2,28,0,231,1.595129,classic_shard_5000_6000_per_fault.csv
5776,21032,3,True,1,0,8,0,26,0.309479,classic_shard_5000_6000_per_fault.csv
5777,21037,4,False,2,4,103,0,529,5.006181,classic_shard_5000_6000_per_fault.csv
5778,21038,4,False,2,3,103,0,535,5.001641,classic_shard_5000_6000_per_fault.csv
5779,21039,3,False,2,30,125,0,612,5.016925,classic_shard_5000_6000_per_fault.csv
5780,21040,4,False,2,40,175,0,761,5.015593,classic_shard_5000_6000_per_fault.csv
5781,21044,4,False,2,57,137,0,341,5.00232,classic_shard_5000_6000_per_fault.csv
5782,21048,4,True,1,0,6,0,7,0.141154,classic_shard_5000_6000_per_fault.csv
5783,21051,3,True,1,0,22,0,181,0.515125,classic_shard_5000_6000_per_fault.csv
5784,21054,4,False,2,58,163,0,399,5.014628,classic_shard_5000_6000_per_fault.csv
5785,21056,3,True,1,0,18,0,192,0.418543,classic_shard_5000_6000_per_fault.csv
5786,21059,4,False,2,18,129,0,853,5.016837,classic_shard_5000_6000_per_fault.csv
5787,21060,3,False,2,20,87,0,577,5.022038,classic_shard_5000_6000_per_fault.csv
5788,21063,3,False,2,34,132,0,596,5.008227,classic_shard_5000_6000_per_fault.csv
5789,21065,4,False,2,56,151,0,1351,5.001668,classic_shard_5000_6000_per_fault.csv
5790,21067,4,False,2,6,127,0,797,5.032368,classic_shard_5000_6000_per_fault.csv
5791,21068,3,False,2,0,112,0,819,5.018248,classic_shard_5000_6000_per_fault.csv
5792,21071,3,False,2,27,177,0,1093,5.014638,classic_shard_5000_6000_per_fault.csv
5793,21074,3,False,2,63,154,0,1200,5.002339,classic_shard_5000_6000_per_fault.csv
5794,21076,3,False,2,63,150,0,902,5.010177,classic_shard_5000_6000_per_fault.csv
5795,21077,3,False,2,63,149,0,1013,5.005872,classic_shard_5000_6000_per_fault.csv
5796,21084,3,False,2,60,153,0,801,5.014685,classic_shard_5000_6000_per_fault.csv
5797,21084,4,False,2,59,159,0,850,5.007016,classic_shard_5000_6000_per_fault.csv
5798,21086,3,True,1,0,28,0,284,0.641199,classic_shard_5000_6000_per_fault.csv
5799,21094,3,True,1,64,153,0,711,4.977645,classic_shard_5000_6000_per_fault.csv
5800,21094,4,True,1,0,25,0,394,0.58807,classic_shard_5000_6000_per_fault.csv
5801,21097,3,False,2,65,146,0,1495,5.005246,classic_shard_5000_6000_per_fault.csv
5802,21100,4,True,1,12,56,0,616,1.561893,classic_shard_5000_6000_per_fault.csv
5803,21106,4,False,2,49,168,0,776,5.033441,classic_shard_5000_6000_per_fault.csv
5804,21119,4,False,2,53,168,0,596,5.089895,classic_shard_5000_6000_per_fault.csv
5805,21120,4,False,2,54,174,0,606,5.093331,classic_shard_5000_6000_per_fault.csv
5806,21127,3,False,2,64,155,0,1217,5.028742,classic_shard_5000_6000_per_fault.csv
5807,21130,3,True,1,0,50,0,275,1.178787,classic_shard_5000_6000_per_fault.csv
5808,21133,3,True,1,0,26,0,236,0.611963,classic_shard_5000_6000_per_fault.csv
5809,21133,4,True,1,0,10,0,43,0.237943,classic_shard_5000_6000_per_fault.csv
5810,21134,4,True,1,17,50,0,488,1.589675,classic_shard_5000_6000_per_fault.csv
5811,21138,3,False,2,65,155,0,1115,5.037926,classic_shard_5000_6000_per_fault.csv
5812,21142,4,False,2,60,155,0,1173,5.014045,classic_shard_5000_6000_per_fault.csv
5813,21143,3,True,1,9,28,0,279,0.860474,classic_shard_5000_6000_per_fault.csv
5814,21143,4,False,2,62,160,0,1253,5.057814,classic_shard_5000_6000_per_fault.csv
5815,21147,4,True,1,0,16,0,172,0.377654,classic_shard_5000_6000_per_fault.csv
5816,21149,4,True,1,0,33,0,214,0.772784,classic_shard_5000_6000_per_fault.csv
5817,21153,4,True,1,0,19,0,166,0.443107,classic_shard_5000_6000_per_fault.csv
5818,21154,4,True,1,0,7,0,13,0.163799,classic_shard_5000_6000_per_fault.csv
5819,21158,4,True,1,0,11,0,64,0.256716,classic_shard_5000_6000_per_fault.csv
5820,21162,3,True,1,0,8,0,19,0.189628,classic_shard_5000_6000_per_fault.csv
5821,21164,4,True,1,0,12,0,75,0.280081,classic_shard_5000_6000_per_fault.csv
5822,21165,3,True,1,0,8,0,19,0.189686,classic_shard_5000_6000_per_fault.csv
5823,21167,3,True,1,0,8,0,19,0.189267,classic_shard_5000_6000_per_fault.csv
5824,21168,3,True,1,0,8,0,19,0.188961,classic_shard_5000_6000_per_fault.csv
5825,21172,4,True,1,0,12,0,77,0.291094,classic_shard_5000_6000_per_fault.csv
5826,21173,3,True,1,0,8,0,19,0.19447,classic_shard_5000_6000_per_fault.csv
5827,21175,4,True,1,0,27,0,592,0.627676,classic_shard_5000_6000_per_fault.csv
5828,21176,4,True,1,0,28,0,626,0.648767,classic_shard_5000_6000_per_fault.csv
5829,21181,4,True,1,0,33,0,924,0.768054,classic_shard_5000_6000_per_fault.csv
5830,21182,4,True,1,0,34,0,986,0.826027,classic_shard_5000_6000_per_fault.csv
5831,21184,4,True,1,0,36,0,1116,0.961687,classic_shard_5000_6000_per_fault.csv
5832,21185,3,True,1,0,7,0,15,0.16415,classic_shard_5000_6000_per_fault.csv
5833,21186,3,True,1,0,7,0,15,0.164973,classic_shard_5000_6000_per_fault.csv
5834,21186,4,True,1,0,37,0,1215,0.874951,classic_shard_5000_6000_per_fault.csv
5835,21188,4,True,1,60,144,0,1202,4.740879,classic_shard_5000_6000_per_fault.csv
5836,21192,3,True,1,0,13,0,56,0.304053,classic_shard_5000_6000_per_fault.csv
5837,21192,4,False,2,65,152,0,1158,5.054083,classic_shard_5000_6000_per_fault.csv
5838,21194,4,True,1,0,6,0,26,0.139552,classic_shard_5000_6000_per_fault.csv
5839,21199,4,True,1,0,6,0,26,0.139334,classic_shard_5000_6000_per_fault.csv
5840,21200,3,True,1,0,8,0,19,0.188289,classic_shard_5000_6000_per_fault.csv
5841,21206,4,True,1,0,6,0,26,0.139336,classic_shard_5000_6000_per_fault.csv
5842,21207,3,True,1,0,8,0,19,0.185808,classic_shard_5000_6000_per_fault.csv
5843,21208,4,True,1,0,6,0,26,0.139503,classic_shard_5000_6000_per_fault.csv
5844,21210,3,True,1,0,8,0,19,0.187308,classic_shard_5000_6000_per_fault.csv
5845,21212,3,True,1,0,8,0,19,0.187431,classic_shard_5000_6000_per_fault.csv
5846,21213,4,True,1,0,6,0,26,0.140015,classic_shard_5000_6000_per_fault.csv
5847,21214,4,True,1,0,6,0,26,0.141261,classic_shard_5000_6000_per_fault.csv
5848,21215,4,True,1,0,6,0,26,0.139146,classic_shard_5000_6000_per_fault.csv
5849,21216,4,True,1,0,6,0,26,0.137511,classic_shard_5000_6000_per_fault.csv
5850,21217,4,True,1,0,6,0,26,0.140371,classic_shard_5000_6000_per_fault.csv
5851,21218,3,True,1,0,7,0,14,0.163367,classic_shard_5000_6000_per_fault.csv
5852,21220,4,True,1,0,6,0,26,0.137563,classic_shard_5000_6000_per_fault.csv
5853,21226,3,True,1,0,4,0,8,0.091545,classic_shard_5000_6000_per_fault.csv
5854,21227,4,True,1,0,4,0,11,0.091605,classic_shard_5000_6000_per_fault.csv
5855,21228,3,True,1,0,9,0,56,0.207719,classic_shard_5000_6000_per_fault.csv
5856,21229,3,True,1,0,3,0,8,0.068239,classic_shard_5000_6000_per_fault.csv
5857,21231,4,True,1,0,4,0,8,0.091646,classic_shard_5000_6000_per_fault.csv
5858,21234,3,True,1,0,13,0,122,0.29804,classic_shard_5000_6000_per_fault.csv
5859,21236,4,True,1,0,4,0,8,0.093457,classic_shard_5000_6000_per_fault.csv
5860,21242,4,True,1,0,4,0,8,0.092181,classic_shard_5000_6000_per_fault.csv
5861,21244,3,True,1,0,13,0,122,0.298715,classic_shard_5000_6000_per_fault.csv
5862,21247,4,True,1,0,8,0,40,0.183429,classic_shard_5000_6000_per_fault.csv
5863,21248,4,True,1,0,13,0,99,0.297151,classic_shard_5000_6000_per_fault.csv
5864,21250,4,True,1,0,6,0,28,0.136579,classic_shard_5000_6000_per_fault.csv
5865,21257,4,True,1,0,6,0,28,0.137419,classic_shard_5000_6000_per_fault.csv
5866,21259,4,True,1,0,6,0,28,0.137402,classic_shard_5000_6000_per_fault.csv
5867,21260,3,True,1,0,5,0,10,0.115257,classic_shard_5000_6000_per_fault.csv
5868,21260,4,True,1,0,6,0,28,0.13734,classic_shard_5000_6000_per_fault.csv
5869,21264,4,True,1,0,6,0,28,0.138149,classic_shard_5000_6000_per_fault.csv
5870,21273,3,True,1,0,5,0,10,0.115187,classic_shard_5000_6000_per_fault.csv
5871,21274,3,True,1,0,5,0,10,0.115659,classic_shard_5000_6000_per_fault.csv
5872,21275,4,True,1,0,6,0,28,0.137163,classic_shard_5000_6000_per_fault.csv
5873,21279,3,True,1,0,5,0,10,0.115503,classic_shard_5000_6000_per_fault.csv
5874,21280,4,True,1,0,6,0,28,0.137566,classic_shard_5000_6000_per_fault.csv
5875,21281,4,True,1,0,4,0,12,0.091738,classic_shard_5000_6000_per_fault.csv
5876,21282,4,True,1,0,4,0,12,0.093988,classic_shard_5000_6000_per_fault.csv
5877,21284,3,True,1,0,5,0,10,0.121836,classic_shard_5000_6000_per_fault.csv
5878,21285,3,True,1,0,5,0,10,0.120041,classic_shard_5000_6000_per_fault.csv
5879,21289,4,True,1,0,4,0,12,0.093319,classic_shard_5000_6000_per_fault.csv
5880,21291,4,True,1,0,4,0,12,0.09107,classic_shard_5000_6000_per_fault.csv
5881,21292,4,True,1,0,4,0,12,0.090868,classic_shard_5000_6000_per_fault.csv
5882,21293,4,True,1,0,4,0,12,0.091266,classic_shard_5000_6000_per_fault.csv
5883,21295,3,True,1,0,5,0,10,0.115328,classic_shard_5000_6000_per_fault.csv
5884,21295,4,True,1,0,4,0,12,0.090649,classic_shard_5000_6000_per_fault.csv
5885,21297,3,True,1,0,5,0,10,0.116732,classic_shard_5000_6000_per_fault.csv
5886,21302,3,True,1,0,5,0,10,0.114706,classic_shard_5000_6000_per_fault.csv
5887,21302,4,True,1,0,4,0,12,0.090649,classic_shard_5000_6000_per_fault.csv
5888,21303,4,True,1,0,4,0,12,0.090808,classic_shard_5000_6000_per_fault.csv
5889,21304,4,True,1,0,4,0,12,0.09355,classic_shard_5000_6000_per_fault.csv
5890,21305,4,True,1,0,4,0,12,0.091119,classic_shard_5000_6000_per_fault.csv
5891,21306,4,True,1,0,4,0,12,0.090977,classic_shard_5000_6000_per_fault.csv
5892,21308,3,True,1,0,5,0,10,0.1155,classic_shard_5000_6000_per_fault.csv
5893,21308,4,True,1,0,4,0,12,0.091389,classic_shard_5000_6000_per_fault.csv
5894,21309,3,True,1,0,5,0,10,0.117311,classic_shard_5000_6000_per_fault.csv
5895,21315,3,True,1,0,7,0,19,0.161508,classic_shard_5000_6000_per_fault.csv
5896,21316,4,True,1,0,28,0,270,0.638817,classic_shard_5000_6000_per_fault.csv
5897,21321,3,True,1,0,7,0,19,0.161779,classic_shard_5000_6000_per_fault.csv
5898,21323,4,True,1,0,28,0,270,0.637514,classic_shard_5000_6000_per_fault.csv
5899,21327,3,True,1,0,7,0,19,0.162198,classic_shard_5000_6000_per_fault.csv
5900,21331,3,True,1,0,5,0,13,0.120408,classic_shard_5000_6000_per_fault.csv
5901,21333,3,True,1,0,5,0,13,0.114775,classic_shard_5000_6000_per_fault.csv
5902,21334,4,True,1,0,27,0,383,0.614492,classic_shard_5000_6000_per_fault.csv
5903,21343,3,True,1,0,5,0,13,0.115299,classic_shard_5000_6000_per_fault.csv
5904,21345,3,True,1,0,7,0,19,0.162712,classic_shard_5000_6000_per_fault.csv
5905,21348,3,True,1,0,7,0,19,0.161238,classic_shard_5000_6000_per_fault.csv
5906,21351,3,True,1,0,7,0,19,0.162186,classic_shard_5000_6000_per_fault.csv
5907,21352,4,False,2,66,158,0,1866,5.018303,classic_shard_5000_6000_per_fault.csv
5908,21354,4,False,2,66,156,0,1850,5.001465,classic_shard_5000_6000_per_fault.csv
5909,21357,4,False,2,66,158,0,1866,5.015878,classic_shard_5000_6000_per_fault.csv
5910,21358,4,False,2,66,157,0,1865,5.015595,classic_shard_5000_6000_per_fault.csv
5911,21359,4,False,2,66,156,0,1850,5.002948,classic_shard_5000_6000_per_fault.csv
5912,21360,4,False,2,66,157,0,1706,5.028202,classic_shard_5000_6000_per_fault.csv
5913,21363,3,False,2,67,159,0,1672,5.03093,classic_shard_5000_6000_per_fault.csv
5914,21363,4,True,1,4,18,0,57,0.506273,classic_shard_5000_6000_per_fault.csv
5915,21364,3,True,1,1,14,0,70,0.341974,classic_shard_5000_6000_per_fault.csv
5916,21365,4,True,1,0,8,0,30,0.181702,classic_shard_5000_6000_per_fault.csv
5917,21369,4,True,1,0,33,0,230,0.756494,classic_shard_5000_6000_per_fault.csv
5918,21370,4,True,1,0,26,0,245,0.582176,classic_shard_5000_6000_per_fault.csv
5919,21377,4,True,1,0,23,0,210,0.514864,classic_shard_5000_6000_per_fault.csv
5920,21378,4,True,1,0,32,0,447,0.722614,classic_shard_5000_6000_per_fault.csv
5921,21379,3,True,1,0,25,0,267,0.577,classic_shard_5000_6000_per_fault.csv
5922,21381,3,True,1,0,36,0,285,0.825075,classic_shard_5000_6000_per_fault.csv
5923,21384,4,True,1,0,36,0,320,0.824348,classic_shard_5000_6000_per_fault.csv
5924,21387,4,True,1,0,28,0,306,0.636563,classic_shard_5000_6000_per_fault.csv
5925,21388,4,True,1,0,6,0,25,0.137745,classic_shard_5000_6000_per_fault.csv
5926,21391,4,True,1,0,78,0,882,1.785651,classic_shard_5000_6000_per_fault.csv
5927,21395,4,True,1,0,30,0,303,0.678613,classic_shard_5000_6000_per_fault.csv
5928,21403,4,True,1,0,18,0,115,0.439234,classic_shard_5000_6000_per_fault.csv
5929,21404,3,True,1,0,25,0,277,0.576054,classic_shard_5000_6000_per_fault.csv
5930,21404,4,True,1,0,63,0,538,1.449064,classic_shard_5000_6000_per_fault.csv
5931,21410,4,True,1,0,22,0,164,0.501272,classic_shard_5000_6000_per_fault.csv
5932,21417,3,True,1,0,22,0,169,0.49877,classic_shard_5000_6000_per_fault.csv
5933,21417,4,True,1,0,22,0,170,0.499033,classic_shard_5000_6000_per_fault.csv
5934,21424,3,True,1,0,13,0,75,0.300198,classic_shard_5000_6000_per_fault.csv
5935,21446,4,True,1,0,23,0,167,0.521813,classic_shard_5000_6000_per_fault.csv
5936,21450,4,True,1,4,87,0,684,2.094489,classic_shard_5000_6000_per_fault.csv
5937,21453,4,True,1,0,8,0,27,0.18709,classic_shard_5000_6000_per_fault.csv
5938,21455,4,False,2,64,150,0,1569,5.017846,classic_shard_5000_6000_per_fault.csv
5939,21456,4,True,1,0,24,0,369,0.561436,classic_shard_5000_6000_per_fault.csv
5940,21464,4,True,1,2,28,0,258,0.682827,classic_shard_5000_6000_per_fault.csv
5941,21467,3,True,1,4,38,0,390,0.954777,classic_shard_5000_6000_per_fault.csv
5942,21468,3,True,1,0,8,0,30,0.185945,classic_shard_5000_6000_per_fault.csv
5943,21476,3,False,2,45,177,0,646,5.018627,classic_shard_5000_6000_per_fault.csv
5944,21480,4,False,2,68,156,0,1297,5.00992,classic_shard_5000_6000_per_fault.csv
5945,21482,4,True,1,0,19,0,161,0.43963,classic_shard_5000_6000_per_fault.csv
5946,21486,4,False,2,64,157,0,851,5.040953,classic_shard_5000_6000_per_fault.csv
5947,21488,3,True,1,0,4,0,5,0.092744,classic_shard_5000_6000_per_fault.csv
5948,21493,4,False,2,56,170,0,1174,5.015472,classic_shard_5000_6000_per_fault.csv
5949,21494,3,False,2,51,176,0,894,5.048568,classic_shard_5000_6000_per_fault.csv
5950,21494,4,False,2,55,168,0,799,5.017104,classic_shard_5000_6000_per_fault.csv
5951,21498,3,True,1,12,80,0,544,2.150509,classic_shard_5000_6000_per_fault.csv
5952,21500,4,False,2,56,171,0,494,5.012418,classic_shard_5000_6000_per_fault.csv
5953,21502,4,False,2,55,175,0,685,5.060786,classic_shard_5000_6000_per_fault.csv
5954,21503,3,True,1,4,56,0,456,1.351643,classic_shard_5000_6000_per_fault.csv
5955,21504,4,False,2,56,171,0,530,5.004063,classic_shard_5000_6000_per_fault.csv
5956,21505,3,False,2,57,160,0,590,5.040885,classic_shard_5000_6000_per_fault.csv
5957,21505,4,False,2,66,161,0,1239,5.01636,classic_shard_5000_6000_per_fault.csv
5958,21506,4,True,1,4,46,0,347,1.12191,classic_shard_5000_6000_per_fault.csv
5959,21507,3,False,2,61,165,0,1272,5.005215,classic_shard_5000_6000_per_fault.csv
5960,21508,4,False,2,53,171,0,647,5.016722,classic_shard_5000_6000_per_fault.csv
5961,21509,3,False,2,40,183,0,1136,5.038316,classic_shard_5000_6000_per_fault.csv
5962,21509,4,False,2,49,175,0,712,5.027672,classic_shard_5000_6000_per_fault.csv
5963,21510,3,False,2,34,192,0,1262,5.000858,classic_shard_5000_6000_per_fault.csv
5964,21512,4,False,2,43,191,0,1134,5.148539,classic_shard_5000_6000_per_fault.csv
5965,21513,3,False,2,43,191,0,1143,5.129724,classic_shard_5000_6000_per_fault.csv
5966,21514,3,False,2,61,157,0,1459,5.020489,classic_shard_5000_6000_per_fault.csv
5967,21515,3,False,2,66,160,0,1190,5.041944,classic_shard_5000_6000_per_fault.csv
5968,21515,4,False,2,60,161,0,1294,5.013089,classic_shard_5000_6000_per_fault.csv
5969,21518,3,False,2,60,161,0,1289,5.002086,classic_shard_5000_6000_per_fault.csv
5970,21526,3,False,2,66,155,0,834,5.020066,classic_shard_5000_6000_per_fault.csv
5971,21532,3,False,2,64,159,0,839,5.01105,classic_shard_5000_6000_per_fault.csv
5972,21533,4,True,1,0,28,0,271,0.632938,classic_shard_5000_6000_per_fault.csv
5973,21534,3,True,1,0,28,0,284,0.632309,classic_shard_5000_6000_per_fault.csv
5974,21535,3,False,2,64,158,0,1188,5.031219,classic_shard_5000_6000_per_fault.csv
5975,21544,3,True,1,0,9,0,34,0.207698,classic_shard_5000_6000_per_fault.csv
5976,21544,4,True,1,0,8,0,32,0.183794,classic_shard_5000_6000_per_fault.csv
5977,21545,4,True,1,0,24,0,393,0.549707,classic_shard_5000_6000_per_fault.csv
5978,21553,4,True,1,0,8,0,36,0.181723,classic_shard_5000_6000_per_fault.csv
5979,21554,4,True,1,0,24,0,248,0.547474,classic_shard_5000_6000_per_fault.csv
5980,21555,3,False,2,60,165,0,804,5.018259,classic_shard_5000_6000_per_fault.csv
5981,21558,3,False,2,60,160,0,1234,5.00924,classic_shard_5000_6000_per_fault.csv
5982,21565,4,True,1,0,30,0,389,0.676391,classic_shard_5000_6000_per_fault.csv
5983,21569,3,False,2,54,174,0,544,5.001946,classic_shard_5000_6000_per_fault.csv
5984,21570,4,False,2,54,177,0,640,5.016309,classic_shard_5000_6000_per_fault.csv
5985,21571,3,False,2,54,177,0,679,5.00444,classic_shard_5000_6000_per_fault.csv
5986,21571,4,False,2,58,175,0,505,5.006802,classic_shard_5000_6000_per_fault.csv
5987,21578,4,False,2,68,161,0,933,5.006208,classic_shard_5000_6000_per_fault.csv
5988,21581,3,False,2,68,158,0,1165,5.018408,classic_shard_5000_6000_per_fault.csv
5989,21583,3,True,1,7,26,0,274,0.732104,classic_shard_5000_6000_per_fault.csv
5990,21583,4,False,2,65,166,0,1444,5.019591,classic_shard_5000_6000_per_fault.csv
5991,21593,3,True,1,0,10,0,42,0.227232,classic_shard_5000_6000_per_fault.csv
5992,21593,4,True,1,0,14,0,139,0.313922,classic_shard_5000_6000_per_fault.csv
5993,21594,3,True,1,0,10,0,42,0.226946,classic_shard_5000_6000_per_fault.csv
5994,21594,4,True,1,0,14,0,139,0.316067,classic_shard_5000_6000_per_fault.csv
5995,21597,4,True,1,0,14,0,139,0.316167,classic_shard_5000_6000_per_fault.csv
5996,21601,3,True,1,0,17,0,209,0.384453,classic_shard_5000_6000_per_fault.csv
5997,21603,4,True,1,0,14,0,140,0.315411,classic_shard_5000_6000_per_fault.csv
5998,21604,3,True,1,0,17,0,209,0.383985,classic_shard_5000_6000_per_fault.csv
5999,21606,4,True,1,0,14,0,140,0.313029,classic_shard_5000_6000_per_fault.csv
6000,21611,4,True,1,17,50,0,482,1.601342,classic_shard_6000_7000_per_fault.csv
6001,21613,3,False,2,60,157,0,1276,5.019185,classic_shard_6000_7000_per_fault.csv
6002,21616,4,True,1,7,30,0,301,0.883251,classic_shard_6000_7000_per_fault.csv
6003,21618,4,True,1,7,30,0,301,0.884096,classic_shard_6000_7000_per_fault.csv
6004,21622,4,True,1,0,15,0,141,0.361968,classic_shard_6000_7000_per_fault.csv
6005,21627,3,True,1,0,10,0,42,0.243207,classic_shard_6000_7000_per_fault.csv
6006,21629,4,True,1,0,15,0,141,0.36232,classic_shard_6000_7000_per_fault.csv
6007,21631,3,False,2,54,156,0,537,5.006101,classic_shard_6000_7000_per_fault.csv
6008,21638,4,True,1,0,22,0,155,0.529831,classic_shard_6000_7000_per_fault.csv
6009,21641,3,True,1,0,19,0,175,0.457313,classic_shard_6000_7000_per_fault.csv
6010,21642,4,True,1,0,30,0,389,0.71942,classic_shard_6000_7000_per_fault.csv
6011,21643,4,True,1,0,30,0,389,0.714456,classic_shard_6000_7000_per_fault.csv
6012,21645,4,True,1,0,30,0,389,0.715806,classic_shard_6000_7000_per_fault.csv
6013,21647,3,True,1,0,5,0,13,0.122814,classic_shard_6000_7000_per_fault.csv
6014,21647,4,True,1,0,30,0,389,0.714072,classic_shard_6000_7000_per_fault.csv
6015,21650,3,True,1,0,5,0,13,0.125262,classic_shard_6000_7000_per_fault.csv
6016,21650,4,True,1,0,30,0,389,0.717566,classic_shard_6000_7000_per_fault.csv
6017,21652,4,True,1,0,30,0,389,0.715943,classic_shard_6000_7000_per_fault.csv
6018,21658,4,True,1,0,32,0,314,0.764762,classic_shard_6000_7000_per_fault.csv
6019,21663,3,True,1,0,5,0,14,0.12179,classic_shard_6000_7000_per_fault.csv
6020,21665,4,True,1,0,33,0,319,0.788049,classic_shard_6000_7000_per_fault.csv
6021,21668,4,True,1,0,33,0,319,0.788611,classic_shard_6000_7000_per_fault.csv
6022,21669,3,True,1,0,5,0,14,0.122507,classic_shard_6000_7000_per_fault.csv
6023,21670,3,True,1,0,5,0,14,0.123323,classic_shard_6000_7000_per_fault.csv
6024,21672,4,True,1,0,33,0,319,0.789361,classic_shard_6000_7000_per_fault.csv
6025,21674,3,True,1,0,5,0,14,0.122038,classic_shard_6000_7000_per_fault.csv
6026,21674,4,True,1,0,33,0,319,0.789571,classic_shard_6000_7000_per_fault.csv
6027,21675,3,True,1,0,5,0,14,0.123486,classic_shard_6000_7000_per_fault.csv
6028,21677,4,True,1,0,21,0,194,0.504542,classic_shard_6000_7000_per_fault.csv
6029,21678,3,True,1,0,5,0,14,0.121474,classic_shard_6000_7000_per_fault.csv
6030,21679,4,True,1,0,21,0,194,0.485287,classic_shard_6000_7000_per_fault.csv
6031,21680,4,True,1,0,21,0,194,0.48565,classic_shard_6000_7000_per_fault.csv
6032,21684,3,True,1,0,5,0,14,0.118871,classic_shard_6000_7000_per_fault.csv
6033,21686,4,True,1,0,21,0,194,0.485577,classic_shard_6000_7000_per_fault.csv
6034,21687,3,True,1,0,5,0,15,0.11755,classic_shard_6000_7000_per_fault.csv
6035,21687,4,True,1,0,21,0,195,0.484603,classic_shard_6000_7000_per_fault.csv
6036,21688,3,True,1,0,5,0,14,0.118402,classic_shard_6000_7000_per_fault.csv
6037,21690,3,True,1,0,5,0,14,0.120225,classic_shard_6000_7000_per_fault.csv
6038,21692,3,True,1,0,5,0,14,0.119061,classic_shard_6000_7000_per_fault.csv
6039,21694,4,True,1,0,21,0,194,0.485808,classic_shard_6000_7000_per_fault.csv
6040,21697,4,True,1,0,21,0,195,0.487191,classic_shard_6000_7000_per_fault.csv
6041,21698,3,True,1,0,5,0,14,0.11947,classic_shard_6000_7000_per_fault.csv
6042,21702,3,True,1,0,5,0,14,0.119551,classic_shard_6000_7000_per_fault.csv
6043,21702,4,True,1,0,21,0,194,0.490841,classic_shard_6000_7000_per_fault.csv
6044,21703,4,True,1,0,21,0,195,0.493259,classic_shard_6000_7000_per_fault.csv
6045,21704,3,True,1,0,5,0,14,0.11962,classic_shard_6000_7000_per_fault.csv
6046,21706,4,True,1,0,21,0,194,0.495147,classic_shard_6000_7000_per_fault.csv
6047,21709,3,True,1,0,4,0,9,0.095331,classic_shard_6000_7000_per_fault.csv
6048,21712,3,True,1,0,4,0,9,0.094717,classic_shard_6000_7000_per_fault.csv
6049,21714,4,False,2,63,156,0,1197,5.033507,classic_shard_6000_7000_per_fault.csv
6050,21716,3,True,1,0,4,0,9,0.095713,classic_shard_6000_7000_per_fault.csv
6051,21727,4,True,1,0,6,0,33,0.143968,classic_shard_6000_7000_per_fault.csv
6052,21730,3,True,1,0,5,0,12,0.179955,classic_shard_6000_7000_per_fault.csv
6053,21730,4,True,1,0,6,0,33,0.152104,classic_shard_6000_7000_per_fault.csv
6054,21732,3,True,1,0,5,0,12,0.18321,classic_shard_6000_7000_per_fault.csv
6055,21734,4,True,1,0,6,0,33,0.300622,classic_shard_6000_7000_per_fault.csv
6056,21735,4,True,1,0,6,0,33,0.306901,classic_shard_6000_7000_per_fault.csv
6057,21736,4,True,1,0,6,0,33,0.319483,classic_shard_6000_7000_per_fault.csv
6058,21741,4,True,1,0,6,0,33,0.280792,classic_shard_6000_7000_per_fault.csv
6059,21742,4,True,1,0,6,0,33,0.172065,classic_shard_6000_7000_per_fault.csv
6060,21743,3,True,1,0,5,0,12,0.120243,classic_shard_6000_7000_per_fault.csv
6061,21744,3,True,1,0,5,0,12,0.119076,classic_shard_6000_7000_per_fault.csv
6062,21746,3,True,1,0,5,0,12,0.216973,classic_shard_6000_7000_per_fault.csv
6063,21746,4,True,1,0,6,0,33,0.287521,classic_shard_6000_7000_per_fault.csv
6064,21747,3,True,1,0,5,0,12,0.238526,classic_shard_6000_7000_per_fault.csv
6065,21747,4,True,1,0,6,0,33,0.301297,classic_shard_6000_7000_per_fault.csv
6066,21749,3,True,1,0,5,0,12,0.259488,classic_shard_6000_7000_per_fault.csv
6067,21750,3,True,1,0,5,0,12,0.263529,classic_shard_6000_7000_per_fault.csv
6068,21750,4,True,1,0,6,0,33,0.290209,classic_shard_6000_7000_per_fault.csv
6069,21751,3,True,1,0,5,0,12,0.250282,classic_shard_6000_7000_per_fault.csv
6070,21752,4,True,1,0,6,0,33,0.30083,classic_shard_6000_7000_per_fault.csv
6071,21753,3,True,1,0,5,0,12,0.235883,classic_shard_6000_7000_per_fault.csv
6072,21753,4,True,1,0,6,0,33,0.2818,classic_shard_6000_7000_per_fault.csv
6073,21755,3,True,1,0,5,0,12,0.231666,classic_shard_6000_7000_per_fault.csv
6074,21756,3,True,1,0,5,0,12,0.235453,classic_shard_6000_7000_per_fault.csv
6075,21759,4,True,1,0,23,0,86,1.110829,classic_shard_6000_7000_per_fault.csv
6076,21761,4,True,1,0,7,0,25,0.321864,classic_shard_6000_7000_per_fault.csv
6077,21762,4,True,1,8,45,0,519,2.412785,classic_shard_6000_7000_per_fault.csv
6078,21767,3,True,1,0,23,0,208,1.072236,classic_shard_6000_7000_per_fault.csv
6079,21768,3,True,1,0,25,0,276,1.151352,classic_shard_6000_7000_per_fault.csv
6080,21772,4,True,1,0,23,0,231,1.039413,classic_shard_6000_7000_per_fault.csv
6081,21775,3,True,1,0,32,0,327,1.457555,classic_shard_6000_7000_per_fault.csv
6082,21779,4,True,1,0,63,0,597,2.903427,classic_shard_6000_7000_per_fault.csv
6083,21785,3,True,1,0,13,0,93,0.595359,classic_shard_6000_7000_per_fault.csv
6084,21786,4,False,2,19,91,0,948,5.048956,classic_shard_6000_7000_per_fault.csv
6085,21787,3,True,1,0,6,0,16,0.300547,classic_shard_6000_7000_per_fault.csv
6086,21787,4,True,1,0,24,0,244,1.184714,classic_shard_6000_7000_per_fault.csv
6087,21790,3,True,1,0,30,0,316,1.356378,classic_shard_6000_7000_per_fault.csv
6088,21794,4,True,1,0,30,0,334,0.694685,classic_shard_6000_7000_per_fault.csv
6089,21795,4,True,1,0,29,0,320,0.661467,classic_shard_6000_7000_per_fault.csv
6090,21796,3,True,1,0,24,0,112,0.559721,classic_shard_6000_7000_per_fault.csv
6091,21802,3,True,1,0,31,0,318,0.718403,classic_shard_6000_7000_per_fault.csv
6092,21802,4,True,1,0,18,0,128,0.415842,classic_shard_6000_7000_per_fault.csv
6093,21805,4,True,1,0,63,0,479,1.514687,classic_shard_6000_7000_per_fault.csv
6094,21823,3,True,1,0,31,0,318,1.02031,classic_shard_6000_7000_per_fault.csv
6095,21832,4,True,1,0,33,0,268,0.779217,classic_shard_6000_7000_per_fault.csv
6096,21844,3,True,1,0,25,0,275,0.580706,classic_shard_6000_7000_per_fault.csv
6097,21855,3,True,1,0,6,0,16,0.142338,classic_shard_6000_7000_per_fault.csv
6098,21856,4,True,1,0,4,0,10,0.096949,classic_shard_6000_7000_per_fault.csv
6099,21857,3,True,1,0,3,0,6,0.071288,classic_shard_6000_7000_per_fault.csv
6100,21857,4,True,1,0,3,0,8,0.148233,classic_shard_6000_7000_per_fault.csv
6101,21865,3,False,2,38,156,0,750,5.068331,classic_shard_6000_7000_per_fault.csv
6102,21867,4,False,2,36,185,0,832,5.021904,classic_shard_6000_7000_per_fault.csv
6103,21868,4,False,2,27,150,0,707,5.043385,classic_shard_6000_7000_per_fault.csv
6104,21870,4,False,2,46,171,0,566,5.010726,classic_shard_6000_7000_per_fault.csv
6105,21871,3,False,2,51,172,0,577,5.097195,classic_shard_6000_7000_per_fault.csv
6106,21872,3,False,2,60,158,0,682,5.010195,classic_shard_6000_7000_per_fault.csv
6107,21873,3,False,2,59,158,0,813,5.027002,classic_shard_6000_7000_per_fault.csv
6108,21875,3,False,2,46,174,0,599,5.001194,classic_shard_6000_7000_per_fault.csv
6109,21877,4,False,2,60,156,0,649,5.038551,classic_shard_6000_7000_per_fault.csv
6110,21879,4,True,1,0,33,0,290,0.803748,classic_shard_6000_7000_per_fault.csv
6111,21882,4,True,1,0,4,0,21,0.094178,classic_shard_6000_7000_per_fault.csv
6112,21883,4,True,1,0,12,0,42,0.285716,classic_shard_6000_7000_per_fault.csv
6113,21886,4,True,1,0,22,0,188,0.510006,classic_shard_6000_7000_per_fault.csv
6114,21887,3,True,1,4,37,0,327,0.939185,classic_shard_6000_7000_per_fault.csv
6115,21889,3,False,2,65,157,0,1094,5.00384,classic_shard_6000_7000_per_fault.csv
6116,21892,3,True,1,0,5,0,11,0.117825,classic_shard_6000_7000_per_fault.csv
6117,21894,4,True,1,0,6,0,13,0.139446,classic_shard_6000_7000_per_fault.csv
6118,21897,4,True,1,0,28,0,324,0.644504,classic_shard_6000_7000_per_fault.csv
6119,21898,3,True,1,0,18,0,192,0.415745,classic_shard_6000_7000_per_fault.csv
6120,21899,3,False,2,49,177,0,764,5.060039,classic_shard_6000_7000_per_fault.csv
6121,21899,4,False,2,46,175,0,671,5.008276,classic_shard_6000_7000_per_fault.csv
6122,21900,4,False,2,49,171,0,1133,5.038479,classic_shard_6000_7000_per_fault.csv
6123,21901,4,False,2,53,170,0,682,5.015698,classic_shard_6000_7000_per_fault.csv
6124,21903,3,False,2,53,170,0,768,5.012,classic_shard_6000_7000_per_fault.csv
6125,21905,4,False,2,56,155,0,602,5.021841,classic_shard_6000_7000_per_fault.csv
6126,21907,4,False,2,22,122,0,505,5.083272,classic_shard_6000_7000_per_fault.csv
6127,21914,4,False,2,41,121,0,1092,5.023154,classic_shard_6000_7000_per_fault.csv
6128,21915,3,False,2,37,125,0,1058,5.017269,classic_shard_6000_7000_per_fault.csv
6129,21915,4,False,2,63,164,0,1335,5.120774,classic_shard_6000_7000_per_fault.csv
6130,21916,3,False,2,35,189,0,1176,5.006325,classic_shard_6000_7000_per_fault.csv
6131,21919,3,False,2,66,156,0,1216,5.006531,classic_shard_6000_7000_per_fault.csv
6132,21920,3,False,2,46,137,0,1196,5.018809,classic_shard_6000_7000_per_fault.csv
6133,21923,4,False,2,54,136,0,1077,5.020681,classic_shard_6000_7000_per_fault.csv
6134,21924,3,False,2,65,158,0,995,5.02996,classic_shard_6000_7000_per_fault.csv
6135,21924,4,False,2,35,187,0,1169,5.011496,classic_shard_6000_7000_per_fault.csv
6136,21925,3,False,2,68,164,0,1490,5.196058,classic_shard_6000_7000_per_fault.csv
6137,21926,3,False,2,68,161,0,1293,5.137159,classic_shard_6000_7000_per_fault.csv
6138,21927,4,False,2,68,162,0,1511,5.159353,classic_shard_6000_7000_per_fault.csv
6139,21928,3,False,2,67,153,0,1174,5.012091,classic_shard_6000_7000_per_fault.csv
6140,21929,4,False,2,69,152,0,1118,5.040538,classic_shard_6000_7000_per_fault.csv
6141,21932,3,False,2,67,153,0,1213,5.017678,classic_shard_6000_7000_per_fault.csv
6142,21934,3,False,2,68,152,0,1317,5.004029,classic_shard_6000_7000_per_fault.csv
6143,21941,3,True,1,0,29,0,299,0.666125,classic_shard_6000_7000_per_fault.csv
6144,21943,4,False,2,63,160,0,1820,5.098997,classic_shard_6000_7000_per_fault.csv
6145,21951,3,False,2,65,149,0,1456,5.022062,classic_shard_6000_7000_per_fault.csv
6146,21966,3,True,1,0,5,0,16,0.120526,classic_shard_6000_7000_per_fault.csv
6147,21971,3,False,2,57,167,0,624,5.029483,classic_shard_6000_7000_per_fault.csv
6148,21972,4,False,2,54,170,0,670,5.000202,classic_shard_6000_7000_per_fault.csv
6149,21973,4,False,2,58,166,0,614,5.004589,classic_shard_6000_7000_per_fault.csv
6150,21978,4,True,1,0,9,0,47,0.210892,classic_shard_6000_7000_per_fault.csv
6151,21979,3,False,2,27,142,0,524,5.007632,classic_shard_6000_7000_per_fault.csv
6152,21981,3,False,2,54,171,0,642,5.031866,classic_shard_6000_7000_per_fault.csv
6153,21985,3,True,1,0,8,0,29,0.190214,classic_shard_6000_7000_per_fault.csv
6154,21988,4,False,2,52,168,0,536,5.027824,classic_shard_6000_7000_per_fault.csv
6155,21992,4,True,1,0,14,0,140,0.327188,classic_shard_6000_7000_per_fault.csv
6156,21997,4,True,1,0,14,0,140,0.325446,classic_shard_6000_7000_per_fault.csv
6157,21998,4,True,1,0,14,0,140,0.328681,classic_shard_6000_7000_per_fault.csv
6158,22000,4,True,1,0,14,0,137,0.325649,classic_shard_6000_7000_per_fault.csv
6159,22004,4,True,1,0,14,0,137,0.326315,classic_shard_6000_7000_per_fault.csv
6160,22011,3,True,1,0,17,0,209,0.396641,classic_shard_6000_7000_per_fault.csv
6161,22012,4,True,1,15,45,0,472,1.378574,classic_shard_6000_7000_per_fault.csv
6162,22016,3,True,1,0,10,0,41,0.236953,classic_shard_6000_7000_per_fault.csv
6163,22016,4,True,1,1,17,0,156,0.416823,classic_shard_6000_7000_per_fault.csv
6164,22017,3,True,1,0,10,0,41,0.239377,classic_shard_6000_7000_per_fault.csv
6165,22018,3,True,1,0,10,0,41,0.237861,classic_shard_6000_7000_per_fault.csv
6166,22020,3,True,1,0,10,0,41,0.235168,classic_shard_6000_7000_per_fault.csv
6167,22023,3,True,1,0,9,0,44,0.210981,classic_shard_6000_7000_per_fault.csv
6168,22027,3,True,1,0,50,0,388,1.168111,classic_shard_6000_7000_per_fault.csv
6169,22028,3,True,1,0,25,0,250,0.574077,classic_shard_6000_7000_per_fault.csv
6170,22029,3,True,1,0,25,0,252,0.577697,classic_shard_6000_7000_per_fault.csv
6171,22031,3,False,2,63,161,0,1142,5.028113,classic_shard_6000_7000_per_fault.csv
6172,22032,3,False,2,63,162,0,1256,5.032221,classic_shard_6000_7000_per_fault.csv
6173,22037,4,True,1,0,21,0,169,0.487382,classic_shard_6000_7000_per_fault.csv
6174,22039,4,True,1,0,18,0,175,0.416319,classic_shard_6000_7000_per_fault.csv
6175,22042,4,True,1,0,21,0,158,0.488059,classic_shard_6000_7000_per_fault.csv
6176,22046,3,True,1,0,4,0,10,0.095643,classic_shard_6000_7000_per_fault.csv
6177,22048,4,True,1,0,6,0,38,0.142276,classic_shard_6000_7000_per_fault.csv
6178,22049,3,True,1,0,5,0,15,0.119223,classic_shard_6000_7000_per_fault.csv
6179,22050,4,True,1,0,6,0,38,0.140758,classic_shard_6000_7000_per_fault.csv
6180,22054,4,True,1,0,6,0,38,0.142166,classic_shard_6000_7000_per_fault.csv
6181,22055,3,True,1,0,5,0,15,0.121467,classic_shard_6000_7000_per_fault.csv
6182,22056,3,True,1,0,5,0,15,0.120002,classic_shard_6000_7000_per_fault.csv
6183,22060,3,True,1,0,5,0,15,0.118978,classic_shard_6000_7000_per_fault.csv
6184,22061,3,True,1,0,5,0,15,0.119462,classic_shard_6000_7000_per_fault.csv
6185,22061,4,True,1,0,6,0,38,0.142537,classic_shard_6000_7000_per_fault.csv
6186,22063,3,True,1,0,5,0,17,0.119749,classic_shard_6000_7000_per_fault.csv
6187,22071,3,True,1,0,5,0,18,0.122111,classic_shard_6000_7000_per_fault.csv
6188,22072,3,True,1,0,5,0,17,0.11893,classic_shard_6000_7000_per_fault.csv
6189,22076,4,True,1,0,21,0,214,0.49314,classic_shard_6000_7000_per_fault.csv
6190,22077,3,True,1,0,5,0,17,0.120239,classic_shard_6000_7000_per_fault.csv
6191,22077,4,True,1,0,21,0,215,0.486388,classic_shard_6000_7000_per_fault.csv
6192,22080,3,True,1,0,5,0,17,0.119445,classic_shard_6000_7000_per_fault.csv
6193,22082,3,True,1,0,18,0,146,0.418977,classic_shard_6000_7000_per_fault.csv
6194,22085,4,True,1,0,50,0,415,1.157242,classic_shard_6000_7000_per_fault.csv
6195,22087,3,True,1,0,5,0,7,0.119336,classic_shard_6000_7000_per_fault.csv
6196,22087,4,True,1,0,7,0,35,0.162992,classic_shard_6000_7000_per_fault.csv
6197,22089,3,True,1,0,20,0,220,0.469382,classic_shard_6000_7000_per_fault.csv
6198,22092,3,True,1,0,23,0,206,0.52572,classic_shard_6000_7000_per_fault.csv
6199,22094,4,True,1,0,23,0,211,0.525735,classic_shard_6000_7000_per_fault.csv
6200,22104,3,True,1,0,25,0,263,0.975791,classic_shard_6000_7000_per_fault.csv
6201,22104,4,True,1,0,22,0,192,0.772649,classic_shard_6000_7000_per_fault.csv
6202,22105,3,True,1,0,5,0,10,0.182625,classic_shard_6000_7000_per_fault.csv
6203,22106,4,True,1,0,6,0,21,0.214706,classic_shard_6000_7000_per_fault.csv
6204,22109,4,True,1,0,18,0,175,0.56517,classic_shard_6000_7000_per_fault.csv
6205,22111,3,False,2,24,103,0,851,5.358293,classic_shard_6000_7000_per_fault.csv
6206,22111,4,True,1,0,45,0,503,2.02736,classic_shard_6000_7000_per_fault.csv
6207,22115,3,True,1,0,30,0,333,1.377134,classic_shard_6000_7000_per_fault.csv
6208,22116,4,True,1,0,24,0,132,1.107376,classic_shard_6000_7000_per_fault.csv
6209,22126,3,True,1,0,63,0,420,2.921295,classic_shard_6000_7000_per_fault.csv
6210,22139,4,True,1,0,48,0,373,2.220142,classic_shard_6000_7000_per_fault.csv
6211,22140,4,True,1,0,78,0,808,3.271651,classic_shard_6000_7000_per_fault.csv
6212,22146,4,True,1,0,33,0,216,1.158262,classic_shard_6000_7000_per_fault.csv
6213,22149,3,True,1,0,78,0,660,2.081434,classic_shard_6000_7000_per_fault.csv
6214,22152,3,True,1,0,41,0,350,0.949617,classic_shard_6000_7000_per_fault.csv
6215,22155,3,True,1,0,33,0,239,0.767284,classic_shard_6000_7000_per_fault.csv
6216,22159,3,True,1,0,25,0,277,0.579709,classic_shard_6000_7000_per_fault.csv
6217,22168,4,True,1,0,18,0,141,0.41769,classic_shard_6000_7000_per_fault.csv
6218,22171,3,True,1,0,8,0,26,0.189469,classic_shard_6000_7000_per_fault.csv
6219,22173,3,True,1,0,24,0,388,0.5647,classic_shard_6000_7000_per_fault.csv
6220,22173,4,True,1,0,25,0,407,0.590497,classic_shard_6000_7000_per_fault.csv
6221,22179,4,True,1,0,8,0,26,0.34451,classic_shard_6000_7000_per_fault.csv
6222,22182,3,True,1,4,38,0,390,1.573483,classic_shard_6000_7000_per_fault.csv
6223,22183,3,True,1,0,8,0,30,0.368869,classic_shard_6000_7000_per_fault.csv
6224,22187,3,False,2,35,159,0,717,5.00964,classic_shard_6000_7000_per_fault.csv
6225,22190,3,False,2,49,134,0,472,5.155528,classic_shard_6000_7000_per_fault.csv
6226,22192,3,False,2,23,94,0,1021,5.016592,classic_shard_6000_7000_per_fault.csv
6227,22198,3,False,2,47,150,0,1452,5.154416,classic_shard_6000_7000_per_fault.csv
6228,22199,3,False,2,32,123,0,1296,5.040363,classic_shard_6000_7000_per_fault.csv
6229,22205,4,True,1,0,3,0,4,0.143554,classic_shard_6000_7000_per_fault.csv
6230,22209,4,True,1,0,3,0,4,0.142072,classic_shard_6000_7000_per_fault.csv
6231,22211,4,True,1,0,3,0,4,0.142591,classic_shard_6000_7000_per_fault.csv
6232,22214,3,True,1,0,3,0,6,0.143168,classic_shard_6000_7000_per_fault.csv
6233,22216,3,True,1,0,3,0,6,0.142972,classic_shard_6000_7000_per_fault.csv
6234,22218,3,True,1,0,3,0,6,0.142776,classic_shard_6000_7000_per_fault.csv
6235,22220,4,True,1,0,3,0,4,0.115013,classic_shard_6000_7000_per_fault.csv
6236,22221,4,True,1,0,3,0,4,0.07351,classic_shard_6000_7000_per_fault.csv
6237,22222,3,True,1,0,3,0,6,0.072628,classic_shard_6000_7000_per_fault.csv
6238,22223,3,True,1,0,3,0,6,0.071911,classic_shard_6000_7000_per_fault.csv
6239,22223,4,True,1,0,3,0,4,0.071698,classic_shard_6000_7000_per_fault.csv
6240,22226,4,True,1,0,3,0,4,0.071748,classic_shard_6000_7000_per_fault.csv
6241,22230,3,True,1,0,3,0,6,0.072252,classic_shard_6000_7000_per_fault.csv
6242,22230,4,True,1,0,3,0,4,0.072088,classic_shard_6000_7000_per_fault.csv
6243,22231,4,True,1,0,3,0,4,0.072233,classic_shard_6000_7000_per_fault.csv
6244,22232,3,True,1,0,3,0,6,0.07196,classic_shard_6000_7000_per_fault.csv
6245,22232,4,True,1,0,3,0,4,0.072747,classic_shard_6000_7000_per_fault.csv
6246,22233,3,True,1,0,3,0,6,0.073151,classic_shard_6000_7000_per_fault.csv
6247,22235,3,True,1,0,3,0,2,0.072069,classic_shard_6000_7000_per_fault.csv
6248,22238,3,True,1,0,14,0,52,0.319732,classic_shard_6000_7000_per_fault.csv
6249,22240,3,True,1,0,13,0,61,0.303718,classic_shard_6000_7000_per_fault.csv
6250,22241,3,True,1,0,13,0,61,0.302221,classic_shard_6000_7000_per_fault.csv
6251,22243,3,True,1,0,13,0,61,0.302199,classic_shard_6000_7000_per_fault.csv
6252,22246,4,True,1,0,10,0,35,0.235077,classic_shard_6000_7000_per_fault.csv
6253,22247,4,True,1,0,8,0,51,0.187729,classic_shard_6000_7000_per_fault.csv
6254,22251,3,True,1,0,13,0,85,0.300661,classic_shard_6000_7000_per_fault.csv
6255,22251,4,True,1,0,8,0,52,0.187491,classic_shard_6000_7000_per_fault.csv
6256,22253,3,True,1,1,16,0,102,0.391244,classic_shard_6000_7000_per_fault.csv
6257,22258,3,True,1,0,13,0,90,0.300774,classic_shard_6000_7000_per_fault.csv
6258,22259,4,True,1,0,8,0,51,0.187532,classic_shard_6000_7000_per_fault.csv
6259,22261,4,True,1,0,8,0,51,0.187155,classic_shard_6000_7000_per_fault.csv
6260,22265,4,False,2,63,139,0,850,5.0758,classic_shard_6000_7000_per_fault.csv
6261,22267,4,False,2,66,151,0,946,5.008177,classic_shard_6000_7000_per_fault.csv
6262,22268,3,True,1,0,8,0,61,0.185902,classic_shard_6000_7000_per_fault.csv
6263,22270,4,True,1,4,37,0,334,0.938685,classic_shard_6000_7000_per_fault.csv
6264,22273,4,True,1,28,85,0,526,2.532678,classic_shard_6000_7000_per_fault.csv
6265,22278,3,True,1,0,3,0,6,0.072202,classic_shard_6000_7000_per_fault.csv
6266,22281,4,True,1,0,3,0,4,0.071936,classic_shard_6000_7000_per_fault.csv
6267,22282,4,True,1,0,3,0,4,0.072274,classic_shard_6000_7000_per_fault.csv
6268,22283,4,True,1,0,3,0,4,0.071985,classic_shard_6000_7000_per_fault.csv
6269,22284,4,True,1,0,3,0,4,0.073014,classic_shard_6000_7000_per_fault.csv
6270,22285,4,True,1,0,3,0,4,0.072445,classic_shard_6000_7000_per_fault.csv
6271,22287,4,True,1,0,3,0,4,0.071764,classic_shard_6000_7000_per_fault.csv
6272,22288,4,True,1,0,3,0,4,0.071844,classic_shard_6000_7000_per_fault.csv
6273,22293,4,True,1,0,3,0,4,0.072267,classic_shard_6000_7000_per_fault.csv
6274,22295,3,True,1,0,7,0,18,0.165085,classic_shard_6000_7000_per_fault.csv
6275,22295,4,True,1,0,3,0,4,0.072247,classic_shard_6000_7000_per_fault.csv
6276,22297,4,True,1,0,3,0,4,0.072131,classic_shard_6000_7000_per_fault.csv
6277,22307,4,True,1,0,5,0,4,0.118329,classic_shard_6000_7000_per_fault.csv
6278,22311,3,True,1,0,27,0,253,0.617928,classic_shard_6000_7000_per_fault.csv
6279,22311,4,True,1,0,22,0,159,0.506392,classic_shard_6000_7000_per_fault.csv
6280,22314,3,True,1,0,5,0,12,0.117841,classic_shard_6000_7000_per_fault.csv
6281,22315,3,True,1,0,6,0,20,0.141034,classic_shard_6000_7000_per_fault.csv
6282,22316,3,True,1,0,5,0,13,0.117572,classic_shard_6000_7000_per_fault.csv
6283,22318,3,True,1,0,3,0,4,0.0729,classic_shard_6000_7000_per_fault.csv
6284,22322,3,False,2,50,171,0,503,5.015626,classic_shard_6000_7000_per_fault.csv
6285,22323,4,False,2,76,157,0,720,5.36806,classic_shard_6000_7000_per_fault.csv
6286,22329,3,False,2,50,173,0,576,5.021741,classic_shard_6000_7000_per_fault.csv
6287,22331,3,False,2,40,185,0,1165,5.009008,classic_shard_6000_7000_per_fault.csv
6288,22331,4,False,2,50,172,0,689,5.043671,classic_shard_6000_7000_per_fault.csv
6289,22332,3,False,2,37,190,0,1213,5.040051,classic_shard_6000_7000_per_fault.csv
6290,22333,4,False,2,33,189,0,1213,5.014643,classic_shard_6000_7000_per_fault.csv
6291,22336,4,False,2,64,162,0,1454,5.043293,classic_shard_6000_7000_per_fault.csv
6292,22340,4,False,2,64,160,0,1515,5.021467,classic_shard_6000_7000_per_fault.csv
6293,22342,4,False,2,64,159,0,1220,5.01953,classic_shard_6000_7000_per_fault.csv
6294,22343,4,False,2,66,158,0,1243,5.019657,classic_shard_6000_7000_per_fault.csv
6295,22345,3,False,2,16,144,0,901,5.032784,classic_shard_6000_7000_per_fault.csv
6296,22346,4,False,2,32,91,0,766,5.009757,classic_shard_6000_7000_per_fault.csv
6297,22347,3,False,2,36,91,0,456,5.083506,classic_shard_6000_7000_per_fault.csv
6298,22350,3,False,2,30,82,0,602,5.023462,classic_shard_6000_7000_per_fault.csv
6299,22351,3,False,2,32,80,0,410,5.030009,classic_shard_6000_7000_per_fault.csv
6300,22353,4,False,2,31,80,0,566,5.033942,classic_shard_6000_7000_per_fault.csv
6301,22354,3,False,2,30,80,0,575,5.028653,classic_shard_6000_7000_per_fault.csv
6302,22354,4,True,1,44,105,0,791,4.902642,classic_shard_6000_7000_per_fault.csv
6303,22355,4,False,2,64,142,0,1089,5.00143,classic_shard_6000_7000_per_fault.csv
6304,22359,4,False,2,69,152,0,1308,5.015325,classic_shard_6000_7000_per_fault.csv
6305,22361,3,True,1,44,103,0,803,3.326911,classic_shard_6000_7000_per_fault.csv
6306,22361,4,False,2,70,153,0,1048,5.052217,classic_shard_6000_7000_per_fault.csv
6307,22363,4,False,2,68,154,0,1240,5.022465,classic_shard_6000_7000_per_fault.csv
6308,22365,3,False,2,66,153,0,696,5.020194,classic_shard_6000_7000_per_fault.csv
6309,22368,3,False,2,64,152,0,1017,5.020025,classic_shard_6000_7000_per_fault.csv
6310,22370,4,False,2,68,152,0,1182,5.025686,classic_shard_6000_7000_per_fault.csv
6311,22371,3,False,2,43,180,0,1388,5.008305,classic_shard_6000_7000_per_fault.csv
6312,22382,4,True,1,0,37,0,376,0.846425,classic_shard_6000_7000_per_fault.csv
6313,22386,3,True,1,64,140,0,371,4.676241,classic_shard_6000_7000_per_fault.csv
6314,22387,3,False,2,68,160,0,393,5.240159,classic_shard_6000_7000_per_fault.csv
6315,22397,3,True,1,15,80,0,567,2.177225,classic_shard_6000_7000_per_fault.csv
6316,22398,3,False,2,44,178,0,1080,5.012905,classic_shard_6000_7000_per_fault.csv
6317,22398,4,False,2,59,159,0,1422,5.011514,classic_shard_6000_7000_per_fault.csv
6318,22402,3,True,1,0,5,0,14,0.120045,classic_shard_6000_7000_per_fault.csv
6319,22402,4,True,1,0,33,0,319,0.757206,classic_shard_6000_7000_per_fault.csv
6320,22405,4,True,1,0,30,0,389,0.699303,classic_shard_6000_7000_per_fault.csv
6321,22407,3,False,2,49,178,0,1092,5.022889,classic_shard_6000_7000_per_fault.csv
6322,22408,3,False,2,54,171,0,743,5.011142,classic_shard_6000_7000_per_fault.csv
6323,22409,3,False,2,51,161,0,489,5.009196,classic_shard_6000_7000_per_fault.csv
6324,22411,4,False,2,36,116,0,356,5.024428,classic_shard_6000_7000_per_fault.csv
6325,22415,4,False,2,55,168,0,567,5.051481,classic_shard_6000_7000_per_fault.csv
6326,22418,3,True,1,0,9,0,40,0.212253,classic_shard_6000_7000_per_fault.csv
6327,22430,4,True,1,0,8,0,39,0.188547,classic_shard_6000_7000_per_fault.csv
6328,22431,4,False,2,65,151,0,1097,5.057302,classic_shard_6000_7000_per_fault.csv
6329,22434,3,True,1,15,45,0,432,1.382472,classic_shard_6000_7000_per_fault.csv
6330,22438,4,True,1,0,15,0,144,0.352592,classic_shard_6000_7000_per_fault.csv
6331,22439,4,True,1,0,15,0,130,0.35494,classic_shard_6000_7000_per_fault.csv
6332,22441,3,True,1,15,46,0,440,1.411136,classic_shard_6000_7000_per_fault.csv
6333,22442,3,True,1,8,28,0,291,0.829623,classic_shard_6000_7000_per_fault.csv
6334,22443,3,True,1,0,14,0,165,0.328378,classic_shard_6000_7000_per_fault.csv
6335,22444,4,False,2,63,158,0,1412,5.005198,classic_shard_6000_7000_per_fault.csv
6336,22446,3,True,1,0,39,0,318,0.911262,classic_shard_6000_7000_per_fault.csv
6337,22446,4,False,2,65,152,0,777,5.051628,classic_shard_6000_7000_per_fault.csv
6338,22449,3,False,2,66,151,0,814,5.016467,classic_shard_6000_7000_per_fault.csv
6339,22449,4,False,2,66,149,0,793,5.01175,classic_shard_6000_7000_per_fault.csv
6340,22450,3,False,2,66,151,0,897,5.00559,classic_shard_6000_7000_per_fault.csv
6341,22451,3,True,1,0,8,0,33,0.189445,classic_shard_6000_7000_per_fault.csv
6342,22455,4,True,1,0,51,0,396,1.198982,classic_shard_6000_7000_per_fault.csv
6343,22458,3,True,1,0,8,0,29,0.188852,classic_shard_6000_7000_per_fault.csv
6344,22460,3,True,1,0,25,0,263,0.580058,classic_shard_6000_7000_per_fault.csv
6345,22460,4,True,1,0,51,0,395,1.207256,classic_shard_6000_7000_per_fault.csv
6346,22463,4,True,1,0,39,0,305,0.923836,classic_shard_6000_7000_per_fault.csv
6347,22464,4,True,1,0,8,0,21,0.19304,classic_shard_6000_7000_per_fault.csv
6348,22465,4,False,2,65,153,0,985,5.00947,classic_shard_6000_7000_per_fault.csv
6349,22467,4,False,2,69,155,0,1008,5.061024,classic_shard_6000_7000_per_fault.csv
6350,22469,3,True,1,0,7,0,18,0.166937,classic_shard_6000_7000_per_fault.csv
6351,22472,4,False,2,60,163,0,1302,5.014202,classic_shard_6000_7000_per_fault.csv
6352,22474,3,True,1,0,7,0,18,0.166374,classic_shard_6000_7000_per_fault.csv
6353,22480,3,True,1,0,7,0,18,0.165584,classic_shard_6000_7000_per_fault.csv
6354,22482,3,True,1,0,8,0,22,0.189898,classic_shard_6000_7000_per_fault.csv
6355,22482,4,False,2,33,134,0,1355,5.006466,classic_shard_6000_7000_per_fault.csv
6356,22483,4,False,2,40,151,0,1508,5.063637,classic_shard_6000_7000_per_fault.csv
6357,22484,4,False,2,37,116,0,1107,5.004988,classic_shard_6000_7000_per_fault.csv
6358,22490,3,True,1,0,9,0,29,0.215667,classic_shard_6000_7000_per_fault.csv
6359,22494,3,True,1,0,8,0,23,0.192554,classic_shard_6000_7000_per_fault.csv
6360,22494,4,True,1,12,56,0,669,1.976305,classic_shard_6000_7000_per_fault.csv
6361,22495,3,True,1,0,8,0,23,0.192337,classic_shard_6000_7000_per_fault.csv
6362,22496,4,True,1,12,56,0,669,1.560412,classic_shard_6000_7000_per_fault.csv
6363,22498,3,True,1,0,8,0,23,0.189329,classic_shard_6000_7000_per_fault.csv
6364,22500,3,True,1,0,8,0,23,0.1897,classic_shard_6000_7000_per_fault.csv
6365,22500,4,True,1,12,56,0,669,1.55873,classic_shard_6000_7000_per_fault.csv
6366,22503,4,True,1,12,56,0,669,1.561993,classic_shard_6000_7000_per_fault.csv
6367,22504,4,True,1,0,4,0,12,0.095225,classic_shard_6000_7000_per_fault.csv
6368,22505,3,True,1,0,53,0,495,1.232531,classic_shard_6000_7000_per_fault.csv
6369,22505,4,True,1,0,18,0,161,0.419045,classic_shard_6000_7000_per_fault.csv
6370,22507,4,True,1,0,7,0,15,0.16312,classic_shard_6000_7000_per_fault.csv
6371,22508,4,True,1,0,10,0,48,0.234665,classic_shard_6000_7000_per_fault.csv
6372,22509,3,False,2,60,142,0,954,5.009992,classic_shard_6000_7000_per_fault.csv
6373,22509,4,True,1,0,7,0,29,0.163365,classic_shard_6000_7000_per_fault.csv
6374,22512,3,True,1,0,3,0,7,0.072138,classic_shard_6000_7000_per_fault.csv
6375,22512,4,True,1,0,26,0,323,0.609382,classic_shard_6000_7000_per_fault.csv
6376,22514,4,True,1,30,89,0,812,2.711703,classic_shard_6000_7000_per_fault.csv
6377,22516,3,True,1,0,23,0,210,0.531166,classic_shard_6000_7000_per_fault.csv
6378,22517,3,True,1,0,23,0,208,0.527619,classic_shard_6000_7000_per_fault.csv
6379,22517,4,True,1,0,23,0,208,0.527502,classic_shard_6000_7000_per_fault.csv
6380,22519,4,True,1,0,23,0,232,0.526734,classic_shard_6000_7000_per_fault.csv
6381,22520,3,True,1,0,31,0,318,0.717824,classic_shard_6000_7000_per_fault.csv
6382,22521,3,True,1,0,6,0,16,0.141012,classic_shard_6000_7000_per_fault.csv
6383,22521,4,True,1,0,23,0,232,0.526644,classic_shard_6000_7000_per_fault.csv
6384,22523,3,True,1,0,6,0,16,0.141337,classic_shard_6000_7000_per_fault.csv
6385,22523,4,True,1,0,23,0,232,0.52763,classic_shard_6000_7000_per_fault.csv
6386,22524,3,True,1,0,36,0,283,0.82805,classic_shard_6000_7000_per_fault.csv
6387,22525,3,True,1,0,36,0,281,0.828749,classic_shard_6000_7000_per_fault.csv
6388,22525,4,True,1,0,36,0,371,0.830797,classic_shard_6000_7000_per_fault.csv
6389,22526,3,True,1,0,35,0,352,0.809412,classic_shard_6000_7000_per_fault.csv
6390,22526,4,True,1,0,35,0,371,0.804925,classic_shard_6000_7000_per_fault.csv
6391,22530,3,True,1,0,36,0,284,0.827301,classic_shard_6000_7000_per_fault.csv
6392,22532,3,True,1,0,5,0,14,0.118732,classic_shard_6000_7000_per_fault.csv
6393,22532,4,True,1,0,4,0,16,0.095426,classic_shard_6000_7000_per_fault.csv
6394,22533,3,True,1,0,25,0,267,0.57656,classic_shard_6000_7000_per_fault.csv
6395,22535,3,True,1,0,4,0,16,0.09896,classic_shard_6000_7000_per_fault.csv
6396,22536,3,True,1,0,4,0,16,0.098844,classic_shard_6000_7000_per_fault.csv
6397,22539,4,True,1,2,45,0,350,1.094068,classic_shard_6000_7000_per_fault.csv
6398,22541,4,True,1,32,140,0,1132,4.24841,classic_shard_6000_7000_per_fault.csv
6399,22542,4,False,2,32,108,0,719,5.032529,classic_shard_6000_7000_per_fault.csv
6400,22544,3,True,1,0,30,0,304,1.278287,classic_shard_6000_7000_per_fault.csv
6401,22545,4,True,1,0,48,0,580,1.100861,classic_shard_6000_7000_per_fault.csv
6402,22549,4,True,1,0,53,0,573,1.243178,classic_shard_6000_7000_per_fault.csv
6403,22550,3,True,1,0,6,0,18,0.141962,classic_shard_6000_7000_per_fault.csv
6404,22553,4,True,1,0,48,0,377,1.121308,classic_shard_6000_7000_per_fault.csv
6405,22568,3,True,1,0,25,0,275,0.581451,classic_shard_6000_7000_per_fault.csv
6406,22574,3,True,1,0,25,0,275,0.583995,classic_shard_6000_7000_per_fault.csv
6407,22586,4,True,1,0,33,0,268,0.775052,classic_shard_6000_7000_per_fault.csv
6408,22589,4,True,1,0,26,0,243,0.603028,classic_shard_6000_7000_per_fault.csv
6409,22599,3,True,1,0,25,0,263,0.582675,classic_shard_6000_7000_per_fault.csv
6410,22603,3,False,2,64,147,0,1536,5.022051,classic_shard_6000_7000_per_fault.csv
6411,22605,3,False,2,64,146,0,1602,5.001556,classic_shard_6000_7000_per_fault.csv
6412,22605,4,True,1,0,9,0,42,0.213437,classic_shard_6000_7000_per_fault.csv
6413,22608,4,True,1,0,7,0,26,0.165876,classic_shard_6000_7000_per_fault.csv
6414,22614,4,True,1,4,38,0,426,0.975041,classic_shard_6000_7000_per_fault.csv
6415,22618,4,False,2,47,174,0,649,5.018795,classic_shard_6000_7000_per_fault.csv
6416,22622,3,False,2,43,178,0,811,5.007923,classic_shard_6000_7000_per_fault.csv
6417,22625,3,False,2,51,166,0,559,5.059114,classic_shard_6000_7000_per_fault.csv
6418,22626,4,False,2,58,160,0,709,5.045815,classic_shard_6000_7000_per_fault.csv
6419,22627,3,False,2,58,158,0,816,5.011739,classic_shard_6000_7000_per_fault.csv
6420,22627,4,False,2,58,157,0,807,5.003613,classic_shard_6000_7000_per_fault.csv
6421,22629,3,False,2,51,171,0,579,5.114371,classic_shard_6000_7000_per_fault.csv
6422,22629,4,False,2,49,176,0,889,5.097314,classic_shard_6000_7000_per_fault.csv
6423,22631,3,False,2,58,159,0,686,5.016002,classic_shard_6000_7000_per_fault.csv
6424,22632,4,False,2,63,157,0,775,5.122981,classic_shard_6000_7000_per_fault.csv
6425,22633,3,False,2,56,161,0,428,5.021093,classic_shard_6000_7000_per_fault.csv
6426,22634,3,False,2,64,153,0,681,5.00988,classic_shard_6000_7000_per_fault.csv
6427,22634,4,True,1,0,5,0,15,0.118752,classic_shard_6000_7000_per_fault.csv
6428,22644,3,True,1,0,13,0,87,0.305544,classic_shard_6000_7000_per_fault.csv
6429,22650,3,True,1,0,13,0,87,0.309067,classic_shard_6000_7000_per_fault.csv
6430,22655,4,True,1,0,16,0,128,0.374251,classic_shard_6000_7000_per_fault.csv
6431,22656,4,True,1,0,11,0,71,0.258708,classic_shard_6000_7000_per_fault.csv
6432,22657,3,False,2,68,149,0,674,5.062312,classic_shard_6000_7000_per_fault.csv
6433,22657,4,True,1,0,11,0,63,0.260884,classic_shard_6000_7000_per_fault.csv
6434,22659,3,False,2,70,146,0,663,5.079751,classic_shard_6000_7000_per_fault.csv
6435,22659,4,True,1,0,10,0,49,0.2354,classic_shard_6000_7000_per_fault.csv
6436,22660,3,False,2,67,146,0,654,5.002047,classic_shard_6000_7000_per_fault.csv
6437,22662,3,False,2,67,147,0,674,5.017295,classic_shard_6000_7000_per_fault.csv
6438,22662,4,True,1,0,10,0,56,0.23625,classic_shard_6000_7000_per_fault.csv
6439,22666,3,True,1,0,14,0,61,0.331055,classic_shard_6000_7000_per_fault.csv
6440,22666,4,True,1,0,17,0,95,0.412684,classic_shard_6000_7000_per_fault.csv
6441,22667,3,True,1,0,14,0,61,0.323845,classic_shard_6000_7000_per_fault.csv
6442,22669,4,True,1,0,17,0,95,0.404773,classic_shard_6000_7000_per_fault.csv
6443,22673,3,True,1,0,4,0,10,0.097134,classic_shard_6000_7000_per_fault.csv
6444,22673,4,False,2,65,157,0,1177,5.014531,classic_shard_6000_7000_per_fault.csv
6445,22674,4,True,1,0,7,0,54,0.16315,classic_shard_6000_7000_per_fault.csv
6446,22675,3,True,1,0,22,0,235,0.515212,classic_shard_6000_7000_per_fault.csv
6447,22675,4,False,2,61,154,0,1185,5.016913,classic_shard_6000_7000_per_fault.csv
6448,22678,3,False,2,60,159,0,1465,5.000599,classic_shard_6000_7000_per_fault.csv
6449,22686,3,True,1,1,26,0,265,0.628533,classic_shard_6000_7000_per_fault.csv
6450,22687,3,False,2,67,150,0,1190,5.055162,classic_shard_6000_7000_per_fault.csv
6451,22687,4,True,1,0,16,0,122,0.381872,classic_shard_6000_7000_per_fault.csv
6452,22690,4,True,1,0,5,0,14,0.122323,classic_shard_6000_7000_per_fault.csv
6453,22693,3,True,1,0,4,0,3,0.097877,classic_shard_6000_7000_per_fault.csv
6454,22696,3,True,1,0,4,0,3,0.097986,classic_shard_6000_7000_per_fault.csv
6455,22697,4,True,1,0,5,0,14,0.121263,classic_shard_6000_7000_per_fault.csv
6456,22698,4,True,1,0,5,0,14,0.122178,classic_shard_6000_7000_per_fault.csv
6457,22700,3,True,1,0,4,0,3,0.097809,classic_shard_6000_7000_per_fault.csv
6458,22700,4,True,1,0,5,0,14,0.120012,classic_shard_6000_7000_per_fault.csv
6459,22701,4,True,1,0,5,0,14,0.120486,classic_shard_6000_7000_per_fault.csv
6460,22702,3,True,1,0,4,0,3,0.096964,classic_shard_6000_7000_per_fault.csv
6461,22705,3,True,1,0,4,0,3,0.096217,classic_shard_6000_7000_per_fault.csv
6462,22705,4,True,1,0,5,0,14,0.119121,classic_shard_6000_7000_per_fault.csv
6463,22708,3,True,1,0,4,0,3,0.097664,classic_shard_6000_7000_per_fault.csv
6464,22709,3,True,1,0,4,0,3,0.100424,classic_shard_6000_7000_per_fault.csv
6465,22711,3,True,1,0,4,0,3,0.102626,classic_shard_6000_7000_per_fault.csv
6466,22716,4,True,1,0,5,0,14,0.12176,classic_shard_6000_7000_per_fault.csv
6467,22718,3,True,1,0,4,0,3,0.096402,classic_shard_6000_7000_per_fault.csv
6468,22721,3,True,1,0,4,0,3,0.097626,classic_shard_6000_7000_per_fault.csv
6469,22721,4,True,1,0,23,0,260,0.539276,classic_shard_6000_7000_per_fault.csv
6470,22724,4,True,1,0,23,0,260,0.537611,classic_shard_6000_7000_per_fault.csv
6471,22730,3,True,1,0,4,0,3,0.098014,classic_shard_6000_7000_per_fault.csv
6472,22731,4,True,1,0,23,0,260,0.550976,classic_shard_6000_7000_per_fault.csv
6473,22732,3,True,1,0,4,0,3,0.096752,classic_shard_6000_7000_per_fault.csv
6474,22736,3,True,1,0,4,0,3,0.097187,classic_shard_6000_7000_per_fault.csv
6475,22736,4,True,1,0,23,0,231,0.537492,classic_shard_6000_7000_per_fault.csv
6476,22737,3,True,1,0,4,0,3,0.096679,classic_shard_6000_7000_per_fault.csv
6477,22743,3,True,1,0,4,0,3,0.101233,classic_shard_6000_7000_per_fault.csv
6478,22746,4,True,1,0,23,0,231,0.548234,classic_shard_6000_7000_per_fault.csv
6479,22747,3,True,1,0,4,0,3,0.096747,classic_shard_6000_7000_per_fault.csv
6480,22747,4,True,1,0,23,0,231,0.537729,classic_shard_6000_7000_per_fault.csv
6481,22749,3,True,1,0,4,0,3,0.097747,classic_shard_6000_7000_per_fault.csv
6482,22751,4,True,1,0,2,0,1,0.05003,classic_shard_6000_7000_per_fault.csv
6483,22752,4,True,1,0,4,0,12,0.096228,classic_shard_6000_7000_per_fault.csv
6484,22753,3,True,1,0,4,0,3,0.099914,classic_shard_6000_7000_per_fault.csv
6485,22753,4,True,1,0,4,0,12,0.096728,classic_shard_6000_7000_per_fault.csv
6486,22754,3,True,1,0,4,0,3,0.097261,classic_shard_6000_7000_per_fault.csv
6487,22757,3,True,1,0,4,0,3,0.096337,classic_shard_6000_7000_per_fault.csv
6488,22757,4,True,1,0,4,0,12,0.095864,classic_shard_6000_7000_per_fault.csv
6489,22759,3,True,1,0,4,0,3,0.096342,classic_shard_6000_7000_per_fault.csv
6490,22760,3,True,1,0,4,0,3,0.096762,classic_shard_6000_7000_per_fault.csv
6491,22762,3,True,1,0,4,0,3,0.096632,classic_shard_6000_7000_per_fault.csv
6492,22763,3,True,1,0,4,0,3,0.096511,classic_shard_6000_7000_per_fault.csv
6493,22766,4,True,1,0,4,0,12,0.097277,classic_shard_6000_7000_per_fault.csv
6494,22768,4,True,1,0,4,0,12,0.095908,classic_shard_6000_7000_per_fault.csv
6495,22770,3,True,1,0,4,0,3,0.096314,classic_shard_6000_7000_per_fault.csv
6496,22772,4,True,1,0,4,0,12,0.096911,classic_shard_6000_7000_per_fault.csv
6497,22779,3,True,1,0,4,0,3,0.096827,classic_shard_6000_7000_per_fault.csv
6498,22781,3,True,1,0,4,0,3,0.096475,classic_shard_6000_7000_per_fault.csv
6499,22781,4,True,1,0,4,0,12,0.098756,classic_shard_6000_7000_per_fault.csv
6500,22783,3,True,1,0,27,0,271,0.625943,classic_shard_6000_7000_per_fault.csv
6501,22783,4,True,1,0,25,0,152,0.583357,classic_shard_6000_7000_per_fault.csv
6502,22784,4,True,1,0,22,0,202,0.513883,classic_shard_6000_7000_per_fault.csv
6503,22787,4,True,1,0,9,0,40,0.212215,classic_shard_6000_7000_per_fault.csv
6504,22789,4,True,1,0,10,0,49,0.23697,classic_shard_6000_7000_per_fault.csv
6505,22795,4,True,1,0,12,0,68,0.281538,classic_shard_6000_7000_per_fault.csv
6506,22796,4,True,1,0,18,0,187,0.420152,classic_shard_6000_7000_per_fault.csv
6507,22799,3,True,1,0,8,0,20,0.192894,classic_shard_6000_7000_per_fault.csv
6508,22799,4,True,1,0,12,0,68,0.282378,classic_shard_6000_7000_per_fault.csv
6509,22800,4,True,1,0,22,0,307,0.5131,classic_shard_6000_7000_per_fault.csv
6510,22802,4,True,1,0,24,0,394,0.56286,classic_shard_6000_7000_per_fault.csv
6511,22805,4,True,1,0,12,0,71,0.283889,classic_shard_6000_7000_per_fault.csv
6512,22809,3,True,1,0,7,0,12,0.170042,classic_shard_6000_7000_per_fault.csv
6513,22810,4,True,1,0,32,0,747,0.753165,classic_shard_6000_7000_per_fault.csv
6514,22811,3,True,1,0,7,0,11,0.171556,classic_shard_6000_7000_per_fault.csv
6515,22812,4,True,1,0,34,0,859,0.797816,classic_shard_6000_7000_per_fault.csv
6516,22813,3,True,1,0,7,0,11,0.16751,classic_shard_6000_7000_per_fault.csv
6517,22815,3,True,1,0,7,0,11,0.167108,classic_shard_6000_7000_per_fault.csv
6518,22815,4,True,1,0,12,0,68,0.281709,classic_shard_6000_7000_per_fault.csv
6519,22817,4,True,1,0,37,0,1130,0.855484,classic_shard_6000_7000_per_fault.csv
6520,22818,3,True,1,0,8,0,18,0.192827,classic_shard_6000_7000_per_fault.csv
6521,22819,3,True,1,0,8,0,18,0.19104,classic_shard_6000_7000_per_fault.csv
6522,22819,4,True,1,0,6,0,25,0.143265,classic_shard_6000_7000_per_fault.csv
6523,22825,4,True,1,0,6,0,25,0.14329,classic_shard_6000_7000_per_fault.csv
6524,22830,4,True,1,0,6,0,25,0.142992,classic_shard_6000_7000_per_fault.csv
6525,22833,4,True,1,0,6,0,25,0.143728,classic_shard_6000_7000_per_fault.csv
6526,22838,4,True,1,0,6,0,25,0.142684,classic_shard_6000_7000_per_fault.csv
6527,22843,3,True,1,0,7,0,11,0.167701,classic_shard_6000_7000_per_fault.csv
6528,22843,4,True,1,0,6,0,25,0.143731,classic_shard_6000_7000_per_fault.csv
6529,22847,3,True,1,0,7,0,11,0.170031,classic_shard_6000_7000_per_fault.csv
6530,22849,3,True,1,0,6,0,9,0.144978,classic_shard_6000_7000_per_fault.csv
6531,22852,3,True,1,0,16,0,100,0.381982,classic_shard_6000_7000_per_fault.csv
6532,22854,3,True,1,0,20,0,166,0.476366,classic_shard_6000_7000_per_fault.csv
6533,22855,4,True,1,0,29,0,347,0.675819,classic_shard_6000_7000_per_fault.csv
6534,22856,4,True,1,0,40,0,428,0.933707,classic_shard_6000_7000_per_fault.csv
6535,22857,3,False,2,46,157,0,693,5.002853,classic_shard_6000_7000_per_fault.csv
6536,22858,4,False,2,51,171,0,602,5.053725,classic_shard_6000_7000_per_fault.csv
6537,22860,3,False,2,38,180,0,587,5.009598,classic_shard_6000_7000_per_fault.csv
6538,22861,3,True,1,0,38,0,355,0.883482,classic_shard_6000_7000_per_fault.csv
6539,22866,4,False,2,56,163,0,1802,5.020896,classic_shard_6000_7000_per_fault.csv
6540,22867,4,False,2,34,168,0,1079,5.036227,classic_shard_6000_7000_per_fault.csv
6541,22871,4,False,2,64,152,0,1024,5.08731,classic_shard_6000_7000_per_fault.csv
6542,22872,3,False,2,39,112,0,1168,5.043391,classic_shard_6000_7000_per_fault.csv
6543,22873,3,False,2,64,155,0,1593,5.015576,classic_shard_6000_7000_per_fault.csv
6544,22873,4,False,2,55,154,0,901,5.175401,classic_shard_6000_7000_per_fault.csv
6545,22874,4,False,2,63,155,0,1597,5.015517,classic_shard_6000_7000_per_fault.csv
6546,22875,3,True,1,0,34,0,362,0.779753,classic_shard_6000_7000_per_fault.csv
6547,22876,3,False,2,44,128,0,1384,5.044944,classic_shard_6000_7000_per_fault.csv
6548,22880,4,False,2,57,160,0,1541,5.011033,classic_shard_6000_7000_per_fault.csv
6549,22885,3,True,1,0,13,0,86,0.313447,classic_shard_6000_7000_per_fault.csv
6550,22888,3,True,1,0,13,0,86,0.319167,classic_shard_6000_7000_per_fault.csv
6551,22888,4,True,1,0,13,0,99,0.30649,classic_shard_6000_7000_per_fault.csv
6552,22891,4,True,1,0,13,0,99,0.312017,classic_shard_6000_7000_per_fault.csv
6553,22892,4,False,2,68,151,0,913,5.009313,classic_shard_6000_7000_per_fault.csv
6554,22894,3,True,1,0,13,0,86,0.306137,classic_shard_6000_7000_per_fault.csv
6555,22894,4,True,1,0,13,0,100,0.307609,classic_shard_6000_7000_per_fault.csv
6556,22899,4,True,1,0,13,0,100,0.302927,classic_shard_6000_7000_per_fault.csv
6557,22904,3,True,1,0,13,0,86,0.306493,classic_shard_6000_7000_per_fault.csv
6558,22905,4,True,1,0,13,0,99,0.307741,classic_shard_6000_7000_per_fault.csv
6559,22910,3,True,1,0,22,0,112,0.506656,classic_shard_6000_7000_per_fault.csv
6560,22911,3,True,1,0,13,0,93,0.307496,classic_shard_6000_7000_per_fault.csv
6561,22911,4,True,1,0,13,0,99,0.304934,classic_shard_6000_7000_per_fault.csv
6562,22913,3,True,1,0,13,0,93,0.30668,classic_shard_6000_7000_per_fault.csv
6563,22915,3,True,1,0,13,0,93,0.307707,classic_shard_6000_7000_per_fault.csv
6564,22921,4,True,1,0,13,0,100,0.304096,classic_shard_6000_7000_per_fault.csv
6565,22922,3,True,1,0,11,0,60,0.259541,classic_shard_6000_7000_per_fault.csv
6566,22924,3,True,1,0,11,0,60,0.258717,classic_shard_6000_7000_per_fault.csv
6567,22926,4,True,1,0,13,0,100,0.304862,classic_shard_6000_7000_per_fault.csv
6568,22930,3,True,1,0,13,0,93,0.307218,classic_shard_6000_7000_per_fault.csv
6569,22931,4,True,1,0,13,0,103,0.304098,classic_shard_6000_7000_per_fault.csv
6570,22932,3,True,1,0,13,0,93,0.305991,classic_shard_6000_7000_per_fault.csv
6571,22933,3,True,1,0,13,0,93,0.304433,classic_shard_6000_7000_per_fault.csv
6572,22933,4,True,1,0,13,0,103,0.303878,classic_shard_6000_7000_per_fault.csv
6573,22934,4,True,1,0,13,0,103,0.304829,classic_shard_6000_7000_per_fault.csv
6574,22935,4,True,1,0,13,0,103,0.304929,classic_shard_6000_7000_per_fault.csv
6575,22936,4,True,1,0,13,0,103,0.304524,classic_shard_6000_7000_per_fault.csv
6576,22937,4,False,2,69,154,0,1003,5.050411,classic_shard_6000_7000_per_fault.csv
6577,22939,3,True,1,0,13,0,89,0.304575,classic_shard_6000_7000_per_fault.csv
6578,22942,3,True,1,0,13,0,89,0.305375,classic_shard_6000_7000_per_fault.csv
6579,22944,4,True,1,0,13,0,100,0.302915,classic_shard_6000_7000_per_fault.csv
6580,22945,3,True,1,0,13,0,89,0.306089,classic_shard_6000_7000_per_fault.csv
6581,22948,4,True,1,0,13,0,102,0.304004,classic_shard_6000_7000_per_fault.csv
6582,22953,3,True,1,0,13,0,93,0.305461,classic_shard_6000_7000_per_fault.csv
6583,22953,4,True,1,0,13,0,102,0.303178,classic_shard_6000_7000_per_fault.csv
6584,22954,4,True,1,0,13,0,102,0.305185,classic_shard_6000_7000_per_fault.csv
6585,22956,4,False,2,69,155,0,1082,5.112689,classic_shard_6000_7000_per_fault.csv
6586,22957,3,False,2,66,155,0,1287,5.003163,classic_shard_6000_7000_per_fault.csv
6587,22957,4,False,2,66,154,0,821,5.035397,classic_shard_6000_7000_per_fault.csv
6588,22959,3,False,2,60,137,0,950,5.011556,classic_shard_6000_7000_per_fault.csv
6589,22960,3,False,2,66,151,0,692,5.00109,classic_shard_6000_7000_per_fault.csv
6590,22960,4,False,2,67,151,0,1201,5.010619,classic_shard_6000_7000_per_fault.csv
6591,22963,3,False,2,64,153,0,1088,5.023194,classic_shard_6000_7000_per_fault.csv
6592,22967,4,False,2,68,148,0,1184,5.023528,classic_shard_6000_7000_per_fault.csv
6593,22968,4,False,2,66,149,0,828,5.015024,classic_shard_6000_7000_per_fault.csv
6594,22970,4,False,2,67,149,0,994,5.014721,classic_shard_6000_7000_per_fault.csv
6595,22985,3,False,2,64,150,0,778,5.005518,classic_shard_6000_7000_per_fault.csv
6596,22991,4,True,1,12,56,0,615,1.58375,classic_shard_6000_7000_per_fault.csv
6597,22999,3,False,2,58,159,0,1705,5.03142,classic_shard_6000_7000_per_fault.csv
6598,23002,4,True,1,0,33,0,288,0.769407,classic_shard_6000_7000_per_fault.csv
6599,23013,3,False,2,48,172,0,729,5.008136,classic_shard_6000_7000_per_fault.csv
6600,23018,4,False,2,44,147,0,424,5.005016,classic_shard_6000_7000_per_fault.csv
6601,23020,3,False,2,47,153,0,561,5.12095,classic_shard_6000_7000_per_fault.csv
6602,23021,3,False,2,53,139,0,611,5.03844,classic_shard_6000_7000_per_fault.csv
6603,23023,4,True,1,0,37,0,309,0.858237,classic_shard_6000_7000_per_fault.csv
6604,23026,4,True,1,5,24,0,138,0.670284,classic_shard_6000_7000_per_fault.csv
6605,23033,4,False,2,56,167,0,692,5.004071,classic_shard_6000_7000_per_fault.csv
6606,23037,3,False,2,54,168,0,470,5.013357,classic_shard_6000_7000_per_fault.csv
6607,23037,4,False,2,51,170,0,638,5.070513,classic_shard_6000_7000_per_fault.csv
6608,23038,4,True,1,27,93,0,490,2.73125,classic_shard_6000_7000_per_fault.csv
6609,23041,4,False,2,65,157,0,1133,5.005938,classic_shard_6000_7000_per_fault.csv
6610,23043,4,False,2,51,170,0,603,5.017796,classic_shard_6000_7000_per_fault.csv
6611,23045,3,False,2,64,157,0,1183,5.005847,classic_shard_6000_7000_per_fault.csv
6612,23055,4,True,1,0,14,0,140,0.326558,classic_shard_6000_7000_per_fault.csv
6613,23057,4,True,1,0,14,0,140,0.326168,classic_shard_6000_7000_per_fault.csv
6614,23058,3,True,1,0,10,0,42,0.234828,classic_shard_6000_7000_per_fault.csv
6615,23060,4,True,1,0,14,0,140,0.326875,classic_shard_6000_7000_per_fault.csv
6616,23064,3,True,1,0,10,0,41,0.236139,classic_shard_6000_7000_per_fault.csv
6617,23064,4,True,1,0,14,0,137,0.326349,classic_shard_6000_7000_per_fault.csv
6618,23065,3,True,1,0,10,0,41,0.235921,classic_shard_6000_7000_per_fault.csv
6619,23068,4,True,1,0,14,0,137,0.327312,classic_shard_6000_7000_per_fault.csv
6620,23069,3,True,1,0,10,0,41,0.23647,classic_shard_6000_7000_per_fault.csv
6621,23072,3,False,2,64,153,0,1225,5.016835,classic_shard_6000_7000_per_fault.csv
6622,23077,3,True,1,0,10,0,42,0.236821,classic_shard_6000_7000_per_fault.csv
6623,23078,4,True,1,0,14,0,142,0.326722,classic_shard_6000_7000_per_fault.csv
6624,23082,4,True,1,0,15,0,148,0.350354,classic_shard_6000_7000_per_fault.csv
6625,23083,4,True,1,0,15,0,148,0.347922,classic_shard_6000_7000_per_fault.csv
6626,23088,3,True,1,0,10,0,42,0.236188,classic_shard_6000_7000_per_fault.csv
6627,23092,4,True,1,1,17,0,163,0.417596,classic_shard_6000_7000_per_fault.csv
6628,23094,3,True,1,0,10,0,42,0.235691,classic_shard_6000_7000_per_fault.csv
6629,23095,3,True,1,0,10,0,42,0.234729,classic_shard_6000_7000_per_fault.csv
6630,23096,3,True,1,0,10,0,42,0.236609,classic_shard_6000_7000_per_fault.csv
6631,23096,4,True,1,1,17,0,163,0.417709,classic_shard_6000_7000_per_fault.csv
6632,23104,4,True,1,1,17,0,159,0.416959,classic_shard_6000_7000_per_fault.csv
6633,23105,4,True,1,0,39,0,342,0.903838,classic_shard_6000_7000_per_fault.csv
6634,23106,4,True,1,0,36,0,293,0.842528,classic_shard_6000_7000_per_fault.csv
6635,23107,3,True,1,0,39,0,343,0.904349,classic_shard_6000_7000_per_fault.csv
6636,23108,4,True,1,0,36,0,294,0.838459,classic_shard_6000_7000_per_fault.csv
6637,23112,4,True,1,0,8,0,33,0.187095,classic_shard_6000_7000_per_fault.csv
6638,23114,3,True,1,0,51,0,435,1.191029,classic_shard_6000_7000_per_fault.csv
6639,23117,3,True,1,0,39,0,285,0.906734,classic_shard_6000_7000_per_fault.csv
6640,23122,3,True,1,0,7,0,15,0.166554,classic_shard_6000_7000_per_fault.csv
6641,23122,4,True,1,12,55,0,663,1.552106,classic_shard_6000_7000_per_fault.csv
6642,23123,3,True,1,0,7,0,15,0.165845,classic_shard_6000_7000_per_fault.csv
6643,23125,3,True,1,0,8,0,23,0.189154,classic_shard_6000_7000_per_fault.csv
6644,23127,3,True,1,0,8,0,22,0.189456,classic_shard_6000_7000_per_fault.csv
6645,23129,3,True,1,0,8,0,22,0.189087,classic_shard_6000_7000_per_fault.csv
6646,23129,4,True,1,12,55,0,663,1.53634,classic_shard_6000_7000_per_fault.csv
6647,23131,4,True,1,12,55,0,663,1.534708,classic_shard_6000_7000_per_fault.csv
6648,23132,3,True,1,0,8,0,22,0.19069,classic_shard_6000_7000_per_fault.csv
6649,23134,3,True,1,0,8,0,22,0.188573,classic_shard_6000_7000_per_fault.csv
6650,23135,3,True,1,0,8,0,22,0.189856,classic_shard_6000_7000_per_fault.csv
6651,23137,4,True,1,12,55,0,663,1.536587,classic_shard_6000_7000_per_fault.csv
6652,23138,4,True,1,12,55,0,663,1.544394,classic_shard_6000_7000_per_fault.csv
6653,23141,3,True,1,0,7,0,18,0.168955,classic_shard_6000_7000_per_fault.csv
6654,23143,4,True,1,12,55,0,663,2.938517,classic_shard_6000_7000_per_fault.csv
6655,23144,3,True,1,0,7,0,18,0.32937,classic_shard_6000_7000_per_fault.csv
6656,23145,3,True,1,0,7,0,18,0.337753,classic_shard_6000_7000_per_fault.csv
6657,23146,3,True,1,0,7,0,18,0.336353,classic_shard_6000_7000_per_fault.csv
6658,23149,4,True,1,12,55,0,663,3.1125,classic_shard_6000_7000_per_fault.csv
6659,23152,3,True,1,0,7,0,20,0.327343,classic_shard_6000_7000_per_fault.csv
6660,23152,4,True,1,12,54,0,655,3.012082,classic_shard_6000_7000_per_fault.csv
6661,23157,3,True,1,0,7,0,20,0.333135,classic_shard_6000_7000_per_fault.csv
6662,23159,4,True,1,12,54,0,654,2.995933,classic_shard_6000_7000_per_fault.csv
6663,23169,3,True,1,0,5,0,10,0.118759,classic_shard_6000_7000_per_fault.csv
6664,23169,4,True,1,0,7,0,22,0.164364,classic_shard_6000_7000_per_fault.csv
6665,23172,4,True,1,0,7,0,35,0.167669,classic_shard_6000_7000_per_fault.csv
6666,23173,4,False,2,64,159,0,1662,5.014598,classic_shard_6000_7000_per_fault.csv
6667,23177,4,False,2,58,163,0,497,5.002439,classic_shard_6000_7000_per_fault.csv
6668,23181,3,True,1,0,38,0,396,0.879844,classic_shard_6000_7000_per_fault.csv
6669,23183,3,True,1,0,36,0,283,0.829852,classic_shard_6000_7000_per_fault.csv
6670,23185,3,True,1,0,5,0,10,0.119442,classic_shard_6000_7000_per_fault.csv
6671,23186,3,True,1,0,36,0,283,0.830414,classic_shard_6000_7000_per_fault.csv
6672,23189,4,True,1,0,31,0,336,0.720703,classic_shard_6000_7000_per_fault.csv
6673,23191,3,True,1,0,13,0,93,0.305668,classic_shard_6000_7000_per_fault.csv
6674,23194,3,True,1,0,30,0,306,0.693599,classic_shard_6000_7000_per_fault.csv
6675,23197,4,True,1,0,34,0,332,0.796415,classic_shard_6000_7000_per_fault.csv
6676,23198,3,True,1,3,47,0,353,1.175223,classic_shard_6000_7000_per_fault.csv
6677,23203,3,True,1,0,4,0,3,0.096836,classic_shard_6000_7000_per_fault.csv
6678,23204,4,True,1,0,5,0,15,0.119412,classic_shard_6000_7000_per_fault.csv
6679,23211,3,True,1,0,25,0,277,0.578344,classic_shard_6000_7000_per_fault.csv
6680,23218,4,True,1,0,41,0,408,0.946166,classic_shard_6000_7000_per_fault.csv
6681,23227,3,True,1,0,48,0,372,1.117713,classic_shard_6000_7000_per_fault.csv
6682,23227,4,True,1,0,48,0,373,1.121508,classic_shard_6000_7000_per_fault.csv
6683,23228,4,True,1,0,78,0,808,1.804233,classic_shard_6000_7000_per_fault.csv
6684,23231,4,True,1,0,13,0,76,0.309211,classic_shard_6000_7000_per_fault.csv
6685,23237,3,True,1,0,78,0,660,1.864582,classic_shard_6000_7000_per_fault.csv
6686,23256,4,True,1,0,18,0,141,0.417826,classic_shard_6000_7000_per_fault.csv
6687,23260,4,False,2,64,149,0,1707,5.016331,classic_shard_6000_7000_per_fault.csv
6688,23265,3,True,1,0,7,0,20,0.168911,classic_shard_6000_7000_per_fault.csv
6689,23265,4,True,1,0,7,0,21,0.167556,classic_shard_6000_7000_per_fault.csv
6690,23272,4,True,1,4,36,0,436,0.925111,classic_shard_6000_7000_per_fault.csv
6691,23275,3,True,1,4,36,0,353,0.927547,classic_shard_6000_7000_per_fault.csv
6692,23276,3,False,2,47,175,0,782,5.015108,classic_shard_6000_7000_per_fault.csv
6693,23277,3,False,2,48,174,0,883,5.005486,classic_shard_6000_7000_per_fault.csv
6694,23277,4,False,2,48,172,0,889,5.014262,classic_shard_6000_7000_per_fault.csv
6695,23280,3,False,2,50,172,0,682,5.0472,classic_shard_6000_7000_per_fault.csv
6696,23281,3,False,2,55,168,0,1767,5.015307,classic_shard_6000_7000_per_fault.csv
6697,23284,3,False,2,55,168,0,1784,5.010579,classic_shard_6000_7000_per_fault.csv
6698,23285,3,False,2,56,141,0,764,5.027852,classic_shard_6000_7000_per_fault.csv
6699,23288,4,False,2,21,88,0,805,5.059384,classic_shard_6000_7000_per_fault.csv
6700,23289,4,False,2,12,97,0,343,5.029332,classic_shard_6000_7000_per_fault.csv
6701,23292,4,False,2,28,81,0,678,5.012603,classic_shard_6000_7000_per_fault.csv
6702,23293,4,False,2,62,151,0,1256,5.088359,classic_shard_6000_7000_per_fault.csv
6703,23295,4,False,2,65,158,0,1316,5.031526,classic_shard_6000_7000_per_fault.csv
6704,23296,4,False,2,64,158,0,1439,5.001853,classic_shard_6000_7000_per_fault.csv
6705,23297,3,True,1,0,3,0,6,0.072505,classic_shard_6000_7000_per_fault.csv
6706,23298,3,True,1,0,3,0,6,0.072037,classic_shard_6000_7000_per_fault.csv
6707,23300,3,True,1,0,3,0,6,0.072004,classic_shard_6000_7000_per_fault.csv
6708,23300,4,False,2,66,156,0,1254,5.002655,classic_shard_6000_7000_per_fault.csv
6709,23305,4,False,2,60,149,0,1123,5.012698,classic_shard_6000_7000_per_fault.csv
6710,23306,4,False,2,65,156,0,1069,5.02193,classic_shard_6000_7000_per_fault.csv
6711,23311,3,True,1,0,4,0,12,0.096277,classic_shard_6000_7000_per_fault.csv
6712,23318,4,True,1,4,23,0,164,0.628905,classic_shard_6000_7000_per_fault.csv
6713,23319,3,True,1,0,13,0,86,0.30465,classic_shard_6000_7000_per_fault.csv
6714,23320,4,True,1,1,16,0,118,0.395533,classic_shard_6000_7000_per_fault.csv
6715,23321,3,True,1,0,13,0,93,0.30649,classic_shard_6000_7000_per_fault.csv
6716,23322,3,True,1,0,11,0,55,0.259722,classic_shard_6000_7000_per_fault.csv
6717,23324,3,True,1,0,11,0,55,0.259661,classic_shard_6000_7000_per_fault.csv
6718,23329,3,True,1,0,13,0,93,0.304622,classic_shard_6000_7000_per_fault.csv
6719,23331,4,True,1,0,14,0,92,0.327275,classic_shard_6000_7000_per_fault.csv
6720,23332,4,True,1,1,16,0,107,0.395065,classic_shard_6000_7000_per_fault.csv
6721,23335,3,True,1,0,13,0,86,0.305156,classic_shard_6000_7000_per_fault.csv
6722,23338,4,True,1,4,24,0,140,0.655642,classic_shard_6000_7000_per_fault.csv
6723,23340,4,True,1,1,17,0,104,0.420283,classic_shard_6000_7000_per_fault.csv
6724,23342,3,True,1,0,13,0,86,0.306457,classic_shard_6000_7000_per_fault.csv
6725,23343,4,True,1,0,13,0,101,0.306018,classic_shard_6000_7000_per_fault.csv
6726,23346,3,True,1,0,11,0,55,0.258704,classic_shard_6000_7000_per_fault.csv
6727,23347,3,True,1,0,11,0,55,0.258334,classic_shard_6000_7000_per_fault.csv
6728,23348,4,True,1,0,13,0,101,0.304774,classic_shard_6000_7000_per_fault.csv
6729,23350,4,True,1,4,24,0,140,0.650274,classic_shard_6000_7000_per_fault.csv
6730,23355,4,True,1,0,14,0,92,0.327599,classic_shard_6000_7000_per_fault.csv
6731,23362,3,True,1,0,11,0,55,0.258474,classic_shard_6000_7000_per_fault.csv
6732,23364,4,True,1,1,17,0,104,0.419198,classic_shard_6000_7000_per_fault.csv
6733,23365,4,True,1,1,16,0,101,0.405397,classic_shard_6000_7000_per_fault.csv
6734,23368,3,True,1,0,13,0,86,0.307651,classic_shard_6000_7000_per_fault.csv
6735,23372,4,True,1,0,13,0,101,0.303501,classic_shard_6000_7000_per_fault.csv
6736,23380,4,True,1,1,16,0,107,0.397734,classic_shard_6000_7000_per_fault.csv
6737,23381,3,True,1,0,13,0,93,0.307876,classic_shard_6000_7000_per_fault.csv
6738,23382,3,True,1,0,13,0,86,0.309168,classic_shard_6000_7000_per_fault.csv
6739,23384,4,True,1,1,17,0,104,0.419198,classic_shard_6000_7000_per_fault.csv
6740,23388,3,True,1,0,11,0,55,0.259027,classic_shard_6000_7000_per_fault.csv
6741,23388,4,True,1,1,17,0,104,0.420722,classic_shard_6000_7000_per_fault.csv
6742,23392,3,True,1,0,13,0,86,0.307652,classic_shard_6000_7000_per_fault.csv
6743,23392,4,True,1,1,16,0,118,0.399368,classic_shard_6000_7000_per_fault.csv
6744,23397,3,True,1,0,13,0,93,0.3088,classic_shard_6000_7000_per_fault.csv
6745,23399,3,True,1,0,13,0,86,0.307305,classic_shard_6000_7000_per_fault.csv
6746,23399,4,True,1,4,23,0,139,0.628572,classic_shard_6000_7000_per_fault.csv
6747,23401,4,True,1,0,13,0,85,0.306805,classic_shard_6000_7000_per_fault.csv
6748,23403,3,True,1,0,13,0,93,0.304163,classic_shard_6000_7000_per_fault.csv
6749,23404,4,True,1,1,16,0,107,0.394956,classic_shard_6000_7000_per_fault.csv
6750,23405,4,True,1,1,16,0,105,0.397004,classic_shard_6000_7000_per_fault.csv
6751,23407,4,True,1,4,23,0,140,0.627168,classic_shard_6000_7000_per_fault.csv
6752,23409,3,True,1,0,13,0,93,0.305403,classic_shard_6000_7000_per_fault.csv
6753,23410,4,True,1,4,24,0,140,0.647109,classic_shard_6000_7000_per_fault.csv
6754,23411,4,True,1,4,23,0,139,0.627861,classic_shard_6000_7000_per_fault.csv
6755,23412,3,True,1,0,11,0,55,0.259242,classic_shard_6000_7000_per_fault.csv
6756,23415,4,True,1,0,13,0,101,0.306456,classic_shard_6000_7000_per_fault.csv
6757,23417,3,True,1,0,13,0,93,0.305729,classic_shard_6000_7000_per_fault.csv
6758,23419,4,True,1,0,13,0,104,0.30343,classic_shard_6000_7000_per_fault.csv
6759,23428,3,True,1,0,13,0,89,0.305517,classic_shard_6000_7000_per_fault.csv
6760,23430,3,True,1,0,13,0,86,0.306425,classic_shard_6000_7000_per_fault.csv
6761,23431,3,True,1,0,13,0,86,0.306465,classic_shard_6000_7000_per_fault.csv
6762,23431,4,True,1,4,23,0,140,0.624332,classic_shard_6000_7000_per_fault.csv
6763,23434,4,True,1,4,24,0,140,0.651066,classic_shard_6000_7000_per_fault.csv
6764,23436,3,True,1,0,11,0,55,0.259302,classic_shard_6000_7000_per_fault.csv
6765,23437,4,True,1,1,16,0,101,0.39616,classic_shard_6000_7000_per_fault.csv
6766,23441,4,True,1,0,13,0,100,0.302605,classic_shard_6000_7000_per_fault.csv
6767,23443,3,True,1,0,11,0,55,0.259547,classic_shard_6000_7000_per_fault.csv
6768,23444,3,True,1,0,11,0,55,0.258076,classic_shard_6000_7000_per_fault.csv
6769,23445,3,True,1,0,13,0,93,0.304998,classic_shard_6000_7000_per_fault.csv
6770,23447,3,True,1,0,13,0,86,0.305497,classic_shard_6000_7000_per_fault.csv
6771,23450,4,True,1,0,13,0,91,0.304915,classic_shard_6000_7000_per_fault.csv
6772,23453,4,True,1,1,16,0,105,0.394636,classic_shard_6000_7000_per_fault.csv
6773,23457,4,True,1,0,13,0,86,0.303211,classic_shard_6000_7000_per_fault.csv
6774,23459,4,True,1,4,23,0,139,0.627747,classic_shard_6000_7000_per_fault.csv
6775,23460,4,True,1,1,17,0,104,0.417057,classic_shard_6000_7000_per_fault.csv
6776,23466,3,True,1,0,11,0,55,0.257976,classic_shard_6000_7000_per_fault.csv
6777,23467,3,True,1,0,11,0,55,0.257818,classic_shard_6000_7000_per_fault.csv
6778,23467,4,True,1,0,13,0,104,0.304024,classic_shard_6000_7000_per_fault.csv
6779,23468,3,True,1,0,11,0,55,0.257837,classic_shard_6000_7000_per_fault.csv
6780,23469,3,True,1,0,13,0,93,0.306225,classic_shard_6000_7000_per_fault.csv
6781,23469,4,True,1,0,13,0,103,0.302232,classic_shard_6000_7000_per_fault.csv
6782,23470,3,True,1,0,13,0,86,0.305182,classic_shard_6000_7000_per_fault.csv
6783,23473,3,True,1,0,13,0,93,0.304393,classic_shard_6000_7000_per_fault.csv
6784,23477,4,True,1,1,16,0,105,0.394405,classic_shard_6000_7000_per_fault.csv
6785,23480,4,True,1,1,17,0,104,0.418332,classic_shard_6000_7000_per_fault.csv
6786,23484,4,True,1,1,17,0,104,0.418002,classic_shard_6000_7000_per_fault.csv
6787,23485,4,True,1,1,16,0,101,0.398072,classic_shard_6000_7000_per_fault.csv
6788,23486,3,True,1,0,13,0,86,0.305672,classic_shard_6000_7000_per_fault.csv
6789,23491,4,True,1,0,13,0,104,0.30371,classic_shard_6000_7000_per_fault.csv
6790,23493,3,True,1,0,13,0,93,0.305013,classic_shard_6000_7000_per_fault.csv
6791,23493,4,True,1,0,13,0,103,0.302971,classic_shard_6000_7000_per_fault.csv
6792,23495,3,True,1,0,13,0,86,0.464491,classic_shard_6000_7000_per_fault.csv
6793,23496,3,True,1,0,13,0,86,0.601106,classic_shard_6000_7000_per_fault.csv
6794,23500,4,True,1,1,16,0,107,0.778346,classic_shard_6000_7000_per_fault.csv
6795,23501,4,True,1,1,16,0,105,0.781722,classic_shard_6000_7000_per_fault.csv
6796,23502,3,True,1,0,13,0,86,0.659947,classic_shard_6000_7000_per_fault.csv
6797,23506,4,True,1,4,24,0,140,1.300979,classic_shard_6000_7000_per_fault.csv
6798,23509,3,True,1,0,13,0,93,0.618074,classic_shard_6000_7000_per_fault.csv
6799,23513,3,True,1,0,9,0,30,0.443071,classic_shard_6000_7000_per_fault.csv
6800,23516,3,True,1,0,9,0,30,0.407403,classic_shard_6000_7000_per_fault.csv
6801,23517,4,False,2,67,149,0,729,5.053215,classic_shard_6000_7000_per_fault.csv
6802,23518,3,True,1,0,13,0,86,0.313023,classic_shard_6000_7000_per_fault.csv
6803,23521,4,True,1,0,14,0,72,0.329083,classic_shard_6000_7000_per_fault.csv
6804,23524,3,True,1,0,13,0,89,0.312747,classic_shard_6000_7000_per_fault.csv
6805,23524,4,True,1,0,14,0,78,0.328299,classic_shard_6000_7000_per_fault.csv
6806,23530,4,True,1,0,14,0,74,0.328722,classic_shard_6000_7000_per_fault.csv
6807,23534,3,True,1,0,13,0,86,0.31327,classic_shard_6000_7000_per_fault.csv
6808,23535,4,True,1,0,14,0,75,0.328655,classic_shard_6000_7000_per_fault.csv
6809,23536,3,True,1,0,13,0,86,0.312917,classic_shard_6000_7000_per_fault.csv
6810,23538,4,True,1,0,14,0,77,0.327577,classic_shard_6000_7000_per_fault.csv
6811,23539,4,True,1,0,14,0,78,0.329087,classic_shard_6000_7000_per_fault.csv
6812,23542,4,True,1,0,14,0,75,0.328158,classic_shard_6000_7000_per_fault.csv
6813,23543,3,True,1,0,13,0,86,0.313079,classic_shard_6000_7000_per_fault.csv
6814,23550,4,True,1,0,14,0,74,0.329353,classic_shard_6000_7000_per_fault.csv
6815,23555,3,True,1,0,13,0,93,0.313287,classic_shard_6000_7000_per_fault.csv
6816,23560,3,True,1,0,13,0,86,0.311325,classic_shard_6000_7000_per_fault.csv
6817,23561,4,True,1,0,14,0,73,0.32245,classic_shard_6000_7000_per_fault.csv
6818,23562,4,True,1,0,14,0,74,0.320262,classic_shard_6000_7000_per_fault.csv
6819,23564,4,True,1,0,14,0,75,0.324588,classic_shard_6000_7000_per_fault.csv
6820,23565,3,True,1,0,13,0,93,0.306823,classic_shard_6000_7000_per_fault.csv
6821,23572,4,True,1,0,14,0,78,0.330091,classic_shard_6000_7000_per_fault.csv
6822,23579,3,True,1,0,11,0,55,0.267025,classic_shard_6000_7000_per_fault.csv
6823,23580,3,True,1,0,11,0,55,0.261198,classic_shard_6000_7000_per_fault.csv
6824,23586,4,True,1,0,14,0,77,0.332528,classic_shard_6000_7000_per_fault.csv
6825,23592,3,True,1,0,13,0,86,0.318696,classic_shard_6000_7000_per_fault.csv
6826,23599,4,True,1,0,14,0,75,0.373958,classic_shard_6000_7000_per_fault.csv
6827,23600,4,True,1,0,14,0,75,0.329084,classic_shard_6000_7000_per_fault.csv
6828,23601,3,True,1,0,13,0,93,0.314119,classic_shard_6000_7000_per_fault.csv
6829,23608,4,True,1,0,14,0,76,0.32648,classic_shard_6000_7000_per_fault.csv
6830,23611,4,True,1,0,14,0,75,0.326957,classic_shard_6000_7000_per_fault.csv
6831,23612,4,True,1,0,14,0,75,0.326881,classic_shard_6000_7000_per_fault.csv
6832,23616,4,True,1,0,14,0,75,0.325134,classic_shard_6000_7000_per_fault.csv
6833,23617,4,True,1,0,14,0,72,0.328104,classic_shard_6000_7000_per_fault.csv
6834,23621,3,True,1,0,13,0,93,0.319544,classic_shard_6000_7000_per_fault.csv
6835,23623,3,True,1,0,13,0,86,0.327782,classic_shard_6000_7000_per_fault.csv
6836,23623,4,True,1,0,14,0,76,0.324,classic_shard_6000_7000_per_fault.csv
6837,23624,4,True,1,0,14,0,76,0.322636,classic_shard_6000_7000_per_fault.csv
6838,23630,4,True,1,0,14,0,74,0.323343,classic_shard_6000_7000_per_fault.csv
6839,23632,3,True,1,0,13,0,86,0.308532,classic_shard_6000_7000_per_fault.csv
6840,23640,3,True,1,0,13,0,86,0.306971,classic_shard_6000_7000_per_fault.csv
6841,23641,4,True,1,0,14,0,73,0.323889,classic_shard_6000_7000_per_fault.csv
6842,23643,3,True,1,0,11,0,55,0.264024,classic_shard_6000_7000_per_fault.csv
6843,23644,4,True,1,0,14,0,75,0.32672,classic_shard_6000_7000_per_fault.csv
6844,23645,4,True,1,0,14,0,72,0.324827,classic_shard_6000_7000_per_fault.csv
6845,23647,4,True,1,0,4,0,12,0.096694,classic_shard_6000_7000_per_fault.csv
6846,23653,4,True,1,0,22,0,238,0.516116,classic_shard_6000_7000_per_fault.csv
6847,23659,3,False,2,58,137,0,1012,5.032505,classic_shard_6000_7000_per_fault.csv
6848,23665,4,False,2,56,143,0,1148,5.016483,classic_shard_6000_7000_per_fault.csv
6849,23667,3,True,1,0,3,0,6,0.077875,classic_shard_6000_7000_per_fault.csv
6850,23669,4,False,2,63,150,0,1417,5.021104,classic_shard_6000_7000_per_fault.csv
6851,23670,4,False,2,35,111,0,1170,5.018038,classic_shard_6000_7000_per_fault.csv
6852,23672,4,False,2,31,109,0,1194,5.013352,classic_shard_6000_7000_per_fault.csv
6853,23673,4,False,2,53,149,0,1644,5.005649,classic_shard_6000_7000_per_fault.csv
6854,23676,4,False,2,56,169,0,2055,5.004493,classic_shard_6000_7000_per_fault.csv
6855,23677,4,False,2,47,160,0,2115,5.036995,classic_shard_6000_7000_per_fault.csv
6856,23679,3,True,1,0,3,0,7,0.07433,classic_shard_6000_7000_per_fault.csv
6857,23681,3,True,1,0,3,0,7,0.074338,classic_shard_6000_7000_per_fault.csv
6858,23682,3,True,1,0,3,0,7,0.093699,classic_shard_6000_7000_per_fault.csv
6859,23688,3,True,1,0,5,0,18,0.132593,classic_shard_6000_7000_per_fault.csv
6860,23688,4,True,1,0,4,0,6,0.114491,classic_shard_6000_7000_per_fault.csv
6861,23690,3,True,1,0,5,0,18,0.173053,classic_shard_6000_7000_per_fault.csv
6862,23691,3,True,1,0,5,0,18,0.143171,classic_shard_6000_7000_per_fault.csv
6863,23691,4,True,1,0,4,0,6,0.097594,classic_shard_6000_7000_per_fault.csv
6864,23693,3,True,1,0,5,0,18,0.124696,classic_shard_6000_7000_per_fault.csv
6865,23694,3,True,1,0,5,0,18,0.119152,classic_shard_6000_7000_per_fault.csv
6866,23695,3,True,1,0,5,0,18,0.121048,classic_shard_6000_7000_per_fault.csv
6867,23696,4,True,1,0,4,0,6,0.096913,classic_shard_6000_7000_per_fault.csv
6868,23697,4,True,1,0,4,0,6,0.097421,classic_shard_6000_7000_per_fault.csv
6869,23698,3,True,1,0,5,0,18,0.11881,classic_shard_6000_7000_per_fault.csv
6870,23699,3,True,1,0,5,0,18,0.158533,classic_shard_6000_7000_per_fault.csv
6871,23707,4,True,1,0,4,0,6,0.10294,classic_shard_6000_7000_per_fault.csv
6872,23708,3,True,1,0,5,0,18,0.137772,classic_shard_6000_7000_per_fault.csv
6873,23709,3,True,1,0,5,0,18,0.120255,classic_shard_6000_7000_per_fault.csv
6874,23714,4,True,1,0,4,0,6,0.156291,classic_shard_6000_7000_per_fault.csv
6875,23715,3,True,1,0,27,0,292,1.291022,classic_shard_6000_7000_per_fault.csv
6876,23716,4,True,1,0,22,0,262,1.0223,classic_shard_6000_7000_per_fault.csv
6877,23720,3,True,1,0,5,0,12,0.235315,classic_shard_6000_7000_per_fault.csv
6878,23721,3,True,1,0,5,0,12,0.232874,classic_shard_6000_7000_per_fault.csv
6879,23722,4,False,2,40,103,0,774,5.014224,classic_shard_6000_7000_per_fault.csv
6880,23723,4,False,2,66,152,0,996,5.043597,classic_shard_6000_7000_per_fault.csv
6881,23724,3,True,1,0,5,0,18,0.120954,classic_shard_6000_7000_per_fault.csv
6882,23725,4,True,1,0,6,0,30,0.142615,classic_shard_6000_7000_per_fault.csv
6883,23730,4,True,1,0,6,0,30,0.141882,classic_shard_6000_7000_per_fault.csv
6884,23733,3,True,1,0,8,0,21,0.188612,classic_shard_6000_7000_per_fault.csv
6885,23738,3,True,1,0,8,0,22,0.191097,classic_shard_6000_7000_per_fault.csv
6886,23738,4,True,1,0,6,0,30,0.14323,classic_shard_6000_7000_per_fault.csv
6887,23741,3,True,1,0,8,0,25,0.189699,classic_shard_6000_7000_per_fault.csv
6888,23745,3,True,1,0,7,0,16,0.166261,classic_shard_6000_7000_per_fault.csv
6889,23746,4,True,1,0,6,0,30,0.142755,classic_shard_6000_7000_per_fault.csv
6890,23748,3,True,1,0,7,0,14,0.16765,classic_shard_6000_7000_per_fault.csv
6891,23751,4,True,1,0,6,0,30,0.142952,classic_shard_6000_7000_per_fault.csv
6892,23756,4,True,1,0,6,0,30,0.143318,classic_shard_6000_7000_per_fault.csv
6893,23758,3,True,1,0,40,0,421,0.927158,classic_shard_6000_7000_per_fault.csv
6894,23760,4,False,2,51,168,0,726,5.00421,classic_shard_6000_7000_per_fault.csv
6895,23763,3,False,2,39,181,0,592,5.012676,classic_shard_6000_7000_per_fault.csv
6896,23763,4,False,2,57,175,0,598,5.270064,classic_shard_6000_7000_per_fault.csv
6897,23764,4,False,2,49,172,0,602,5.015054,classic_shard_6000_7000_per_fault.csv
6898,23765,3,False,2,50,171,0,588,5.041882,classic_shard_6000_7000_per_fault.csv
6899,23774,3,False,2,49,171,0,689,5.018869,classic_shard_6000_7000_per_fault.csv
6900,23776,3,False,2,63,157,0,1663,5.019871,classic_shard_6000_7000_per_fault.csv
6901,23778,4,False,2,61,157,0,1008,5.009936,classic_shard_6000_7000_per_fault.csv
6902,23779,3,False,2,62,146,0,1546,5.007354,classic_shard_6000_7000_per_fault.csv
6903,23782,3,True,1,0,3,0,6,0.072826,classic_shard_6000_7000_per_fault.csv
6904,23783,3,True,1,0,34,0,352,0.78919,classic_shard_6000_7000_per_fault.csv
6905,23783,4,False,2,65,156,0,1635,5.106222,classic_shard_6000_7000_per_fault.csv
6906,23786,4,False,2,64,157,0,1209,5.018559,classic_shard_6000_7000_per_fault.csv
6907,23794,3,True,1,0,13,0,91,0.308873,classic_shard_6000_7000_per_fault.csv
6908,23794,4,True,1,0,14,0,87,0.324631,classic_shard_6000_7000_per_fault.csv
6909,23797,3,True,1,0,13,0,91,0.309041,classic_shard_6000_7000_per_fault.csv
6910,23798,3,True,1,0,13,0,91,0.309073,classic_shard_6000_7000_per_fault.csv
6911,23800,3,True,1,0,13,0,91,0.309403,classic_shard_6000_7000_per_fault.csv
6912,23802,4,True,1,0,14,0,88,0.324975,classic_shard_6000_7000_per_fault.csv
6913,23806,3,True,1,0,13,0,91,0.309483,classic_shard_6000_7000_per_fault.csv
6914,23807,3,True,1,0,13,0,91,0.309687,classic_shard_6000_7000_per_fault.csv
6915,23809,4,True,1,0,14,0,88,0.324286,classic_shard_6000_7000_per_fault.csv
6916,23816,4,True,1,0,14,0,85,0.323353,classic_shard_6000_7000_per_fault.csv
6917,23819,4,True,1,0,14,0,85,0.324769,classic_shard_6000_7000_per_fault.csv
6918,23820,3,True,1,0,13,0,98,0.309302,classic_shard_6000_7000_per_fault.csv
6919,23822,3,True,1,0,13,0,98,0.30775,classic_shard_6000_7000_per_fault.csv
6920,23827,4,True,1,0,14,0,90,0.324604,classic_shard_6000_7000_per_fault.csv
6921,23830,4,True,1,0,14,0,90,0.323928,classic_shard_6000_7000_per_fault.csv
6922,23831,3,True,1,0,11,0,65,0.262272,classic_shard_6000_7000_per_fault.csv
6923,23831,4,True,1,0,14,0,90,0.32412,classic_shard_6000_7000_per_fault.csv
6924,23834,3,True,1,0,13,0,98,0.308631,classic_shard_6000_7000_per_fault.csv
6925,23835,4,True,1,0,14,0,91,0.324356,classic_shard_6000_7000_per_fault.csv
6926,23840,3,True,1,0,13,0,98,0.308417,classic_shard_6000_7000_per_fault.csv
6927,23842,3,True,1,0,13,0,94,0.309562,classic_shard_6000_7000_per_fault.csv
6928,23850,4,True,1,0,22,0,118,0.513519,classic_shard_6000_7000_per_fault.csv
6929,23851,3,True,1,0,13,0,98,0.313782,classic_shard_6000_7000_per_fault.csv
6930,23854,3,True,1,0,13,0,98,0.309282,classic_shard_6000_7000_per_fault.csv
6931,23854,4,True,1,0,14,0,88,0.325288,classic_shard_6000_7000_per_fault.csv
6932,23855,4,True,1,0,14,0,88,0.325781,classic_shard_6000_7000_per_fault.csv
6933,23859,4,True,1,0,11,0,72,0.259089,classic_shard_6000_7000_per_fault.csv
6934,23869,4,False,2,63,150,0,1066,5.005345,classic_shard_6000_7000_per_fault.csv
6935,23872,4,True,1,0,11,0,63,0.260874,classic_shard_6000_7000_per_fault.csv
6936,23873,4,False,2,65,152,0,748,5.018507,classic_shard_6000_7000_per_fault.csv
6937,23874,4,True,1,0,10,0,56,0.235532,classic_shard_6000_7000_per_fault.csv
6938,23878,3,False,2,42,168,0,1405,5.014503,classic_shard_6000_7000_per_fault.csv
6939,23884,3,True,1,0,24,0,254,0.716133,classic_shard_6000_7000_per_fault.csv
6940,23897,3,True,1,0,7,0,15,0.16767,classic_shard_6000_7000_per_fault.csv
6941,23901,4,True,1,0,26,0,307,0.630155,classic_shard_6000_7000_per_fault.csv
6942,23904,4,False,2,55,137,0,1300,5.198296,classic_shard_6000_7000_per_fault.csv
6943,23913,3,True,1,0,26,0,263,0.798551,classic_shard_6000_7000_per_fault.csv
6944,23914,4,True,1,0,35,0,505,1.066462,classic_shard_6000_7000_per_fault.csv
6945,23920,4,True,1,0,29,0,339,0.959234,classic_shard_6000_7000_per_fault.csv
6946,23924,3,False,2,59,155,0,1350,5.003885,classic_shard_6000_7000_per_fault.csv
6947,23928,3,True,1,0,54,0,491,1.233058,classic_shard_6000_7000_per_fault.csv
6948,23930,3,True,1,0,52,0,505,1.185511,classic_shard_6000_7000_per_fault.csv
6949,23930,4,True,1,0,35,0,208,0.814458,classic_shard_6000_7000_per_fault.csv
6950,23931,3,True,1,0,26,0,265,0.597303,classic_shard_6000_7000_per_fault.csv
6951,23932,3,True,1,0,26,0,266,0.596946,classic_shard_6000_7000_per_fault.csv
6952,23934,3,True,1,0,26,0,264,0.597048,classic_shard_6000_7000_per_fault.csv
6953,23937,3,True,1,0,26,0,264,0.597976,classic_shard_6000_7000_per_fault.csv
6954,23938,3,True,1,0,26,0,264,0.597453,classic_shard_6000_7000_per_fault.csv
6955,23940,3,True,1,0,26,0,263,0.596041,classic_shard_6000_7000_per_fault.csv
6956,23940,4,True,1,0,51,0,461,1.184621,classic_shard_6000_7000_per_fault.csv
6957,23943,3,False,2,52,169,0,469,5.005643,classic_shard_6000_7000_per_fault.csv
6958,23949,3,False,2,48,172,0,830,5.033866,classic_shard_6000_7000_per_fault.csv
6959,23950,4,True,1,0,43,0,363,1.027708,classic_shard_6000_7000_per_fault.csv
6960,23963,3,True,1,0,12,0,99,0.304678,classic_shard_6000_7000_per_fault.csv
6961,23963,4,True,1,2,43,0,349,1.034046,classic_shard_6000_7000_per_fault.csv
6962,23965,4,True,1,0,12,0,103,0.278247,classic_shard_6000_7000_per_fault.csv
6963,23970,4,False,2,52,169,0,920,5.06081,classic_shard_6000_7000_per_fault.csv
6964,23976,3,False,2,54,168,0,486,5.014986,classic_shard_6000_7000_per_fault.csv
6965,23976,4,False,2,50,165,0,550,5.018081,classic_shard_6000_7000_per_fault.csv
6966,23978,3,True,1,3,77,0,685,2.086285,classic_shard_6000_7000_per_fault.csv
6967,23980,3,False,2,47,125,0,1102,5.020718,classic_shard_6000_7000_per_fault.csv
6968,23983,4,False,2,61,163,0,1312,5.006359,classic_shard_6000_7000_per_fault.csv
6969,23984,3,False,2,40,106,0,968,5.000424,classic_shard_6000_7000_per_fault.csv
6970,23986,3,True,1,0,13,0,169,0.304389,classic_shard_6000_7000_per_fault.csv
6971,23991,4,True,1,0,14,0,145,0.328269,classic_shard_6000_7000_per_fault.csv
6972,23993,3,True,1,0,10,0,42,0.235468,classic_shard_6000_7000_per_fault.csv
6973,23993,4,True,1,0,14,0,145,0.32797,classic_shard_6000_7000_per_fault.csv
6974,23994,4,True,1,0,14,0,145,0.32913,classic_shard_6000_7000_per_fault.csv
6975,23995,4,True,1,0,27,0,268,0.627558,classic_shard_6000_7000_per_fault.csv
6976,23996,3,True,1,0,8,0,35,0.189364,classic_shard_6000_7000_per_fault.csv
6977,24008,3,False,2,45,108,0,598,5.054074,classic_shard_6000_7000_per_fault.csv
6978,24011,3,True,1,0,8,0,43,0.382053,classic_shard_6000_7000_per_fault.csv
6979,24016,4,True,1,0,23,0,206,1.05504,classic_shard_6000_7000_per_fault.csv
6980,24020,3,True,1,0,25,0,275,1.141662,classic_shard_6000_7000_per_fault.csv
6981,24020,4,True,1,0,40,0,294,1.488726,classic_shard_6000_7000_per_fault.csv
6982,24021,4,True,1,0,23,0,232,1.05593,classic_shard_6000_7000_per_fault.csv
6983,24022,3,True,1,0,36,0,283,1.479949,classic_shard_6000_7000_per_fault.csv
6984,24023,3,True,1,0,36,0,281,0.829073,classic_shard_6000_7000_per_fault.csv
6985,24023,4,True,1,0,38,0,417,0.879246,classic_shard_6000_7000_per_fault.csv
6986,24025,4,True,1,0,36,0,286,0.867117,classic_shard_6000_7000_per_fault.csv
6987,24028,3,True,1,0,5,0,14,0.165741,classic_shard_6000_7000_per_fault.csv
6988,24028,4,True,1,0,4,0,16,0.236087,classic_shard_6000_7000_per_fault.csv
6989,24032,4,True,1,0,18,0,175,0.920232,classic_shard_6000_7000_per_fault.csv
6990,24034,3,True,1,0,32,0,346,1.204191,classic_shard_6000_7000_per_fault.csv
6991,24037,3,True,1,0,30,0,317,0.80963,classic_shard_6000_7000_per_fault.csv
6992,24040,3,True,1,0,34,0,349,0.785117,classic_shard_6000_7000_per_fault.csv
6993,24043,3,True,1,0,54,0,701,1.269784,classic_shard_6000_7000_per_fault.csv
6994,24044,3,True,1,0,30,0,304,0.694627,classic_shard_6000_7000_per_fault.csv
6995,24049,3,True,1,0,6,0,16,0.143424,classic_shard_6000_7000_per_fault.csv
6996,24052,3,True,1,0,13,0,93,0.302626,classic_shard_6000_7000_per_fault.csv
6997,24059,3,True,1,0,25,0,275,0.575706,classic_shard_6000_7000_per_fault.csv
6998,24062,3,True,1,0,25,0,275,0.590289,classic_shard_6000_7000_per_fault.csv
6999,24068,4,True,1,0,18,0,133,0.413493,classic_shard_6000_7000_per_fault.csv
7000,24071,4,True,1,0,22,0,183,0.534351,classic_shard_7000_8000_per_fault.csv
7001,24074,3,True,1,0,25,0,275,0.598349,classic_shard_7000_8000_per_fault.csv
7002,24075,3,True,1,0,25,0,279,0.598521,classic_shard_7000_8000_per_fault.csv
7003,24078,4,True,1,0,13,0,84,0.311095,classic_shard_7000_8000_per_fault.csv
7004,24081,3,True,1,0,25,0,275,0.595736,classic_shard_7000_8000_per_fault.csv
7005,24084,3,True,1,0,25,0,275,0.597815,classic_shard_7000_8000_per_fault.csv
7006,24084,4,True,1,0,78,0,734,1.879969,classic_shard_7000_8000_per_fault.csv
7007,24096,4,True,1,0,38,0,328,0.911179,classic_shard_7000_8000_per_fault.csv
7008,24099,3,True,1,0,25,0,251,0.60078,classic_shard_7000_8000_per_fault.csv
7009,24102,3,True,1,0,25,0,251,0.594559,classic_shard_7000_8000_per_fault.csv
7010,24113,4,True,1,0,8,0,32,0.192275,classic_shard_7000_8000_per_fault.csv
7011,24123,4,False,2,46,168,0,891,5.004816,classic_shard_7000_8000_per_fault.csv
7012,24124,4,False,2,43,172,0,834,5.011835,classic_shard_7000_8000_per_fault.csv
7013,24125,4,False,2,62,150,0,697,5.079748,classic_shard_7000_8000_per_fault.csv
7014,24128,3,False,2,60,153,0,732,5.01173,classic_shard_7000_8000_per_fault.csv
7015,24128,4,False,2,60,154,0,725,5.002148,classic_shard_7000_8000_per_fault.csv
7016,24129,3,False,2,48,122,0,617,5.041601,classic_shard_7000_8000_per_fault.csv
7017,24131,3,False,2,38,144,0,500,5.020264,classic_shard_7000_8000_per_fault.csv
7018,24133,3,False,2,60,154,0,691,5.023248,classic_shard_7000_8000_per_fault.csv
7019,24133,4,False,2,60,154,0,682,5.010912,classic_shard_7000_8000_per_fault.csv
7020,24138,4,True,1,0,3,0,8,0.072612,classic_shard_7000_8000_per_fault.csv
7021,24139,4,True,1,0,3,0,8,0.073258,classic_shard_7000_8000_per_fault.csv
7022,24142,3,True,1,0,3,0,6,0.072265,classic_shard_7000_8000_per_fault.csv
7023,24145,3,True,1,0,3,0,6,0.075106,classic_shard_7000_8000_per_fault.csv
7024,24145,4,True,1,0,3,0,8,0.073887,classic_shard_7000_8000_per_fault.csv
7025,24149,4,True,1,0,14,0,86,0.327259,classic_shard_7000_8000_per_fault.csv
7026,24151,3,True,1,0,11,0,60,0.263084,classic_shard_7000_8000_per_fault.csv
7027,24151,4,True,1,0,14,0,88,0.326774,classic_shard_7000_8000_per_fault.csv
7028,24155,3,True,1,0,13,0,91,0.311891,classic_shard_7000_8000_per_fault.csv
7029,24155,4,True,1,0,14,0,89,0.326158,classic_shard_7000_8000_per_fault.csv
7030,24156,3,True,1,0,13,0,91,0.312088,classic_shard_7000_8000_per_fault.csv
7031,24156,4,True,1,0,14,0,89,0.328664,classic_shard_7000_8000_per_fault.csv
7032,24158,3,True,1,0,11,0,60,0.268316,classic_shard_7000_8000_per_fault.csv
7033,24161,4,True,1,0,14,0,85,0.328371,classic_shard_7000_8000_per_fault.csv
7034,24162,4,True,1,0,14,0,88,0.331436,classic_shard_7000_8000_per_fault.csv
7035,24164,3,True,1,0,13,0,91,0.311958,classic_shard_7000_8000_per_fault.csv
7036,24173,4,True,1,0,14,0,86,0.337346,classic_shard_7000_8000_per_fault.csv
7037,24175,4,True,1,0,14,0,88,0.33434,classic_shard_7000_8000_per_fault.csv
7038,24178,3,True,1,0,13,0,91,0.336741,classic_shard_7000_8000_per_fault.csv
7039,24183,3,True,1,0,11,0,60,0.276154,classic_shard_7000_8000_per_fault.csv
7040,24184,4,True,1,0,14,0,88,0.34141,classic_shard_7000_8000_per_fault.csv
7041,24187,3,True,1,0,13,0,91,0.506749,classic_shard_7000_8000_per_fault.csv
7042,24190,4,True,1,0,14,0,87,0.667115,classic_shard_7000_8000_per_fault.csv
7043,24191,4,True,1,0,14,0,88,0.693596,classic_shard_7000_8000_per_fault.csv
7044,24192,3,True,1,0,11,0,60,0.565029,classic_shard_7000_8000_per_fault.csv
7045,24199,3,True,1,0,11,0,60,0.534614,classic_shard_7000_8000_per_fault.csv
7046,24201,3,True,1,0,13,0,98,0.676128,classic_shard_7000_8000_per_fault.csv
7047,24202,3,True,1,0,13,0,91,0.63072,classic_shard_7000_8000_per_fault.csv
7048,24202,4,True,1,0,14,0,88,0.650527,classic_shard_7000_8000_per_fault.csv
7049,24203,3,True,1,0,13,0,91,0.599653,classic_shard_7000_8000_per_fault.csv
7050,24204,3,True,1,0,13,0,91,0.607268,classic_shard_7000_8000_per_fault.csv
7051,24206,3,True,1,0,11,0,60,0.509423,classic_shard_7000_8000_per_fault.csv
7052,24208,3,True,1,0,11,0,60,0.518019,classic_shard_7000_8000_per_fault.csv
7053,24216,3,True,1,0,20,0,107,0.931917,classic_shard_7000_8000_per_fault.csv
7054,24216,4,True,1,0,9,0,35,0.428858,classic_shard_7000_8000_per_fault.csv
7055,24217,3,True,1,0,20,0,104,0.921274,classic_shard_7000_8000_per_fault.csv
7056,24224,4,False,2,27,82,0,806,5.038342,classic_shard_7000_8000_per_fault.csv
7057,24230,4,False,2,29,84,0,808,5.053536,classic_shard_7000_8000_per_fault.csv
7058,24234,4,False,2,38,97,0,935,5.020074,classic_shard_7000_8000_per_fault.csv
7059,24235,4,False,2,67,148,0,1374,5.008121,classic_shard_7000_8000_per_fault.csv
7060,24237,4,True,1,0,24,0,300,0.557387,classic_shard_7000_8000_per_fault.csv
7061,24238,4,True,1,0,24,0,300,0.566504,classic_shard_7000_8000_per_fault.csv
7062,24241,4,True,1,0,24,0,300,0.559318,classic_shard_7000_8000_per_fault.csv
7063,24244,3,True,1,0,5,0,14,0.119255,classic_shard_7000_8000_per_fault.csv
7064,24249,3,True,1,0,5,0,12,0.119787,classic_shard_7000_8000_per_fault.csv
7065,24252,3,True,1,0,7,0,18,0.166878,classic_shard_7000_8000_per_fault.csv
7066,24253,3,True,1,0,7,0,18,0.166564,classic_shard_7000_8000_per_fault.csv
7067,24255,4,True,1,0,24,0,300,0.560144,classic_shard_7000_8000_per_fault.csv
7068,24256,4,True,1,0,24,0,300,0.558707,classic_shard_7000_8000_per_fault.csv
7069,24258,3,True,1,0,7,0,18,0.166561,classic_shard_7000_8000_per_fault.csv
7070,24259,3,True,1,0,7,0,18,0.166604,classic_shard_7000_8000_per_fault.csv
7071,24260,3,True,1,0,7,0,18,0.166157,classic_shard_7000_8000_per_fault.csv
7072,24260,4,True,1,0,24,0,300,0.559123,classic_shard_7000_8000_per_fault.csv
7073,24268,3,True,1,0,3,0,8,0.072119,classic_shard_7000_8000_per_fault.csv
7074,24269,4,True,1,0,3,0,6,0.071894,classic_shard_7000_8000_per_fault.csv
7075,24275,3,True,1,0,3,0,8,0.072037,classic_shard_7000_8000_per_fault.csv
7076,24279,3,True,1,0,3,0,8,0.071881,classic_shard_7000_8000_per_fault.csv
7077,24280,3,True,1,0,3,0,8,0.07254,classic_shard_7000_8000_per_fault.csv
7078,24283,4,True,1,0,22,0,150,0.514437,classic_shard_7000_8000_per_fault.csv
7079,24284,3,True,1,0,8,0,16,0.18863,classic_shard_7000_8000_per_fault.csv
7080,24286,3,True,1,0,8,0,20,0.18889,classic_shard_7000_8000_per_fault.csv
7081,24288,3,True,1,0,6,0,16,0.142887,classic_shard_7000_8000_per_fault.csv
7082,24289,3,True,1,0,6,0,16,0.142157,classic_shard_7000_8000_per_fault.csv
7083,24289,4,True,1,29,83,0,754,2.543832,classic_shard_7000_8000_per_fault.csv
7084,24290,3,True,1,0,6,0,16,0.141598,classic_shard_7000_8000_per_fault.csv
7085,24292,3,True,1,0,6,0,16,0.141346,classic_shard_7000_8000_per_fault.csv
7086,24294,3,True,1,0,6,0,16,0.140979,classic_shard_7000_8000_per_fault.csv
7087,24296,3,True,1,0,6,0,16,0.141886,classic_shard_7000_8000_per_fault.csv
7088,24297,3,True,1,0,5,0,12,0.117419,classic_shard_7000_8000_per_fault.csv
7089,24297,4,True,1,0,24,0,307,0.553229,classic_shard_7000_8000_per_fault.csv
7090,24299,3,True,1,0,5,0,13,0.118741,classic_shard_7000_8000_per_fault.csv
7091,24299,4,True,1,0,25,0,318,0.579431,classic_shard_7000_8000_per_fault.csv
7092,24305,4,False,2,52,166,0,686,5.003618,classic_shard_7000_8000_per_fault.csv
7093,24307,4,False,2,57,184,0,722,5.523384,classic_shard_7000_8000_per_fault.csv
7094,24310,3,False,2,63,160,0,1203,5.022175,classic_shard_7000_8000_per_fault.csv
7095,24314,4,False,2,65,161,0,1183,5.117117,classic_shard_7000_8000_per_fault.csv
7096,24316,4,False,2,49,170,0,844,5.004012,classic_shard_7000_8000_per_fault.csv
7097,24317,3,False,2,34,170,0,1021,5.000949,classic_shard_7000_8000_per_fault.csv
7098,24322,3,False,2,41,122,0,1232,5.002172,classic_shard_7000_8000_per_fault.csv
7099,24325,4,False,2,34,108,0,1176,5.034229,classic_shard_7000_8000_per_fault.csv
7100,24326,3,False,2,39,122,0,1260,5.119989,classic_shard_7000_8000_per_fault.csv
7101,24330,4,False,2,30,98,0,642,5.046501,classic_shard_7000_8000_per_fault.csv
7102,24331,3,False,2,24,138,0,705,5.000404,classic_shard_7000_8000_per_fault.csv
7103,24332,3,True,1,0,37,0,412,1.065899,classic_shard_7000_8000_per_fault.csv
7104,24336,3,True,1,0,19,0,97,0.592775,classic_shard_7000_8000_per_fault.csv
7105,24336,4,True,1,0,13,0,55,0.515978,classic_shard_7000_8000_per_fault.csv
7106,24337,3,True,1,0,19,0,97,0.442326,classic_shard_7000_8000_per_fault.csv
7107,24338,3,True,1,0,19,0,97,0.483427,classic_shard_7000_8000_per_fault.csv
7108,24339,4,True,1,0,13,0,60,0.306293,classic_shard_7000_8000_per_fault.csv
7109,24342,3,True,1,0,9,0,29,0.213305,classic_shard_7000_8000_per_fault.csv
7110,24345,4,False,2,51,111,0,487,5.0229,classic_shard_7000_8000_per_fault.csv
7111,24348,4,True,1,0,22,0,110,0.511391,classic_shard_7000_8000_per_fault.csv
7112,24356,3,True,1,0,13,0,48,0.306546,classic_shard_7000_8000_per_fault.csv
7113,24357,4,False,2,69,147,0,680,5.054188,classic_shard_7000_8000_per_fault.csv
7114,24358,4,True,1,0,22,0,116,0.510616,classic_shard_7000_8000_per_fault.csv
7115,24363,3,True,1,0,24,0,241,0.560152,classic_shard_7000_8000_per_fault.csv
7116,24373,3,True,1,64,139,0,406,4.72679,classic_shard_7000_8000_per_fault.csv
7117,24374,3,False,2,65,150,0,1597,5.021034,classic_shard_7000_8000_per_fault.csv
7118,24378,3,True,1,12,56,0,614,1.576117,classic_shard_7000_8000_per_fault.csv
7119,24379,4,True,1,0,28,0,632,0.662554,classic_shard_7000_8000_per_fault.csv
7120,24382,3,True,1,0,8,0,29,0.201547,classic_shard_7000_8000_per_fault.csv
7121,24387,3,True,1,0,23,0,259,0.544098,classic_shard_7000_8000_per_fault.csv
7122,24390,3,True,1,0,33,0,287,0.770726,classic_shard_7000_8000_per_fault.csv
7123,24391,3,True,1,0,5,0,16,0.121369,classic_shard_7000_8000_per_fault.csv
7124,24394,3,True,1,0,30,0,360,0.700729,classic_shard_7000_8000_per_fault.csv
7125,24394,4,True,1,0,30,0,361,0.699069,classic_shard_7000_8000_per_fault.csv
7126,24396,3,True,1,0,21,0,166,0.497071,classic_shard_7000_8000_per_fault.csv
7127,24401,3,True,1,0,26,0,287,0.604296,classic_shard_7000_8000_per_fault.csv
7128,24402,4,True,1,0,37,0,380,0.853983,classic_shard_7000_8000_per_fault.csv
7129,24403,3,True,1,0,36,0,510,0.847181,classic_shard_7000_8000_per_fault.csv
7130,24407,4,False,2,62,156,0,1399,5.000804,classic_shard_7000_8000_per_fault.csv
7131,24408,4,False,2,58,161,0,915,5.021737,classic_shard_7000_8000_per_fault.csv
7132,24410,4,False,2,66,155,0,1523,5.018022,classic_shard_7000_8000_per_fault.csv
7133,24413,3,True,1,0,25,0,261,0.589186,classic_shard_7000_8000_per_fault.csv
7134,24415,4,False,2,64,157,0,962,5.02044,classic_shard_7000_8000_per_fault.csv
7135,24416,3,True,1,0,22,0,201,0.517898,classic_shard_7000_8000_per_fault.csv
7136,24416,4,False,2,57,138,0,961,5.047048,classic_shard_7000_8000_per_fault.csv
7137,24417,3,True,1,0,22,0,245,0.954933,classic_shard_7000_8000_per_fault.csv
7138,24420,4,True,1,0,54,0,509,1.256487,classic_shard_7000_8000_per_fault.csv
7139,24421,3,True,1,0,63,0,549,1.478972,classic_shard_7000_8000_per_fault.csv
7140,24422,3,False,2,56,164,0,1041,5.026942,classic_shard_7000_8000_per_fault.csv
7141,24427,4,True,1,0,52,0,517,1.347952,classic_shard_7000_8000_per_fault.csv
7142,24428,3,False,2,59,160,0,791,5.009952,classic_shard_7000_8000_per_fault.csv
7143,24434,4,True,1,0,26,0,277,0.607322,classic_shard_7000_8000_per_fault.csv
7144,24436,3,True,1,0,59,0,572,1.406297,classic_shard_7000_8000_per_fault.csv
7145,24439,4,True,1,0,26,0,278,0.616995,classic_shard_7000_8000_per_fault.csv
7146,24442,3,True,1,0,33,0,332,0.771089,classic_shard_7000_8000_per_fault.csv
7147,24442,4,True,1,0,61,0,467,1.445735,classic_shard_7000_8000_per_fault.csv
7148,24443,3,False,2,43,169,0,846,5.045101,classic_shard_7000_8000_per_fault.csv
7149,24444,3,True,1,0,26,0,287,0.608032,classic_shard_7000_8000_per_fault.csv
7150,24450,4,True,1,0,46,0,497,1.070349,classic_shard_7000_8000_per_fault.csv
7151,24452,3,False,2,63,151,0,489,5.016279,classic_shard_7000_8000_per_fault.csv
7152,24456,4,True,1,0,26,0,274,0.614461,classic_shard_7000_8000_per_fault.csv
7153,24460,3,True,1,0,26,0,287,0.606746,classic_shard_7000_8000_per_fault.csv
7154,24461,3,True,1,0,44,0,461,1.025254,classic_shard_7000_8000_per_fault.csv
7155,24464,4,True,1,0,61,0,459,1.789435,classic_shard_7000_8000_per_fault.csv
7156,24466,3,True,1,0,43,0,478,0.995134,classic_shard_7000_8000_per_fault.csv
7157,24471,4,True,1,0,42,0,459,1.041759,classic_shard_7000_8000_per_fault.csv
7158,24472,4,True,1,0,26,0,273,0.602324,classic_shard_7000_8000_per_fault.csv
7159,24479,4,True,1,0,52,0,480,1.223727,classic_shard_7000_8000_per_fault.csv
7160,24480,4,True,1,0,41,0,422,0.966281,classic_shard_7000_8000_per_fault.csv
7161,24481,3,True,1,0,26,0,287,0.603624,classic_shard_7000_8000_per_fault.csv
7162,24481,4,True,1,0,26,0,276,0.599961,classic_shard_7000_8000_per_fault.csv
7163,24483,3,True,1,0,50,0,471,1.173221,classic_shard_7000_8000_per_fault.csv
7164,24485,3,True,1,0,66,0,660,1.524835,classic_shard_7000_8000_per_fault.csv
7165,24487,3,True,1,0,39,0,425,0.896071,classic_shard_7000_8000_per_fault.csv
7166,24488,4,True,1,0,26,0,273,0.633807,classic_shard_7000_8000_per_fault.csv
7167,24489,4,True,1,0,50,0,431,1.478438,classic_shard_7000_8000_per_fault.csv
7168,24490,4,True,1,0,39,0,383,1.651678,classic_shard_7000_8000_per_fault.csv
7169,24492,4,True,1,0,38,0,407,1.742779,classic_shard_7000_8000_per_fault.csv
7170,24493,4,False,2,17,92,0,347,5.033835,classic_shard_7000_8000_per_fault.csv
7171,24498,3,True,1,0,17,0,116,0.802944,classic_shard_7000_8000_per_fault.csv
7172,24500,3,True,1,0,26,0,278,1.214677,classic_shard_7000_8000_per_fault.csv
7173,24503,3,True,1,0,14,0,111,0.665174,classic_shard_7000_8000_per_fault.csv
7174,24503,4,False,2,10,99,0,539,5.026244,classic_shard_7000_8000_per_fault.csv
7175,24505,3,True,1,0,30,0,319,1.390113,classic_shard_7000_8000_per_fault.csv
7176,24508,3,True,1,0,8,0,30,0.392158,classic_shard_7000_8000_per_fault.csv
7177,24509,3,True,1,0,17,0,204,0.820079,classic_shard_7000_8000_per_fault.csv
7178,24509,4,False,2,10,99,0,598,5.041919,classic_shard_7000_8000_per_fault.csv
7179,24511,4,True,1,0,43,0,347,2.07404,classic_shard_7000_8000_per_fault.csv
7180,24516,3,True,1,0,16,0,198,0.782229,classic_shard_7000_8000_per_fault.csv
7181,24517,3,True,1,0,33,0,217,1.548949,classic_shard_7000_8000_per_fault.csv
7182,24519,4,True,1,0,43,0,343,2.001,classic_shard_7000_8000_per_fault.csv
7183,24520,4,True,1,0,45,0,411,2.110209,classic_shard_7000_8000_per_fault.csv
7184,24522,4,True,1,0,31,0,333,1.418302,classic_shard_7000_8000_per_fault.csv
7185,24525,3,False,2,23,86,0,448,5.027614,classic_shard_7000_8000_per_fault.csv
7186,24526,3,True,1,0,43,0,371,2.038953,classic_shard_7000_8000_per_fault.csv
7187,24527,3,False,2,20,92,0,587,5.158679,classic_shard_7000_8000_per_fault.csv
7188,24527,4,False,2,26,88,0,852,5.180673,classic_shard_7000_8000_per_fault.csv
7189,24529,3,False,2,24,87,0,329,5.098268,classic_shard_7000_8000_per_fault.csv
7190,24534,4,False,2,8,100,0,786,5.013976,classic_shard_7000_8000_per_fault.csv
7191,24539,3,False,2,24,87,0,329,5.111193,classic_shard_7000_8000_per_fault.csv
7192,24540,4,False,2,11,112,0,819,5.002139,classic_shard_7000_8000_per_fault.csv
7193,24542,3,True,1,14,44,0,431,1.994039,classic_shard_7000_8000_per_fault.csv
7194,24542,4,False,2,39,115,0,1008,5.018412,classic_shard_7000_8000_per_fault.csv
7195,24543,3,False,2,25,87,0,810,5.012511,classic_shard_7000_8000_per_fault.csv
7196,24545,4,True,1,14,44,0,457,2.685114,classic_shard_7000_8000_per_fault.csv
7197,24549,4,False,2,24,87,0,782,5.045755,classic_shard_7000_8000_per_fault.csv
7198,24551,4,True,1,0,12,0,65,0.596358,classic_shard_7000_8000_per_fault.csv
7199,24552,4,True,1,3,19,0,110,1.043177,classic_shard_7000_8000_per_fault.csv
7200,24557,3,True,1,0,51,0,517,2.357964,classic_shard_7000_8000_per_fault.csv
7201,24559,4,True,1,0,25,0,253,1.135752,classic_shard_7000_8000_per_fault.csv
7202,24561,3,False,2,20,88,0,668,5.036327,classic_shard_7000_8000_per_fault.csv
7203,24562,4,True,1,0,19,0,166,0.881804,classic_shard_7000_8000_per_fault.csv
7204,24563,3,True,1,0,4,0,9,0.195161,classic_shard_7000_8000_per_fault.csv
7205,24569,3,True,1,0,6,0,19,0.285439,classic_shard_7000_8000_per_fault.csv
7206,24571,4,True,1,0,6,0,23,0.27918,classic_shard_7000_8000_per_fault.csv
7207,24573,4,True,1,0,9,0,48,0.410678,classic_shard_7000_8000_per_fault.csv
7208,24575,3,False,2,23,86,0,437,5.042609,classic_shard_7000_8000_per_fault.csv
7209,24577,3,True,1,0,39,0,443,1.807854,classic_shard_7000_8000_per_fault.csv
7210,24578,4,True,1,0,36,0,284,1.663357,classic_shard_7000_8000_per_fault.csv
7211,24579,4,True,1,0,36,0,283,1.654302,classic_shard_7000_8000_per_fault.csv
7212,24581,4,True,1,0,36,0,320,1.665409,classic_shard_7000_8000_per_fault.csv
7213,24583,4,True,1,0,36,0,320,1.649902,classic_shard_7000_8000_per_fault.csv
7214,24584,4,True,1,0,6,0,21,0.280757,classic_shard_7000_8000_per_fault.csv
7215,24589,4,True,1,0,4,0,8,0.187165,classic_shard_7000_8000_per_fault.csv
7216,24592,4,True,1,1,51,0,579,2.374091,classic_shard_7000_8000_per_fault.csv
7217,24593,3,True,1,2,45,0,330,2.142608,classic_shard_7000_8000_per_fault.csv
7218,24595,4,True,1,0,30,0,320,1.350533,classic_shard_7000_8000_per_fault.csv
7219,24596,3,True,1,0,30,0,307,1.352623,classic_shard_7000_8000_per_fault.csv
7220,24596,4,True,1,0,30,0,320,1.385997,classic_shard_7000_8000_per_fault.csv
7221,24598,4,True,1,0,30,0,320,1.36982,classic_shard_7000_8000_per_fault.csv
7222,24603,4,True,1,0,31,0,319,1.435281,classic_shard_7000_8000_per_fault.csv
7223,24604,3,True,1,0,30,0,318,1.362681,classic_shard_7000_8000_per_fault.csv
7224,24608,3,True,1,0,31,0,320,1.431233,classic_shard_7000_8000_per_fault.csv
7225,24616,3,True,1,0,18,0,114,0.827477,classic_shard_7000_8000_per_fault.csv
7226,24617,4,True,1,0,63,0,538,2.893493,classic_shard_7000_8000_per_fault.csv
7227,24623,3,True,1,0,22,0,163,1.002542,classic_shard_7000_8000_per_fault.csv
7228,24624,3,True,1,0,25,0,253,1.12314,classic_shard_7000_8000_per_fault.csv
7229,24634,3,True,1,0,25,0,277,1.124853,classic_shard_7000_8000_per_fault.csv
7230,24634,4,True,1,0,78,0,808,3.614937,classic_shard_7000_8000_per_fault.csv
7231,24640,3,True,1,0,33,0,215,1.509843,classic_shard_7000_8000_per_fault.csv
7232,24662,4,True,1,0,18,0,141,0.819766,classic_shard_7000_8000_per_fault.csv
7233,24666,4,False,2,34,82,0,928,5.389935,classic_shard_7000_8000_per_fault.csv
7234,24667,4,True,1,0,27,0,489,1.278544,classic_shard_7000_8000_per_fault.csv
7235,24676,4,True,1,4,38,0,391,1.914742,classic_shard_7000_8000_per_fault.csv
7236,24680,4,True,1,4,36,0,354,1.798428,classic_shard_7000_8000_per_fault.csv
7237,24681,3,False,2,11,99,0,615,5.013883,classic_shard_7000_8000_per_fault.csv
7238,24684,3,False,2,24,84,0,443,5.004092,classic_shard_7000_8000_per_fault.csv
7239,24686,3,False,2,11,98,0,493,5.012522,classic_shard_7000_8000_per_fault.csv
7240,24687,3,True,1,0,6,0,13,0.280688,classic_shard_7000_8000_per_fault.csv
7241,24689,3,False,2,31,92,0,479,5.020881,classic_shard_7000_8000_per_fault.csv
7242,24689,4,False,2,49,131,0,695,5.023392,classic_shard_7000_8000_per_fault.csv
7243,24694,4,False,2,61,157,0,828,5.021589,classic_shard_7000_8000_per_fault.csv
7244,24701,3,True,1,0,8,0,57,0.187591,classic_shard_7000_8000_per_fault.csv
7245,24702,4,True,1,0,13,0,98,0.302082,classic_shard_7000_8000_per_fault.csv
7246,24703,3,True,1,0,8,0,58,0.207278,classic_shard_7000_8000_per_fault.csv
7247,24703,4,True,1,0,13,0,94,0.30213,classic_shard_7000_8000_per_fault.csv
7248,24704,3,True,1,0,8,0,62,0.275904,classic_shard_7000_8000_per_fault.csv
7249,24704,4,True,1,0,13,0,102,0.302227,classic_shard_7000_8000_per_fault.csv
7250,24706,4,True,1,0,13,0,101,0.302418,classic_shard_7000_8000_per_fault.csv
7251,24709,3,True,1,0,3,0,8,0.071489,classic_shard_7000_8000_per_fault.csv
7252,24709,4,True,1,0,3,0,10,0.071856,classic_shard_7000_8000_per_fault.csv
7253,24718,4,True,1,0,27,0,344,1.132975,classic_shard_7000_8000_per_fault.csv
7254,24719,3,True,1,0,5,0,12,0.119695,classic_shard_7000_8000_per_fault.csv
7255,24725,4,True,1,0,27,0,341,0.622956,classic_shard_7000_8000_per_fault.csv
7256,24726,4,True,1,0,27,0,343,0.621509,classic_shard_7000_8000_per_fault.csv
7257,24728,4,True,1,0,8,0,24,0.188241,classic_shard_7000_8000_per_fault.csv
7258,24729,3,True,1,0,7,0,17,0.165194,classic_shard_7000_8000_per_fault.csv
7259,24731,3,True,1,0,7,0,18,0.16542,classic_shard_7000_8000_per_fault.csv
7260,24733,3,True,1,0,5,0,12,0.118362,classic_shard_7000_8000_per_fault.csv
7261,24736,4,True,1,19,63,0,522,1.864973,classic_shard_7000_8000_per_fault.csv
7262,24745,3,True,1,0,7,0,21,0.164911,classic_shard_7000_8000_per_fault.csv
7263,24746,4,True,1,0,25,0,337,0.579664,classic_shard_7000_8000_per_fault.csv
7264,24747,3,True,1,0,7,0,21,0.165321,classic_shard_7000_8000_per_fault.csv
7265,24749,3,True,1,0,40,0,421,0.924722,classic_shard_7000_8000_per_fault.csv
7266,24754,4,False,2,55,169,0,741,5.039582,classic_shard_7000_8000_per_fault.csv
7267,24756,3,True,1,0,41,0,400,0.94132,classic_shard_7000_8000_per_fault.csv
7268,24757,4,True,1,0,43,0,412,0.98906,classic_shard_7000_8000_per_fault.csv
7269,24758,4,False,2,55,167,0,655,5.006856,classic_shard_7000_8000_per_fault.csv
7270,24759,4,False,2,63,159,0,1012,5.021345,classic_shard_7000_8000_per_fault.csv
7271,24761,4,False,2,61,162,0,1186,5.002956,classic_shard_7000_8000_per_fault.csv
7272,24764,3,True,1,0,40,0,402,0.919316,classic_shard_7000_8000_per_fault.csv
7273,24773,3,False,2,46,179,0,1107,5.029346,classic_shard_7000_8000_per_fault.csv
7274,24774,3,True,1,0,3,0,6,0.071858,classic_shard_7000_8000_per_fault.csv
7275,24775,3,False,2,63,157,0,1721,5.012311,classic_shard_7000_8000_per_fault.csv
7276,24776,3,False,2,63,157,0,1728,5.017413,classic_shard_7000_8000_per_fault.csv
7277,24779,4,False,2,63,159,0,1227,5.022392,classic_shard_7000_8000_per_fault.csv
7278,24783,3,False,2,58,157,0,1026,5.225684,classic_shard_7000_8000_per_fault.csv
7279,24787,4,True,1,0,19,0,100,0.873436,classic_shard_7000_8000_per_fault.csv
7280,24791,3,True,1,0,12,0,54,0.579431,classic_shard_7000_8000_per_fault.csv
7281,24793,3,True,1,0,12,0,55,0.36045,classic_shard_7000_8000_per_fault.csv
7282,24795,4,True,1,0,9,0,34,0.217842,classic_shard_7000_8000_per_fault.csv
7283,24796,3,True,1,0,18,0,90,0.42564,classic_shard_7000_8000_per_fault.csv
7284,24798,3,True,1,0,18,0,90,0.73379,classic_shard_7000_8000_per_fault.csv
7285,24802,3,True,1,0,18,0,90,0.835447,classic_shard_7000_8000_per_fault.csv
7286,24804,3,True,1,0,18,0,90,0.828864,classic_shard_7000_8000_per_fault.csv
7287,24805,3,True,1,0,20,0,112,0.869232,classic_shard_7000_8000_per_fault.csv
7288,24805,4,True,1,0,9,0,31,0.42854,classic_shard_7000_8000_per_fault.csv
7289,24806,3,True,1,0,18,0,90,0.758985,classic_shard_7000_8000_per_fault.csv
7290,24807,4,True,1,0,9,0,34,0.210731,classic_shard_7000_8000_per_fault.csv
7291,24809,3,True,1,0,19,0,95,0.438568,classic_shard_7000_8000_per_fault.csv
7292,24810,4,True,1,0,13,0,62,0.303923,classic_shard_7000_8000_per_fault.csv
7293,24812,3,True,1,0,25,0,226,0.613851,classic_shard_7000_8000_per_fault.csv
7294,24813,4,False,2,34,157,0,1386,5.002688,classic_shard_7000_8000_per_fault.csv
7295,24814,3,True,1,0,31,0,308,0.723557,classic_shard_7000_8000_per_fault.csv
7296,24820,3,True,1,0,24,0,254,0.56422,classic_shard_7000_8000_per_fault.csv
7297,24832,4,True,1,12,56,0,668,1.584034,classic_shard_7000_8000_per_fault.csv
7298,24835,3,True,1,0,6,0,14,0.145166,classic_shard_7000_8000_per_fault.csv
7299,24835,4,True,1,0,8,0,36,0.191527,classic_shard_7000_8000_per_fault.csv
7300,24839,4,False,2,48,136,0,1362,5.005873,classic_shard_7000_8000_per_fault.csv
7301,24844,3,True,1,0,5,0,14,0.122524,classic_shard_7000_8000_per_fault.csv
7302,24850,3,False,2,55,166,0,849,5.020211,classic_shard_7000_8000_per_fault.csv
7303,24852,3,True,1,0,48,0,428,1.122575,classic_shard_7000_8000_per_fault.csv
7304,24852,4,True,1,0,48,0,444,1.123382,classic_shard_7000_8000_per_fault.csv
7305,24853,3,True,1,0,33,0,221,0.770781,classic_shard_7000_8000_per_fault.csv
7306,24853,4,True,1,0,33,0,237,0.770703,classic_shard_7000_8000_per_fault.csv
7307,24855,3,True,1,0,38,0,394,0.872941,classic_shard_7000_8000_per_fault.csv
7308,24856,3,True,1,0,48,0,445,1.119205,classic_shard_7000_8000_per_fault.csv
7309,24856,4,True,1,0,48,0,461,1.122545,classic_shard_7000_8000_per_fault.csv
7310,24858,4,True,1,14,79,0,599,2.233051,classic_shard_7000_8000_per_fault.csv
7311,24863,3,False,2,46,138,0,903,5.001777,classic_shard_7000_8000_per_fault.csv
7312,24864,4,False,2,38,155,0,935,5.000968,classic_shard_7000_8000_per_fault.csv
7313,24867,4,True,1,0,62,0,563,1.445351,classic_shard_7000_8000_per_fault.csv
7314,24868,4,True,1,0,33,0,235,0.769896,classic_shard_7000_8000_per_fault.csv
7315,24869,3,False,2,57,165,0,1044,5.027641,classic_shard_7000_8000_per_fault.csv
7316,24873,3,True,1,0,33,0,220,0.769837,classic_shard_7000_8000_per_fault.csv
7317,24873,4,True,1,0,33,0,236,0.770015,classic_shard_7000_8000_per_fault.csv
7318,24880,4,True,1,0,33,0,237,0.768512,classic_shard_7000_8000_per_fault.csv
7319,24881,3,True,1,0,60,0,579,1.400393,classic_shard_7000_8000_per_fault.csv
7320,24882,3,True,1,0,33,0,220,0.769647,classic_shard_7000_8000_per_fault.csv
7321,24884,3,False,2,66,153,0,1091,5.002132,classic_shard_7000_8000_per_fault.csv
7322,24884,4,False,2,67,152,0,465,5.052045,classic_shard_7000_8000_per_fault.csv
7323,24885,4,True,1,0,60,0,612,1.401766,classic_shard_7000_8000_per_fault.csv
7324,24888,3,True,1,0,33,0,219,0.772646,classic_shard_7000_8000_per_fault.csv
7325,24893,4,True,1,0,58,0,582,1.361741,classic_shard_7000_8000_per_fault.csv
7326,24895,3,False,2,45,176,0,871,5.038671,classic_shard_7000_8000_per_fault.csv
7327,24896,3,True,1,0,58,0,583,1.363033,classic_shard_7000_8000_per_fault.csv
7328,24897,4,True,1,0,33,0,236,0.769768,classic_shard_7000_8000_per_fault.csv
7329,24903,3,True,1,0,56,0,557,1.305373,classic_shard_7000_8000_per_fault.csv
7330,24904,4,True,1,0,33,0,234,0.771232,classic_shard_7000_8000_per_fault.csv
7331,24909,3,True,1,0,56,0,574,1.308581,classic_shard_7000_8000_per_fault.csv
7332,24910,3,True,1,0,33,0,251,0.771897,classic_shard_7000_8000_per_fault.csv
7333,24914,3,True,1,0,33,0,253,0.770613,classic_shard_7000_8000_per_fault.csv
7334,24918,4,True,1,0,54,0,565,1.259377,classic_shard_7000_8000_per_fault.csv
7335,24921,4,True,1,0,33,0,235,0.770361,classic_shard_7000_8000_per_fault.csv
7336,24923,3,True,1,0,53,0,545,1.237213,classic_shard_7000_8000_per_fault.csv
7337,24929,4,True,1,0,41,0,434,0.939305,classic_shard_7000_8000_per_fault.csv
7338,24930,3,True,1,0,51,0,465,1.16808,classic_shard_7000_8000_per_fault.csv
7339,24932,3,True,1,0,33,0,251,0.767515,classic_shard_7000_8000_per_fault.csv
7340,24932,4,True,1,0,33,0,235,0.769748,classic_shard_7000_8000_per_fault.csv
7341,24935,3,True,1,0,51,0,495,1.238184,classic_shard_7000_8000_per_fault.csv
7342,24935,4,True,1,0,51,0,511,2.196671,classic_shard_7000_8000_per_fault.csv
7343,24942,3,True,1,0,50,0,489,1.21056,classic_shard_7000_8000_per_fault.csv
7344,24942,4,True,1,0,50,0,505,1.175601,classic_shard_7000_8000_per_fault.csv
7345,24946,3,True,1,0,33,0,233,0.77433,classic_shard_7000_8000_per_fault.csv
7346,24948,3,True,1,0,33,0,251,0.773952,classic_shard_7000_8000_per_fault.csv
7347,24950,3,False,2,68,159,0,240,5.137793,classic_shard_7000_8000_per_fault.csv
7348,24951,3,False,2,64,158,0,783,5.055958,classic_shard_7000_8000_per_fault.csv
7349,24951,4,True,1,0,20,0,305,0.470069,classic_shard_7000_8000_per_fault.csv
7350,24960,3,True,1,0,37,0,361,0.854632,classic_shard_7000_8000_per_fault.csv
7351,24961,3,True,1,0,26,0,290,0.60299,classic_shard_7000_8000_per_fault.csv
7352,24966,3,True,1,0,26,0,291,0.602419,classic_shard_7000_8000_per_fault.csv
7353,24968,3,False,2,56,147,0,987,5.263555,classic_shard_7000_8000_per_fault.csv
7354,24969,4,True,1,2,43,0,348,1.823372,classic_shard_7000_8000_per_fault.csv
7355,24970,3,False,2,23,85,0,745,5.023638,classic_shard_7000_8000_per_fault.csv
7356,24974,4,True,1,0,33,0,249,1.529151,classic_shard_7000_8000_per_fault.csv
7357,24976,4,False,2,27,82,0,704,5.007762,classic_shard_7000_8000_per_fault.csv
7358,24977,3,True,1,2,43,0,371,1.795606,classic_shard_7000_8000_per_fault.csv
7359,24992,4,True,1,0,16,0,162,0.742684,classic_shard_7000_8000_per_fault.csv
7360,24993,4,False,2,24,85,0,789,5.000978,classic_shard_7000_8000_per_fault.csv
7361,24997,3,True,1,8,28,0,307,1.669341,classic_shard_7000_8000_per_fault.csv
7362,24997,4,False,2,25,85,0,680,5.132662,classic_shard_7000_8000_per_fault.csv
7363,24998,3,True,1,8,31,0,360,1.774925,classic_shard_7000_8000_per_fault.csv
7364,24998,4,False,2,34,82,0,694,5.321932,classic_shard_7000_8000_per_fault.csv
7365,25002,4,False,2,28,81,0,746,5.03408,classic_shard_7000_8000_per_fault.csv
7366,25003,3,True,1,9,30,0,298,1.77449,classic_shard_7000_8000_per_fault.csv
7367,25003,4,False,2,35,104,0,827,5.010733,classic_shard_7000_8000_per_fault.csv
7368,25005,4,True,1,12,39,0,420,1.197744,classic_shard_7000_8000_per_fault.csv
7369,25010,4,False,2,63,154,0,1313,5.023804,classic_shard_7000_8000_per_fault.csv
7370,25011,4,True,1,16,49,0,516,1.505331,classic_shard_7000_8000_per_fault.csv
7371,25013,4,True,1,0,8,0,44,0.191073,classic_shard_7000_8000_per_fault.csv
7372,25018,3,True,1,0,10,0,77,0.240049,classic_shard_7000_8000_per_fault.csv
7373,25018,4,True,1,0,35,0,383,0.827342,classic_shard_7000_8000_per_fault.csv
7374,25024,3,False,2,60,158,0,529,5.04454,classic_shard_7000_8000_per_fault.csv
7375,25027,4,True,1,0,7,0,21,0.16785,classic_shard_7000_8000_per_fault.csv
7376,25028,4,True,1,0,6,0,24,0.14127,classic_shard_7000_8000_per_fault.csv
7377,25030,3,True,1,0,6,0,10,0.142118,classic_shard_7000_8000_per_fault.csv
7378,25032,4,True,1,0,26,0,358,0.598241,classic_shard_7000_8000_per_fault.csv
7379,25034,3,True,1,0,23,0,208,0.529536,classic_shard_7000_8000_per_fault.csv
7380,25042,3,True,1,0,5,0,14,0.11896,classic_shard_7000_8000_per_fault.csv
7381,25045,4,True,1,0,63,0,597,1.466759,classic_shard_7000_8000_per_fault.csv
7382,25046,3,True,1,0,5,0,14,0.119337,classic_shard_7000_8000_per_fault.csv
7383,25049,3,True,1,0,31,0,345,0.712983,classic_shard_7000_8000_per_fault.csv
7384,25050,4,False,2,50,169,0,1846,5.024613,classic_shard_7000_8000_per_fault.csv
7385,25053,3,True,1,0,25,0,267,0.581057,classic_shard_7000_8000_per_fault.csv
7386,25054,3,True,1,0,6,0,16,0.141902,classic_shard_7000_8000_per_fault.csv
7387,25059,4,True,1,3,48,0,364,1.183437,classic_shard_7000_8000_per_fault.csv
7388,25061,4,True,1,2,45,0,368,1.089647,classic_shard_7000_8000_per_fault.csv
7389,25063,3,True,1,0,33,0,336,0.765289,classic_shard_7000_8000_per_fault.csv
7390,25063,4,False,2,45,173,0,1482,5.014536,classic_shard_7000_8000_per_fault.csv
7391,25064,3,True,1,0,58,0,686,1.333688,classic_shard_7000_8000_per_fault.csv
7392,25066,3,False,2,49,174,0,1532,5.08699,classic_shard_7000_8000_per_fault.csv
7393,25070,4,True,1,0,4,0,8,0.095652,classic_shard_7000_8000_per_fault.csv
7394,25071,4,True,1,0,4,0,3,0.094897,classic_shard_7000_8000_per_fault.csv
7395,25075,3,True,1,0,6,0,19,0.140589,classic_shard_7000_8000_per_fault.csv
7396,25075,4,True,1,0,4,0,8,0.095102,classic_shard_7000_8000_per_fault.csv
7397,25081,3,True,1,0,25,0,251,0.580048,classic_shard_7000_8000_per_fault.csv
7398,25093,4,True,1,0,22,0,183,0.509856,classic_shard_7000_8000_per_fault.csv
7399,25099,4,True,1,0,13,0,84,0.303573,classic_shard_7000_8000_per_fault.csv
7400,25108,4,True,1,0,41,0,379,1.883143,classic_shard_7000_8000_per_fault.csv
7401,25115,3,True,1,0,25,0,253,1.160368,classic_shard_7000_8000_per_fault.csv
7402,25115,4,True,1,0,18,0,168,0.822464,classic_shard_7000_8000_per_fault.csv
7403,25124,4,True,1,0,18,0,154,0.833438,classic_shard_7000_8000_per_fault.csv
7404,25129,3,True,1,0,27,0,528,1.239844,classic_shard_7000_8000_per_fault.csv
7405,25142,3,True,1,0,7,0,19,0.329634,classic_shard_7000_8000_per_fault.csv
7406,25145,3,False,2,22,125,0,710,5.001247,classic_shard_7000_8000_per_fault.csv
7407,25146,4,False,2,54,167,0,871,5.01739,classic_shard_7000_8000_per_fault.csv
7408,25147,3,False,2,48,175,0,871,5.028376,classic_shard_7000_8000_per_fault.csv
7409,25147,4,False,2,48,175,0,881,5.042873,classic_shard_7000_8000_per_fault.csv
7410,25149,3,False,2,61,159,0,426,5.022612,classic_shard_7000_8000_per_fault.csv
7411,25149,4,False,2,54,165,0,550,5.047902,classic_shard_7000_8000_per_fault.csv
7412,25155,4,False,2,51,171,0,1028,5.009137,classic_shard_7000_8000_per_fault.csv
7413,25157,3,False,2,64,153,0,774,5.00652,classic_shard_7000_8000_per_fault.csv
7414,25161,4,True,1,0,8,0,64,0.193567,classic_shard_7000_8000_per_fault.csv
7415,25164,4,True,1,0,8,0,64,0.192809,classic_shard_7000_8000_per_fault.csv
7416,25166,4,True,1,0,8,0,64,0.192245,classic_shard_7000_8000_per_fault.csv
7417,25167,3,True,1,0,6,0,25,0.141658,classic_shard_7000_8000_per_fault.csv
7418,25167,4,True,1,0,8,0,64,0.190028,classic_shard_7000_8000_per_fault.csv
7419,25169,3,True,1,0,6,0,25,0.141699,classic_shard_7000_8000_per_fault.csv
7420,25172,3,True,1,0,6,0,25,0.14119,classic_shard_7000_8000_per_fault.csv
7421,25181,3,True,1,0,6,0,25,0.142274,classic_shard_7000_8000_per_fault.csv
7422,25185,4,True,1,0,6,0,38,0.141692,classic_shard_7000_8000_per_fault.csv
7423,25186,3,True,1,0,6,0,25,0.141284,classic_shard_7000_8000_per_fault.csv
7424,25187,3,True,1,0,6,0,25,0.140746,classic_shard_7000_8000_per_fault.csv
7425,25188,3,True,1,0,6,0,25,0.141118,classic_shard_7000_8000_per_fault.csv
7426,25189,3,True,1,0,6,0,25,0.141916,classic_shard_7000_8000_per_fault.csv
7427,25193,4,True,1,0,8,0,65,0.189133,classic_shard_7000_8000_per_fault.csv
7428,25199,4,True,1,0,8,0,65,0.189576,classic_shard_7000_8000_per_fault.csv
7429,25200,3,True,1,0,6,0,25,0.144056,classic_shard_7000_8000_per_fault.csv
7430,25200,4,True,1,0,8,0,65,0.189506,classic_shard_7000_8000_per_fault.csv
7431,25201,3,True,1,0,6,0,25,0.141127,classic_shard_7000_8000_per_fault.csv
7432,25204,4,True,1,0,8,0,69,0.187879,classic_shard_7000_8000_per_fault.csv
7433,25205,3,True,1,0,6,0,25,0.141848,classic_shard_7000_8000_per_fault.csv
7434,25205,4,True,1,0,8,0,69,0.187637,classic_shard_7000_8000_per_fault.csv
7435,25206,4,True,1,0,8,0,69,0.187824,classic_shard_7000_8000_per_fault.csv
7436,25212,4,True,1,0,8,0,65,0.188944,classic_shard_7000_8000_per_fault.csv
7437,25214,3,True,1,0,6,0,25,0.14345,classic_shard_7000_8000_per_fault.csv
7438,25217,4,True,1,0,6,0,38,0.142927,classic_shard_7000_8000_per_fault.csv
7439,25222,4,True,1,0,6,0,38,0.14233,classic_shard_7000_8000_per_fault.csv
7440,25226,3,True,1,0,5,0,15,0.11849,classic_shard_7000_8000_per_fault.csv
7441,25227,3,True,1,0,5,0,15,0.118858,classic_shard_7000_8000_per_fault.csv
7442,25230,4,True,1,0,25,0,337,0.57944,classic_shard_7000_8000_per_fault.csv
7443,25231,3,True,1,0,5,0,15,0.121538,classic_shard_7000_8000_per_fault.csv
7444,25233,4,True,1,0,25,0,335,0.586504,classic_shard_7000_8000_per_fault.csv
7445,25242,3,True,1,0,6,0,16,0.145195,classic_shard_7000_8000_per_fault.csv
7446,25245,3,True,1,0,6,0,16,0.142488,classic_shard_7000_8000_per_fault.csv
7447,25246,4,True,1,0,26,0,347,0.601459,classic_shard_7000_8000_per_fault.csv
7448,25247,3,True,1,0,6,0,17,0.141913,classic_shard_7000_8000_per_fault.csv
7449,25252,3,True,1,0,6,0,15,0.143694,classic_shard_7000_8000_per_fault.csv
7450,25255,3,True,1,0,7,0,15,0.16696,classic_shard_7000_8000_per_fault.csv
7451,25257,3,True,1,0,7,0,16,0.170287,classic_shard_7000_8000_per_fault.csv
7452,25258,3,True,1,0,7,0,16,0.166913,classic_shard_7000_8000_per_fault.csv
7453,25259,3,True,1,0,7,0,16,0.166425,classic_shard_7000_8000_per_fault.csv
7454,25260,4,True,1,0,26,0,347,0.602224,classic_shard_7000_8000_per_fault.csv
7455,25263,3,True,1,0,7,0,16,0.166803,classic_shard_7000_8000_per_fault.csv
7456,25265,4,True,1,0,25,0,342,0.578893,classic_shard_7000_8000_per_fault.csv
7457,25267,3,True,1,0,30,0,384,0.690242,classic_shard_7000_8000_per_fault.csv
7458,25270,4,False,2,53,169,0,796,5.013096,classic_shard_7000_8000_per_fault.csv
7459,25271,3,False,2,53,169,0,760,5.033443,classic_shard_7000_8000_per_fault.csv
7460,25277,4,True,1,0,40,0,406,0.933393,classic_shard_7000_8000_per_fault.csv
7461,25281,3,False,2,54,168,0,685,5.033972,classic_shard_7000_8000_per_fault.csv
7462,25281,4,True,1,0,40,0,404,0.931238,classic_shard_7000_8000_per_fault.csv
7463,25282,4,False,2,62,160,0,1348,5.01063,classic_shard_7000_8000_per_fault.csv
7464,25289,4,False,2,53,167,0,2054,5.015693,classic_shard_7000_8000_per_fault.csv
7465,25291,4,False,2,57,159,0,1858,5.031378,classic_shard_7000_8000_per_fault.csv
7466,25294,3,False,2,48,117,0,709,5.028002,classic_shard_7000_8000_per_fault.csv
7467,25294,4,False,2,23,87,0,939,5.071306,classic_shard_7000_8000_per_fault.csv
7468,25295,4,False,2,28,84,0,964,5.143395,classic_shard_7000_8000_per_fault.csv
7469,25298,3,True,1,0,34,0,366,1.568296,classic_shard_7000_8000_per_fault.csv
7470,25300,3,True,1,0,3,0,7,0.146833,classic_shard_7000_8000_per_fault.csv
7471,25300,4,False,2,44,122,0,1063,5.040543,classic_shard_7000_8000_per_fault.csv
7472,25304,4,True,1,0,12,0,61,0.39725,classic_shard_7000_8000_per_fault.csv
7473,25309,3,True,1,0,6,0,25,0.212972,classic_shard_7000_8000_per_fault.csv
7474,25312,3,True,1,0,6,0,25,0.193825,classic_shard_7000_8000_per_fault.csv
7475,25314,4,True,1,0,12,0,62,0.448473,classic_shard_7000_8000_per_fault.csv
7476,25320,4,True,1,0,12,0,62,0.521062,classic_shard_7000_8000_per_fault.csv
7477,25324,3,True,1,0,6,0,25,0.140818,classic_shard_7000_8000_per_fault.csv
7478,25325,3,True,1,0,6,0,25,0.141168,classic_shard_7000_8000_per_fault.csv
7479,25327,3,True,1,0,6,0,25,0.14249,classic_shard_7000_8000_per_fault.csv
7480,25329,4,True,1,0,12,0,59,0.283229,classic_shard_7000_8000_per_fault.csv
7481,25330,4,True,1,0,12,0,59,0.282851,classic_shard_7000_8000_per_fault.csv
7482,25336,3,True,1,0,6,0,25,0.14095,classic_shard_7000_8000_per_fault.csv
7483,25339,4,True,1,0,12,0,64,0.283168,classic_shard_7000_8000_per_fault.csv
7484,25342,3,True,1,0,6,0,25,0.142855,classic_shard_7000_8000_per_fault.csv
7485,25345,4,True,1,0,12,0,65,0.281774,classic_shard_7000_8000_per_fault.csv
7486,25346,3,True,1,0,6,0,25,0.140924,classic_shard_7000_8000_per_fault.csv
7487,25347,3,True,1,0,6,0,25,0.140959,classic_shard_7000_8000_per_fault.csv
7488,25348,3,True,1,0,6,0,25,0.193182,classic_shard_7000_8000_per_fault.csv
7489,25349,4,True,1,0,12,0,65,0.283145,classic_shard_7000_8000_per_fault.csv
7490,25350,4,True,1,0,12,0,65,0.283188,classic_shard_7000_8000_per_fault.csv
7491,25351,4,True,1,0,12,0,65,0.309165,classic_shard_7000_8000_per_fault.csv
7492,25355,3,True,1,0,6,0,25,0.141514,classic_shard_7000_8000_per_fault.csv
7493,25356,4,True,1,0,12,0,65,0.464055,classic_shard_7000_8000_per_fault.csv
7494,25361,3,True,1,0,6,0,25,0.202282,classic_shard_7000_8000_per_fault.csv
7495,25361,4,True,1,0,12,0,62,0.461485,classic_shard_7000_8000_per_fault.csv
7496,25362,3,True,1,0,6,0,25,0.286306,classic_shard_7000_8000_per_fault.csv
7497,25362,4,True,1,0,12,0,62,0.55838,classic_shard_7000_8000_per_fault.csv
7498,25366,3,True,1,0,8,0,57,0.372007,classic_shard_7000_8000_per_fault.csv
7499,25370,3,True,1,0,8,0,57,0.379833,classic_shard_7000_8000_per_fault.csv
7500,25376,3,True,1,0,8,0,61,0.37878,classic_shard_7000_8000_per_fault.csv
7501,25376,4,True,1,1,17,0,114,0.837137,classic_shard_7000_8000_per_fault.csv
7502,25379,3,True,1,0,12,0,52,0.56717,classic_shard_7000_8000_per_fault.csv
7503,25381,3,True,1,0,12,0,49,0.563374,classic_shard_7000_8000_per_fault.csv
7504,25384,4,False,2,6,105,0,1144,5.03756,classic_shard_7000_8000_per_fault.csv
7505,25386,3,True,1,0,24,0,241,1.09546,classic_shard_7000_8000_per_fault.csv
7506,25387,4,False,2,15,97,0,1186,5.035128,classic_shard_7000_8000_per_fault.csv
7507,25396,3,False,2,21,88,0,370,5.023192,classic_shard_7000_8000_per_fault.csv
7508,25403,3,True,1,0,7,0,18,0.330062,classic_shard_7000_8000_per_fault.csv
7509,25408,4,False,2,25,84,0,582,5.043642,classic_shard_7000_8000_per_fault.csv
7510,25415,3,True,1,0,5,0,17,0.237697,classic_shard_7000_8000_per_fault.csv
7511,25418,3,True,1,0,30,0,360,1.42338,classic_shard_7000_8000_per_fault.csv
7512,25419,3,True,1,0,5,0,15,0.234065,classic_shard_7000_8000_per_fault.csv
7513,25422,3,True,1,0,33,0,233,1.537831,classic_shard_7000_8000_per_fault.csv
7514,25424,3,True,1,0,24,0,499,1.12402,classic_shard_7000_8000_per_fault.csv
7515,25426,3,True,1,0,51,0,535,2.361275,classic_shard_7000_8000_per_fault.csv
7516,25427,3,True,1,1,21,0,164,0.885223,classic_shard_7000_8000_per_fault.csv
7517,25427,4,False,2,61,147,0,1025,5.00806,classic_shard_7000_8000_per_fault.csv
7518,25428,4,False,2,64,153,0,1127,5.012573,classic_shard_7000_8000_per_fault.csv
7519,25429,3,True,1,1,22,0,175,0.533811,classic_shard_7000_8000_per_fault.csv
7520,25429,4,True,1,0,52,0,542,1.191461,classic_shard_7000_8000_per_fault.csv
7521,25430,3,True,1,0,33,0,233,0.777356,classic_shard_7000_8000_per_fault.csv
7522,25434,4,True,1,0,38,0,248,0.888301,classic_shard_7000_8000_per_fault.csv
7523,25435,4,True,1,0,58,0,476,1.356794,classic_shard_7000_8000_per_fault.csv
7524,25438,3,True,1,0,60,0,644,1.376706,classic_shard_7000_8000_per_fault.csv
7525,25438,4,True,1,0,49,0,464,1.14207,classic_shard_7000_8000_per_fault.csv
7526,25439,4,False,2,61,160,0,523,5.011982,classic_shard_7000_8000_per_fault.csv
7527,25440,4,False,2,68,159,0,241,5.438345,classic_shard_7000_8000_per_fault.csv
7528,25443,3,True,1,0,33,0,217,0.800494,classic_shard_7000_8000_per_fault.csv
7529,25444,3,True,1,0,47,0,475,1.121988,classic_shard_7000_8000_per_fault.csv
7530,25445,3,True,1,0,26,0,280,0.611197,classic_shard_7000_8000_per_fault.csv
7531,25445,4,True,1,0,26,0,280,0.609659,classic_shard_7000_8000_per_fault.csv
7532,25446,3,True,1,0,52,0,605,1.219443,classic_shard_7000_8000_per_fault.csv
7533,25450,3,True,1,0,18,0,172,0.441808,classic_shard_7000_8000_per_fault.csv
7534,25452,3,True,1,0,26,0,280,0.624357,classic_shard_7000_8000_per_fault.csv
7535,25452,4,True,1,0,26,0,280,0.634118,classic_shard_7000_8000_per_fault.csv
7536,25454,4,True,1,0,46,0,412,1.193116,classic_shard_7000_8000_per_fault.csv
7537,25455,3,True,1,0,45,0,410,1.722036,classic_shard_7000_8000_per_fault.csv
7538,25460,3,True,1,0,48,0,520,1.70687,classic_shard_7000_8000_per_fault.csv
7539,25463,4,True,1,21,59,0,476,2.654871,classic_shard_7000_8000_per_fault.csv
7540,25466,3,True,1,0,29,0,138,0.727689,classic_shard_7000_8000_per_fault.csv
7541,25467,3,True,1,0,10,0,42,0.237688,classic_shard_7000_8000_per_fault.csv
7542,25470,4,True,1,0,14,0,152,0.329433,classic_shard_7000_8000_per_fault.csv
7543,25472,3,True,1,0,10,0,42,0.237589,classic_shard_7000_8000_per_fault.csv
7544,25472,4,True,1,0,14,0,152,0.32931,classic_shard_7000_8000_per_fault.csv
7545,25473,4,True,1,0,14,0,152,0.330325,classic_shard_7000_8000_per_fault.csv
7546,25483,3,True,1,0,10,0,42,0.23835,classic_shard_7000_8000_per_fault.csv
7547,25484,3,True,1,0,10,0,42,0.237534,classic_shard_7000_8000_per_fault.csv
7548,25486,3,True,1,0,29,0,139,0.671603,classic_shard_7000_8000_per_fault.csv
7549,25488,4,True,1,0,14,0,153,0.331404,classic_shard_7000_8000_per_fault.csv
7550,25490,4,True,1,0,14,0,153,0.330399,classic_shard_7000_8000_per_fault.csv
7551,25491,3,True,1,0,10,0,42,0.237116,classic_shard_7000_8000_per_fault.csv
7552,25491,4,True,1,0,14,0,153,0.329528,classic_shard_7000_8000_per_fault.csv
7553,25492,3,True,1,0,10,0,42,0.237501,classic_shard_7000_8000_per_fault.csv
7554,25493,3,True,1,0,10,0,42,0.237872,classic_shard_7000_8000_per_fault.csv
7555,25496,4,True,1,0,14,0,122,0.326856,classic_shard_7000_8000_per_fault.csv
7556,25498,3,True,1,0,10,0,41,0.238442,classic_shard_7000_8000_per_fault.csv
7557,25500,3,True,1,0,10,0,41,0.239059,classic_shard_7000_8000_per_fault.csv
7558,25500,4,True,1,0,14,0,150,0.328862,classic_shard_7000_8000_per_fault.csv
7559,25503,3,True,1,0,10,0,41,0.237492,classic_shard_7000_8000_per_fault.csv
7560,25508,4,True,1,0,14,0,153,0.329128,classic_shard_7000_8000_per_fault.csv
7561,25510,3,True,1,0,10,0,42,0.23747,classic_shard_7000_8000_per_fault.csv
7562,25514,3,True,1,0,10,0,42,0.238473,classic_shard_7000_8000_per_fault.csv
7563,25517,3,True,1,0,10,0,42,0.236523,classic_shard_7000_8000_per_fault.csv
7564,25517,4,True,1,1,17,0,174,0.423766,classic_shard_7000_8000_per_fault.csv
7565,25521,3,True,1,0,10,0,42,0.238262,classic_shard_7000_8000_per_fault.csv
7566,25527,3,True,1,0,10,0,42,0.23759,classic_shard_7000_8000_per_fault.csv
7567,25527,4,True,1,1,17,0,176,0.423298,classic_shard_7000_8000_per_fault.csv
7568,25539,4,True,1,1,17,0,173,0.422215,classic_shard_7000_8000_per_fault.csv
7569,25540,4,True,1,1,17,0,173,0.424088,classic_shard_7000_8000_per_fault.csv
7570,25542,3,True,1,0,10,0,41,0.236941,classic_shard_7000_8000_per_fault.csv
7571,25543,4,True,1,1,17,0,173,0.422511,classic_shard_7000_8000_per_fault.csv
7572,25548,3,True,1,8,28,0,286,0.833334,classic_shard_7000_8000_per_fault.csv
7573,25549,4,True,1,0,15,0,147,0.351546,classic_shard_7000_8000_per_fault.csv
7574,25550,3,True,1,7,26,0,292,0.765708,classic_shard_7000_8000_per_fault.csv
7575,25551,4,False,2,68,154,0,1326,5.085175,classic_shard_7000_8000_per_fault.csv
7576,25552,4,False,2,61,162,0,1337,5.012053,classic_shard_7000_8000_per_fault.csv
7577,25553,3,False,2,65,154,0,1298,5.028613,classic_shard_7000_8000_per_fault.csv
7578,25553,4,True,1,0,15,0,141,0.351295,classic_shard_7000_8000_per_fault.csv
7579,25555,3,True,1,9,33,0,386,0.976457,classic_shard_7000_8000_per_fault.csv
7580,25556,3,True,1,15,42,0,451,1.327181,classic_shard_7000_8000_per_fault.csv
7581,25558,4,False,2,68,145,0,1628,5.039286,classic_shard_7000_8000_per_fault.csv
7582,25562,3,True,1,0,3,0,7,0.072009,classic_shard_7000_8000_per_fault.csv
7583,25564,4,False,2,60,140,0,853,5.166501,classic_shard_7000_8000_per_fault.csv
7584,25565,4,True,1,10,34,0,256,1.599706,classic_shard_7000_8000_per_fault.csv
7585,25566,4,True,1,0,39,0,385,0.910298,classic_shard_7000_8000_per_fault.csv
7586,25570,4,True,1,20,69,0,586,2.191274,classic_shard_7000_8000_per_fault.csv
7587,25572,3,True,1,0,37,0,356,0.865366,classic_shard_7000_8000_per_fault.csv
7588,25579,3,True,1,0,4,0,9,0.095777,classic_shard_7000_8000_per_fault.csv
7589,25579,4,False,2,47,173,0,2502,5.011491,classic_shard_7000_8000_per_fault.csv
7590,25580,4,True,1,0,18,0,175,0.42677,classic_shard_7000_8000_per_fault.csv
7591,25586,3,True,1,0,5,0,16,0.119987,classic_shard_7000_8000_per_fault.csv
7592,25587,4,True,1,0,5,0,17,0.12038,classic_shard_7000_8000_per_fault.csv
7593,25589,3,True,1,0,23,0,208,0.533613,classic_shard_7000_8000_per_fault.csv
7594,25590,4,False,2,58,159,0,1527,5.014777,classic_shard_7000_8000_per_fault.csv
7595,25592,3,True,1,0,23,0,209,0.533418,classic_shard_7000_8000_per_fault.csv
7596,25596,3,True,1,0,44,0,770,1.022681,classic_shard_7000_8000_per_fault.csv
7597,25597,3,True,1,0,5,0,10,0.118991,classic_shard_7000_8000_per_fault.csv
7598,25598,3,True,1,0,25,0,275,0.582249,classic_shard_7000_8000_per_fault.csv
7599,25600,3,True,1,0,13,0,93,0.304513,classic_shard_7000_8000_per_fault.csv
7600,25601,4,True,1,0,6,0,21,0.146364,classic_shard_7000_8000_per_fault.csv
7601,25604,4,True,1,0,6,0,21,0.142574,classic_shard_7000_8000_per_fault.csv
7602,25609,3,False,2,48,174,0,1788,5.001985,classic_shard_7000_8000_per_fault.csv
7603,25609,4,True,1,0,56,0,692,1.280954,classic_shard_7000_8000_per_fault.csv
7604,25610,3,True,1,9,59,0,345,1.582434,classic_shard_7000_8000_per_fault.csv
7605,25616,4,True,1,0,5,0,11,0.118639,classic_shard_7000_8000_per_fault.csv
7606,25621,3,True,1,0,25,0,288,0.583938,classic_shard_7000_8000_per_fault.csv
7607,25627,3,True,1,0,18,0,114,0.420722,classic_shard_7000_8000_per_fault.csv
7608,25627,4,True,1,0,18,0,115,0.420119,classic_shard_7000_8000_per_fault.csv
7609,25631,4,True,1,0,63,0,421,1.472027,classic_shard_7000_8000_per_fault.csv
7610,25635,3,True,1,0,25,0,265,0.580798,classic_shard_7000_8000_per_fault.csv
7611,25635,4,True,1,0,41,0,408,0.950539,classic_shard_7000_8000_per_fault.csv
7612,25638,4,True,1,0,18,0,120,0.421339,classic_shard_7000_8000_per_fault.csv
7613,25644,4,True,1,0,48,0,373,1.118707,classic_shard_7000_8000_per_fault.csv
7614,25664,4,True,1,0,26,0,257,0.598196,classic_shard_7000_8000_per_fault.csv
7615,25670,3,True,1,0,23,0,166,0.530436,classic_shard_7000_8000_per_fault.csv
7616,25670,4,True,1,0,23,0,167,0.532368,classic_shard_7000_8000_per_fault.csv
7617,25676,3,True,1,0,8,0,26,0.191846,classic_shard_7000_8000_per_fault.csv
7618,25678,3,False,2,64,150,0,1701,5.016033,classic_shard_7000_8000_per_fault.csv
7619,25685,4,True,1,0,8,0,26,0.1891,classic_shard_7000_8000_per_fault.csv
7620,25688,3,True,1,4,38,0,390,0.967666,classic_shard_7000_8000_per_fault.csv
7621,25689,4,True,1,4,36,0,436,0.923553,classic_shard_7000_8000_per_fault.csv
7622,25694,4,False,2,48,173,0,948,5.005639,classic_shard_7000_8000_per_fault.csv
7623,25696,3,False,2,60,159,0,683,5.03061,classic_shard_7000_8000_per_fault.csv
7624,25700,3,False,2,41,144,0,1860,5.087723,classic_shard_7000_8000_per_fault.csv
7625,25702,4,False,2,29,86,0,325,5.25923,classic_shard_7000_8000_per_fault.csv
7626,25704,3,False,2,34,99,0,548,5.038717,classic_shard_7000_8000_per_fault.csv
7627,25705,3,False,2,55,166,0,2076,5.078063,classic_shard_7000_8000_per_fault.csv
7628,25712,3,True,1,0,8,0,71,0.191034,classic_shard_7000_8000_per_fault.csv
7629,25715,4,True,1,0,6,0,30,0.144093,classic_shard_7000_8000_per_fault.csv
7630,25716,3,True,1,0,8,0,71,0.191048,classic_shard_7000_8000_per_fault.csv
7631,25721,3,True,1,0,8,0,75,0.190052,classic_shard_7000_8000_per_fault.csv
7632,25721,4,True,1,0,6,0,30,0.144449,classic_shard_7000_8000_per_fault.csv
7633,25722,3,True,1,0,8,0,75,0.18947,classic_shard_7000_8000_per_fault.csv
7634,25723,4,True,1,0,6,0,30,0.141882,classic_shard_7000_8000_per_fault.csv
7635,25725,4,True,1,0,6,0,30,0.141958,classic_shard_7000_8000_per_fault.csv
7636,25733,3,True,1,0,8,0,71,0.190792,classic_shard_7000_8000_per_fault.csv
7637,25737,3,True,1,0,6,0,43,0.143401,classic_shard_7000_8000_per_fault.csv
7638,25739,4,True,1,0,6,0,30,0.142339,classic_shard_7000_8000_per_fault.csv
7639,25746,3,True,1,0,8,0,72,0.190615,classic_shard_7000_8000_per_fault.csv
7640,25748,3,True,1,0,8,0,72,0.190256,classic_shard_7000_8000_per_fault.csv
7641,25752,3,True,1,0,8,0,76,0.190147,classic_shard_7000_8000_per_fault.csv
7642,25753,3,True,1,0,8,0,76,0.189527,classic_shard_7000_8000_per_fault.csv
7643,25754,4,True,1,0,6,0,30,0.144895,classic_shard_7000_8000_per_fault.csv
7644,25755,3,True,1,0,8,0,76,0.190457,classic_shard_7000_8000_per_fault.csv
7645,25760,3,True,1,0,8,0,72,0.190501,classic_shard_7000_8000_per_fault.csv
7646,25761,3,True,1,0,8,0,72,0.189863,classic_shard_7000_8000_per_fault.csv
7647,25769,3,True,1,0,6,0,43,0.143314,classic_shard_7000_8000_per_fault.csv
7648,25774,3,True,1,0,6,0,43,0.143662,classic_shard_7000_8000_per_fault.csv
7649,25774,4,True,1,0,6,0,30,0.142995,classic_shard_7000_8000_per_fault.csv
7650,25775,4,False,2,56,161,0,1301,5.025265,classic_shard_7000_8000_per_fault.csv
7651,25777,4,True,1,0,18,0,176,0.429683,classic_shard_7000_8000_per_fault.csv
7652,25779,3,True,1,0,5,0,13,0.121198,classic_shard_7000_8000_per_fault.csv
7653,25779,4,False,2,63,155,0,1439,5.031031,classic_shard_7000_8000_per_fault.csv
7654,25783,3,False,2,41,177,0,592,5.064693,classic_shard_7000_8000_per_fault.csv
7655,25784,3,False,2,63,156,0,968,5.001042,classic_shard_7000_8000_per_fault.csv
7656,25790,3,False,2,57,157,0,489,5.014363,classic_shard_7000_8000_per_fault.csv
7657,25792,3,False,2,61,155,0,961,5.046374,classic_shard_7000_8000_per_fault.csv
7658,25792,4,False,2,61,155,0,946,5.032246,classic_shard_7000_8000_per_fault.csv
7659,25798,4,False,2,65,156,0,1208,5.08233,classic_shard_7000_8000_per_fault.csv
7660,25799,3,True,1,0,40,0,409,1.580166,classic_shard_7000_8000_per_fault.csv
7661,25801,3,False,2,32,139,0,843,5.034099,classic_shard_7000_8000_per_fault.csv
7662,25802,3,False,2,46,150,0,663,5.029093,classic_shard_7000_8000_per_fault.csv
7663,25803,4,False,2,40,155,0,968,5.047612,classic_shard_7000_8000_per_fault.csv
7664,25804,3,False,2,46,175,0,1089,5.015705,classic_shard_7000_8000_per_fault.csv
7665,25807,3,True,1,0,34,0,362,0.780373,classic_shard_7000_8000_per_fault.csv
7666,25809,3,False,2,62,156,0,1961,5.008446,classic_shard_7000_8000_per_fault.csv
7667,25811,3,False,2,52,166,0,2068,5.042216,classic_shard_7000_8000_per_fault.csv
7668,25812,3,True,1,0,34,0,352,0.784621,classic_shard_7000_8000_per_fault.csv
7669,25814,4,True,1,0,34,0,376,0.778991,classic_shard_7000_8000_per_fault.csv
7670,25816,4,True,1,0,34,0,380,0.78265,classic_shard_7000_8000_per_fault.csv
7671,25818,3,True,1,0,3,0,8,0.071793,classic_shard_7000_8000_per_fault.csv
7672,25818,4,True,1,0,3,0,10,0.073067,classic_shard_7000_8000_per_fault.csv
7673,25819,4,True,1,0,8,0,64,0.192029,classic_shard_7000_8000_per_fault.csv
7674,25820,4,True,1,0,8,0,64,0.224271,classic_shard_7000_8000_per_fault.csv
7675,25822,3,True,1,0,6,0,25,0.173951,classic_shard_7000_8000_per_fault.csv
7676,25826,3,True,1,0,6,0,25,0.14548,classic_shard_7000_8000_per_fault.csv
7677,25826,4,True,1,0,8,0,64,0.192578,classic_shard_7000_8000_per_fault.csv
7678,25831,4,True,1,0,12,0,62,0.281985,classic_shard_7000_8000_per_fault.csv
7679,25834,4,True,1,0,12,0,62,0.28372,classic_shard_7000_8000_per_fault.csv
7680,25835,3,True,1,0,6,0,25,0.144372,classic_shard_7000_8000_per_fault.csv
7681,25837,3,True,1,0,6,0,25,0.151145,classic_shard_7000_8000_per_fault.csv
7682,25838,3,True,1,0,6,0,25,0.143955,classic_shard_7000_8000_per_fault.csv
7683,25840,4,True,1,0,8,0,68,0.18951,classic_shard_7000_8000_per_fault.csv
7684,25844,3,True,1,0,6,0,25,0.142042,classic_shard_7000_8000_per_fault.csv
7685,25844,4,True,1,0,12,0,63,0.283041,classic_shard_7000_8000_per_fault.csv
7686,25849,3,True,1,0,6,0,25,0.141548,classic_shard_7000_8000_per_fault.csv
7687,25851,4,True,1,0,8,0,64,0.191439,classic_shard_7000_8000_per_fault.csv
7688,25856,4,True,1,0,8,0,64,0.190462,classic_shard_7000_8000_per_fault.csv
7689,25859,3,True,1,0,6,0,25,0.140712,classic_shard_7000_8000_per_fault.csv
7690,25864,4,True,1,0,12,0,63,0.282253,classic_shard_7000_8000_per_fault.csv
7691,25866,4,True,1,0,12,0,63,0.284072,classic_shard_7000_8000_per_fault.csv
7692,25867,3,True,1,0,6,0,25,0.142446,classic_shard_7000_8000_per_fault.csv
7693,25868,4,True,1,0,6,0,38,0.143356,classic_shard_7000_8000_per_fault.csv
7694,25869,4,True,1,0,6,0,38,0.143977,classic_shard_7000_8000_per_fault.csv
7695,25871,4,True,1,0,6,0,38,0.14315,classic_shard_7000_8000_per_fault.csv
7696,25876,4,True,1,0,12,0,60,0.283192,classic_shard_7000_8000_per_fault.csv
7697,25880,3,True,1,0,6,0,25,0.141221,classic_shard_7000_8000_per_fault.csv
7698,25882,4,True,1,0,12,0,60,0.286684,classic_shard_7000_8000_per_fault.csv
7699,25886,3,True,1,0,6,0,25,0.143825,classic_shard_7000_8000_per_fault.csv
7700,25888,4,True,1,0,8,0,64,0.218835,classic_shard_7000_8000_per_fault.csv
7701,25892,4,True,1,0,12,0,61,0.284021,classic_shard_7000_8000_per_fault.csv
7702,25896,4,True,1,0,12,0,61,0.281972,classic_shard_7000_8000_per_fault.csv
7703,25915,4,True,1,0,8,0,64,0.190321,classic_shard_7000_8000_per_fault.csv
7704,25918,4,True,1,0,8,0,64,0.190797,classic_shard_7000_8000_per_fault.csv
7705,25923,3,True,1,0,6,0,25,0.141826,classic_shard_7000_8000_per_fault.csv
7706,25924,4,True,1,0,12,0,62,0.283905,classic_shard_7000_8000_per_fault.csv
7707,25928,4,True,1,0,12,0,62,0.282146,classic_shard_7000_8000_per_fault.csv
7708,25931,3,True,1,0,6,0,25,0.141513,classic_shard_7000_8000_per_fault.csv
7709,25931,4,True,1,0,6,0,38,0.142096,classic_shard_7000_8000_per_fault.csv
7710,25934,4,True,1,0,6,0,38,0.145449,classic_shard_7000_8000_per_fault.csv
7711,25937,3,True,1,0,6,0,25,0.14512,classic_shard_7000_8000_per_fault.csv
7712,25937,4,True,1,0,6,0,38,0.145132,classic_shard_7000_8000_per_fault.csv
7713,25946,3,True,1,0,6,0,25,0.14386,classic_shard_7000_8000_per_fault.csv
7714,25946,4,True,1,0,12,0,59,0.284105,classic_shard_7000_8000_per_fault.csv
7715,25947,3,False,2,44,176,0,1607,5.007749,classic_shard_7000_8000_per_fault.csv
7716,25949,3,False,2,48,176,0,1610,5.063584,classic_shard_7000_8000_per_fault.csv
7717,25950,3,True,1,0,31,0,308,0.723262,classic_shard_7000_8000_per_fault.csv
7718,25950,4,True,1,0,24,0,231,0.560966,classic_shard_7000_8000_per_fault.csv
7719,25954,3,False,2,50,166,0,2839,5.004516,classic_shard_7000_8000_per_fault.csv
7720,25960,4,True,1,0,37,0,376,0.855846,classic_shard_7000_8000_per_fault.csv
7721,25975,4,True,1,11,77,0,605,2.038497,classic_shard_7000_8000_per_fault.csv
7722,25978,3,True,1,0,25,0,317,0.587108,classic_shard_7000_8000_per_fault.csv
7723,25985,3,True,1,0,5,0,14,0.119714,classic_shard_7000_8000_per_fault.csv
7724,25989,3,False,2,60,158,0,1121,5.021804,classic_shard_7000_8000_per_fault.csv
7725,25989,4,True,1,2,43,0,410,1.046489,classic_shard_7000_8000_per_fault.csv
7726,25994,4,False,2,64,155,0,1366,5.02057,classic_shard_7000_8000_per_fault.csv
7727,26002,3,True,1,0,66,0,663,1.525664,classic_shard_7000_8000_per_fault.csv
7728,26005,3,True,1,0,33,0,250,0.77342,classic_shard_7000_8000_per_fault.csv
7729,26008,3,True,1,0,20,0,305,0.470066,classic_shard_7000_8000_per_fault.csv
7730,26009,4,True,1,0,12,0,67,0.281697,classic_shard_7000_8000_per_fault.csv
7731,26011,3,True,1,0,33,0,218,0.771558,classic_shard_7000_8000_per_fault.csv
7732,26014,4,True,1,0,47,0,477,1.112576,classic_shard_7000_8000_per_fault.csv
7733,26019,4,False,2,53,165,0,566,5.020846,classic_shard_7000_8000_per_fault.csv
7734,26020,3,True,1,0,33,0,251,0.7769,classic_shard_7000_8000_per_fault.csv
7735,26023,3,False,2,61,159,0,804,5.018876,classic_shard_7000_8000_per_fault.csv
7736,26024,4,True,1,55,133,0,1320,4.458342,classic_shard_7000_8000_per_fault.csv
7737,26025,3,True,1,0,33,0,218,0.775913,classic_shard_7000_8000_per_fault.csv
7738,26025,4,True,1,0,33,0,234,0.780539,classic_shard_7000_8000_per_fault.csv
7739,26028,4,False,2,56,163,0,779,5.000519,classic_shard_7000_8000_per_fault.csv
7740,26029,3,True,1,2,43,0,392,1.043225,classic_shard_7000_8000_per_fault.csv
7741,26029,4,True,1,0,10,0,64,0.236268,classic_shard_7000_8000_per_fault.csv
7742,26030,3,False,2,65,158,0,963,5.017187,classic_shard_7000_8000_per_fault.csv
7743,26039,3,True,1,0,10,0,47,0.237672,classic_shard_7000_8000_per_fault.csv
7744,26041,3,True,1,0,10,0,47,0.237487,classic_shard_7000_8000_per_fault.csv
7745,26042,3,True,1,0,11,0,70,0.258536,classic_shard_7000_8000_per_fault.csv
7746,26043,3,True,1,0,13,0,48,0.306365,classic_shard_7000_8000_per_fault.csv
7747,26046,4,True,1,0,14,0,81,0.325779,classic_shard_7000_8000_per_fault.csv
7748,26053,4,True,1,0,29,0,142,0.672171,classic_shard_7000_8000_per_fault.csv
7749,26058,3,True,1,0,10,0,47,0.237356,classic_shard_7000_8000_per_fault.csv
7750,26061,4,True,1,0,14,0,85,0.326666,classic_shard_7000_8000_per_fault.csv
7751,26062,4,False,2,66,155,0,1588,5.01429,classic_shard_7000_8000_per_fault.csv
7752,26067,3,True,1,0,10,0,46,0.239854,classic_shard_7000_8000_per_fault.csv
7753,26068,4,True,1,0,14,0,82,0.326893,classic_shard_7000_8000_per_fault.csv
7754,26069,4,True,1,0,14,0,82,0.326917,classic_shard_7000_8000_per_fault.csv
7755,26070,3,True,1,0,10,0,46,0.238177,classic_shard_7000_8000_per_fault.csv
7756,26071,3,True,1,0,10,0,46,0.238736,classic_shard_7000_8000_per_fault.csv
7757,26071,4,True,1,0,14,0,82,0.329663,classic_shard_7000_8000_per_fault.csv
7758,26072,3,True,1,0,11,0,71,0.259558,classic_shard_7000_8000_per_fault.csv
7759,26073,3,True,1,0,13,0,50,0.309242,classic_shard_7000_8000_per_fault.csv
7760,26074,3,True,1,0,10,0,47,0.243055,classic_shard_7000_8000_per_fault.csv
7761,26076,3,True,1,0,10,0,47,0.237615,classic_shard_7000_8000_per_fault.csv
7762,26078,3,True,1,0,10,0,47,0.237603,classic_shard_7000_8000_per_fault.csv
7763,26078,4,True,1,0,14,0,87,0.32567,classic_shard_7000_8000_per_fault.csv
7764,26080,3,True,1,0,10,0,47,0.237061,classic_shard_7000_8000_per_fault.csv
7765,26081,3,True,1,0,10,0,47,0.237915,classic_shard_7000_8000_per_fault.csv
7766,26082,3,True,1,0,11,0,71,0.34314,classic_shard_7000_8000_per_fault.csv
7767,26083,3,True,1,0,13,0,51,0.350997,classic_shard_7000_8000_per_fault.csv
7768,26084,4,True,1,0,14,0,88,0.325664,classic_shard_7000_8000_per_fault.csv
7769,26086,3,True,1,0,10,0,47,0.237856,classic_shard_7000_8000_per_fault.csv
7770,26086,4,True,1,0,14,0,84,0.329669,classic_shard_7000_8000_per_fault.csv
7771,26089,3,True,1,0,10,0,47,0.237632,classic_shard_7000_8000_per_fault.csv
7772,26090,3,True,1,0,10,0,47,0.239986,classic_shard_7000_8000_per_fault.csv
7773,26091,3,True,1,0,10,0,47,0.240717,classic_shard_7000_8000_per_fault.csv
7774,26097,3,True,1,0,10,0,47,0.238736,classic_shard_7000_8000_per_fault.csv
7775,26098,3,True,1,0,10,0,47,0.238264,classic_shard_7000_8000_per_fault.csv
7776,26098,4,True,1,0,14,0,88,0.32793,classic_shard_7000_8000_per_fault.csv
7777,26100,4,True,1,0,14,0,88,0.330598,classic_shard_7000_8000_per_fault.csv
7778,26102,4,False,2,66,154,0,1564,5.00405,classic_shard_7000_8000_per_fault.csv
7779,26119,4,True,1,0,14,0,153,0.33179,classic_shard_7000_8000_per_fault.csv
7780,26122,4,True,1,0,11,0,153,0.257999,classic_shard_7000_8000_per_fault.csv
7781,26123,4,True,1,0,11,0,93,0.25818,classic_shard_7000_8000_per_fault.csv
7782,26128,4,True,1,0,14,0,151,0.330424,classic_shard_7000_8000_per_fault.csv
7783,26130,4,True,1,0,14,0,151,0.329716,classic_shard_7000_8000_per_fault.csv
7784,26131,4,True,1,0,14,0,151,0.33269,classic_shard_7000_8000_per_fault.csv
7785,26134,3,True,1,0,29,0,140,0.67461,classic_shard_7000_8000_per_fault.csv
7786,26140,3,True,1,0,10,0,42,0.238523,classic_shard_7000_8000_per_fault.csv
7787,26140,4,True,1,0,14,0,154,0.329734,classic_shard_7000_8000_per_fault.csv
7788,26146,3,True,1,0,10,0,41,0.239197,classic_shard_7000_8000_per_fault.csv
7789,26147,4,True,1,0,14,0,151,0.329359,classic_shard_7000_8000_per_fault.csv
7790,26148,4,True,1,0,14,0,151,0.330369,classic_shard_7000_8000_per_fault.csv
7791,26149,4,True,1,0,14,0,151,0.332134,classic_shard_7000_8000_per_fault.csv
7792,26151,4,True,1,0,14,0,151,0.331528,classic_shard_7000_8000_per_fault.csv
7793,26152,3,True,1,0,10,0,41,0.237704,classic_shard_7000_8000_per_fault.csv
7794,26155,4,True,1,0,14,0,154,0.330849,classic_shard_7000_8000_per_fault.csv
7795,26160,3,True,1,0,17,0,209,0.400573,classic_shard_7000_8000_per_fault.csv
7796,26164,3,True,1,0,29,0,139,0.681752,classic_shard_7000_8000_per_fault.csv
7797,26167,3,True,1,0,10,0,42,0.236962,classic_shard_7000_8000_per_fault.csv
7798,26172,3,True,1,0,10,0,42,0.237894,classic_shard_7000_8000_per_fault.csv
7799,26175,3,True,1,0,17,0,209,0.402943,classic_shard_7000_8000_per_fault.csv
7800,26175,4,True,1,1,17,0,179,0.432667,classic_shard_7000_8000_per_fault.csv
7801,26176,4,True,1,1,17,0,179,0.424214,classic_shard_7000_8000_per_fault.csv
7802,26177,3,True,1,0,17,0,209,0.400328,classic_shard_7000_8000_per_fault.csv
7803,26177,4,True,1,1,17,0,179,0.425059,classic_shard_7000_8000_per_fault.csv
7804,26178,3,True,1,0,17,0,209,0.402389,classic_shard_7000_8000_per_fault.csv
7805,26181,4,True,1,1,17,0,179,0.432442,classic_shard_7000_8000_per_fault.csv
7806,26184,3,True,1,0,29,0,136,0.679295,classic_shard_7000_8000_per_fault.csv
7807,26184,4,True,1,0,14,0,122,0.328966,classic_shard_7000_8000_per_fault.csv
7808,26185,4,True,1,1,17,0,176,0.425926,classic_shard_7000_8000_per_fault.csv
7809,26187,3,True,1,0,10,0,41,0.237067,classic_shard_7000_8000_per_fault.csv
7810,26193,4,True,1,0,11,0,90,0.258775,classic_shard_7000_8000_per_fault.csv
7811,26194,3,True,1,9,32,0,259,0.957938,classic_shard_7000_8000_per_fault.csv
7812,26196,4,True,1,0,5,0,17,0.118937,classic_shard_7000_8000_per_fault.csv
7813,26199,3,True,1,1,86,0,886,2.04026,classic_shard_7000_8000_per_fault.csv
7814,26203,3,True,1,0,6,0,27,0.141532,classic_shard_7000_8000_per_fault.csv
7815,26205,3,True,1,4,50,0,821,1.257996,classic_shard_7000_8000_per_fault.csv
7816,26207,3,True,1,0,4,0,9,0.095002,classic_shard_7000_8000_per_fault.csv
7817,26209,3,True,1,0,3,0,3,0.072057,classic_shard_7000_8000_per_fault.csv
7818,26211,3,True,1,0,7,0,25,0.163289,classic_shard_7000_8000_per_fault.csv
7819,26215,4,True,1,0,23,0,208,0.530337,classic_shard_7000_8000_per_fault.csv
7820,26216,4,True,1,0,40,0,293,0.928712,classic_shard_7000_8000_per_fault.csv
7821,26219,3,True,1,0,36,0,281,0.833499,classic_shard_7000_8000_per_fault.csv
7822,26223,3,True,1,0,44,0,802,1.019948,classic_shard_7000_8000_per_fault.csv
7823,26223,4,True,1,0,39,0,512,0.903663,classic_shard_7000_8000_per_fault.csv
7824,26226,3,True,1,0,5,0,14,0.119234,classic_shard_7000_8000_per_fault.csv
7825,26226,4,True,1,0,4,0,16,0.097114,classic_shard_7000_8000_per_fault.csv
7826,26230,3,True,1,0,32,0,377,0.736297,classic_shard_7000_8000_per_fault.csv
7827,26235,4,False,2,45,173,0,1555,5.005799,classic_shard_7000_8000_per_fault.csv
7828,26240,3,True,1,0,6,0,16,0.141967,classic_shard_7000_8000_per_fault.csv
7829,26244,4,True,1,0,6,0,19,0.140201,classic_shard_7000_8000_per_fault.csv
7830,26245,3,True,1,0,3,0,3,0.072008,classic_shard_7000_8000_per_fault.csv
7831,26246,3,True,1,0,3,0,5,0.072895,classic_shard_7000_8000_per_fault.csv
7832,26247,4,True,1,0,3,0,5,0.071882,classic_shard_7000_8000_per_fault.csv
7833,26251,3,True,1,0,25,0,263,0.57973,classic_shard_7000_8000_per_fault.csv
7834,26251,4,True,1,0,48,0,377,1.119496,classic_shard_7000_8000_per_fault.csv
7835,26257,3,True,1,0,25,0,263,0.580162,classic_shard_7000_8000_per_fault.csv
7836,26260,3,True,1,0,25,0,275,0.583506,classic_shard_7000_8000_per_fault.csv
7837,26263,4,True,1,0,18,0,133,0.430943,classic_shard_7000_8000_per_fault.csv
7838,26266,4,True,1,0,22,0,183,0.514024,classic_shard_7000_8000_per_fault.csv
7839,26279,3,True,1,0,25,0,263,0.580416,classic_shard_7000_8000_per_fault.csv
7840,26285,4,True,1,0,33,0,268,0.772418,classic_shard_7000_8000_per_fault.csv
7841,26295,3,True,1,0,25,0,275,0.585613,classic_shard_7000_8000_per_fault.csv
7842,26306,4,True,1,0,7,0,26,0.16606,classic_shard_7000_8000_per_fault.csv
7843,26316,3,False,2,48,172,0,981,5.011737,classic_shard_7000_8000_per_fault.csv
7844,26318,3,False,2,31,141,0,788,5.045708,classic_shard_7000_8000_per_fault.csv
7845,26320,3,False,2,22,124,0,772,5.000475,classic_shard_7000_8000_per_fault.csv
7846,26320,4,False,2,48,171,0,913,5.083929,classic_shard_7000_8000_per_fault.csv
7847,26321,3,False,2,50,168,0,2268,5.001166,classic_shard_7000_8000_per_fault.csv
7848,26325,3,False,2,64,150,0,794,5.092272,classic_shard_7000_8000_per_fault.csv
7849,26326,3,True,1,0,6,0,15,0.144602,classic_shard_7000_8000_per_fault.csv
7850,26328,3,False,2,42,142,0,498,5.011488,classic_shard_7000_8000_per_fault.csv
7851,26331,3,False,2,64,151,0,793,5.024184,classic_shard_7000_8000_per_fault.csv
7852,26335,3,True,1,0,31,0,414,0.71409,classic_shard_7000_8000_per_fault.csv
7853,26335,4,True,1,0,32,0,428,0.736236,classic_shard_7000_8000_per_fault.csv
7854,26348,3,False,2,68,157,0,1008,5.072372,classic_shard_7000_8000_per_fault.csv
7855,26348,4,False,2,68,157,0,1050,5.082392,classic_shard_7000_8000_per_fault.csv
7856,26349,4,False,2,68,157,0,1102,5.054859,classic_shard_7000_8000_per_fault.csv
7857,26350,3,False,2,68,157,0,1051,5.066332,classic_shard_7000_8000_per_fault.csv
7858,26351,4,False,2,68,157,0,1103,5.068142,classic_shard_7000_8000_per_fault.csv
7859,26354,3,False,2,64,152,0,714,5.001919,classic_shard_7000_8000_per_fault.csv
7860,26356,3,False,2,60,157,0,948,5.032777,classic_shard_7000_8000_per_fault.csv
7861,26356,4,False,2,60,157,0,994,5.054595,classic_shard_7000_8000_per_fault.csv
7862,26362,4,False,2,53,165,0,878,5.004298,classic_shard_7000_8000_per_fault.csv
7863,26365,4,False,2,46,162,0,983,5.022993,classic_shard_7000_8000_per_fault.csv
7864,26366,3,False,2,32,138,0,878,5.010418,classic_shard_7000_8000_per_fault.csv
7865,26366,4,False,2,38,127,0,522,5.046643,classic_shard_7000_8000_per_fault.csv
7866,26369,3,False,2,52,141,0,1712,5.012832,classic_shard_7000_8000_per_fault.csv
7867,26374,3,False,2,63,154,0,1101,5.005833,classic_shard_7000_8000_per_fault.csv
7868,26375,4,True,1,0,34,0,366,0.791839,classic_shard_7000_8000_per_fault.csv
7869,26382,4,True,1,0,6,0,30,0.144465,classic_shard_7000_8000_per_fault.csv
7870,26384,4,True,1,0,6,0,30,0.143983,classic_shard_7000_8000_per_fault.csv
7871,26386,4,True,1,0,6,0,30,0.143636,classic_shard_7000_8000_per_fault.csv
7872,26387,3,True,1,0,8,0,71,0.194434,classic_shard_7000_8000_per_fault.csv
7873,26387,4,True,1,0,6,0,30,0.143697,classic_shard_7000_8000_per_fault.csv
7874,26389,4,True,1,0,6,0,30,0.144504,classic_shard_7000_8000_per_fault.csv
7875,26391,4,True,1,0,6,0,30,0.143209,classic_shard_7000_8000_per_fault.csv
7876,26394,3,True,1,0,8,0,75,0.191738,classic_shard_7000_8000_per_fault.csv
7877,26396,3,True,1,0,8,0,75,0.190731,classic_shard_7000_8000_per_fault.csv
7878,26398,4,True,1,0,6,0,30,0.143927,classic_shard_7000_8000_per_fault.csv
7879,26400,3,True,1,0,8,0,71,0.191613,classic_shard_7000_8000_per_fault.csv
7880,26402,4,True,1,0,6,0,30,0.143595,classic_shard_7000_8000_per_fault.csv
7881,26403,3,True,1,0,8,0,71,0.192233,classic_shard_7000_8000_per_fault.csv
7882,26403,4,True,1,0,6,0,30,0.143753,classic_shard_7000_8000_per_fault.csv
7883,26405,4,True,1,0,6,0,30,0.142958,classic_shard_7000_8000_per_fault.csv
7884,26406,3,True,1,0,6,0,43,0.144619,classic_shard_7000_8000_per_fault.csv
7885,26408,4,True,1,0,6,0,30,0.143678,classic_shard_7000_8000_per_fault.csv
7886,26418,3,True,1,0,8,0,71,0.192382,classic_shard_7000_8000_per_fault.csv
7887,26419,3,True,1,0,8,0,71,0.192601,classic_shard_7000_8000_per_fault.csv
7888,26419,4,True,1,0,6,0,30,0.145125,classic_shard_7000_8000_per_fault.csv
7889,26421,4,True,1,0,6,0,30,0.143525,classic_shard_7000_8000_per_fault.csv
7890,26422,4,True,1,0,6,0,30,0.143834,classic_shard_7000_8000_per_fault.csv
7891,26424,3,True,1,0,8,0,75,0.190883,classic_shard_7000_8000_per_fault.csv
7892,26426,4,True,1,0,6,0,30,0.143655,classic_shard_7000_8000_per_fault.csv
7893,26427,3,True,1,0,8,0,75,0.191599,classic_shard_7000_8000_per_fault.csv
7894,26428,3,True,1,0,8,0,75,0.190814,classic_shard_7000_8000_per_fault.csv
7895,26428,4,True,1,0,6,0,30,0.144082,classic_shard_7000_8000_per_fault.csv
7896,26432,3,True,1,0,8,0,71,0.191856,classic_shard_7000_8000_per_fault.csv
7897,26432,4,True,1,0,6,0,30,0.145367,classic_shard_7000_8000_per_fault.csv
7898,26433,4,True,1,0,6,0,30,0.143439,classic_shard_7000_8000_per_fault.csv
7899,26435,3,True,1,0,8,0,71,0.192635,classic_shard_7000_8000_per_fault.csv
7900,26435,4,True,1,0,6,0,30,0.214038,classic_shard_7000_8000_per_fault.csv
7901,26436,3,True,1,0,8,0,71,0.190962,classic_shard_7000_8000_per_fault.csv
7902,26437,3,True,1,0,6,0,43,0.143517,classic_shard_7000_8000_per_fault.csv
7903,26437,4,True,1,0,6,0,30,0.141868,classic_shard_7000_8000_per_fault.csv
7904,26444,3,True,1,0,6,0,43,0.144105,classic_shard_7000_8000_per_fault.csv
7905,26445,3,False,2,46,175,0,1640,5.065287,classic_shard_7000_8000_per_fault.csv
7906,26445,4,True,1,0,31,0,306,0.725478,classic_shard_7000_8000_per_fault.csv
7907,26447,4,False,2,44,176,0,1644,5.007102,classic_shard_7000_8000_per_fault.csv
7908,26448,3,True,1,0,31,0,308,0.723382,classic_shard_7000_8000_per_fault.csv
7909,26448,4,True,1,0,24,0,231,0.563073,classic_shard_7000_8000_per_fault.csv
7910,26459,3,True,1,64,139,0,452,4.735397,classic_shard_7000_8000_per_fault.csv
7911,26459,4,True,1,0,11,0,45,0.26044,classic_shard_7000_8000_per_fault.csv
7912,26471,4,False,2,55,165,0,955,5.060402,classic_shard_7000_8000_per_fault.csv
7913,26474,3,True,1,2,43,0,392,1.051375,classic_shard_7000_8000_per_fault.csv
7914,26475,4,False,2,54,165,0,915,5.01258,classic_shard_7000_8000_per_fault.csv
7915,26478,3,True,1,0,33,0,287,0.781192,classic_shard_7000_8000_per_fault.csv
7916,26478,4,True,1,0,33,0,288,0.768956,classic_shard_7000_8000_per_fault.csv
7917,26483,3,True,1,0,5,0,15,0.12191,classic_shard_7000_8000_per_fault.csv
7918,26483,4,True,1,0,6,0,38,0.14289,classic_shard_7000_8000_per_fault.csv
7919,26484,4,False,2,60,157,0,1208,5.021948,classic_shard_7000_8000_per_fault.csv
7920,26485,4,False,2,56,156,0,1615,5.008033,classic_shard_7000_8000_per_fault.csv
7921,26487,3,True,1,0,34,0,236,0.809389,classic_shard_7000_8000_per_fault.csv
7922,26487,4,False,2,66,153,0,558,5.01288,classic_shard_7000_8000_per_fault.csv
7923,26492,3,False,2,39,176,0,1128,5.028726,classic_shard_7000_8000_per_fault.csv
7924,26492,4,False,2,39,176,0,1214,5.010223,classic_shard_7000_8000_per_fault.csv
7925,26493,3,True,1,0,33,0,250,0.777407,classic_shard_7000_8000_per_fault.csv
7926,26494,3,True,1,0,33,0,233,0.773846,classic_shard_7000_8000_per_fault.csv
7927,26499,3,True,1,0,67,0,673,1.547829,classic_shard_7000_8000_per_fault.csv
7928,26501,4,False,2,55,143,0,1228,5.005593,classic_shard_7000_8000_per_fault.csv
7929,26502,3,False,2,67,148,0,1327,5.025805,classic_shard_7000_8000_per_fault.csv
7930,26502,4,True,1,0,39,0,283,0.92859,classic_shard_7000_8000_per_fault.csv
7931,26503,3,True,1,0,8,0,29,0.191677,classic_shard_7000_8000_per_fault.csv
7932,26508,3,True,1,0,36,0,400,0.829292,classic_shard_7000_8000_per_fault.csv
7933,26511,3,True,1,0,34,0,269,0.879225,classic_shard_7000_8000_per_fault.csv
7934,26512,3,True,1,0,41,0,295,0.967742,classic_shard_7000_8000_per_fault.csv
7935,26513,3,True,1,0,49,0,329,1.16748,classic_shard_7000_8000_per_fault.csv
7936,26516,4,False,2,68,155,0,1180,5.025583,classic_shard_7000_8000_per_fault.csv
7937,26523,3,True,1,0,25,0,124,0.578759,classic_shard_7000_8000_per_fault.csv
7938,26524,3,True,1,0,21,0,106,0.485819,classic_shard_7000_8000_per_fault.csv
7939,26526,3,True,1,0,22,0,112,0.507751,classic_shard_7000_8000_per_fault.csv
7940,26528,4,True,1,0,12,0,88,0.281839,classic_shard_7000_8000_per_fault.csv
7941,26530,3,True,1,0,24,0,126,0.577826,classic_shard_7000_8000_per_fault.csv
7942,26535,3,True,1,0,25,0,124,0.587208,classic_shard_7000_8000_per_fault.csv
7943,26537,3,True,1,0,25,0,124,0.577509,classic_shard_7000_8000_per_fault.csv
7944,26539,4,True,1,0,29,0,142,0.675533,classic_shard_7000_8000_per_fault.csv
7945,26543,4,True,1,0,14,0,82,0.323841,classic_shard_7000_8000_per_fault.csv
7946,26548,3,True,1,0,11,0,163,0.258435,classic_shard_7000_8000_per_fault.csv
7947,26552,4,True,1,0,14,0,85,0.324025,classic_shard_7000_8000_per_fault.csv
7948,26556,4,True,1,0,14,0,86,0.326137,classic_shard_7000_8000_per_fault.csv
7949,26557,4,True,1,0,14,0,86,0.324751,classic_shard_7000_8000_per_fault.csv
7950,26559,4,False,2,65,155,0,1332,5.027938,classic_shard_7000_8000_per_fault.csv
7951,26560,3,True,1,0,13,0,49,0.32638,classic_shard_7000_8000_per_fault.csv
7952,26563,4,True,1,0,14,0,82,0.330035,classic_shard_7000_8000_per_fault.csv
7953,26564,3,True,1,0,10,0,47,0.238681,classic_shard_7000_8000_per_fault.csv
7954,26566,3,True,1,0,10,0,47,0.240041,classic_shard_7000_8000_per_fault.csv
7955,26566,4,True,1,0,14,0,86,0.329486,classic_shard_7000_8000_per_fault.csv
7956,26568,3,True,1,0,10,0,47,0.240482,classic_shard_7000_8000_per_fault.csv
7957,26570,4,True,1,0,29,0,140,0.67559,classic_shard_7000_8000_per_fault.csv
7958,26572,3,True,1,0,10,0,46,0.240837,classic_shard_7000_8000_per_fault.csv
7959,26573,3,True,1,0,10,0,46,0.245829,classic_shard_7000_8000_per_fault.csv
7960,26573,4,True,1,0,14,0,79,0.349205,classic_shard_7000_8000_per_fault.csv
7961,26574,4,True,1,0,14,0,80,0.342453,classic_shard_7000_8000_per_fault.csv
7962,26576,3,True,1,0,10,0,46,0.246404,classic_shard_7000_8000_per_fault.csv
7963,26579,4,False,2,64,154,0,1248,5.012916,classic_shard_7000_8000_per_fault.csv
7964,26581,3,True,1,0,17,0,214,0.404374,classic_shard_7000_8000_per_fault.csv
7965,26582,4,True,1,0,14,0,83,0.327397,classic_shard_7000_8000_per_fault.csv
7966,26583,4,True,1,0,14,0,80,0.507115,classic_shard_7000_8000_per_fault.csv
7967,26587,4,True,1,0,14,0,84,0.380861,classic_shard_7000_8000_per_fault.csv
7968,26590,3,True,1,0,13,0,48,0.305067,classic_shard_7000_8000_per_fault.csv
7969,26590,4,True,1,0,29,0,142,0.665269,classic_shard_7000_8000_per_fault.csv
7970,26591,4,True,1,0,14,0,85,0.324098,classic_shard_7000_8000_per_fault.csv
7971,26593,3,True,1,0,10,0,47,0.235503,classic_shard_7000_8000_per_fault.csv
7972,26600,3,True,1,0,13,0,48,0.310057,classic_shard_7000_8000_per_fault.csv
7973,26604,4,True,1,0,14,0,82,0.326396,classic_shard_7000_8000_per_fault.csv
7974,26609,4,False,2,67,156,0,1248,5.048693,classic_shard_7000_8000_per_fault.csv
7975,26610,3,True,1,0,13,0,45,0.303588,classic_shard_7000_8000_per_fault.csv
7976,26613,3,True,1,0,10,0,46,0.238168,classic_shard_7000_8000_per_fault.csv
7977,26614,4,True,1,0,14,0,79,0.323038,classic_shard_7000_8000_per_fault.csv
7978,26620,4,True,1,9,32,0,276,0.957529,classic_shard_7000_8000_per_fault.csv
7979,26621,4,True,1,0,8,0,47,0.192216,classic_shard_7000_8000_per_fault.csv
7980,26623,3,True,1,0,19,0,87,0.44721,classic_shard_7000_8000_per_fault.csv
7981,26624,3,False,2,55,172,0,717,5.182265,classic_shard_7000_8000_per_fault.csv
7982,26630,4,True,1,0,19,0,166,0.492564,classic_shard_7000_8000_per_fault.csv
7983,26638,4,True,1,0,3,0,5,0.076086,classic_shard_7000_8000_per_fault.csv
7984,26640,3,True,1,0,23,0,206,0.546928,classic_shard_7000_8000_per_fault.csv
7985,26642,3,True,1,0,23,0,210,0.527123,classic_shard_7000_8000_per_fault.csv
7986,26648,3,True,1,0,5,0,10,0.119217,classic_shard_7000_8000_per_fault.csv
7987,26650,3,True,1,0,5,0,10,0.1181,classic_shard_7000_8000_per_fault.csv
7988,26652,4,True,1,0,4,0,8,0.094168,classic_shard_7000_8000_per_fault.csv
7989,26654,4,True,1,0,30,0,291,0.688843,classic_shard_7000_8000_per_fault.csv
7990,26656,3,True,1,0,30,0,335,0.686797,classic_shard_7000_8000_per_fault.csv
7991,26659,4,True,1,0,34,0,388,0.786168,classic_shard_7000_8000_per_fault.csv
7992,26669,3,True,1,0,18,0,114,0.41592,classic_shard_7000_8000_per_fault.csv
7993,26670,4,True,1,0,63,0,538,1.55302,classic_shard_7000_8000_per_fault.csv
7994,26673,4,True,1,0,63,0,421,1.48823,classic_shard_7000_8000_per_fault.csv
7995,26677,4,True,1,0,22,0,191,0.520108,classic_shard_7000_8000_per_fault.csv
7996,26680,3,True,1,0,18,0,119,0.442914,classic_shard_7000_8000_per_fault.csv
7997,26680,4,True,1,0,18,0,120,0.426833,classic_shard_7000_8000_per_fault.csv
7998,26686,3,True,1,0,48,0,372,1.127666,classic_shard_7000_8000_per_fault.csv
7999,26700,3,True,1,0,25,0,277,0.588157,classic_shard_7000_8000_per_fault.csv
8000,26706,3,True,1,0,26,0,229,0.635347,classic_shard_8000_9000_per_fault.csv
8001,26707,3,True,1,0,25,0,265,0.604214,classic_shard_8000_9000_per_fault.csv
8002,26707,4,True,1,0,26,0,257,0.62186,classic_shard_8000_9000_per_fault.csv
8003,26710,4,True,1,0,38,0,300,0.917924,classic_shard_8000_9000_per_fault.csv
8004,26719,4,True,1,0,8,0,27,0.197077,classic_shard_8000_9000_per_fault.csv
8005,26721,3,True,1,0,28,0,556,0.686695,classic_shard_8000_9000_per_fault.csv
8006,26728,4,True,1,0,8,0,26,0.198234,classic_shard_8000_9000_per_fault.csv
8007,26735,3,True,1,4,36,0,353,0.958116,classic_shard_8000_9000_per_fault.csv
8008,26736,3,False,2,51,164,0,778,5.060482,classic_shard_8000_9000_per_fault.csv
8009,26739,4,False,2,37,156,0,1232,5.017728,classic_shard_8000_9000_per_fault.csv
8010,26740,3,True,1,0,7,0,15,0.17355,classic_shard_8000_9000_per_fault.csv
8011,26741,4,False,2,52,165,0,1235,5.083766,classic_shard_8000_9000_per_fault.csv
8012,26745,3,False,2,49,165,0,2257,5.000675,classic_shard_8000_9000_per_fault.csv
8013,26746,4,False,2,61,157,0,826,5.022328,classic_shard_8000_9000_per_fault.csv
8014,26750,3,False,2,58,157,0,439,5.004811,classic_shard_8000_9000_per_fault.csv
8015,26751,3,False,2,55,168,0,2281,5.076524,classic_shard_8000_9000_per_fault.csv
8016,26752,3,False,2,61,157,0,845,5.006265,classic_shard_8000_9000_per_fault.csv
8017,26753,3,False,2,58,165,0,534,5.009922,classic_shard_8000_9000_per_fault.csv
8018,26753,4,True,1,0,40,0,419,0.930582,classic_shard_8000_9000_per_fault.csv
8019,26760,3,False,2,38,180,0,567,5.009348,classic_shard_8000_9000_per_fault.csv
8020,26760,4,False,2,46,172,0,893,5.139345,classic_shard_8000_9000_per_fault.csv
8021,26761,3,False,2,54,165,0,1036,5.037199,classic_shard_8000_9000_per_fault.csv
8022,26764,4,False,2,40,149,0,1531,5.129241,classic_shard_8000_9000_per_fault.csv
8023,26765,4,False,2,65,151,0,476,5.022869,classic_shard_8000_9000_per_fault.csv
8024,26767,4,False,2,35,157,0,530,5.085795,classic_shard_8000_9000_per_fault.csv
8025,26770,3,False,2,31,77,0,303,5.142767,classic_shard_8000_9000_per_fault.csv
8026,26773,3,False,2,57,158,0,748,5.08085,classic_shard_8000_9000_per_fault.csv
8027,26775,4,False,2,55,148,0,1186,5.007539,classic_shard_8000_9000_per_fault.csv
8028,26776,4,True,1,0,40,0,438,1.243419,classic_shard_8000_9000_per_fault.csv
8029,26777,4,False,2,35,94,0,742,5.0007,classic_shard_8000_9000_per_fault.csv
8030,26779,3,False,2,61,157,0,810,5.001219,classic_shard_8000_9000_per_fault.csv
8031,26779,4,False,2,54,167,0,903,5.038874,classic_shard_8000_9000_per_fault.csv
8032,26780,4,False,2,37,185,0,1509,5.002107,classic_shard_8000_9000_per_fault.csv
8033,26781,3,False,2,53,173,0,945,5.046058,classic_shard_8000_9000_per_fault.csv
8034,26783,4,False,2,53,168,0,874,5.017363,classic_shard_8000_9000_per_fault.csv
8035,26785,4,False,2,59,159,0,1556,5.004975,classic_shard_8000_9000_per_fault.csv
8036,26786,3,False,2,44,177,0,1261,5.016479,classic_shard_8000_9000_per_fault.csv
8037,26789,4,True,1,0,41,0,443,0.949162,classic_shard_8000_9000_per_fault.csv
8038,26790,3,True,1,0,34,0,352,0.787093,classic_shard_8000_9000_per_fault.csv
8039,26791,4,False,2,56,162,0,1905,5.00362,classic_shard_8000_9000_per_fault.csv
8040,26792,3,False,2,64,154,0,1958,5.007694,classic_shard_8000_9000_per_fault.csv
8041,26794,3,False,2,40,106,0,788,5.007075,classic_shard_8000_9000_per_fault.csv
8042,26795,3,False,2,63,150,0,1777,5.012168,classic_shard_8000_9000_per_fault.csv
8043,26796,4,False,2,62,163,0,2096,5.021526,classic_shard_8000_9000_per_fault.csv
8044,26798,4,False,2,21,113,0,1318,5.086028,classic_shard_8000_9000_per_fault.csv
8045,26799,3,False,2,8,99,0,1272,5.010593,classic_shard_8000_9000_per_fault.csv
8046,26801,4,True,1,0,31,0,315,1.479624,classic_shard_8000_9000_per_fault.csv
8047,26803,3,True,1,0,7,0,16,0.345931,classic_shard_8000_9000_per_fault.csv
8048,26810,4,True,1,0,37,0,376,1.737665,classic_shard_8000_9000_per_fault.csv
8049,26814,3,False,2,31,113,0,397,5.043358,classic_shard_8000_9000_per_fault.csv
8050,26815,3,False,2,59,155,0,485,5.015091,classic_shard_8000_9000_per_fault.csv
8051,26816,3,True,1,0,28,0,591,0.661107,classic_shard_8000_9000_per_fault.csv
8052,26816,4,False,2,66,138,0,792,5.004427,classic_shard_8000_9000_per_fault.csv
8053,26828,4,False,2,53,155,0,1938,5.014189,classic_shard_8000_9000_per_fault.csv
8054,26829,3,False,2,67,148,0,1035,5.00061,classic_shard_8000_9000_per_fault.csv
8055,26830,4,False,2,60,158,0,1121,5.015296,classic_shard_8000_9000_per_fault.csv
8056,26844,4,True,1,0,34,0,284,0.795505,classic_shard_8000_9000_per_fault.csv
8057,26845,4,True,1,0,34,0,268,1.122211,classic_shard_8000_9000_per_fault.csv
8058,26847,3,True,1,0,33,0,249,1.313543,classic_shard_8000_9000_per_fault.csv
8059,26847,4,True,1,0,41,0,407,0.947155,classic_shard_8000_9000_per_fault.csv
8060,26851,4,True,1,0,48,0,508,1.115928,classic_shard_8000_9000_per_fault.csv
8061,26856,4,True,1,0,41,0,394,0.944048,classic_shard_8000_9000_per_fault.csv
8062,26860,3,True,1,0,53,0,544,1.220305,classic_shard_8000_9000_per_fault.csv
8063,26861,4,True,1,0,8,0,37,0.190553,classic_shard_8000_9000_per_fault.csv
8064,26862,4,True,1,0,15,0,179,0.359314,classic_shard_8000_9000_per_fault.csv
8065,26869,3,True,1,0,5,0,11,0.121258,classic_shard_8000_9000_per_fault.csv
8066,26871,3,True,1,0,5,0,11,0.121008,classic_shard_8000_9000_per_fault.csv
8067,26874,3,True,1,0,12,0,58,0.284281,classic_shard_8000_9000_per_fault.csv
8068,26879,3,True,1,0,5,0,12,0.120296,classic_shard_8000_9000_per_fault.csv
8069,26885,3,True,1,0,6,0,19,0.143251,classic_shard_8000_9000_per_fault.csv
8070,26887,3,True,1,0,25,0,124,0.583322,classic_shard_8000_9000_per_fault.csv
8071,26887,4,True,1,0,13,0,56,0.310476,classic_shard_8000_9000_per_fault.csv
8072,26889,3,True,1,0,25,0,124,0.585292,classic_shard_8000_9000_per_fault.csv
8073,26890,3,True,1,0,26,0,134,0.610862,classic_shard_8000_9000_per_fault.csv
8074,26896,4,True,1,0,10,0,66,0.241112,classic_shard_8000_9000_per_fault.csv
8075,26899,4,True,1,0,13,0,52,0.308959,classic_shard_8000_9000_per_fault.csv
8076,26900,3,True,1,14,44,0,373,1.373041,classic_shard_8000_9000_per_fault.csv
8077,26904,4,True,1,0,5,0,17,0.122014,classic_shard_8000_9000_per_fault.csv
8078,26905,3,True,1,0,3,0,7,0.074388,classic_shard_8000_9000_per_fault.csv
8079,26905,4,True,1,0,19,0,105,0.455307,classic_shard_8000_9000_per_fault.csv
8080,26907,4,False,2,45,156,0,1021,5.033564,classic_shard_8000_9000_per_fault.csv
8081,26911,3,False,2,54,152,0,521,5.022982,classic_shard_8000_9000_per_fault.csv
8082,26911,4,False,2,50,145,0,896,5.017554,classic_shard_8000_9000_per_fault.csv
8083,26913,3,True,1,0,19,0,175,0.449822,classic_shard_8000_9000_per_fault.csv
8084,26917,3,True,1,0,25,0,264,0.588699,classic_shard_8000_9000_per_fault.csv
8085,26917,4,True,1,0,40,0,294,0.934224,classic_shard_8000_9000_per_fault.csv
8086,26921,3,True,1,0,36,0,283,0.840094,classic_shard_8000_9000_per_fault.csv
8087,26922,3,True,1,0,36,0,281,0.883208,classic_shard_8000_9000_per_fault.csv
8088,26924,4,True,1,0,36,0,286,0.927191,classic_shard_8000_9000_per_fault.csv
8089,26926,4,True,1,0,41,0,437,0.959872,classic_shard_8000_9000_per_fault.csv
8090,26928,4,True,1,0,30,0,305,0.697441,classic_shard_8000_9000_per_fault.csv
8091,26940,4,True,1,0,24,0,241,0.859708,classic_shard_8000_9000_per_fault.csv
8092,26943,3,True,1,0,25,0,263,0.698743,classic_shard_8000_9000_per_fault.csv
8093,26949,4,True,1,0,63,0,479,1.56689,classic_shard_8000_9000_per_fault.csv
8094,26952,3,True,1,0,25,0,275,0.774094,classic_shard_8000_9000_per_fault.csv
8095,26955,4,True,1,0,18,0,133,0.430252,classic_shard_8000_9000_per_fault.csv
8096,26962,4,True,1,0,13,0,93,0.310964,classic_shard_8000_9000_per_fault.csv
8097,26981,4,True,1,0,18,0,168,0.814139,classic_shard_8000_9000_per_fault.csv
8098,26987,3,True,1,0,25,0,275,1.17801,classic_shard_8000_9000_per_fault.csv
8099,26993,3,True,1,0,5,0,14,0.245842,classic_shard_8000_9000_per_fault.csv
8100,26994,3,False,2,26,79,0,984,5.033272,classic_shard_8000_9000_per_fault.csv
8101,26996,3,False,2,64,148,0,1908,5.010558,classic_shard_8000_9000_per_fault.csv
8102,26996,4,True,1,0,9,0,42,0.221817,classic_shard_8000_9000_per_fault.csv
8103,26999,4,True,1,0,7,0,26,0.17438,classic_shard_8000_9000_per_fault.csv
8104,27000,4,True,1,0,6,0,21,0.148745,classic_shard_8000_9000_per_fault.csv
8105,27003,4,True,1,0,8,0,32,0.197464,classic_shard_8000_9000_per_fault.csv
8106,27006,3,True,1,0,7,0,18,0.169494,classic_shard_8000_9000_per_fault.csv
8107,27006,4,True,1,4,38,0,426,0.97552,classic_shard_8000_9000_per_fault.csv
8108,27010,3,False,2,54,168,0,964,5.074372,classic_shard_8000_9000_per_fault.csv
8109,27011,3,False,2,46,174,0,1051,5.022122,classic_shard_8000_9000_per_fault.csv
8110,27012,4,False,2,49,171,0,931,5.000119,classic_shard_8000_9000_per_fault.csv
8111,27026,3,True,1,0,6,0,15,0.144227,classic_shard_8000_9000_per_fault.csv
8112,27026,4,True,1,0,25,0,335,0.583444,classic_shard_8000_9000_per_fault.csv
8113,27027,3,True,1,0,20,0,166,0.472132,classic_shard_8000_9000_per_fault.csv
8114,27028,3,True,1,0,32,0,446,0.742117,classic_shard_8000_9000_per_fault.csv
8115,27028,4,True,1,0,33,0,459,0.766436,classic_shard_8000_9000_per_fault.csv
8116,27029,3,True,1,0,18,0,192,0.42117,classic_shard_8000_9000_per_fault.csv
8117,27037,3,False,2,14,118,0,1040,5.043252,classic_shard_8000_9000_per_fault.csv
8118,27038,3,False,2,60,155,0,1209,5.043985,classic_shard_8000_9000_per_fault.csv
8119,27040,3,False,2,49,166,0,1298,5.006953,classic_shard_8000_9000_per_fault.csv
8120,27040,4,False,2,64,151,0,457,5.024244,classic_shard_8000_9000_per_fault.csv
8121,27042,4,False,2,57,181,0,820,5.491533,classic_shard_8000_9000_per_fault.csv
8122,27043,3,False,2,65,148,0,545,5.000394,classic_shard_8000_9000_per_fault.csv
8123,27045,4,False,2,59,163,0,1209,5.013888,classic_shard_8000_9000_per_fault.csv
8124,27050,4,False,2,49,140,0,1105,5.127241,classic_shard_8000_9000_per_fault.csv
8125,27051,3,False,2,32,109,0,994,5.041408,classic_shard_8000_9000_per_fault.csv
8126,27051,4,False,2,28,106,0,1033,5.043733,classic_shard_8000_9000_per_fault.csv
8127,27054,3,False,2,27,87,0,471,5.066826,classic_shard_8000_9000_per_fault.csv
8128,27054,4,False,2,25,106,0,727,5.034436,classic_shard_8000_9000_per_fault.csv
8129,27057,3,False,2,35,132,0,774,5.024473,classic_shard_8000_9000_per_fault.csv
8130,27058,3,False,2,46,175,0,1289,5.009488,classic_shard_8000_9000_per_fault.csv
8131,27059,4,False,2,59,162,0,1135,5.017335,classic_shard_8000_9000_per_fault.csv
8132,27061,4,False,2,62,159,0,2214,5.017449,classic_shard_8000_9000_per_fault.csv
8133,27064,3,False,2,50,173,0,2360,5.085754,classic_shard_8000_9000_per_fault.csv
8134,27065,3,False,2,62,159,0,1374,5.019355,classic_shard_8000_9000_per_fault.csv
8135,27065,4,False,2,58,162,0,2052,5.018296,classic_shard_8000_9000_per_fault.csv
8136,27067,3,False,2,62,159,0,1397,5.024297,classic_shard_8000_9000_per_fault.csv
8137,27071,4,True,1,0,3,0,10,0.072943,classic_shard_8000_9000_per_fault.csv
8138,27076,4,True,1,0,31,0,315,0.720801,classic_shard_8000_9000_per_fault.csv
8139,27077,4,False,2,47,179,0,2685,5.021889,classic_shard_8000_9000_per_fault.csv
8140,27087,3,False,2,65,151,0,1901,5.002365,classic_shard_8000_9000_per_fault.csv
8141,27087,4,False,2,64,153,0,1301,5.013169,classic_shard_8000_9000_per_fault.csv
8142,27097,4,False,2,54,169,0,1010,5.041198,classic_shard_8000_9000_per_fault.csv
8143,27098,3,False,2,59,162,0,966,5.016255,classic_shard_8000_9000_per_fault.csv
8144,27098,4,False,2,61,155,0,1017,5.016784,classic_shard_8000_9000_per_fault.csv
8145,27099,3,True,1,0,28,0,346,0.655732,classic_shard_8000_9000_per_fault.csv
8146,27102,4,False,2,53,169,0,1052,5.003764,classic_shard_8000_9000_per_fault.csv
8147,27105,3,True,1,0,33,0,287,0.765088,classic_shard_8000_9000_per_fault.csv
8148,27106,3,True,1,0,5,0,17,0.119551,classic_shard_8000_9000_per_fault.csv
8149,27112,4,False,2,68,151,0,1411,5.045006,classic_shard_8000_9000_per_fault.csv
8150,27116,3,True,1,2,43,0,370,1.042405,classic_shard_8000_9000_per_fault.csv
8151,27118,4,False,2,65,166,0,1261,5.35087,classic_shard_8000_9000_per_fault.csv
8152,27119,4,True,1,0,46,0,417,1.068076,classic_shard_8000_9000_per_fault.csv
8153,27120,3,True,1,0,8,0,36,0.189291,classic_shard_8000_9000_per_fault.csv
8154,27124,3,True,1,32,94,0,826,2.965134,classic_shard_8000_9000_per_fault.csv
8155,27127,3,True,1,0,6,0,12,0.148195,classic_shard_8000_9000_per_fault.csv
8156,27132,3,True,1,0,6,0,25,0.145947,classic_shard_8000_9000_per_fault.csv
8157,27134,3,True,1,0,6,0,25,0.145734,classic_shard_8000_9000_per_fault.csv
8158,27135,4,True,1,0,5,0,14,0.122539,classic_shard_8000_9000_per_fault.csv
8159,27136,4,True,1,0,5,0,14,0.121603,classic_shard_8000_9000_per_fault.csv
8160,27140,4,True,1,0,12,0,61,0.288859,classic_shard_8000_9000_per_fault.csv
8161,27144,3,True,1,0,6,0,25,0.146064,classic_shard_8000_9000_per_fault.csv
8162,27150,3,True,1,0,6,0,25,0.145535,classic_shard_8000_9000_per_fault.csv
8163,27151,3,True,1,0,6,0,25,0.146549,classic_shard_8000_9000_per_fault.csv
8164,27151,4,True,1,0,5,0,14,0.12214,classic_shard_8000_9000_per_fault.csv
8165,27153,3,True,1,0,6,0,25,0.146717,classic_shard_8000_9000_per_fault.csv
8166,27155,4,True,1,0,12,0,63,0.288977,classic_shard_8000_9000_per_fault.csv
8167,27156,4,True,1,0,12,0,63,0.289648,classic_shard_8000_9000_per_fault.csv
8168,27160,4,True,1,0,12,0,63,0.290842,classic_shard_8000_9000_per_fault.csv
8169,27162,4,True,1,0,5,0,14,0.12204,classic_shard_8000_9000_per_fault.csv
8170,27163,4,True,1,0,5,0,14,0.121767,classic_shard_8000_9000_per_fault.csv
8171,27166,3,True,1,0,6,0,25,0.14606,classic_shard_8000_9000_per_fault.csv
8172,27170,4,True,1,0,12,0,62,0.289281,classic_shard_8000_9000_per_fault.csv
8173,27171,4,True,1,0,12,0,62,0.289716,classic_shard_8000_9000_per_fault.csv
8174,27172,3,True,1,0,6,0,25,0.145452,classic_shard_8000_9000_per_fault.csv
8175,27179,3,True,1,0,6,0,25,0.145543,classic_shard_8000_9000_per_fault.csv
8176,27180,3,True,1,0,6,0,25,0.145859,classic_shard_8000_9000_per_fault.csv
8177,27185,3,True,1,0,6,0,25,0.146121,classic_shard_8000_9000_per_fault.csv
8178,27185,4,True,1,0,5,0,14,0.124891,classic_shard_8000_9000_per_fault.csv
8179,27191,3,True,1,0,6,0,25,0.144919,classic_shard_8000_9000_per_fault.csv
8180,27195,4,True,1,0,5,0,15,0.120846,classic_shard_8000_9000_per_fault.csv
8181,27197,4,True,1,0,5,0,15,0.119618,classic_shard_8000_9000_per_fault.csv
8182,27198,4,True,1,0,5,0,15,0.118872,classic_shard_8000_9000_per_fault.csv
8183,27199,4,True,1,0,5,0,15,0.119628,classic_shard_8000_9000_per_fault.csv
8184,27201,3,True,1,0,6,0,25,0.142521,classic_shard_8000_9000_per_fault.csv
8185,27204,4,True,1,0,12,0,64,0.283869,classic_shard_8000_9000_per_fault.csv
8186,27208,3,True,1,0,6,0,25,0.142789,classic_shard_8000_9000_per_fault.csv
8187,27210,4,True,1,0,5,0,15,0.118558,classic_shard_8000_9000_per_fault.csv
8188,27214,4,True,1,0,5,0,15,0.119395,classic_shard_8000_9000_per_fault.csv
8189,27215,3,True,1,0,6,0,25,0.143551,classic_shard_8000_9000_per_fault.csv
8190,27215,4,True,1,0,5,0,15,0.12181,classic_shard_8000_9000_per_fault.csv
8191,27220,3,True,1,0,6,0,25,0.142817,classic_shard_8000_9000_per_fault.csv
8192,27220,4,True,1,0,12,0,64,0.285408,classic_shard_8000_9000_per_fault.csv
8193,27223,3,True,1,0,6,0,25,0.142633,classic_shard_8000_9000_per_fault.csv
8194,27224,4,True,1,0,12,0,64,0.284222,classic_shard_8000_9000_per_fault.csv
8195,27231,3,True,1,0,6,0,25,0.142231,classic_shard_8000_9000_per_fault.csv
8196,27232,3,True,1,0,6,0,25,0.142956,classic_shard_8000_9000_per_fault.csv
8197,27239,3,True,1,0,6,0,25,0.143332,classic_shard_8000_9000_per_fault.csv
8198,27240,3,True,1,0,6,0,25,0.142112,classic_shard_8000_9000_per_fault.csv
8199,27240,4,True,1,0,12,0,65,0.284407,classic_shard_8000_9000_per_fault.csv
8200,27241,4,True,1,0,12,0,65,0.283245,classic_shard_8000_9000_per_fault.csv
8201,27242,3,True,1,0,6,0,25,0.14332,classic_shard_8000_9000_per_fault.csv
8202,27243,3,True,1,0,6,0,25,0.143298,classic_shard_8000_9000_per_fault.csv
8203,27243,4,True,1,0,5,0,14,0.12123,classic_shard_8000_9000_per_fault.csv
8204,27246,3,True,1,0,6,0,25,0.142984,classic_shard_8000_9000_per_fault.csv
8205,27247,4,True,1,0,5,0,14,0.119631,classic_shard_8000_9000_per_fault.csv
8206,27248,3,True,1,0,6,0,25,0.142456,classic_shard_8000_9000_per_fault.csv
8207,27251,3,True,1,0,6,0,25,0.141725,classic_shard_8000_9000_per_fault.csv
8208,27253,3,True,1,0,6,0,25,0.143137,classic_shard_8000_9000_per_fault.csv
8209,27257,4,True,1,0,12,0,71,0.283992,classic_shard_8000_9000_per_fault.csv
8210,27258,3,True,1,0,5,0,11,0.120034,classic_shard_8000_9000_per_fault.csv
8211,27261,3,True,1,0,5,0,11,0.119256,classic_shard_8000_9000_per_fault.csv
8212,27261,4,True,1,0,14,0,153,0.32731,classic_shard_8000_9000_per_fault.csv
8213,27266,4,True,1,0,25,0,127,0.584579,classic_shard_8000_9000_per_fault.csv
8214,27268,3,True,1,0,12,0,51,0.282205,classic_shard_8000_9000_per_fault.csv
8215,27268,4,True,1,0,25,0,127,0.581052,classic_shard_8000_9000_per_fault.csv
8216,27269,3,True,1,0,5,0,11,0.120045,classic_shard_8000_9000_per_fault.csv
8217,27270,4,True,1,0,25,0,127,0.583128,classic_shard_8000_9000_per_fault.csv
8218,27271,4,True,1,0,14,0,145,0.326769,classic_shard_8000_9000_per_fault.csv
8219,27274,3,True,1,0,12,0,59,0.284214,classic_shard_8000_9000_per_fault.csv
8220,27274,4,True,1,0,25,0,127,0.581775,classic_shard_8000_9000_per_fault.csv
8221,27279,3,False,2,50,188,0,958,5.495245,classic_shard_8000_9000_per_fault.csv
8222,27281,3,False,2,50,168,0,1108,5.020884,classic_shard_8000_9000_per_fault.csv
8223,27283,4,False,2,66,157,0,1423,5.039393,classic_shard_8000_9000_per_fault.csv
8224,27284,4,True,1,0,39,0,299,0.908684,classic_shard_8000_9000_per_fault.csv
8225,27287,3,True,1,0,3,0,7,0.072267,classic_shard_8000_9000_per_fault.csv
8226,27288,4,False,2,45,177,0,2320,5.002258,classic_shard_8000_9000_per_fault.csv
8227,27291,3,True,1,0,23,0,210,0.535733,classic_shard_8000_9000_per_fault.csv
8228,27291,4,True,1,0,23,0,210,0.841497,classic_shard_8000_9000_per_fault.csv
8229,27292,4,True,1,0,36,0,282,0.852688,classic_shard_8000_9000_per_fault.csv
8230,27293,3,True,1,0,36,0,285,0.837494,classic_shard_8000_9000_per_fault.csv
8231,27295,3,True,1,0,25,0,276,0.583386,classic_shard_8000_9000_per_fault.csv
8232,27296,4,True,1,0,36,0,320,0.837823,classic_shard_8000_9000_per_fault.csv
8233,27303,4,True,1,0,59,0,856,1.347446,classic_shard_8000_9000_per_fault.csv
8234,27305,3,True,1,0,30,0,304,0.697937,classic_shard_8000_9000_per_fault.csv
8235,27306,3,True,1,41,167,0,1857,4.765143,classic_shard_8000_9000_per_fault.csv
8236,27310,3,True,1,0,48,0,333,1.122028,classic_shard_8000_9000_per_fault.csv
8237,27313,3,True,1,0,18,0,114,0.422718,classic_shard_8000_9000_per_fault.csv
8238,27317,4,True,1,0,63,0,421,1.473677,classic_shard_8000_9000_per_fault.csv
8239,27328,3,True,1,0,22,0,169,0.514343,classic_shard_8000_9000_per_fault.csv
8240,27328,4,True,1,0,22,0,170,0.514576,classic_shard_8000_9000_per_fault.csv
8241,27339,3,True,1,0,33,0,215,0.774645,classic_shard_8000_9000_per_fault.csv
8242,27342,3,True,1,0,78,0,660,1.814589,classic_shard_8000_9000_per_fault.csv
8243,27345,4,True,1,0,41,0,351,0.95348,classic_shard_8000_9000_per_fault.csv
8244,27352,4,True,1,0,26,0,230,0.601078,classic_shard_8000_9000_per_fault.csv
8245,27356,3,True,1,0,38,0,299,0.885811,classic_shard_8000_9000_per_fault.csv
8246,27365,4,True,1,0,8,0,27,0.192343,classic_shard_8000_9000_per_fault.csv
8247,27371,3,True,1,0,7,0,20,0.166375,classic_shard_8000_9000_per_fault.csv
8248,27378,4,True,1,4,38,0,391,0.973393,classic_shard_8000_9000_per_fault.csv
8249,27383,3,False,2,56,172,0,855,5.173997,classic_shard_8000_9000_per_fault.csv
8250,27386,4,False,2,50,172,0,1373,5.014044,classic_shard_8000_9000_per_fault.csv
8251,27391,3,False,2,60,154,0,796,5.005377,classic_shard_8000_9000_per_fault.csv
8252,27391,4,False,2,61,156,0,825,5.010315,classic_shard_8000_9000_per_fault.csv
8253,27392,4,False,2,48,170,0,1211,5.008204,classic_shard_8000_9000_per_fault.csv
8254,27395,3,False,2,61,155,0,829,5.025856,classic_shard_8000_9000_per_fault.csv
8255,27397,3,False,2,61,157,0,812,5.01882,classic_shard_8000_9000_per_fault.csv
8256,27397,4,False,2,61,156,0,828,5.003511,classic_shard_8000_9000_per_fault.csv
8257,27402,3,False,2,61,156,0,845,5.008369,classic_shard_8000_9000_per_fault.csv
8258,27402,4,False,2,61,156,0,829,5.020689,classic_shard_8000_9000_per_fault.csv
8259,27405,3,True,1,0,3,0,6,0.072598,classic_shard_8000_9000_per_fault.csv
8260,27410,3,False,2,53,171,0,877,5.033824,classic_shard_8000_9000_per_fault.csv
8261,27411,4,False,2,56,184,0,995,5.462152,classic_shard_8000_9000_per_fault.csv
8262,27413,3,False,2,53,173,0,1602,5.168953,classic_shard_8000_9000_per_fault.csv
8263,27415,3,False,2,53,173,0,1667,5.168197,classic_shard_8000_9000_per_fault.csv
8264,27420,3,False,2,47,171,0,1875,5.023165,classic_shard_8000_9000_per_fault.csv
8265,27424,4,False,2,63,159,0,1255,5.012445,classic_shard_8000_9000_per_fault.csv
8266,27425,3,False,2,63,160,0,1082,5.041811,classic_shard_8000_9000_per_fault.csv
8267,27427,4,False,2,54,165,0,1170,5.068457,classic_shard_8000_9000_per_fault.csv
8268,27434,3,False,2,62,157,0,2325,5.002926,classic_shard_8000_9000_per_fault.csv
8269,27436,4,False,2,53,170,0,1077,5.049672,classic_shard_8000_9000_per_fault.csv
8270,27437,3,False,2,54,149,0,2221,5.019398,classic_shard_8000_9000_per_fault.csv
8271,27439,3,False,2,46,132,0,1861,5.006927,classic_shard_8000_9000_per_fault.csv
8272,27439,4,False,2,39,116,0,1707,5.019761,classic_shard_8000_9000_per_fault.csv
8273,27440,4,False,2,52,163,0,2241,5.00105,classic_shard_8000_9000_per_fault.csv
8274,27441,3,False,2,60,153,0,2100,5.062396,classic_shard_8000_9000_per_fault.csv
8275,27442,3,False,2,55,166,0,2252,5.034618,classic_shard_8000_9000_per_fault.csv
8276,27444,3,False,2,64,156,0,2074,5.010164,classic_shard_8000_9000_per_fault.csv
8277,27446,3,False,2,49,152,0,1276,5.009063,classic_shard_8000_9000_per_fault.csv
8278,27447,3,True,1,0,25,0,226,0.812205,classic_shard_8000_9000_per_fault.csv
8279,27447,4,False,2,48,150,0,1266,5.083093,classic_shard_8000_9000_per_fault.csv
8280,27448,3,False,2,55,163,0,1366,5.037006,classic_shard_8000_9000_per_fault.csv
8281,27452,3,True,1,0,7,0,20,0.171409,classic_shard_8000_9000_per_fault.csv
8282,27456,4,True,1,0,24,0,255,0.573766,classic_shard_8000_9000_per_fault.csv
8283,27473,3,True,1,8,73,0,632,1.898512,classic_shard_8000_9000_per_fault.csv
8284,27475,3,True,1,10,75,0,626,1.977091,classic_shard_8000_9000_per_fault.csv
8285,27475,4,True,1,0,27,0,342,0.642158,classic_shard_8000_9000_per_fault.csv
8286,27479,3,False,2,60,156,0,1241,5.02824,classic_shard_8000_9000_per_fault.csv
8287,27481,3,True,1,0,54,0,599,1.263552,classic_shard_8000_9000_per_fault.csv
8288,27487,3,True,1,0,5,0,13,0.121782,classic_shard_8000_9000_per_fault.csv
8289,27490,3,True,1,0,33,0,233,0.78113,classic_shard_8000_9000_per_fault.csv
8290,27490,4,False,2,64,152,0,1591,5.021941,classic_shard_8000_9000_per_fault.csv
8291,27492,4,False,2,61,158,0,794,5.006027,classic_shard_8000_9000_per_fault.csv
8292,27495,4,True,1,0,8,0,34,0.192311,classic_shard_8000_9000_per_fault.csv
8293,27498,4,True,1,0,34,0,324,0.80495,classic_shard_8000_9000_per_fault.csv
8294,27499,3,True,1,0,16,0,167,0.381737,classic_shard_8000_9000_per_fault.csv
8295,27501,3,True,1,0,3,0,7,0.073338,classic_shard_8000_9000_per_fault.csv
8296,27506,4,True,1,0,6,0,30,0.145762,classic_shard_8000_9000_per_fault.csv
8297,27510,4,True,1,0,6,0,30,0.145479,classic_shard_8000_9000_per_fault.csv
8298,27513,4,True,1,0,6,0,30,0.144867,classic_shard_8000_9000_per_fault.csv
8299,27515,3,True,1,0,4,0,14,0.096606,classic_shard_8000_9000_per_fault.csv
8300,27517,3,True,1,0,4,0,14,0.105865,classic_shard_8000_9000_per_fault.csv
8301,27518,3,True,1,0,4,0,14,0.09748,classic_shard_8000_9000_per_fault.csv
8302,27523,3,True,1,0,4,0,14,0.097011,classic_shard_8000_9000_per_fault.csv
8303,27525,3,True,1,0,4,0,14,0.098054,classic_shard_8000_9000_per_fault.csv
8304,27527,3,True,1,0,4,0,14,0.096959,classic_shard_8000_9000_per_fault.csv
8305,27529,3,True,1,0,4,0,14,0.09826,classic_shard_8000_9000_per_fault.csv
8306,27530,4,True,1,0,6,0,30,0.145641,classic_shard_8000_9000_per_fault.csv
8307,27531,3,True,1,0,4,0,14,0.098721,classic_shard_8000_9000_per_fault.csv
8308,27531,4,True,1,0,6,0,30,0.143976,classic_shard_8000_9000_per_fault.csv
8309,27536,4,True,1,0,6,0,30,0.144105,classic_shard_8000_9000_per_fault.csv
8310,27541,3,True,1,0,4,0,15,0.098154,classic_shard_8000_9000_per_fault.csv
8311,27542,3,True,1,0,4,0,15,0.097056,classic_shard_8000_9000_per_fault.csv
8312,27544,4,True,1,0,6,0,30,0.143931,classic_shard_8000_9000_per_fault.csv
8313,27548,4,True,1,0,6,0,30,0.14394,classic_shard_8000_9000_per_fault.csv
8314,27555,3,True,1,0,4,0,15,0.097131,classic_shard_8000_9000_per_fault.csv
8315,27555,4,True,1,0,6,0,30,0.144821,classic_shard_8000_9000_per_fault.csv
8316,27556,3,True,1,0,4,0,15,0.09822,classic_shard_8000_9000_per_fault.csv
8317,27557,3,True,1,0,4,0,15,0.097268,classic_shard_8000_9000_per_fault.csv
8318,27559,3,True,1,0,4,0,14,0.097346,classic_shard_8000_9000_per_fault.csv
8319,27562,4,True,1,0,6,0,30,0.143696,classic_shard_8000_9000_per_fault.csv
8320,27564,3,True,1,0,4,0,14,0.097141,classic_shard_8000_9000_per_fault.csv
8321,27568,3,True,1,0,6,0,25,0.144562,classic_shard_8000_9000_per_fault.csv
8322,27576,4,True,1,0,12,0,62,0.290336,classic_shard_8000_9000_per_fault.csv
8323,27577,3,True,1,0,6,0,25,0.150606,classic_shard_8000_9000_per_fault.csv
8324,27577,4,True,1,0,12,0,62,0.288189,classic_shard_8000_9000_per_fault.csv
8325,27579,4,True,1,0,12,0,62,0.28786,classic_shard_8000_9000_per_fault.csv
8326,27580,3,True,1,0,6,0,25,0.144682,classic_shard_8000_9000_per_fault.csv
8327,27580,4,True,1,0,12,0,62,0.286662,classic_shard_8000_9000_per_fault.csv
8328,27581,4,True,1,0,12,0,62,0.287134,classic_shard_8000_9000_per_fault.csv
8329,27583,4,True,1,0,5,0,14,0.120923,classic_shard_8000_9000_per_fault.csv
8330,27589,3,True,1,0,6,0,25,0.143947,classic_shard_8000_9000_per_fault.csv
8331,27593,4,True,1,0,12,0,64,0.289231,classic_shard_8000_9000_per_fault.csv
8332,27596,3,True,1,0,6,0,25,0.144476,classic_shard_8000_9000_per_fault.csv
8333,27598,4,True,1,0,12,0,64,0.287742,classic_shard_8000_9000_per_fault.csv
8334,27599,4,True,1,0,5,0,14,0.120823,classic_shard_8000_9000_per_fault.csv
8335,27603,3,True,1,0,6,0,25,0.144382,classic_shard_8000_9000_per_fault.csv
8336,27603,4,True,1,0,5,0,14,0.127186,classic_shard_8000_9000_per_fault.csv
8337,27605,3,True,1,0,6,0,25,0.145329,classic_shard_8000_9000_per_fault.csv
8338,27605,4,True,1,0,5,0,14,0.120945,classic_shard_8000_9000_per_fault.csv
8339,27608,4,True,1,0,12,0,63,0.286654,classic_shard_8000_9000_per_fault.csv
8340,27609,3,True,1,0,6,0,25,0.143762,classic_shard_8000_9000_per_fault.csv
8341,27612,4,True,1,0,12,0,63,0.287494,classic_shard_8000_9000_per_fault.csv
8342,27613,3,True,1,0,6,0,25,0.143855,classic_shard_8000_9000_per_fault.csv
8343,27614,4,True,1,0,12,0,63,0.287578,classic_shard_8000_9000_per_fault.csv
8344,27618,3,True,1,0,6,0,25,0.144568,classic_shard_8000_9000_per_fault.csv
8345,27620,4,True,1,0,5,0,14,0.120938,classic_shard_8000_9000_per_fault.csv
8346,27622,3,True,1,0,6,0,25,0.144439,classic_shard_8000_9000_per_fault.csv
8347,27623,3,True,1,0,6,0,25,0.144661,classic_shard_8000_9000_per_fault.csv
8348,27626,3,True,1,0,6,0,25,0.144354,classic_shard_8000_9000_per_fault.csv
8349,27629,3,True,1,0,6,0,25,0.143659,classic_shard_8000_9000_per_fault.csv
8350,27630,3,True,1,0,6,0,25,0.144135,classic_shard_8000_9000_per_fault.csv
8351,27639,3,True,1,0,6,0,25,0.144799,classic_shard_8000_9000_per_fault.csv
8352,27640,4,True,1,0,12,0,61,0.286589,classic_shard_8000_9000_per_fault.csv
8353,27642,4,True,1,0,12,0,61,0.286713,classic_shard_8000_9000_per_fault.csv
8354,27644,3,True,1,0,6,0,25,0.143075,classic_shard_8000_9000_per_fault.csv
8355,27645,4,True,1,0,12,0,61,0.286417,classic_shard_8000_9000_per_fault.csv
8356,27646,4,True,1,0,12,0,61,0.28713,classic_shard_8000_9000_per_fault.csv
8357,27648,3,True,1,0,6,0,25,0.144885,classic_shard_8000_9000_per_fault.csv
8358,27649,4,True,1,0,5,0,14,0.121535,classic_shard_8000_9000_per_fault.csv
8359,27653,4,True,1,0,5,0,14,0.120417,classic_shard_8000_9000_per_fault.csv
8360,27655,3,True,1,0,6,0,25,0.146202,classic_shard_8000_9000_per_fault.csv
8361,27657,3,True,1,0,6,0,25,0.146762,classic_shard_8000_9000_per_fault.csv
8362,27657,4,True,1,0,12,0,65,0.291656,classic_shard_8000_9000_per_fault.csv
8363,27658,4,True,1,0,12,0,65,0.293148,classic_shard_8000_9000_per_fault.csv
8364,27660,4,True,1,0,12,0,65,0.291784,classic_shard_8000_9000_per_fault.csv
8365,27664,3,True,1,0,6,0,25,0.145205,classic_shard_8000_9000_per_fault.csv
8366,27665,3,True,1,0,6,0,25,0.144567,classic_shard_8000_9000_per_fault.csv
8367,27665,4,True,1,0,5,0,14,0.120844,classic_shard_8000_9000_per_fault.csv
8368,27667,3,True,1,0,6,0,25,0.144072,classic_shard_8000_9000_per_fault.csv
8369,27667,4,True,1,0,5,0,14,0.121357,classic_shard_8000_9000_per_fault.csv
8370,27674,3,True,1,0,6,0,25,0.142645,classic_shard_8000_9000_per_fault.csv
8371,27676,3,True,1,0,6,0,25,0.143592,classic_shard_8000_9000_per_fault.csv
8372,27676,4,True,1,0,12,0,62,0.287182,classic_shard_8000_9000_per_fault.csv
8373,27685,3,True,1,0,6,0,25,0.143504,classic_shard_8000_9000_per_fault.csv
8374,27685,4,True,1,0,5,0,14,0.122038,classic_shard_8000_9000_per_fault.csv
8375,27688,3,True,1,0,6,0,25,0.144055,classic_shard_8000_9000_per_fault.csv
8376,27689,3,True,1,0,6,0,25,0.143771,classic_shard_8000_9000_per_fault.csv
8377,27690,3,True,1,0,6,0,25,0.143278,classic_shard_8000_9000_per_fault.csv
8378,27691,3,True,1,0,6,0,25,0.144363,classic_shard_8000_9000_per_fault.csv
8379,27698,4,True,1,0,11,0,94,0.26075,classic_shard_8000_9000_per_fault.csv
8380,27709,3,True,1,0,19,0,175,0.448743,classic_shard_8000_9000_per_fault.csv
8381,27712,3,True,1,0,51,0,866,1.76134,classic_shard_8000_9000_per_fault.csv
8382,27713,4,False,2,25,86,0,1473,5.032679,classic_shard_8000_9000_per_fault.csv
8383,27715,4,True,1,0,23,0,232,1.042594,classic_shard_8000_9000_per_fault.csv
8384,27716,3,True,1,0,45,0,611,2.066024,classic_shard_8000_9000_per_fault.csv
8385,27716,4,True,1,0,45,0,640,2.07601,classic_shard_8000_9000_per_fault.csv
8386,27722,4,True,1,1,43,0,346,2.039497,classic_shard_8000_9000_per_fault.csv
8387,27724,3,True,1,0,25,0,265,1.160225,classic_shard_8000_9000_per_fault.csv
8388,27724,4,True,1,0,30,0,333,1.380183,classic_shard_8000_9000_per_fault.csv
8389,27728,4,True,1,0,48,0,377,2.238077,classic_shard_8000_9000_per_fault.csv
8390,27747,4,True,1,0,48,0,416,2.226708,classic_shard_8000_9000_per_fault.csv
8391,27770,3,True,1,0,25,0,275,1.156239,classic_shard_8000_9000_per_fault.csv
8392,27770,4,True,1,0,38,0,328,1.312908,classic_shard_8000_9000_per_fault.csv
8393,27773,4,True,1,0,23,0,180,0.533353,classic_shard_8000_9000_per_fault.csv
8394,27784,4,True,1,0,7,0,26,0.16665,classic_shard_8000_9000_per_fault.csv
8395,27785,4,True,1,0,6,0,21,0.144241,classic_shard_8000_9000_per_fault.csv
8396,27796,3,False,2,51,171,0,1139,5.007719,classic_shard_8000_9000_per_fault.csv
8397,27797,4,False,2,41,142,0,898,5.105819,classic_shard_8000_9000_per_fault.csv
8398,27798,4,False,2,21,90,0,443,5.012888,classic_shard_8000_9000_per_fault.csv
8399,27799,4,False,2,39,154,0,988,5.005627,classic_shard_8000_9000_per_fault.csv
8400,27801,3,False,2,24,87,0,326,5.095761,classic_shard_8000_9000_per_fault.csv
8401,27805,3,False,2,23,118,0,1802,5.004196,classic_shard_8000_9000_per_fault.csv
8402,27805,4,False,2,54,164,0,891,5.014474,classic_shard_8000_9000_per_fault.csv
8403,27806,4,False,2,58,162,0,547,5.015392,classic_shard_8000_9000_per_fault.csv
8404,27815,4,True,1,0,25,0,337,0.581419,classic_shard_8000_9000_per_fault.csv
8405,27818,3,False,2,59,163,0,678,5.001539,classic_shard_8000_9000_per_fault.csv
8406,27821,3,False,2,65,157,0,1329,5.013333,classic_shard_8000_9000_per_fault.csv
8407,27824,3,False,2,42,176,0,552,5.009732,classic_shard_8000_9000_per_fault.csv
8408,27832,3,False,2,43,175,0,1317,5.005086,classic_shard_8000_9000_per_fault.csv
8409,27834,3,False,2,65,152,0,659,5.082589,classic_shard_8000_9000_per_fault.csv
8410,27834,4,False,2,65,152,0,650,5.070085,classic_shard_8000_9000_per_fault.csv
8411,27837,4,False,2,48,170,0,1855,5.006902,classic_shard_8000_9000_per_fault.csv
8412,27838,4,False,2,13,96,0,983,5.035966,classic_shard_8000_9000_per_fault.csv
8413,27842,3,False,2,18,101,0,773,5.015461,classic_shard_8000_9000_per_fault.csv
8414,27843,4,False,2,47,175,0,1276,5.043494,classic_shard_8000_9000_per_fault.csv
8415,27849,4,False,2,55,167,0,2860,5.02072,classic_shard_8000_9000_per_fault.csv
8416,27850,3,False,2,50,171,0,2496,5.047832,classic_shard_8000_9000_per_fault.csv
8417,27851,3,False,2,47,132,0,1963,5.054639,classic_shard_8000_9000_per_fault.csv
8418,27851,4,False,2,58,147,0,2185,5.14378,classic_shard_8000_9000_per_fault.csv
8419,27854,3,False,2,36,132,0,1804,5.034781,classic_shard_8000_9000_per_fault.csv
8420,27857,4,False,2,61,149,0,1133,5.004729,classic_shard_8000_9000_per_fault.csv
8421,27859,3,False,2,57,167,0,1387,5.052248,classic_shard_8000_9000_per_fault.csv
8422,27860,4,False,2,55,168,0,1411,5.021772,classic_shard_8000_9000_per_fault.csv
8423,27863,3,True,1,0,24,0,241,0.560185,classic_shard_8000_9000_per_fault.csv
8424,27865,4,True,1,0,27,0,344,0.623713,classic_shard_8000_9000_per_fault.csv
8425,27866,4,False,2,49,171,0,3301,5.060569,classic_shard_8000_9000_per_fault.csv
8426,27878,3,True,1,12,56,0,614,1.565889,classic_shard_8000_9000_per_fault.csv
8427,27878,4,True,1,12,56,0,615,1.56713,classic_shard_8000_9000_per_fault.csv
8428,27886,3,False,2,58,158,0,1913,5.000857,classic_shard_8000_9000_per_fault.csv
8429,27886,4,False,2,45,119,0,573,5.004653,classic_shard_8000_9000_per_fault.csv
8430,27893,3,True,1,0,33,0,287,1.582168,classic_shard_8000_9000_per_fault.csv
8431,27897,4,True,1,0,30,0,361,1.15639,classic_shard_8000_9000_per_fault.csv
8432,27898,4,True,1,0,6,0,38,0.250714,classic_shard_8000_9000_per_fault.csv
8433,27899,3,True,1,0,33,0,250,1.310976,classic_shard_8000_9000_per_fault.csv
8434,27900,3,False,2,16,94,0,516,5.057153,classic_shard_8000_9000_per_fault.csv
8435,27900,4,True,1,0,42,0,411,1.618147,classic_shard_8000_9000_per_fault.csv
8436,27901,3,True,1,0,34,0,370,1.58229,classic_shard_8000_9000_per_fault.csv
8437,27904,3,True,1,2,43,0,392,1.953006,classic_shard_8000_9000_per_fault.csv
8438,27905,3,False,2,64,141,0,1533,5.0413,classic_shard_8000_9000_per_fault.csv
8439,27907,3,True,1,2,43,0,369,1.52254,classic_shard_8000_9000_per_fault.csv
8440,27909,3,True,1,0,6,0,12,0.143999,classic_shard_8000_9000_per_fault.csv
8441,27911,3,True,1,0,19,0,87,0.451185,classic_shard_8000_9000_per_fault.csv
8442,27912,3,False,2,45,121,0,1249,5.136369,classic_shard_8000_9000_per_fault.csv
8443,27917,4,True,1,0,6,0,30,0.230373,classic_shard_8000_9000_per_fault.csv
8444,27918,3,True,1,0,4,0,14,0.207108,classic_shard_8000_9000_per_fault.csv
8445,27918,4,True,1,0,6,0,30,0.289885,classic_shard_8000_9000_per_fault.csv
8446,27919,4,True,1,0,6,0,30,0.28029,classic_shard_8000_9000_per_fault.csv
8447,27923,4,True,1,0,6,0,30,0.294158,classic_shard_8000_9000_per_fault.csv
8448,27924,3,True,1,0,4,0,14,0.199104,classic_shard_8000_9000_per_fault.csv
8449,27925,4,True,1,0,6,0,30,0.286654,classic_shard_8000_9000_per_fault.csv
8450,27929,4,True,1,0,6,0,30,0.205236,classic_shard_8000_9000_per_fault.csv
8451,27931,3,True,1,0,4,0,14,0.098657,classic_shard_8000_9000_per_fault.csv
8452,27933,4,True,1,0,6,0,30,0.142028,classic_shard_8000_9000_per_fault.csv
8453,27941,4,True,1,0,6,0,30,0.14358,classic_shard_8000_9000_per_fault.csv
8454,27942,3,True,1,0,4,0,14,0.096386,classic_shard_8000_9000_per_fault.csv
8455,27942,4,True,1,0,6,0,30,0.142434,classic_shard_8000_9000_per_fault.csv
8456,27943,3,True,1,0,4,0,14,0.099336,classic_shard_8000_9000_per_fault.csv
8457,27943,4,True,1,0,6,0,30,0.150204,classic_shard_8000_9000_per_fault.csv
8458,27946,4,True,1,0,6,0,30,0.145918,classic_shard_8000_9000_per_fault.csv
8459,27947,3,True,1,0,4,0,14,0.100964,classic_shard_8000_9000_per_fault.csv
8460,27949,4,True,1,0,6,0,30,0.174984,classic_shard_8000_9000_per_fault.csv
8461,27953,3,True,1,0,4,0,14,0.231617,classic_shard_8000_9000_per_fault.csv
8462,27953,4,True,1,0,6,0,30,0.317431,classic_shard_8000_9000_per_fault.csv
8463,27956,4,True,1,0,6,0,30,0.302138,classic_shard_8000_9000_per_fault.csv
8464,27958,4,True,1,0,6,0,30,0.173605,classic_shard_8000_9000_per_fault.csv
8465,27962,3,True,1,0,4,0,14,0.099518,classic_shard_8000_9000_per_fault.csv
8466,27962,4,True,1,0,6,0,30,0.147139,classic_shard_8000_9000_per_fault.csv
8467,27965,3,True,1,0,4,0,14,0.098381,classic_shard_8000_9000_per_fault.csv
8468,27967,3,True,1,0,4,0,14,0.102438,classic_shard_8000_9000_per_fault.csv
8469,27969,3,True,1,0,4,0,14,0.162187,classic_shard_8000_9000_per_fault.csv
8470,27970,4,True,1,0,6,0,30,0.349453,classic_shard_8000_9000_per_fault.csv
8471,27973,3,True,1,0,4,0,14,0.229518,classic_shard_8000_9000_per_fault.csv
8472,27973,4,True,1,0,6,0,30,0.289082,classic_shard_8000_9000_per_fault.csv
8473,27974,3,True,1,0,4,0,14,0.182993,classic_shard_8000_9000_per_fault.csv
8474,27976,4,True,1,0,6,0,30,0.165388,classic_shard_8000_9000_per_fault.csv
8475,27979,3,True,1,0,4,0,14,0.120632,classic_shard_8000_9000_per_fault.csv
8476,27980,3,True,1,0,3,0,7,0.121099,classic_shard_8000_9000_per_fault.csv
8477,27981,4,True,1,0,19,0,105,0.577009,classic_shard_8000_9000_per_fault.csv
8478,27983,3,True,1,0,3,0,7,0.076566,classic_shard_8000_9000_per_fault.csv
8479,27985,4,False,2,52,138,0,447,5.016372,classic_shard_8000_9000_per_fault.csv
8480,27988,3,True,1,0,6,0,43,0.142417,classic_shard_8000_9000_per_fault.csv
8481,27990,4,True,1,0,39,0,299,0.9147,classic_shard_8000_9000_per_fault.csv
8482,27999,3,True,1,0,51,0,906,1.183806,classic_shard_8000_9000_per_fault.csv
8483,28000,3,True,1,0,47,0,672,1.094676,classic_shard_8000_9000_per_fault.csv
8484,28001,4,True,1,0,36,0,282,0.838606,classic_shard_8000_9000_per_fault.csv
8485,28005,4,True,1,0,36,0,320,0.837659,classic_shard_8000_9000_per_fault.csv
8486,28006,3,True,1,0,4,0,7,0.096799,classic_shard_8000_9000_per_fault.csv
8487,28007,4,True,1,0,4,0,10,0.097258,classic_shard_8000_9000_per_fault.csv
8488,28012,4,True,1,0,48,0,334,1.122201,classic_shard_8000_9000_per_fault.csv
8489,28019,3,True,1,0,63,0,420,1.469535,classic_shard_8000_9000_per_fault.csv
8490,28020,4,True,1,0,63,0,538,1.469156,classic_shard_8000_9000_per_fault.csv
8491,28038,3,True,1,0,25,0,277,0.583165,classic_shard_8000_9000_per_fault.csv
8492,28038,4,True,1,0,13,0,93,0.306036,classic_shard_8000_9000_per_fault.csv
8493,28049,4,True,1,0,41,0,408,0.953401,classic_shard_8000_9000_per_fault.csv
8494,28056,3,True,1,0,25,0,265,0.583561,classic_shard_8000_9000_per_fault.csv
8495,28065,4,True,1,0,18,0,141,0.423228,classic_shard_8000_9000_per_fault.csv
8496,28069,3,True,1,0,33,0,457,0.781411,classic_shard_8000_9000_per_fault.csv
8497,28073,4,True,1,0,7,0,21,0.16713,classic_shard_8000_9000_per_fault.csv
8498,28081,3,True,1,0,7,0,21,0.167818,classic_shard_8000_9000_per_fault.csv
8499,28088,3,False,2,60,159,0,534,5.011993,classic_shard_8000_9000_per_fault.csv
8500,28088,4,False,2,16,105,0,1336,5.01192,classic_shard_8000_9000_per_fault.csv
8501,28089,4,False,2,60,148,0,1589,5.034506,classic_shard_8000_9000_per_fault.csv
8502,28090,3,False,2,49,145,0,740,5.148064,classic_shard_8000_9000_per_fault.csv
8503,28091,3,True,1,0,7,0,16,0.238936,classic_shard_8000_9000_per_fault.csv
8504,28092,4,False,2,23,102,0,1707,5.087446,classic_shard_8000_9000_per_fault.csv
8505,28096,4,False,2,60,150,0,777,5.006418,classic_shard_8000_9000_per_fault.csv
8506,28100,3,False,2,55,172,0,2481,5.119989,classic_shard_8000_9000_per_fault.csv
8507,28101,4,False,2,60,153,0,808,5.017634,classic_shard_8000_9000_per_fault.csv
8508,28103,3,False,2,58,165,0,592,5.05614,classic_shard_8000_9000_per_fault.csv
8509,28105,4,False,2,61,161,0,1586,5.017659,classic_shard_8000_9000_per_fault.csv
8510,28107,3,False,2,56,161,0,496,5.011027,classic_shard_8000_9000_per_fault.csv
8511,28109,4,False,2,49,171,0,1623,5.00684,classic_shard_8000_9000_per_fault.csv
8512,28111,4,False,2,49,168,0,1616,5.003218,classic_shard_8000_9000_per_fault.csv
8513,28112,3,False,2,57,166,0,822,5.007422,classic_shard_8000_9000_per_fault.csv
8514,28112,4,False,2,49,174,0,867,5.012656,classic_shard_8000_9000_per_fault.csv
8515,28116,4,False,2,46,172,0,1954,5.013369,classic_shard_8000_9000_per_fault.csv
8516,28118,3,False,2,46,172,0,1987,5.009748,classic_shard_8000_9000_per_fault.csv
8517,28119,3,False,2,49,171,0,1455,5.013445,classic_shard_8000_9000_per_fault.csv
8518,28120,4,False,2,44,173,0,1771,5.009677,classic_shard_8000_9000_per_fault.csv
8519,28121,4,False,2,56,179,0,858,5.433129,classic_shard_8000_9000_per_fault.csv
8520,28122,4,False,2,43,177,0,604,5.023105,classic_shard_8000_9000_per_fault.csv
8521,28128,3,False,2,49,166,0,1573,5.007127,classic_shard_8000_9000_per_fault.csv
8522,28132,3,False,2,38,102,0,575,5.02825,classic_shard_8000_9000_per_fault.csv
8523,28132,4,False,2,22,91,0,740,5.174518,classic_shard_8000_9000_per_fault.csv
8524,28133,3,False,2,6,107,0,1520,5.14161,classic_shard_8000_9000_per_fault.csv
8525,28133,4,False,2,3,106,0,1232,5.087055,classic_shard_8000_9000_per_fault.csv
8526,28139,4,False,2,24,86,0,1344,5.130971,classic_shard_8000_9000_per_fault.csv
8527,28140,4,False,2,20,93,0,629,5.208094,classic_shard_8000_9000_per_fault.csv
8528,28145,3,False,2,37,111,0,1702,5.029931,classic_shard_8000_9000_per_fault.csv
8529,28146,3,False,2,52,164,0,2326,5.027801,classic_shard_8000_9000_per_fault.csv
8530,28153,3,False,2,53,160,0,1427,5.037462,classic_shard_8000_9000_per_fault.csv
8531,28154,4,True,1,0,24,0,231,1.123387,classic_shard_8000_9000_per_fault.csv
8532,28161,3,True,1,0,24,0,254,1.104622,classic_shard_8000_9000_per_fault.csv
8533,28167,4,True,1,0,8,0,32,0.381527,classic_shard_8000_9000_per_fault.csv
8534,28168,3,False,2,21,87,0,330,5.0299,classic_shard_8000_9000_per_fault.csv
8535,28170,3,True,1,0,30,0,691,1.430077,classic_shard_8000_9000_per_fault.csv
8536,28179,3,True,1,9,74,0,631,3.825016,classic_shard_8000_9000_per_fault.csv
8537,28180,3,False,2,20,87,0,926,5.025242,classic_shard_8000_9000_per_fault.csv
8538,28181,4,True,1,9,74,0,654,3.893578,classic_shard_8000_9000_per_fault.csv
8539,28182,4,False,2,20,86,0,952,5.009762,classic_shard_8000_9000_per_fault.csv
8540,28188,3,True,1,0,5,0,14,0.238611,classic_shard_8000_9000_per_fault.csv
8541,28192,3,True,1,2,43,0,417,2.126786,classic_shard_8000_9000_per_fault.csv
8542,28194,3,False,2,32,75,0,752,5.056715,classic_shard_8000_9000_per_fault.csv
8543,28197,4,True,1,0,19,0,290,0.894827,classic_shard_8000_9000_per_fault.csv
8544,28203,3,True,1,0,3,0,7,0.141723,classic_shard_8000_9000_per_fault.csv
8545,28205,3,True,1,0,6,0,12,0.278771,classic_shard_8000_9000_per_fault.csv
8546,28207,4,True,1,0,34,0,549,1.57364,classic_shard_8000_9000_per_fault.csv
8547,28212,3,True,1,0,6,0,43,0.280004,classic_shard_8000_9000_per_fault.csv
8548,28213,3,True,1,0,6,0,27,0.290784,classic_shard_8000_9000_per_fault.csv
8549,28213,4,True,1,0,6,0,17,0.289803,classic_shard_8000_9000_per_fault.csv
8550,28214,4,False,2,20,88,0,892,5.01634,classic_shard_8000_9000_per_fault.csv
8551,28216,3,True,1,0,19,0,175,0.896538,classic_shard_8000_9000_per_fault.csv
8552,28225,3,True,1,0,36,0,284,1.708792,classic_shard_8000_9000_per_fault.csv
8553,28226,3,True,1,0,4,0,19,0.196421,classic_shard_8000_9000_per_fault.csv
8554,28236,3,True,1,0,25,0,275,1.218068,classic_shard_8000_9000_per_fault.csv
8555,28239,3,True,1,0,25,0,275,1.162197,classic_shard_8000_9000_per_fault.csv
8556,28239,4,True,1,0,22,0,177,1.024856,classic_shard_8000_9000_per_fault.csv
8557,28245,3,True,1,0,25,0,275,1.185624,classic_shard_8000_9000_per_fault.csv
8558,28259,4,True,1,0,78,0,734,3.61814,classic_shard_8000_9000_per_fault.csv
8559,28268,3,True,1,0,25,0,263,1.165269,classic_shard_8000_9000_per_fault.csv
8560,28269,3,True,1,0,25,0,265,1.163773,classic_shard_8000_9000_per_fault.csv
8561,28275,3,True,1,0,25,0,275,1.183546,classic_shard_8000_9000_per_fault.csv
8562,28281,3,True,1,0,5,0,14,0.23687,classic_shard_8000_9000_per_fault.csv
8563,28282,3,False,2,26,80,0,1057,5.031437,classic_shard_8000_9000_per_fault.csv
8564,28291,4,True,1,0,8,0,32,0.379828,classic_shard_8000_9000_per_fault.csv
8565,28294,3,True,1,0,7,0,18,0.337931,classic_shard_8000_9000_per_fault.csv
8566,28298,4,False,2,18,94,0,769,5.188462,classic_shard_8000_9000_per_fault.csv
8567,28301,3,False,2,18,92,0,885,5.122084,classic_shard_8000_9000_per_fault.csv
8568,28302,4,False,2,18,96,0,931,5.259091,classic_shard_8000_9000_per_fault.csv
8569,28303,4,False,2,15,94,0,753,5.08634,classic_shard_8000_9000_per_fault.csv
8570,28311,3,False,2,15,93,0,698,5.028218,classic_shard_8000_9000_per_fault.csv
8571,28312,3,False,2,19,88,0,513,5.021521,classic_shard_8000_9000_per_fault.csv
8572,28313,4,False,2,24,88,0,335,5.168443,classic_shard_8000_9000_per_fault.csv
8573,28314,3,True,1,0,20,0,166,0.928045,classic_shard_8000_9000_per_fault.csv
8574,28314,4,False,2,20,90,0,521,5.032491,classic_shard_8000_9000_per_fault.csv
8575,28318,3,False,2,23,88,0,922,5.131155,classic_shard_8000_9000_per_fault.csv
8576,28320,4,False,2,24,92,0,752,5.33144,classic_shard_8000_9000_per_fault.csv
8577,28327,4,False,2,23,88,0,588,5.072105,classic_shard_8000_9000_per_fault.csv
8578,28328,4,False,2,26,87,0,859,5.162635,classic_shard_8000_9000_per_fault.csv
8579,28332,4,False,2,0,109,0,855,5.030174,classic_shard_8000_9000_per_fault.csv
8580,28333,4,False,2,27,81,0,333,5.016898,classic_shard_8000_9000_per_fault.csv
8581,28334,3,False,2,27,82,0,387,5.058596,classic_shard_8000_9000_per_fault.csv
8582,28336,4,False,2,9,103,0,1414,5.226185,classic_shard_8000_9000_per_fault.csv
8583,28345,3,False,2,18,90,0,724,5.015417,classic_shard_8000_9000_per_fault.csv
8584,28346,3,False,2,10,98,0,935,5.025592,classic_shard_8000_9000_per_fault.csv
8585,28347,4,False,2,23,83,0,637,5.125448,classic_shard_8000_9000_per_fault.csv
8586,28349,4,False,2,20,84,0,1362,5.010892,classic_shard_8000_9000_per_fault.csv
8587,28351,4,False,2,16,94,0,1475,5.174467,classic_shard_8000_9000_per_fault.csv
8588,28352,3,False,2,8,97,0,1326,5.033361,classic_shard_8000_9000_per_fault.csv
8589,28352,4,True,1,0,43,0,463,2.17454,classic_shard_8000_9000_per_fault.csv
8590,28356,3,False,2,12,92,0,1249,5.085002,classic_shard_8000_9000_per_fault.csv
8591,28356,4,False,2,8,94,0,1267,5.024661,classic_shard_8000_9000_per_fault.csv
8592,28359,4,False,2,26,91,0,1248,5.121475,classic_shard_8000_9000_per_fault.csv
8593,28363,3,False,2,35,122,0,1312,5.0141,classic_shard_8000_9000_per_fault.csv
8594,28365,3,True,1,0,24,0,241,0.776306,classic_shard_8000_9000_per_fault.csv
8595,28366,3,True,1,0,3,0,6,0.128498,classic_shard_8000_9000_per_fault.csv
8596,28375,4,True,1,0,33,0,769,1.277171,classic_shard_8000_9000_per_fault.csv
8597,28378,4,False,2,62,150,0,183,5.021063,classic_shard_8000_9000_per_fault.csv
8598,28382,3,True,1,0,7,0,18,0.16959,classic_shard_8000_9000_per_fault.csv
8599,28385,3,True,1,0,8,0,29,0.193135,classic_shard_8000_9000_per_fault.csv
8600,28389,4,False,2,60,156,0,720,5.013695,classic_shard_8000_9000_per_fault.csv
8601,28393,4,True,1,0,33,0,288,0.779133,classic_shard_8000_9000_per_fault.csv
8602,28394,3,True,1,0,5,0,17,0.121757,classic_shard_8000_9000_per_fault.csv
8603,28400,3,True,1,2,43,0,415,1.060901,classic_shard_8000_9000_per_fault.csv
8604,28403,4,False,2,66,145,0,1709,5.01081,classic_shard_8000_9000_per_fault.csv
8605,28406,4,True,1,0,51,0,577,1.203009,classic_shard_8000_9000_per_fault.csv
8606,28409,4,True,1,0,8,0,46,0.194985,classic_shard_8000_9000_per_fault.csv
8607,28410,3,True,1,0,3,0,7,0.074839,classic_shard_8000_9000_per_fault.csv
8608,28411,3,True,1,0,19,0,87,0.462258,classic_shard_8000_9000_per_fault.csv
8609,28412,4,False,2,69,143,0,1575,5.088231,classic_shard_8000_9000_per_fault.csv
8610,28417,4,True,1,0,5,0,17,0.122188,classic_shard_8000_9000_per_fault.csv
8611,28419,3,True,1,0,3,0,7,0.074336,classic_shard_8000_9000_per_fault.csv
8612,28420,4,True,1,0,19,0,105,0.468577,classic_shard_8000_9000_per_fault.csv
8613,28424,3,True,1,3,58,0,472,1.495983,classic_shard_8000_9000_per_fault.csv
8614,28431,3,True,1,0,3,0,7,0.073944,classic_shard_8000_9000_per_fault.csv
8615,28431,4,True,1,0,18,0,175,0.430934,classic_shard_8000_9000_per_fault.csv
8616,28434,4,False,2,40,129,0,2576,5.001985,classic_shard_8000_9000_per_fault.csv
8617,28444,3,True,1,0,48,0,333,1.705491,classic_shard_8000_9000_per_fault.csv
8618,28456,4,True,1,0,22,0,191,0.524482,classic_shard_8000_9000_per_fault.csv
8619,28462,4,True,1,0,22,0,170,0.521511,classic_shard_8000_9000_per_fault.csv
8620,28466,4,True,1,0,78,0,808,2.77694,classic_shard_8000_9000_per_fault.csv
8621,28469,3,True,1,0,13,0,75,0.475484,classic_shard_8000_9000_per_fault.csv
8622,28470,4,True,1,0,13,0,93,0.501139,classic_shard_8000_9000_per_fault.csv
8623,28471,3,True,1,0,4,0,7,0.185024,classic_shard_8000_9000_per_fault.csv
8624,28474,3,True,1,0,33,0,215,1.43812,classic_shard_8000_9000_per_fault.csv
8625,28477,3,True,1,0,78,0,660,2.594931,classic_shard_8000_9000_per_fault.csv
8626,28477,4,True,1,0,78,0,661,1.970272,classic_shard_8000_9000_per_fault.csv
8627,28487,4,True,1,0,26,0,230,0.603675,classic_shard_8000_9000_per_fault.csv
8628,28488,4,True,1,0,26,0,257,0.694056,classic_shard_8000_9000_per_fault.csv
8629,28491,3,True,1,0,38,0,299,0.88991,classic_shard_8000_9000_per_fault.csv
8630,28497,4,True,1,0,18,0,141,0.425617,classic_shard_8000_9000_per_fault.csv
8631,28500,3,True,1,0,8,0,26,0.361966,classic_shard_8000_9000_per_fault.csv
8632,28500,4,True,1,0,8,0,27,0.194956,classic_shard_8000_9000_per_fault.csv
8633,28503,4,True,1,0,32,0,729,0.758302,classic_shard_8000_9000_per_fault.csv
8634,28506,4,True,1,0,7,0,21,0.166488,classic_shard_8000_9000_per_fault.csv
8635,28519,3,False,2,40,123,0,442,5.003129,classic_shard_8000_9000_per_fault.csv
8636,28520,4,False,2,55,168,0,1108,5.072386,classic_shard_8000_9000_per_fault.csv
8637,28525,3,False,2,49,172,0,2859,5.017674,classic_shard_8000_9000_per_fault.csv
8638,28529,4,False,2,61,155,0,815,5.026228,classic_shard_8000_9000_per_fault.csv
8639,28539,3,True,1,0,6,0,16,0.145082,classic_shard_8000_9000_per_fault.csv
8640,28548,3,False,2,17,131,0,1327,5.009924,classic_shard_8000_9000_per_fault.csv
8641,28555,4,False,2,52,127,0,653,5.006045,classic_shard_8000_9000_per_fault.csv
8642,28556,4,False,2,43,164,0,1446,5.036016,classic_shard_8000_9000_per_fault.csv
8643,28560,3,False,2,21,125,0,1442,5.00234,classic_shard_8000_9000_per_fault.csv
8644,28560,4,False,2,52,129,0,618,5.009372,classic_shard_8000_9000_per_fault.csv
8645,28563,3,False,2,39,178,0,1635,5.033017,classic_shard_8000_9000_per_fault.csv
8646,28565,3,False,2,49,147,0,923,5.056088,classic_shard_8000_9000_per_fault.csv
8647,28566,4,False,2,31,114,0,848,5.015158,classic_shard_8000_9000_per_fault.csv
8648,28567,3,False,2,54,166,0,1307,5.014016,classic_shard_8000_9000_per_fault.csv
8649,28568,3,True,1,0,3,0,6,0.07385,classic_shard_8000_9000_per_fault.csv
8650,28569,4,False,2,55,165,0,2786,5.001362,classic_shard_8000_9000_per_fault.csv
8651,28571,3,False,2,59,160,0,720,5.012463,classic_shard_8000_9000_per_fault.csv
8652,28572,3,False,2,58,160,0,2696,5.020486,classic_shard_8000_9000_per_fault.csv
8653,28574,3,False,2,58,159,0,2606,5.00805,classic_shard_8000_9000_per_fault.csv
8654,28583,3,True,1,0,25,0,226,0.594162,classic_shard_8000_9000_per_fault.csv
8655,28584,3,True,1,0,31,0,305,0.732901,classic_shard_8000_9000_per_fault.csv
8656,28585,3,True,1,0,25,0,242,0.591995,classic_shard_8000_9000_per_fault.csv
8657,28591,3,False,2,42,169,0,3245,5.006424,classic_shard_8000_9000_per_fault.csv
8658,28600,3,True,1,0,9,0,34,0.216876,classic_shard_8000_9000_per_fault.csv
8659,28601,3,False,2,64,149,0,893,5.018369,classic_shard_8000_9000_per_fault.csv
8660,28603,4,False,2,65,149,0,2173,5.017375,classic_shard_8000_9000_per_fault.csv
8661,28613,4,True,1,0,29,0,410,0.689683,classic_shard_8000_9000_per_fault.csv
8662,28618,4,True,1,0,32,0,771,0.75861,classic_shard_8000_9000_per_fault.csv
8663,28627,4,True,1,2,43,0,438,1.150739,classic_shard_8000_9000_per_fault.csv
8664,28630,4,True,1,0,25,0,566,0.647853,classic_shard_8000_9000_per_fault.csv
8665,28634,4,True,1,0,23,0,459,0.540968,classic_shard_8000_9000_per_fault.csv
8666,28638,3,False,2,68,142,0,1636,5.011798,classic_shard_8000_9000_per_fault.csv
8667,28638,4,True,1,0,47,0,525,1.09846,classic_shard_8000_9000_per_fault.csv
8668,28640,3,True,1,0,20,0,243,0.470853,classic_shard_8000_9000_per_fault.csv
8669,28646,3,False,2,59,149,0,1480,5.060607,classic_shard_8000_9000_per_fault.csv
8670,28647,4,True,1,0,30,0,348,0.98635,classic_shard_8000_9000_per_fault.csv
8671,28651,3,True,1,0,48,0,578,1.42251,classic_shard_8000_9000_per_fault.csv
8672,28659,3,True,1,0,31,0,302,0.758707,classic_shard_8000_9000_per_fault.csv
8673,28659,4,True,1,0,40,0,294,0.930008,classic_shard_8000_9000_per_fault.csv
8674,28663,3,True,1,0,36,0,285,0.847049,classic_shard_8000_9000_per_fault.csv
8675,28666,4,True,1,0,48,0,377,1.122186,classic_shard_8000_9000_per_fault.csv
8676,28670,3,True,1,0,25,0,279,0.582678,classic_shard_8000_9000_per_fault.csv
8677,28679,3,True,1,0,25,0,275,0.582247,classic_shard_8000_9000_per_fault.csv
8678,28685,4,True,1,0,48,0,416,1.114234,classic_shard_8000_9000_per_fault.csv
8679,28699,3,True,1,0,31,0,334,0.727702,classic_shard_8000_9000_per_fault.csv
8680,28702,4,True,1,0,33,0,268,0.779475,classic_shard_8000_9000_per_fault.csv
8681,28706,3,True,1,0,25,0,265,0.582278,classic_shard_8000_9000_per_fault.csv
8682,28709,4,True,1,0,38,0,328,0.891211,classic_shard_8000_9000_per_fault.csv
8683,28718,4,True,1,0,8,0,33,0.189833,classic_shard_8000_9000_per_fault.csv
8684,28719,3,False,2,64,152,0,2018,5.021738,classic_shard_8000_9000_per_fault.csv
8685,28723,3,True,1,0,5,0,12,0.118409,classic_shard_8000_9000_per_fault.csv
8686,28730,3,True,1,0,7,0,18,0.165992,classic_shard_8000_9000_per_fault.csv
8687,28734,3,False,2,59,176,0,1441,5.335399,classic_shard_8000_9000_per_fault.csv
8688,28737,4,False,2,60,161,0,519,5.080283,classic_shard_8000_9000_per_fault.csv
8689,28738,3,False,2,55,168,0,1109,5.107418,classic_shard_8000_9000_per_fault.csv
8690,28740,3,False,2,62,159,0,512,5.018866,classic_shard_8000_9000_per_fault.csv
8691,28740,4,False,2,70,159,0,536,5.140341,classic_shard_8000_9000_per_fault.csv
8692,28742,3,False,2,57,164,0,1179,5.012715,classic_shard_8000_9000_per_fault.csv
8693,28744,4,False,2,57,164,0,1169,5.011288,classic_shard_8000_9000_per_fault.csv
8694,28745,4,False,2,71,161,0,536,5.200667,classic_shard_8000_9000_per_fault.csv
8695,28746,4,False,2,61,161,0,568,5.018471,classic_shard_8000_9000_per_fault.csv
8696,28750,3,True,1,0,3,0,6,0.070153,classic_shard_8000_9000_per_fault.csv
8697,28750,4,True,1,0,3,0,8,0.069463,classic_shard_8000_9000_per_fault.csv
8698,28753,4,False,2,50,171,0,736,5.014335,classic_shard_8000_9000_per_fault.csv
8699,28755,3,False,2,46,121,0,482,5.010939,classic_shard_8000_9000_per_fault.csv
8700,28757,3,False,2,64,170,0,633,5.333921,classic_shard_8000_9000_per_fault.csv
8701,28759,4,False,2,40,180,0,2095,5.008799,classic_shard_8000_9000_per_fault.csv
8702,28761,4,False,2,44,176,0,1975,5.018564,classic_shard_8000_9000_per_fault.csv
8703,28764,3,False,2,59,165,0,680,5.039083,classic_shard_8000_9000_per_fault.csv
8704,28766,3,False,2,43,179,0,2082,5.002472,classic_shard_8000_9000_per_fault.csv
8705,28766,4,False,2,51,173,0,1381,5.008814,classic_shard_8000_9000_per_fault.csv
8706,28769,3,True,1,0,3,0,6,0.069024,classic_shard_8000_9000_per_fault.csv
8707,28772,4,False,2,63,163,0,1043,5.050748,classic_shard_8000_9000_per_fault.csv
8708,28776,3,False,2,46,176,0,2775,5.004963,classic_shard_8000_9000_per_fault.csv
8709,28778,4,False,2,47,179,0,2818,5.028416,classic_shard_8000_9000_per_fault.csv
8710,28782,3,False,2,65,164,0,2886,5.011631,classic_shard_8000_9000_per_fault.csv
8711,28786,3,True,1,0,25,0,253,0.56735,classic_shard_8000_9000_per_fault.csv
8712,28786,4,True,1,0,54,0,895,1.216371,classic_shard_8000_9000_per_fault.csv
8713,28788,4,False,2,46,187,0,3094,5.064729,classic_shard_8000_9000_per_fault.csv
8714,28797,4,True,1,0,11,0,44,0.251582,classic_shard_8000_9000_per_fault.csv
8715,28798,4,False,2,65,156,0,1505,5.013603,classic_shard_8000_9000_per_fault.csv
8716,28803,4,True,1,0,34,0,992,0.770367,classic_shard_8000_9000_per_fault.csv
8717,28808,4,False,2,64,162,0,1156,5.035394,classic_shard_8000_9000_per_fault.csv
8718,28809,4,False,2,49,174,0,1204,5.019477,classic_shard_8000_9000_per_fault.csv
8719,28813,3,True,1,0,29,0,415,0.662006,classic_shard_8000_9000_per_fault.csv
8720,28814,3,False,2,70,153,0,1931,5.040676,classic_shard_8000_9000_per_fault.csv
8721,28817,4,True,1,0,33,0,288,0.745521,classic_shard_8000_9000_per_fault.csv
8722,28818,4,True,1,0,21,0,214,0.477783,classic_shard_8000_9000_per_fault.csv
8723,28821,4,True,1,0,30,0,361,0.677286,classic_shard_8000_9000_per_fault.csv
8724,28822,4,True,1,0,6,0,38,0.136425,classic_shard_8000_9000_per_fault.csv
8725,28827,4,True,1,0,55,0,655,1.24012,classic_shard_8000_9000_per_fault.csv
8726,28830,4,False,2,70,149,0,1868,5.006334,classic_shard_8000_9000_per_fault.csv
8727,28833,4,False,2,60,168,0,1914,5.046481,classic_shard_8000_9000_per_fault.csv
8728,28839,4,False,2,60,168,0,1944,5.020039,classic_shard_8000_9000_per_fault.csv
8729,28840,3,True,1,0,19,0,87,0.441709,classic_shard_8000_9000_per_fault.csv
8730,28842,3,True,1,0,48,0,531,1.090097,classic_shard_8000_9000_per_fault.csv
8731,28843,4,True,1,2,43,0,419,1.017615,classic_shard_8000_9000_per_fault.csv
8732,28846,3,True,1,0,6,0,12,0.139324,classic_shard_8000_9000_per_fault.csv
8733,28851,4,True,1,0,44,0,457,1.013571,classic_shard_8000_9000_per_fault.csv
8734,28853,3,True,1,0,6,0,12,0.140731,classic_shard_8000_9000_per_fault.csv
8735,28854,4,True,1,0,30,0,319,0.721057,classic_shard_8000_9000_per_fault.csv
8736,28862,3,True,1,0,3,0,7,0.070797,classic_shard_8000_9000_per_fault.csv
8737,28862,4,True,1,0,18,0,175,0.428393,classic_shard_8000_9000_per_fault.csv
8738,28867,4,True,1,0,23,0,210,0.521333,classic_shard_8000_9000_per_fault.csv
8739,28868,3,True,1,0,48,0,1125,1.084429,classic_shard_8000_9000_per_fault.csv
8740,28869,3,True,1,0,31,0,320,0.71091,classic_shard_8000_9000_per_fault.csv
8741,28874,4,True,1,0,22,0,192,0.501953,classic_shard_8000_9000_per_fault.csv
8742,28878,4,True,1,0,48,0,334,1.09711,classic_shard_8000_9000_per_fault.csv
8743,28881,3,True,1,0,18,0,114,0.410742,classic_shard_8000_9000_per_fault.csv
8744,28886,4,True,1,0,63,0,538,1.4354,classic_shard_8000_9000_per_fault.csv
8745,28890,3,True,1,0,31,0,336,0.707982,classic_shard_8000_9000_per_fault.csv
8746,28899,3,True,1,0,48,0,372,1.092341,classic_shard_8000_9000_per_fault.csv
8747,28899,4,True,1,0,48,0,373,1.094345,classic_shard_8000_9000_per_fault.csv
8748,28900,3,True,1,0,25,0,265,0.568264,classic_shard_8000_9000_per_fault.csv
8749,28903,4,True,1,0,13,0,76,0.31082,classic_shard_8000_9000_per_fault.csv
8750,28914,4,True,1,0,41,0,351,0.934961,classic_shard_8000_9000_per_fault.csv
8751,28915,4,True,1,0,41,0,408,0.933927,classic_shard_8000_9000_per_fault.csv
8752,28918,4,True,1,0,33,0,240,0.757941,classic_shard_8000_9000_per_fault.csv
8753,28921,4,True,1,0,26,0,230,0.593406,classic_shard_8000_9000_per_fault.csv
8754,28922,4,True,1,0,26,0,257,0.588398,classic_shard_8000_9000_per_fault.csv
8755,28931,4,True,1,0,18,0,141,0.410108,classic_shard_8000_9000_per_fault.csv
8756,28939,3,True,1,0,7,0,20,0.162071,classic_shard_8000_9000_per_fault.csv
8757,28943,3,True,1,0,8,0,25,0.184466,classic_shard_8000_9000_per_fault.csv
8758,28950,3,True,1,4,36,0,353,0.90844,classic_shard_8000_9000_per_fault.csv
8759,28955,3,True,1,0,7,0,16,0.163855,classic_shard_8000_9000_per_fault.csv
8760,28955,4,False,2,62,162,0,1987,5.004917,classic_shard_8000_9000_per_fault.csv
8761,28958,4,False,2,55,177,0,3080,5.098953,classic_shard_8000_9000_per_fault.csv
8762,28961,4,False,2,55,177,0,3097,5.116077,classic_shard_8000_9000_per_fault.csv
8763,28964,3,False,2,52,158,0,654,5.013974,classic_shard_8000_9000_per_fault.csv
8764,28965,3,True,1,0,40,0,421,0.916063,classic_shard_8000_9000_per_fault.csv
8765,28965,4,True,1,0,18,0,176,0.41652,classic_shard_8000_9000_per_fault.csv
8766,28966,3,True,1,0,3,0,6,0.068569,classic_shard_8000_9000_per_fault.csv
8767,28972,4,False,2,51,181,0,611,5.130867,classic_shard_8000_9000_per_fault.csv
8768,28974,3,False,2,46,180,0,1874,5.000224,classic_shard_8000_9000_per_fault.csv
8769,28974,4,False,2,46,181,0,1849,5.014858,classic_shard_8000_9000_per_fault.csv
8770,28977,3,False,2,53,173,0,1867,5.005737,classic_shard_8000_9000_per_fault.csv
8771,28979,4,False,2,61,167,0,705,5.006932,classic_shard_8000_9000_per_fault.csv
8772,28985,3,False,2,46,180,0,2921,5.00105,classic_shard_8000_9000_per_fault.csv
8773,28988,4,False,2,62,167,0,1121,5.004361,classic_shard_8000_9000_per_fault.csv
8774,28991,3,False,2,63,162,0,2149,5.089546,classic_shard_8000_9000_per_fault.csv
8775,28992,3,True,1,0,3,0,6,0.06914,classic_shard_8000_9000_per_fault.csv
8776,28992,4,False,2,64,168,0,2430,5.022998,classic_shard_8000_9000_per_fault.csv
8777,28993,4,False,2,53,175,0,1871,5.003244,classic_shard_8000_9000_per_fault.csv
8778,28996,4,True,1,0,27,0,344,0.606667,classic_shard_8000_9000_per_fault.csv
8779,28997,3,False,2,62,165,0,1269,5.020216,classic_shard_8000_9000_per_fault.csv
8780,29000,4,True,1,0,24,0,255,0.544998,classic_shard_8000_9000_per_fault.csv
8781,29006,4,True,1,0,8,0,32,0.183754,classic_shard_8000_9000_per_fault.csv
8782,29007,3,True,1,64,140,0,562,4.631374,classic_shard_8000_9000_per_fault.csv
8783,29015,4,True,1,0,8,0,36,0.183471,classic_shard_8000_9000_per_fault.csv
8784,29018,3,True,1,7,72,0,681,1.763494,classic_shard_8000_9000_per_fault.csv
8785,29020,3,True,1,0,30,0,428,0.679535,classic_shard_8000_9000_per_fault.csv
8786,29020,4,True,1,7,72,0,704,1.82535,classic_shard_8000_9000_per_fault.csv
8787,29023,4,False,2,60,165,0,1194,5.013859,classic_shard_8000_9000_per_fault.csv
8788,29024,3,False,2,60,161,0,1153,5.010231,classic_shard_8000_9000_per_fault.csv
8789,29025,4,True,1,2,43,0,394,1.065433,classic_shard_8000_9000_per_fault.csv
8790,29033,3,False,2,63,147,0,1996,5.012289,classic_shard_8000_9000_per_fault.csv
8791,29033,4,True,1,2,43,0,415,1.033257,classic_shard_8000_9000_per_fault.csv
8792,29037,3,True,1,0,28,0,743,0.647586,classic_shard_8000_9000_per_fault.csv
8793,29039,3,True,1,0,27,0,689,0.624651,classic_shard_8000_9000_per_fault.csv
8794,29045,4,True,1,0,19,0,105,0.444674,classic_shard_8000_9000_per_fault.csv
8795,29048,4,True,1,0,20,0,239,0.460041,classic_shard_8000_9000_per_fault.csv
8796,29051,3,True,1,0,6,0,12,0.139419,classic_shard_8000_9000_per_fault.csv
8797,29053,4,True,1,0,38,0,655,0.875945,classic_shard_8000_9000_per_fault.csv
8798,29054,3,True,1,0,6,0,43,0.149521,classic_shard_8000_9000_per_fault.csv
8799,29057,4,True,1,0,6,0,17,0.1524,classic_shard_8000_9000_per_fault.csv
8800,29059,4,True,1,0,33,0,251,0.824058,classic_shard_8000_9000_per_fault.csv
8801,29060,4,True,1,0,33,0,270,0.754395,classic_shard_8000_9000_per_fault.csv
8802,29062,4,True,1,0,6,0,17,0.138224,classic_shard_8000_9000_per_fault.csv
8803,29063,4,True,1,0,35,0,308,0.804089,classic_shard_8000_9000_per_fault.csv
8804,29068,3,True,1,0,26,0,290,0.597203,classic_shard_8000_9000_per_fault.csv
8805,29088,4,True,1,0,22,0,205,0.501665,classic_shard_8000_9000_per_fault.csv
8806,29107,4,True,1,0,25,0,291,0.580381,classic_shard_8000_9000_per_fault.csv
8807,29114,4,True,1,0,78,0,734,1.777735,classic_shard_8000_9000_per_fault.csv
8808,29123,4,True,1,0,26,0,243,0.584335,classic_shard_8000_9000_per_fault.csv
8809,29124,3,True,1,0,31,0,336,0.704865,classic_shard_8000_9000_per_fault.csv
8810,29130,4,True,1,0,23,0,180,0.517803,classic_shard_8000_9000_per_fault.csv
8811,29137,4,False,2,64,156,0,2215,5.006017,classic_shard_8000_9000_per_fault.csv
8812,29142,3,True,1,0,5,0,12,0.118635,classic_shard_8000_9000_per_fault.csv
8813,29143,4,True,1,0,6,0,21,0.143834,classic_shard_8000_9000_per_fault.csv
8814,29152,4,True,1,4,36,0,387,0.912464,classic_shard_8000_9000_per_fault.csv
8815,29153,4,True,1,8,77,0,940,1.909857,classic_shard_8000_9000_per_fault.csv
8816,29154,4,False,2,60,179,0,1564,5.237341,classic_shard_8000_9000_per_fault.csv
8817,29155,3,False,2,52,176,0,1226,5.02099,classic_shard_8000_9000_per_fault.csv
8818,29156,3,False,2,55,179,0,3271,5.101208,classic_shard_8000_9000_per_fault.csv
8819,29158,3,True,1,43,144,0,1062,4.071276,classic_shard_8000_9000_per_fault.csv
8820,29161,3,False,2,55,178,0,3266,5.031727,classic_shard_8000_9000_per_fault.csv
8821,29161,4,False,2,59,167,0,1195,5.008963,classic_shard_8000_9000_per_fault.csv
8822,29162,3,False,2,69,158,0,568,5.003571,classic_shard_8000_9000_per_fault.csv
8823,29164,3,False,2,59,169,0,1217,5.019231,classic_shard_8000_9000_per_fault.csv
8824,29168,3,True,1,0,36,0,594,0.788736,classic_shard_8000_9000_per_fault.csv
8825,29168,4,True,1,0,37,0,603,0.812327,classic_shard_8000_9000_per_fault.csv
8826,29169,3,True,1,0,18,0,192,0.400896,classic_shard_8000_9000_per_fault.csv
8827,29171,3,False,2,46,185,0,858,5.052978,classic_shard_8000_9000_per_fault.csv
8828,29172,3,False,2,51,181,0,615,5.011679,classic_shard_8000_9000_per_fault.csv
8829,29174,4,False,2,46,189,0,2031,5.016114,classic_shard_8000_9000_per_fault.csv
8830,29175,4,False,2,46,189,0,1961,5.020096,classic_shard_8000_9000_per_fault.csv
8831,29180,3,False,2,62,173,0,1186,5.012199,classic_shard_8000_9000_per_fault.csv
8832,29181,3,False,2,59,181,0,1393,5.103867,classic_shard_8000_9000_per_fault.csv
8833,29181,4,False,2,51,188,0,1881,5.018907,classic_shard_8000_9000_per_fault.csv
8834,29182,4,False,2,66,169,0,1189,5.006815,classic_shard_8000_9000_per_fault.csv
8835,29183,3,False,2,64,170,0,3011,5.013222,classic_shard_8000_9000_per_fault.csv
8836,29184,3,False,2,57,179,0,1442,5.017783,classic_shard_8000_9000_per_fault.csv
8837,29186,4,False,2,60,178,0,2593,5.054389,classic_shard_8000_9000_per_fault.csv
8838,29189,4,False,2,63,176,0,2497,5.000474,classic_shard_8000_9000_per_fault.csv
8839,29190,3,True,1,0,3,0,6,0.065945,classic_shard_8000_9000_per_fault.csv
8840,29199,4,False,2,64,166,0,1826,5.004807,classic_shard_8000_9000_per_fault.csv
8841,29201,4,False,2,70,158,0,219,5.013311,classic_shard_8000_9000_per_fault.csv
8842,29204,4,True,1,12,56,0,615,1.476288,classic_shard_8000_9000_per_fault.csv
8843,29210,4,False,2,68,166,0,1160,5.013833,classic_shard_8000_9000_per_fault.csv
8844,29211,4,False,2,54,182,0,1273,5.009048,classic_shard_8000_9000_per_fault.csv
8845,29223,3,True,1,0,30,0,360,0.649472,classic_shard_8000_9000_per_fault.csv
8846,29225,4,False,2,70,158,0,2154,5.016675,classic_shard_8000_9000_per_fault.csv
8847,29226,4,False,2,70,160,0,2173,5.003493,classic_shard_8000_9000_per_fault.csv
8848,29227,3,True,1,0,29,0,799,0.636935,classic_shard_8000_9000_per_fault.csv
8849,29228,4,True,1,0,8,0,47,0.174382,classic_shard_8000_9000_per_fault.csv
8850,29230,3,True,1,0,19,0,87,0.423467,classic_shard_8000_9000_per_fault.csv
8851,29234,3,True,1,0,6,0,12,0.132066,classic_shard_8000_9000_per_fault.csv
8852,29234,4,True,1,0,8,0,46,0.174548,classic_shard_8000_9000_per_fault.csv
8853,29236,4,True,1,0,24,0,314,0.521488,classic_shard_8000_9000_per_fault.csv
8854,29237,4,True,1,0,5,0,17,0.110075,classic_shard_8000_9000_per_fault.csv
8855,29238,3,True,1,0,3,0,7,0.068403,classic_shard_8000_9000_per_fault.csv
8856,29241,3,True,1,0,4,0,9,0.090135,classic_shard_8000_9000_per_fault.csv
8857,29243,4,True,1,0,54,0,653,1.162313,classic_shard_8000_9000_per_fault.csv
8858,29244,3,True,1,0,33,0,250,0.727927,classic_shard_8000_9000_per_fault.csv
8859,29244,4,True,1,0,55,0,657,1.181347,classic_shard_8000_9000_per_fault.csv
8860,29245,3,True,1,0,33,0,250,0.718804,classic_shard_8000_9000_per_fault.csv
8861,29247,4,True,1,0,48,0,480,1.044379,classic_shard_8000_9000_per_fault.csv
8862,29251,4,True,1,0,60,0,684,1.275848,classic_shard_8000_9000_per_fault.csv
8863,29255,4,True,1,0,25,0,313,0.537972,classic_shard_8000_9000_per_fault.csv
8864,29256,3,True,1,0,6,0,12,0.128984,classic_shard_8000_9000_per_fault.csv
8865,29256,4,True,1,0,33,0,396,0.701643,classic_shard_8000_9000_per_fault.csv
8866,29257,3,True,1,0,4,0,9,0.087292,classic_shard_8000_9000_per_fault.csv
8867,29262,3,True,1,0,3,0,7,0.064455,classic_shard_8000_9000_per_fault.csv
8868,29265,4,False,2,62,175,0,3750,5.010345,classic_shard_8000_9000_per_fault.csv
8869,29268,3,True,1,0,50,0,873,1.084544,classic_shard_8000_9000_per_fault.csv
8870,29280,3,True,1,0,63,0,420,1.367512,classic_shard_8000_9000_per_fault.csv
8871,29280,4,True,1,0,63,0,421,1.375943,classic_shard_8000_9000_per_fault.csv
8872,29281,3,True,1,0,51,0,1122,1.101623,classic_shard_8000_9000_per_fault.csv
8873,29281,4,True,1,0,45,0,698,0.965899,classic_shard_8000_9000_per_fault.csv
8874,29284,3,True,1,0,22,0,163,0.467157,classic_shard_8000_9000_per_fault.csv
8875,29294,4,True,1,0,48,0,373,1.026273,classic_shard_8000_9000_per_fault.csv
8876,29302,4,True,1,0,33,0,216,0.707026,classic_shard_8000_9000_per_fault.csv
8877,29308,4,True,1,0,41,0,351,0.882237,classic_shard_8000_9000_per_fault.csv
8878,29316,3,True,1,0,25,0,277,0.534803,classic_shard_8000_9000_per_fault.csv
8879,29325,3,True,1,0,18,0,140,0.384237,classic_shard_8000_9000_per_fault.csv
8880,29330,4,False,2,76,169,0,2598,5.251795,classic_shard_8000_9000_per_fault.csv
8881,29334,4,True,1,0,7,0,21,0.150425,classic_shard_8000_9000_per_fault.csv
8882,29335,3,True,1,0,5,0,14,0.106395,classic_shard_8000_9000_per_fault.csv
8883,29338,3,True,1,0,8,0,25,0.171319,classic_shard_8000_9000_per_fault.csv
8884,29347,3,False,2,57,179,0,833,5.007206,classic_shard_8000_9000_per_fault.csv
8885,29349,3,True,1,0,7,0,16,0.149203,classic_shard_8000_9000_per_fault.csv
8886,29356,4,False,2,66,169,0,901,5.019521,classic_shard_8000_9000_per_fault.csv
8887,29357,3,False,2,55,184,0,3393,5.018997,classic_shard_8000_9000_per_fault.csv
8888,29359,4,False,2,54,185,0,2474,5.010821,classic_shard_8000_9000_per_fault.csv
8889,29360,3,False,2,71,167,0,560,5.037908,classic_shard_8000_9000_per_fault.csv
8890,29362,3,False,2,67,170,0,922,5.018525,classic_shard_8000_9000_per_fault.csv
8891,29365,3,True,1,0,3,0,6,0.064225,classic_shard_8000_9000_per_fault.csv
8892,29368,3,False,2,73,180,0,1114,5.257118,classic_shard_8000_9000_per_fault.csv
8893,29368,4,False,2,72,165,0,766,5.060683,classic_shard_8000_9000_per_fault.csv
8894,29369,4,False,2,54,188,0,659,5.047457,classic_shard_8000_9000_per_fault.csv
8895,29377,4,False,2,67,176,0,1170,5.010709,classic_shard_8000_9000_per_fault.csv
8896,29379,3,True,1,4,45,0,409,1.024318,classic_shard_8000_9000_per_fault.csv
8897,29381,3,True,1,0,37,0,406,0.78432,classic_shard_8000_9000_per_fault.csv
8898,29382,3,False,2,63,178,0,1238,5.007375,classic_shard_8000_9000_per_fault.csv
8899,29382,4,False,2,68,174,0,1193,5.000205,classic_shard_8000_9000_per_fault.csv
8900,29384,3,False,2,65,179,0,1233,5.031461,classic_shard_8000_9000_per_fault.csv
8901,29386,3,True,1,4,45,0,413,1.037341,classic_shard_8000_9000_per_fault.csv
8902,29388,4,False,2,67,173,0,1180,5.037371,classic_shard_8000_9000_per_fault.csv
8903,29389,3,True,1,0,37,0,407,0.834337,classic_shard_8000_9000_per_fault.csv
8904,29395,3,True,1,0,37,0,406,0.790632,classic_shard_8000_9000_per_fault.csv
8905,29396,4,False,2,67,174,0,1761,5.000881,classic_shard_8000_9000_per_fault.csv
8906,29400,3,False,2,59,181,0,1415,5.005883,classic_shard_8000_9000_per_fault.csv
8907,29404,4,False,2,50,187,0,3077,5.009168,classic_shard_8000_9000_per_fault.csv
8908,29407,3,True,1,0,3,0,6,0.064027,classic_shard_8000_9000_per_fault.csv
8909,29423,3,True,1,0,7,0,15,0.150925,classic_shard_8000_9000_per_fault.csv
8910,29426,3,True,1,0,6,0,14,0.128836,classic_shard_8000_9000_per_fault.csv
8911,29426,4,True,1,0,8,0,36,0.17267,classic_shard_8000_9000_per_fault.csv
8912,29427,4,True,1,0,34,0,466,0.736296,classic_shard_8000_9000_per_fault.csv
8913,29429,4,True,1,0,31,0,439,0.668097,classic_shard_8000_9000_per_fault.csv
8914,29430,3,False,2,66,181,0,2320,5.026679,classic_shard_8000_9000_per_fault.csv
8915,29430,4,False,2,71,169,0,2128,5.046298,classic_shard_8000_9000_per_fault.csv
8916,29438,4,True,1,0,33,0,319,0.688408,classic_shard_8000_9000_per_fault.csv
8917,29446,4,True,1,0,25,0,331,0.515501,classic_shard_8000_9000_per_fault.csv
8918,29448,4,True,1,0,19,0,105,0.404022,classic_shard_8000_9000_per_fault.csv
8919,29451,3,True,1,0,3,0,7,0.060657,classic_shard_8000_9000_per_fault.csv
8920,29452,3,True,1,0,3,0,7,0.085972,classic_shard_8000_9000_per_fault.csv
8921,29454,3,True,1,0,6,0,27,0.141916,classic_shard_8000_9000_per_fault.csv
8922,29455,3,True,1,0,26,0,287,0.540161,classic_shard_8000_9000_per_fault.csv
8923,29455,4,True,1,0,33,0,249,0.702179,classic_shard_8000_9000_per_fault.csv
8924,29461,3,True,1,0,38,0,441,0.80794,classic_shard_8000_9000_per_fault.csv
8925,29462,3,True,1,0,27,0,292,0.574322,classic_shard_8000_9000_per_fault.csv
8926,29467,3,True,1,0,6,0,43,0.128251,classic_shard_8000_9000_per_fault.csv
8927,29469,3,True,1,0,6,0,43,0.131003,classic_shard_8000_9000_per_fault.csv
8928,29472,4,False,2,61,180,0,3830,5.000286,classic_shard_8000_9000_per_fault.csv
8929,29475,4,True,1,0,51,0,904,1.098117,classic_shard_8000_9000_per_fault.csv
8930,29479,3,True,1,0,25,0,275,0.53709,classic_shard_8000_9000_per_fault.csv
8931,29486,3,True,1,0,25,0,275,0.568159,classic_shard_8000_9000_per_fault.csv
8932,29495,4,True,1,0,22,0,183,0.475211,classic_shard_8000_9000_per_fault.csv
8933,29502,3,True,1,0,25,0,275,0.527951,classic_shard_8000_9000_per_fault.csv
8934,29509,3,True,1,0,25,0,275,0.526213,classic_shard_8000_9000_per_fault.csv
8935,29509,4,True,1,0,78,0,734,1.640298,classic_shard_8000_9000_per_fault.csv
8936,29512,4,True,1,0,41,0,379,0.857138,classic_shard_8000_9000_per_fault.csv
8937,29515,3,True,1,0,31,0,318,0.65241,classic_shard_8000_9000_per_fault.csv
8938,29518,3,True,1,0,31,0,318,0.659654,classic_shard_8000_9000_per_fault.csv
8939,29522,3,True,1,0,31,0,318,0.652325,classic_shard_8000_9000_per_fault.csv
8940,29525,4,True,1,0,23,0,180,0.485117,classic_shard_8000_9000_per_fault.csv
8941,29528,3,True,1,0,31,0,318,0.655031,classic_shard_8000_9000_per_fault.csv
8942,29528,4,True,1,0,18,0,154,0.379672,classic_shard_8000_9000_per_fault.csv
8943,29533,3,True,1,0,34,0,840,0.724059,classic_shard_8000_9000_per_fault.csv
8944,29537,4,True,1,0,6,0,21,0.125865,classic_shard_8000_9000_per_fault.csv
8945,29550,3,False,2,60,183,0,2031,5.017339,classic_shard_8000_9000_per_fault.csv
8946,29551,3,False,2,58,192,0,2258,5.019338,classic_shard_8000_9000_per_fault.csv
8947,29560,3,False,2,73,171,0,552,5.003797,classic_shard_8000_9000_per_fault.csv
8948,29562,3,True,1,0,37,0,636,0.777771,classic_shard_8000_9000_per_fault.csv
8949,29568,4,False,2,66,184,0,1879,5.129855,classic_shard_8000_9000_per_fault.csv
8950,29569,3,False,2,66,184,0,1733,5.265304,classic_shard_8000_9000_per_fault.csv
8951,29570,4,False,2,66,184,0,1833,5.14844,classic_shard_8000_9000_per_fault.csv
8952,29572,3,True,1,0,37,0,410,0.771925,classic_shard_8000_9000_per_fault.csv
8953,29573,3,False,2,66,180,0,1316,5.028363,classic_shard_8000_9000_per_fault.csv
8954,29574,3,True,1,0,37,0,410,0.771533,classic_shard_8000_9000_per_fault.csv
8955,29574,4,True,1,0,37,0,409,0.769364,classic_shard_8000_9000_per_fault.csv
8956,29575,3,False,2,66,173,0,1265,5.010808,classic_shard_8000_9000_per_fault.csv
8957,29576,3,True,1,0,37,0,409,0.766422,classic_shard_8000_9000_per_fault.csv
8958,29578,3,True,1,0,37,0,410,0.781721,classic_shard_8000_9000_per_fault.csv
8959,29579,3,False,2,66,173,0,1263,5.000779,classic_shard_8000_9000_per_fault.csv
8960,29583,4,True,1,0,37,0,409,0.775023,classic_shard_8000_9000_per_fault.csv
8961,29584,4,True,1,0,37,0,409,0.770971,classic_shard_8000_9000_per_fault.csv
8962,29585,3,False,2,68,177,0,1270,5.007341,classic_shard_8000_9000_per_fault.csv
8963,29591,4,True,1,0,37,0,409,0.763019,classic_shard_8000_9000_per_fault.csv
8964,29596,3,True,1,0,37,0,409,0.765372,classic_shard_8000_9000_per_fault.csv
8965,29598,4,True,1,0,37,0,410,0.767363,classic_shard_8000_9000_per_fault.csv
8966,29602,4,True,1,0,37,0,408,0.76848,classic_shard_8000_9000_per_fault.csv
8967,29606,4,False,2,57,186,0,1514,5.020023,classic_shard_8000_9000_per_fault.csv
8968,29607,3,False,2,59,191,0,1941,5.128461,classic_shard_8000_9000_per_fault.csv
8969,29613,4,True,1,0,44,0,487,0.928827,classic_shard_8000_9000_per_fault.csv
8970,29617,4,False,2,69,173,0,2061,5.016279,classic_shard_8000_9000_per_fault.csv
8971,29624,3,True,1,64,139,0,614,4.310165,classic_shard_8000_9000_per_fault.csv
8972,29624,4,True,1,0,11,0,44,0.2361,classic_shard_8000_9000_per_fault.csv
8973,29625,4,False,2,71,166,0,1832,5.131785,classic_shard_8000_9000_per_fault.csv
8974,29630,3,True,1,0,7,0,18,0.148576,classic_shard_8000_9000_per_fault.csv
8975,29634,4,False,2,53,193,0,1367,5.01408,classic_shard_8000_9000_per_fault.csv
8976,29637,3,False,2,64,171,0,2351,5.016719,classic_shard_8000_9000_per_fault.csv
8977,29639,4,False,2,69,173,0,2372,5.050431,classic_shard_8000_9000_per_fault.csv
8978,29641,3,True,1,2,43,0,438,0.933724,classic_shard_8000_9000_per_fault.csv
8979,29646,3,True,1,0,5,0,16,0.104096,classic_shard_8000_9000_per_fault.csv
8980,29652,3,True,1,0,31,0,917,0.65293,classic_shard_8000_9000_per_fault.csv
8981,29654,4,True,1,0,19,0,105,0.406951,classic_shard_8000_9000_per_fault.csv
8982,29655,4,True,1,0,26,0,299,0.549096,classic_shard_8000_9000_per_fault.csv
8983,29660,4,True,1,0,57,0,677,1.168198,classic_shard_8000_9000_per_fault.csv
8984,29664,3,True,1,0,4,0,9,0.082162,classic_shard_8000_9000_per_fault.csv
8985,29665,4,True,1,0,25,0,288,0.514812,classic_shard_8000_9000_per_fault.csv
8986,29669,3,True,1,0,33,0,267,0.691826,classic_shard_8000_9000_per_fault.csv
8987,29670,4,True,1,0,62,0,613,1.311001,classic_shard_8000_9000_per_fault.csv
8988,29671,3,True,1,1,21,0,180,0.480795,classic_shard_8000_9000_per_fault.csv
8989,29680,4,True,1,0,52,0,637,1.091091,classic_shard_8000_9000_per_fault.csv
8990,29682,3,True,1,0,4,0,9,0.08181,classic_shard_8000_9000_per_fault.csv
8991,29683,4,True,1,0,25,0,287,0.528871,classic_shard_8000_9000_per_fault.csv
8992,29686,4,False,2,48,195,0,3938,5.013909,classic_shard_8000_9000_per_fault.csv
8993,29687,3,True,1,0,3,0,7,0.061402,classic_shard_8000_9000_per_fault.csv
8994,29691,4,True,1,0,48,0,334,1.029262,classic_shard_8000_9000_per_fault.csv
8995,29695,3,True,1,0,25,0,277,0.551962,classic_shard_8000_9000_per_fault.csv
8996,29699,3,True,1,0,25,0,277,0.538182,classic_shard_8000_9000_per_fault.csv
8997,29702,3,True,1,0,22,0,163,0.475372,classic_shard_8000_9000_per_fault.csv
8998,29713,3,True,1,0,25,0,277,0.550785,classic_shard_8000_9000_per_fault.csv
8999,29720,3,True,1,0,33,0,215,0.696633,classic_shard_8000_9000_per_fault.csv
9000,29726,4,True,1,0,41,0,351,1.049204,classic_shard_9000_10000_per_fault.csv
9001,29737,4,True,1,0,38,0,300,1.173082,classic_shard_9000_10000_per_fault.csv
9002,29740,3,True,1,0,23,0,166,0.928643,classic_shard_9000_10000_per_fault.csv
9003,29740,4,True,1,0,23,0,167,0.774914,classic_shard_9000_10000_per_fault.csv
9004,29747,3,True,1,0,37,0,585,1.129016,classic_shard_9000_10000_per_fault.csv
9005,29748,3,True,1,0,34,0,868,0.928097,classic_shard_9000_10000_per_fault.csv
9006,29752,4,True,1,0,4,0,16,0.202667,classic_shard_9000_10000_per_fault.csv
9007,29755,3,True,1,0,8,0,25,0.353244,classic_shard_9000_10000_per_fault.csv
9008,29762,3,True,1,4,36,0,353,0.988315,classic_shard_9000_10000_per_fault.csv
9009,29768,3,False,2,45,161,0,1957,5.008439,classic_shard_9000_10000_per_fault.csv
9010,29770,4,False,2,58,143,0,757,5.035901,classic_shard_9000_10000_per_fault.csv
9011,29773,4,False,2,58,142,0,444,5.009063,classic_shard_9000_10000_per_fault.csv
9012,29776,4,False,2,59,143,0,494,5.007541,classic_shard_9000_10000_per_fault.csv
9013,29777,4,True,1,0,40,0,419,0.960581,classic_shard_9000_10000_per_fault.csv
9014,29778,3,True,1,0,40,0,421,0.964195,classic_shard_9000_10000_per_fault.csv
9015,29782,3,False,2,50,159,0,1752,5.023353,classic_shard_9000_10000_per_fault.csv
9016,29789,3,False,2,50,161,0,1739,5.004469,classic_shard_9000_10000_per_fault.csv
9017,29789,4,False,2,51,163,0,1858,5.033993,classic_shard_9000_10000_per_fault.csv
9018,29790,4,True,1,0,37,0,412,0.884779,classic_shard_9000_10000_per_fault.csv
9019,29792,3,True,1,0,37,0,410,0.884721,classic_shard_9000_10000_per_fault.csv
9020,29792,4,True,1,0,37,0,411,0.878926,classic_shard_9000_10000_per_fault.csv
9021,29794,4,True,1,0,37,0,412,0.878506,classic_shard_9000_10000_per_fault.csv
9022,29797,4,False,2,50,163,0,1861,5.005475,classic_shard_9000_10000_per_fault.csv
9023,29799,4,False,2,52,161,0,1832,5.015107,classic_shard_9000_10000_per_fault.csv
9024,29802,3,True,1,0,37,0,410,0.901563,classic_shard_9000_10000_per_fault.csv
9025,29803,3,False,2,50,161,0,1732,5.002844,classic_shard_9000_10000_per_fault.csv
9026,29805,3,True,1,0,37,0,411,0.873999,classic_shard_9000_10000_per_fault.csv
9027,29807,3,True,1,0,37,0,411,0.878569,classic_shard_9000_10000_per_fault.csv
9028,29810,4,True,1,0,37,0,411,0.884122,classic_shard_9000_10000_per_fault.csv
9029,29814,3,True,1,0,37,0,410,0.879843,classic_shard_9000_10000_per_fault.csv
9030,29821,3,False,2,39,172,0,2830,5.0058,classic_shard_9000_10000_per_fault.csv
9031,29822,3,False,2,58,157,0,2831,5.092585,classic_shard_9000_10000_per_fault.csv
9032,29823,3,False,2,47,164,0,2596,5.088519,classic_shard_9000_10000_per_fault.csv
9033,29825,3,False,2,43,159,0,1018,5.011594,classic_shard_9000_10000_per_fault.csv
9034,29833,3,True,1,0,37,0,375,0.881813,classic_shard_9000_10000_per_fault.csv
9035,29839,4,False,2,59,149,0,1151,5.002517,classic_shard_9000_10000_per_fault.csv
9036,29842,4,True,1,12,56,0,668,1.621797,classic_shard_9000_10000_per_fault.csv
9037,29851,4,False,2,57,157,0,1984,5.023919,classic_shard_9000_10000_per_fault.csv
9038,29853,3,True,1,2,43,0,415,1.092155,classic_shard_9000_10000_per_fault.csv
9039,29855,4,True,1,2,43,0,395,1.07582,classic_shard_9000_10000_per_fault.csv
9040,29856,4,False,2,61,148,0,1968,5.037467,classic_shard_9000_10000_per_fault.csv
9041,29857,3,False,2,62,148,0,2027,5.040965,classic_shard_9000_10000_per_fault.csv
9042,29865,4,False,2,49,165,0,2173,5.000892,classic_shard_9000_10000_per_fault.csv
9043,29866,4,True,1,0,25,0,333,0.592861,classic_shard_9000_10000_per_fault.csv
9044,29870,3,True,1,0,33,0,252,0.792667,classic_shard_9000_10000_per_fault.csv
9045,29871,4,True,1,0,33,0,270,0.798631,classic_shard_9000_10000_per_fault.csv
9046,29873,3,True,1,0,33,0,288,0.796392,classic_shard_9000_10000_per_fault.csv
9047,29878,4,True,1,0,33,0,271,0.795028,classic_shard_9000_10000_per_fault.csv
9048,29884,3,True,1,0,33,0,288,0.797547,classic_shard_9000_10000_per_fault.csv
9049,29884,4,True,1,0,33,0,271,0.798261,classic_shard_9000_10000_per_fault.csv
9050,29889,3,True,1,0,26,0,287,0.618667,classic_shard_9000_10000_per_fault.csv
9051,29890,3,True,1,0,26,0,299,0.616869,classic_shard_9000_10000_per_fault.csv
9052,29890,4,True,1,0,33,0,266,0.796328,classic_shard_9000_10000_per_fault.csv
9053,29891,3,True,1,0,26,0,321,0.616626,classic_shard_9000_10000_per_fault.csv
9054,29894,3,True,1,0,26,0,292,0.616398,classic_shard_9000_10000_per_fault.csv
9055,29896,3,True,1,0,33,0,269,0.79548,classic_shard_9000_10000_per_fault.csv
9056,29896,4,True,1,0,33,0,251,0.795209,classic_shard_9000_10000_per_fault.csv
9057,29910,3,True,1,0,25,0,279,0.600246,classic_shard_9000_10000_per_fault.csv
9058,29913,4,True,1,0,63,0,479,1.548284,classic_shard_9000_10000_per_fault.csv
9059,29925,4,True,1,0,48,0,416,1.162304,classic_shard_9000_10000_per_fault.csv
9060,29926,3,True,1,0,13,0,93,0.313275,classic_shard_9000_10000_per_fault.csv
9061,29926,4,True,1,0,25,0,289,0.60033,classic_shard_9000_10000_per_fault.csv
9062,29952,3,True,1,0,25,0,275,0.602599,classic_shard_9000_10000_per_fault.csv
9063,29955,4,True,1,0,18,0,154,0.43204,classic_shard_9000_10000_per_fault.csv
9064,29958,3,True,1,0,5,0,14,0.122805,classic_shard_9000_10000_per_fault.csv
9065,29964,3,True,1,0,5,0,12,0.12209,classic_shard_9000_10000_per_fault.csv
9066,29971,3,True,1,0,7,0,18,0.173014,classic_shard_9000_10000_per_fault.csv
9067,29974,4,True,1,4,36,0,387,0.950952,classic_shard_9000_10000_per_fault.csv
9068,29975,4,False,2,51,152,0,678,5.031935,classic_shard_9000_10000_per_fault.csv
9069,29977,3,False,2,59,149,0,1120,5.018851,classic_shard_9000_10000_per_fault.csv
9070,29977,4,False,2,59,148,0,1087,5.010782,classic_shard_9000_10000_per_fault.csv
9071,29985,4,False,2,50,150,0,1001,5.012144,classic_shard_9000_10000_per_fault.csv
9072,29986,4,False,2,56,138,0,426,5.013732,classic_shard_9000_10000_per_fault.csv
9073,29988,3,False,2,49,162,0,1453,5.013507,classic_shard_9000_10000_per_fault.csv
9074,29990,3,False,2,31,138,0,1737,5.156627,classic_shard_9000_10000_per_fault.csv
9075,29994,3,False,2,57,149,0,718,5.000867,classic_shard_9000_10000_per_fault.csv
9076,29994,4,False,2,63,151,0,972,5.123557,classic_shard_9000_10000_per_fault.csv
9077,29996,4,True,1,0,44,0,487,1.063013,classic_shard_9000_10000_per_fault.csv
9078,29999,4,False,2,58,152,0,2251,5.035023,classic_shard_9000_10000_per_fault.csv
9079,30000,4,False,2,58,157,0,2451,5.010144,classic_shard_9000_10000_per_fault.csv
9080,30001,3,True,1,0,3,0,6,0.0772,classic_shard_9000_10000_per_fault.csv
9081,30010,3,True,1,0,10,0,51,0.244025,classic_shard_9000_10000_per_fault.csv
9082,30011,4,False,2,60,147,0,247,5.0172,classic_shard_9000_10000_per_fault.csv
9083,30015,3,True,1,0,7,0,18,0.173316,classic_shard_9000_10000_per_fault.csv
9084,30019,4,False,2,42,168,0,1390,5.013471,classic_shard_9000_10000_per_fault.csv
9085,30021,3,True,1,0,34,0,476,0.832,classic_shard_9000_10000_per_fault.csv
9086,30028,4,False,2,60,146,0,2108,5.001556,classic_shard_9000_10000_per_fault.csv
9087,30032,4,True,1,0,21,0,215,0.50445,classic_shard_9000_10000_per_fault.csv
9088,30035,3,True,1,0,30,0,360,0.720469,classic_shard_9000_10000_per_fault.csv
9089,30037,4,True,1,0,7,0,25,0.172411,classic_shard_9000_10000_per_fault.csv
9090,30041,3,True,1,0,4,0,9,0.098862,classic_shard_9000_10000_per_fault.csv
9091,30043,4,True,1,0,25,0,313,0.598453,classic_shard_9000_10000_per_fault.csv
9092,30044,4,True,1,0,25,0,286,0.602773,classic_shard_9000_10000_per_fault.csv
9093,30046,3,True,1,0,52,0,617,1.263132,classic_shard_9000_10000_per_fault.csv
9094,30048,4,True,1,0,53,0,585,1.284286,classic_shard_9000_10000_per_fault.csv
9095,30049,3,True,1,0,33,0,283,0.803966,classic_shard_9000_10000_per_fault.csv
9096,30049,4,True,1,0,26,0,311,0.626877,classic_shard_9000_10000_per_fault.csv
9097,30050,4,True,1,0,54,0,590,1.307604,classic_shard_9000_10000_per_fault.csv
9098,30052,3,True,1,0,6,0,12,0.147102,classic_shard_9000_10000_per_fault.csv
9099,30055,3,True,1,0,4,0,9,0.099962,classic_shard_9000_10000_per_fault.csv
9100,30058,4,True,1,0,60,0,643,1.758774,classic_shard_9000_10000_per_fault.csv
9101,30061,3,True,1,0,33,0,283,0.809005,classic_shard_9000_10000_per_fault.csv
9102,30068,3,True,1,0,6,0,12,0.147498,classic_shard_9000_10000_per_fault.csv
9103,30073,4,True,1,0,39,0,317,0.95141,classic_shard_9000_10000_per_fault.csv
9104,30074,4,True,1,0,19,0,168,0.46115,classic_shard_9000_10000_per_fault.csv
9105,30076,4,True,1,0,19,0,166,0.463148,classic_shard_9000_10000_per_fault.csv
9106,30085,4,True,1,0,18,0,115,0.494798,classic_shard_9000_10000_per_fault.csv
9107,30086,4,True,1,0,18,0,142,0.506498,classic_shard_9000_10000_per_fault.csv
9108,30093,3,True,1,0,22,0,163,0.534414,classic_shard_9000_10000_per_fault.csv
9109,30094,3,True,1,0,25,0,277,0.607741,classic_shard_9000_10000_per_fault.csv
9110,30103,3,True,1,0,48,0,372,1.176202,classic_shard_9000_10000_per_fault.csv
9111,30117,3,True,1,0,41,0,350,1.064494,classic_shard_9000_10000_per_fault.csv
9112,30121,4,True,1,0,33,0,240,0.807224,classic_shard_9000_10000_per_fault.csv
9113,30137,3,True,1,0,8,0,26,0.196815,classic_shard_9000_10000_per_fault.csv
9114,30138,3,True,1,0,38,0,592,1.212739,classic_shard_9000_10000_per_fault.csv
9115,30139,4,True,1,0,36,0,957,0.893661,classic_shard_9000_10000_per_fault.csv
9116,30145,3,True,1,0,8,0,25,0.197258,classic_shard_9000_10000_per_fault.csv
9117,30153,3,False,2,45,162,0,1953,5.009476,classic_shard_9000_10000_per_fault.csv
9118,30155,4,False,2,19,116,0,1708,5.054987,classic_shard_9000_10000_per_fault.csv
9119,30158,4,True,1,0,18,0,176,0.875112,classic_shard_9000_10000_per_fault.csv
9120,30163,3,False,2,18,88,0,653,5.035263,classic_shard_9000_10000_per_fault.csv
9121,30163,4,False,2,27,78,0,293,5.020764,classic_shard_9000_10000_per_fault.csv
9122,30171,4,False,2,7,99,0,1436,5.044503,classic_shard_9000_10000_per_fault.csv
9123,30172,4,False,2,20,86,0,1608,5.007068,classic_shard_9000_10000_per_fault.csv
9124,30175,3,False,2,20,102,0,680,5.057626,classic_shard_9000_10000_per_fault.csv
9125,30176,3,False,2,52,158,0,2310,5.048575,classic_shard_9000_10000_per_fault.csv
9126,30177,4,True,1,0,7,0,24,0.171699,classic_shard_9000_10000_per_fault.csv
9127,30184,4,True,1,0,37,0,376,0.886386,classic_shard_9000_10000_per_fault.csv
9128,30187,4,True,1,0,36,0,1005,0.875538,classic_shard_9000_10000_per_fault.csv
9129,30189,4,False,2,58,149,0,1218,5.002076,classic_shard_9000_10000_per_fault.csv
9130,30192,4,True,1,12,56,0,668,1.624514,classic_shard_9000_10000_per_fault.csv
9131,30200,4,True,1,4,69,0,719,1.749359,classic_shard_9000_10000_per_fault.csv
9132,30203,3,True,1,0,33,0,985,0.805692,classic_shard_9000_10000_per_fault.csv
9133,30206,3,False,2,59,146,0,2040,5.04464,classic_shard_9000_10000_per_fault.csv
9134,30207,4,True,1,0,32,0,951,1.222577,classic_shard_9000_10000_per_fault.csv
9135,30214,3,True,1,0,5,0,13,0.254203,classic_shard_9000_10000_per_fault.csv
9136,30215,4,True,1,0,5,0,19,0.177858,classic_shard_9000_10000_per_fault.csv
9137,30220,3,True,1,0,33,0,287,1.577706,classic_shard_9000_10000_per_fault.csv
9138,30222,4,True,1,0,33,0,271,1.583474,classic_shard_9000_10000_per_fault.csv
9139,30224,3,True,1,0,33,0,288,1.583037,classic_shard_9000_10000_per_fault.csv
9140,30227,3,True,1,0,33,0,254,1.583168,classic_shard_9000_10000_per_fault.csv
9141,30228,4,True,1,0,33,0,272,1.190447,classic_shard_9000_10000_per_fault.csv
9142,30229,3,True,1,0,33,0,252,1.475871,classic_shard_9000_10000_per_fault.csv
9143,30230,4,True,1,0,33,0,270,1.598694,classic_shard_9000_10000_per_fault.csv
9144,30231,3,True,1,0,33,0,253,1.554803,classic_shard_9000_10000_per_fault.csv
9145,30232,3,True,1,0,33,0,288,0.98792,classic_shard_9000_10000_per_fault.csv
9146,30234,3,True,1,0,33,0,288,0.811095,classic_shard_9000_10000_per_fault.csv
9147,30235,3,True,1,0,33,0,253,0.827558,classic_shard_9000_10000_per_fault.csv
9148,30236,3,True,1,0,33,0,288,0.80792,classic_shard_9000_10000_per_fault.csv
9149,30239,3,True,1,0,4,0,9,0.100193,classic_shard_9000_10000_per_fault.csv
9150,30239,4,True,1,0,38,0,512,0.904837,classic_shard_9000_10000_per_fault.csv
9151,30242,3,True,1,0,6,0,27,0.146368,classic_shard_9000_10000_per_fault.csv
9152,30245,4,False,2,51,157,0,3544,5.017804,classic_shard_9000_10000_per_fault.csv
9153,30249,4,True,1,0,48,0,377,1.165745,classic_shard_9000_10000_per_fault.csv
9154,30253,3,True,1,0,31,0,322,0.75578,classic_shard_9000_10000_per_fault.csv
9155,30259,3,True,1,0,25,0,275,0.604309,classic_shard_9000_10000_per_fault.csv
9156,30259,4,True,1,0,22,0,177,0.52854,classic_shard_9000_10000_per_fault.csv
9157,30265,3,True,1,0,25,0,275,0.606042,classic_shard_9000_10000_per_fault.csv
9158,30268,3,True,1,0,25,0,275,0.604353,classic_shard_9000_10000_per_fault.csv
9159,30269,3,True,1,0,13,0,93,0.313856,classic_shard_9000_10000_per_fault.csv
9160,30270,4,True,1,0,4,0,8,0.097983,classic_shard_9000_10000_per_fault.csv
9161,30273,4,True,1,0,13,0,84,0.315138,classic_shard_9000_10000_per_fault.csv
9162,30276,4,True,1,0,33,0,244,0.805259,classic_shard_9000_10000_per_fault.csv
9163,30279,3,True,1,0,25,0,275,0.604268,classic_shard_9000_10000_per_fault.csv
9164,30282,3,True,1,0,25,0,275,0.604843,classic_shard_9000_10000_per_fault.csv
9165,30292,3,True,1,0,25,0,275,0.607013,classic_shard_9000_10000_per_fault.csv
9166,30292,4,True,1,0,38,0,328,0.922976,classic_shard_9000_10000_per_fault.csv
9167,30298,3,True,1,0,25,0,275,0.606753,classic_shard_9000_10000_per_fault.csv
9168,30301,4,True,1,0,8,0,33,0.195719,classic_shard_9000_10000_per_fault.csv
9169,30307,3,True,1,0,5,0,12,0.123448,classic_shard_9000_10000_per_fault.csv
9170,30309,4,True,1,0,8,0,32,0.195485,classic_shard_9000_10000_per_fault.csv
9171,30312,3,True,1,0,7,0,18,0.172526,classic_shard_9000_10000_per_fault.csv
9172,30315,3,True,1,0,7,0,19,0.172383,classic_shard_9000_10000_per_fault.csv
9173,30317,4,False,2,47,160,0,1237,5.00493,classic_shard_9000_10000_per_fault.csv
9174,30321,4,True,1,0,40,0,732,0.956376,classic_shard_9000_10000_per_fault.csv
9175,30323,3,True,1,0,3,0,6,0.074262,classic_shard_9000_10000_per_fault.csv
9176,30323,4,True,1,0,3,0,8,0.07407,classic_shard_9000_10000_per_fault.csv
9177,30324,3,False,2,52,155,0,1087,5.005276,classic_shard_9000_10000_per_fault.csv
9178,30326,3,False,2,60,148,0,795,5.017941,classic_shard_9000_10000_per_fault.csv
9179,30326,4,False,2,60,147,0,796,5.011451,classic_shard_9000_10000_per_fault.csv
9180,30329,3,False,2,60,147,0,818,5.009615,classic_shard_9000_10000_per_fault.csv
9181,30330,3,False,2,54,164,0,1485,5.111056,classic_shard_9000_10000_per_fault.csv
9182,30332,3,False,2,46,165,0,2365,5.007365,classic_shard_9000_10000_per_fault.csv
9183,30332,4,False,2,43,170,0,2155,5.018769,classic_shard_9000_10000_per_fault.csv
9184,30334,4,False,2,45,169,0,3298,5.058706,classic_shard_9000_10000_per_fault.csv
9185,30335,4,False,2,54,156,0,2965,5.015358,classic_shard_9000_10000_per_fault.csv
9186,30336,4,False,2,63,147,0,947,5.018979,classic_shard_9000_10000_per_fault.csv
9187,30337,3,False,2,54,160,0,2831,5.036791,classic_shard_9000_10000_per_fault.csv
9188,30339,3,False,2,60,149,0,904,5.014805,classic_shard_9000_10000_per_fault.csv
9189,30339,4,False,2,58,152,0,850,5.005361,classic_shard_9000_10000_per_fault.csv
9190,30348,3,False,2,60,148,0,2519,5.03187,classic_shard_9000_10000_per_fault.csv
9191,30353,3,True,1,0,7,0,18,0.171618,classic_shard_9000_10000_per_fault.csv
9192,30353,4,True,1,0,37,0,1221,0.888371,classic_shard_9000_10000_per_fault.csv
9193,30355,3,True,1,0,8,0,29,0.194045,classic_shard_9000_10000_per_fault.csv
9194,30355,4,True,1,0,8,0,30,0.193479,classic_shard_9000_10000_per_fault.csv
9195,30358,4,False,2,50,169,0,1423,5.166079,classic_shard_9000_10000_per_fault.csv
9196,30365,4,True,1,2,43,0,442,1.081729,classic_shard_9000_10000_per_fault.csv
9197,30368,3,True,1,0,5,0,16,0.122941,classic_shard_9000_10000_per_fault.csv
9198,30373,4,True,1,0,25,0,285,0.595051,classic_shard_9000_10000_per_fault.csv
9199,30374,4,True,1,0,25,0,313,0.596373,classic_shard_9000_10000_per_fault.csv
9200,30375,4,True,1,0,25,0,286,0.59639,classic_shard_9000_10000_per_fault.csv
9201,30378,4,True,1,0,25,0,314,0.596486,classic_shard_9000_10000_per_fault.csv
9202,30379,4,True,1,0,25,0,287,0.593982,classic_shard_9000_10000_per_fault.csv
9203,30380,4,True,1,0,25,0,312,0.597446,classic_shard_9000_10000_per_fault.csv
9204,30389,3,True,1,0,6,0,27,0.146282,classic_shard_9000_10000_per_fault.csv
9205,30389,4,True,1,0,6,0,17,0.146905,classic_shard_9000_10000_per_fault.csv
9206,30390,3,True,1,0,4,0,9,0.098248,classic_shard_9000_10000_per_fault.csv
9207,30394,3,True,1,0,3,0,7,0.073879,classic_shard_9000_10000_per_fault.csv
9208,30394,4,True,1,0,18,0,175,0.43328,classic_shard_9000_10000_per_fault.csv
9209,30395,4,False,2,59,153,0,2271,5.008432,classic_shard_9000_10000_per_fault.csv
9210,30401,3,True,1,0,18,0,114,0.435929,classic_shard_9000_10000_per_fault.csv
9211,30401,4,True,1,0,18,0,115,0.435658,classic_shard_9000_10000_per_fault.csv
9212,30402,4,True,1,0,18,0,142,0.436375,classic_shard_9000_10000_per_fault.csv
9213,30406,4,True,1,0,48,0,833,1.164088,classic_shard_9000_10000_per_fault.csv
9214,30409,3,True,1,0,25,0,277,0.606263,classic_shard_9000_10000_per_fault.csv
9215,30414,3,True,1,4,31,0,198,0.842021,classic_shard_9000_10000_per_fault.csv
9216,30418,4,True,1,0,78,0,808,1.90034,classic_shard_9000_10000_per_fault.csv
9217,30428,4,True,1,0,78,0,661,1.90261,classic_shard_9000_10000_per_fault.csv
9218,30435,4,True,1,0,27,0,243,0.649279,classic_shard_9000_10000_per_fault.csv
9219,30444,4,True,1,0,8,0,27,0.196071,classic_shard_9000_10000_per_fault.csv
9220,30445,3,False,2,40,169,0,1980,5.002354,classic_shard_9000_10000_per_fault.csv
9221,30447,3,False,2,64,149,0,2429,5.242638,classic_shard_9000_10000_per_fault.csv
9222,30448,3,True,1,0,36,0,1044,0.886868,classic_shard_9000_10000_per_fault.csv
9223,30448,4,True,1,0,37,0,1019,0.910584,classic_shard_9000_10000_per_fault.csv
9224,30453,4,True,1,4,69,0,1533,1.73668,classic_shard_9000_10000_per_fault.csv
9225,30456,4,True,1,4,67,0,1495,1.686869,classic_shard_9000_10000_per_fault.csv
9226,30457,3,True,1,43,144,0,1117,4.435559,classic_shard_9000_10000_per_fault.csv
9227,30458,3,False,2,52,161,0,814,5.00227,classic_shard_9000_10000_per_fault.csv
9228,30460,3,True,1,0,3,0,6,0.074375,classic_shard_9000_10000_per_fault.csv
9229,30461,3,True,1,0,7,0,16,0.171756,classic_shard_9000_10000_per_fault.csv
9230,30462,3,True,1,44,146,0,1101,4.541696,classic_shard_9000_10000_per_fault.csv
9231,30465,3,False,2,50,155,0,1030,5.015379,classic_shard_9000_10000_per_fault.csv
9232,30466,4,False,2,46,158,0,557,5.006447,classic_shard_9000_10000_per_fault.csv
9233,30467,4,False,2,49,163,0,2041,5.021187,classic_shard_9000_10000_per_fault.csv
9234,30469,3,False,2,52,160,0,1412,5.04707,classic_shard_9000_10000_per_fault.csv
9235,30472,3,False,2,36,172,0,2962,5.004711,classic_shard_9000_10000_per_fault.csv
9236,30472,4,False,2,42,169,0,2793,5.027266,classic_shard_9000_10000_per_fault.csv
9237,30473,3,False,2,54,156,0,2972,5.001454,classic_shard_9000_10000_per_fault.csv
9238,30476,4,False,2,52,158,0,733,5.006069,classic_shard_9000_10000_per_fault.csv
9239,30481,4,True,1,0,24,0,255,0.581021,classic_shard_9000_10000_per_fault.csv
9240,30484,4,True,1,0,10,0,35,0.24369,classic_shard_9000_10000_per_fault.csv
9241,30485,3,False,2,65,142,0,793,5.011518,classic_shard_9000_10000_per_fault.csv
9242,30485,4,False,2,59,147,0,2665,5.009394,classic_shard_9000_10000_per_fault.csv
9243,30487,3,False,2,53,154,0,1023,5.047166,classic_shard_9000_10000_per_fault.csv
9244,30489,3,True,1,0,6,0,13,0.148591,classic_shard_9000_10000_per_fault.csv
9245,30493,4,True,1,0,11,0,69,0.268677,classic_shard_9000_10000_per_fault.csv
9246,30497,3,False,2,54,158,0,2166,5.016397,classic_shard_9000_10000_per_fault.csv
9247,30498,4,True,1,3,68,0,775,1.727069,classic_shard_9000_10000_per_fault.csv
9248,30508,4,True,1,0,33,0,1013,0.802935,classic_shard_9000_10000_per_fault.csv
9249,30510,3,True,1,0,6,0,43,0.147527,classic_shard_9000_10000_per_fault.csv
9250,30514,3,True,1,0,6,0,43,0.149238,classic_shard_9000_10000_per_fault.csv
9251,30514,4,True,1,0,5,0,19,0.125102,classic_shard_9000_10000_per_fault.csv
9252,30518,3,True,1,0,6,0,43,0.147655,classic_shard_9000_10000_per_fault.csv
9253,30518,4,True,1,0,5,0,19,0.123618,classic_shard_9000_10000_per_fault.csv
9254,30521,3,True,1,0,6,0,43,0.146436,classic_shard_9000_10000_per_fault.csv
9255,30521,4,True,1,0,5,0,19,0.123635,classic_shard_9000_10000_per_fault.csv
9256,30523,4,True,1,0,5,0,19,0.124384,classic_shard_9000_10000_per_fault.csv
9257,30529,3,True,1,0,25,0,275,0.608057,classic_shard_9000_10000_per_fault.csv
9258,30540,4,True,1,0,18,0,133,0.43673,classic_shard_9000_10000_per_fault.csv
9259,30545,3,True,1,0,13,0,93,0.316772,classic_shard_9000_10000_per_fault.csv
9260,30546,4,True,1,0,4,0,8,0.099108,classic_shard_9000_10000_per_fault.csv
9261,30549,3,True,1,0,25,0,275,0.610967,classic_shard_9000_10000_per_fault.csv
9262,30549,4,True,1,0,13,0,84,0.315636,classic_shard_9000_10000_per_fault.csv
9263,30559,3,True,1,0,25,0,277,0.608152,classic_shard_9000_10000_per_fault.csv
9264,30560,4,True,1,4,47,0,357,1.238914,classic_shard_9000_10000_per_fault.csv
9265,30561,4,True,1,4,32,0,221,0.868252,classic_shard_9000_10000_per_fault.csv
9266,30564,4,True,1,0,13,0,75,0.318188,classic_shard_9000_10000_per_fault.csv
9267,30567,4,False,2,22,185,0,2864,5.001219,classic_shard_9000_10000_per_fault.csv
9268,30568,3,False,2,64,150,0,2663,5.24873,classic_shard_9000_10000_per_fault.csv
9269,30572,3,True,1,0,37,0,1156,0.914499,classic_shard_9000_10000_per_fault.csv
9270,30572,4,True,1,4,67,0,1528,1.700427,classic_shard_9000_10000_per_fault.csv
9271,30573,4,False,2,52,160,0,819,5.013396,classic_shard_9000_10000_per_fault.csv
9272,30576,4,True,1,0,3,0,8,0.075452,classic_shard_9000_10000_per_fault.csv
9273,30578,3,False,2,60,147,0,822,5.015016,classic_shard_9000_10000_per_fault.csv
9274,30579,4,False,2,60,147,0,797,5.008887,classic_shard_9000_10000_per_fault.csv
9275,30580,4,False,2,52,158,0,1060,5.009924,classic_shard_9000_10000_per_fault.csv
9276,30581,4,False,2,55,155,0,456,5.038167,classic_shard_9000_10000_per_fault.csv
9277,30582,4,False,2,60,148,0,801,5.015378,classic_shard_9000_10000_per_fault.csv
9278,30589,3,False,2,59,150,0,860,5.022958,classic_shard_9000_10000_per_fault.csv
9279,30592,3,False,2,60,148,0,904,5.001852,classic_shard_9000_10000_per_fault.csv
9280,30592,4,False,2,58,152,0,853,5.0256,classic_shard_9000_10000_per_fault.csv
9281,30599,3,True,1,0,9,0,29,0.218672,classic_shard_9000_10000_per_fault.csv
9282,30599,4,True,1,0,9,0,18,0.21772,classic_shard_9000_10000_per_fault.csv
9283,30600,4,True,1,0,8,0,20,0.194584,classic_shard_9000_10000_per_fault.csv
9284,30602,3,False,2,55,150,0,2509,5.00551,classic_shard_9000_10000_per_fault.csv
9285,30605,4,True,1,0,36,0,1132,0.872681,classic_shard_9000_10000_per_fault.csv
9286,30606,3,True,1,0,6,0,16,0.148339,classic_shard_9000_10000_per_fault.csv
9287,30608,3,True,1,0,8,0,21,0.197103,classic_shard_9000_10000_per_fault.csv
9288,30611,4,True,1,28,84,0,903,2.681242,classic_shard_9000_10000_per_fault.csv
9289,30613,4,True,1,0,11,0,84,0.267967,classic_shard_9000_10000_per_fault.csv
9290,30618,4,True,1,0,24,0,503,0.580187,classic_shard_9000_10000_per_fault.csv
9291,30620,4,True,1,0,26,0,614,0.63034,classic_shard_9000_10000_per_fault.csv
9292,30621,3,True,1,0,7,0,17,0.173749,classic_shard_9000_10000_per_fault.csv
9293,30627,4,True,1,0,6,0,8,0.147806,classic_shard_9000_10000_per_fault.csv
9294,30628,3,True,1,0,11,0,75,0.268142,classic_shard_9000_10000_per_fault.csv
9295,30633,3,True,1,0,9,0,41,0.220748,classic_shard_9000_10000_per_fault.csv
9296,30634,4,False,2,61,151,0,2184,5.006324,classic_shard_9000_10000_per_fault.csv
9297,30637,3,True,1,0,33,0,1043,0.806408,classic_shard_9000_10000_per_fault.csv
9298,30639,4,True,1,0,19,0,105,0.46809,classic_shard_9000_10000_per_fault.csv
9299,30640,3,True,1,0,5,0,16,0.122742,classic_shard_9000_10000_per_fault.csv
9300,30640,4,True,1,0,21,0,214,0.517862,classic_shard_9000_10000_per_fault.csv
9301,30641,3,True,1,0,5,0,15,0.121645,classic_shard_9000_10000_per_fault.csv
9302,30641,4,True,1,0,6,0,38,0.144142,classic_shard_9000_10000_per_fault.csv
9303,30645,3,True,1,4,27,0,143,0.740046,classic_shard_9000_10000_per_fault.csv
9304,30645,4,True,1,0,19,0,119,0.526498,classic_shard_9000_10000_per_fault.csv
9305,30646,3,True,1,0,25,0,277,0.855288,classic_shard_9000_10000_per_fault.csv
9306,30649,3,True,1,0,25,0,277,0.892118,classic_shard_9000_10000_per_fault.csv
9307,30651,3,True,1,4,27,0,148,0.753903,classic_shard_9000_10000_per_fault.csv
9308,30656,4,True,1,0,18,0,175,0.431611,classic_shard_9000_10000_per_fault.csv
9309,30662,3,True,1,4,87,0,696,2.192454,classic_shard_9000_10000_per_fault.csv
9310,30662,4,True,1,0,79,0,666,1.911203,classic_shard_9000_10000_per_fault.csv
9311,30666,3,True,1,0,5,0,14,0.122256,classic_shard_9000_10000_per_fault.csv
9312,30667,4,True,1,0,38,0,1091,0.915612,classic_shard_9000_10000_per_fault.csv
9313,30668,4,True,1,0,40,0,419,0.959888,classic_shard_9000_10000_per_fault.csv
9314,30672,4,False,2,57,151,0,526,5.016896,classic_shard_9000_10000_per_fault.csv
9315,30673,4,False,2,50,165,0,2222,5.042587,classic_shard_9000_10000_per_fault.csv
9316,30676,3,False,2,58,144,0,428,5.018629,classic_shard_9000_10000_per_fault.csv
9317,30679,3,False,2,32,113,0,1469,5.012237,classic_shard_9000_10000_per_fault.csv
9318,30683,4,False,2,23,135,0,2196,5.020383,classic_shard_9000_10000_per_fault.csv
9319,30685,3,False,2,31,151,0,2498,5.039057,classic_shard_9000_10000_per_fault.csv
9320,30685,4,False,2,33,169,0,2906,5.010106,classic_shard_9000_10000_per_fault.csv
9321,30686,4,False,2,49,162,0,2420,5.029949,classic_shard_9000_10000_per_fault.csv
9322,30691,3,True,1,0,24,0,254,0.579374,classic_shard_9000_10000_per_fault.csv
9323,30692,3,True,1,0,8,0,22,0.194774,classic_shard_9000_10000_per_fault.csv
9324,30692,4,True,1,0,9,0,44,0.216848,classic_shard_9000_10000_per_fault.csv
9325,30696,4,True,1,0,9,0,53,0.22083,classic_shard_9000_10000_per_fault.csv
9326,30704,4,True,1,0,19,0,237,0.455572,classic_shard_9000_10000_per_fault.csv
9327,30708,3,True,1,0,8,0,23,0.194821,classic_shard_9000_10000_per_fault.csv
9328,30709,3,True,1,0,8,0,23,0.193963,classic_shard_9000_10000_per_fault.csv
9329,30712,3,True,1,0,7,0,15,0.170979,classic_shard_9000_10000_per_fault.csv
9330,30715,3,True,1,0,7,0,16,0.170219,classic_shard_9000_10000_per_fault.csv
9331,30719,3,True,1,0,7,0,13,0.172233,classic_shard_9000_10000_per_fault.csv
9332,30720,3,True,1,0,7,0,13,0.170635,classic_shard_9000_10000_per_fault.csv
9333,30721,3,True,1,0,7,0,13,0.171175,classic_shard_9000_10000_per_fault.csv
9334,30722,3,True,1,0,6,0,11,0.14623,classic_shard_9000_10000_per_fault.csv
9335,30727,3,True,1,1,12,0,38,0.311596,classic_shard_9000_10000_per_fault.csv
9336,30729,3,True,1,0,5,0,8,0.122165,classic_shard_9000_10000_per_fault.csv
9337,30730,3,True,1,0,5,0,8,0.121697,classic_shard_9000_10000_per_fault.csv
9338,30738,3,True,1,0,8,0,19,0.19494,classic_shard_9000_10000_per_fault.csv
9339,30738,4,True,1,0,10,0,41,0.23926,classic_shard_9000_10000_per_fault.csv
9340,30740,3,True,1,0,8,0,19,0.196135,classic_shard_9000_10000_per_fault.csv
9341,30743,4,True,1,0,10,0,41,0.240991,classic_shard_9000_10000_per_fault.csv
9342,30746,4,True,1,0,10,0,41,0.243936,classic_shard_9000_10000_per_fault.csv
9343,30747,4,True,1,0,10,0,41,0.240202,classic_shard_9000_10000_per_fault.csv
9344,30748,4,True,1,0,10,0,42,0.241358,classic_shard_9000_10000_per_fault.csv
9345,30750,4,True,1,0,10,0,42,0.241118,classic_shard_9000_10000_per_fault.csv
9346,30755,4,True,1,0,10,0,42,0.240795,classic_shard_9000_10000_per_fault.csv
9347,30756,4,True,1,0,10,0,42,0.24009,classic_shard_9000_10000_per_fault.csv
9348,30759,4,False,2,61,138,0,2260,5.01823,classic_shard_9000_10000_per_fault.csv
9349,30760,3,True,1,0,11,0,81,0.286038,classic_shard_9000_10000_per_fault.csv
9350,30760,4,True,1,0,10,0,72,0.342125,classic_shard_9000_10000_per_fault.csv
9351,30767,3,True,1,0,35,0,1088,0.849745,classic_shard_9000_10000_per_fault.csv
9352,30769,3,True,1,0,62,0,777,1.488297,classic_shard_9000_10000_per_fault.csv
9353,30769,4,False,2,44,109,0,1450,5.159604,classic_shard_9000_10000_per_fault.csv
9354,30772,3,True,1,0,3,0,7,0.144934,classic_shard_9000_10000_per_fault.csv
9355,30772,4,False,2,12,96,0,1171,5.012639,classic_shard_9000_10000_per_fault.csv
9356,30773,3,True,1,0,19,0,87,0.918546,classic_shard_9000_10000_per_fault.csv
9357,30776,4,False,2,18,111,0,1357,5.009959,classic_shard_9000_10000_per_fault.csv
9358,30779,3,True,1,0,6,0,43,0.287109,classic_shard_9000_10000_per_fault.csv
9359,30781,3,True,1,0,34,0,431,1.628891,classic_shard_9000_10000_per_fault.csv
9360,30784,4,True,1,4,27,0,162,1.436711,classic_shard_9000_10000_per_fault.csv
9361,30785,3,True,1,0,34,0,414,1.631081,classic_shard_9000_10000_per_fault.csv
9362,30786,4,True,1,0,25,0,289,1.181375,classic_shard_9000_10000_per_fault.csv
9363,30790,4,True,1,4,87,0,770,4.27504,classic_shard_9000_10000_per_fault.csv
9364,30791,4,True,1,4,57,0,457,2.158542,classic_shard_9000_10000_per_fault.csv
9365,30792,4,True,1,0,9,0,41,0.226939,classic_shard_9000_10000_per_fault.csv
9366,30794,3,True,1,0,9,0,30,0.229123,classic_shard_9000_10000_per_fault.csv
9367,30800,3,True,1,0,8,0,22,0.202897,classic_shard_9000_10000_per_fault.csv
9368,30805,3,True,1,0,8,0,22,0.203106,classic_shard_9000_10000_per_fault.csv
9369,30805,4,True,1,0,10,0,46,0.248684,classic_shard_9000_10000_per_fault.csv
9370,30806,4,True,1,0,10,0,46,0.24063,classic_shard_9000_10000_per_fault.csv
9371,30807,4,True,1,0,10,0,46,0.241479,classic_shard_9000_10000_per_fault.csv
9372,30811,4,True,1,0,10,0,46,0.241665,classic_shard_9000_10000_per_fault.csv
9373,30812,4,True,1,0,10,0,46,0.245204,classic_shard_9000_10000_per_fault.csv
9374,30813,3,True,1,0,7,0,16,0.170182,classic_shard_9000_10000_per_fault.csv
9375,30816,3,True,1,0,7,0,16,0.170064,classic_shard_9000_10000_per_fault.csv
9376,30829,3,True,1,0,9,0,32,0.219162,classic_shard_9000_10000_per_fault.csv
9377,30829,4,True,1,0,10,0,58,0.240295,classic_shard_9000_10000_per_fault.csv
9378,30830,3,True,1,0,8,0,25,0.1946,classic_shard_9000_10000_per_fault.csv
9379,30832,4,True,1,0,15,0,127,0.361755,classic_shard_9000_10000_per_fault.csv
9380,30834,4,True,1,0,17,0,169,0.410659,classic_shard_9000_10000_per_fault.csv
9381,30837,3,True,1,0,8,0,25,0.193837,classic_shard_9000_10000_per_fault.csv
9382,30838,3,True,1,0,8,0,25,0.195784,classic_shard_9000_10000_per_fault.csv
9383,30838,4,True,1,0,21,0,277,0.507101,classic_shard_9000_10000_per_fault.csv
9384,30839,4,True,1,0,22,0,335,0.531193,classic_shard_9000_10000_per_fault.csv
9385,30840,3,True,1,0,8,0,25,0.19371,classic_shard_9000_10000_per_fault.csv
9386,30843,4,True,1,0,26,0,491,0.629819,classic_shard_9000_10000_per_fault.csv
9387,30844,4,True,1,0,27,0,499,0.651539,classic_shard_9000_10000_per_fault.csv
9388,30845,4,True,1,0,28,0,581,0.677722,classic_shard_9000_10000_per_fault.csv
9389,30846,3,True,1,0,7,0,19,0.171021,classic_shard_9000_10000_per_fault.csv
9390,30847,3,True,1,0,7,0,19,0.171067,classic_shard_9000_10000_per_fault.csv
9391,30849,4,True,1,0,32,0,785,0.773778,classic_shard_9000_10000_per_fault.csv
9392,30854,3,True,1,0,7,0,19,0.172221,classic_shard_9000_10000_per_fault.csv
9393,30854,4,True,1,0,36,0,1080,0.870163,classic_shard_9000_10000_per_fault.csv
9394,30855,4,True,1,0,6,0,21,0.146224,classic_shard_9000_10000_per_fault.csv
9395,30861,3,False,2,60,150,0,797,5.023061,classic_shard_9000_10000_per_fault.csv
9396,30861,4,False,2,60,149,0,809,5.013198,classic_shard_9000_10000_per_fault.csv
9397,30862,3,False,2,60,148,0,825,5.01278,classic_shard_9000_10000_per_fault.csv
9398,30866,4,False,2,60,149,0,807,5.022062,classic_shard_9000_10000_per_fault.csv
9399,30871,4,False,2,54,158,0,3148,5.019375,classic_shard_9000_10000_per_fault.csv
9400,30872,4,False,2,60,151,0,1086,5.000635,classic_shard_9000_10000_per_fault.csv
9401,30873,3,False,2,57,158,0,1263,5.025255,classic_shard_9000_10000_per_fault.csv
9402,30874,4,False,2,54,158,0,3332,5.016903,classic_shard_9000_10000_per_fault.csv
9403,30875,4,False,2,43,172,0,3196,5.048437,classic_shard_9000_10000_per_fault.csv
9404,30876,3,False,2,55,158,0,1673,5.020115,classic_shard_9000_10000_per_fault.csv
9405,30878,4,False,2,46,168,0,1319,5.019619,classic_shard_9000_10000_per_fault.csv
9406,30880,3,True,1,0,3,0,6,0.073948,classic_shard_9000_10000_per_fault.csv
9407,30883,3,True,1,0,6,0,19,0.147852,classic_shard_9000_10000_per_fault.csv
9408,30889,4,True,1,0,26,0,371,0.622654,classic_shard_9000_10000_per_fault.csv
9409,30890,3,True,1,0,8,0,19,0.19537,classic_shard_9000_10000_per_fault.csv
9410,30892,3,True,1,0,8,0,20,0.377772,classic_shard_9000_10000_per_fault.csv
9411,30893,3,True,1,0,8,0,20,0.378771,classic_shard_9000_10000_per_fault.csv
9412,30894,3,True,1,0,7,0,19,0.336476,classic_shard_9000_10000_per_fault.csv
9413,30895,3,True,1,0,7,0,19,0.329275,classic_shard_9000_10000_per_fault.csv
9414,30895,4,True,1,0,10,0,51,0.467651,classic_shard_9000_10000_per_fault.csv
9415,30897,3,True,1,0,8,0,21,0.389141,classic_shard_9000_10000_per_fault.csv
9416,30898,4,True,1,0,10,0,50,0.481721,classic_shard_9000_10000_per_fault.csv
9417,30900,4,True,1,0,10,0,50,0.467004,classic_shard_9000_10000_per_fault.csv
9418,30901,4,True,1,0,10,0,50,0.465312,classic_shard_9000_10000_per_fault.csv
9419,30902,4,True,1,0,10,0,50,0.475384,classic_shard_9000_10000_per_fault.csv
9420,30903,4,True,1,0,10,0,50,0.475038,classic_shard_9000_10000_per_fault.csv
9421,30904,3,True,1,0,8,0,22,0.381884,classic_shard_9000_10000_per_fault.csv
9422,30906,4,True,1,0,10,0,50,0.472358,classic_shard_9000_10000_per_fault.csv
9423,30910,4,True,1,0,10,0,50,0.473378,classic_shard_9000_10000_per_fault.csv
9424,30914,3,True,1,0,7,0,14,0.338678,classic_shard_9000_10000_per_fault.csv
9425,30920,3,True,1,0,7,0,13,0.338719,classic_shard_9000_10000_per_fault.csv
9426,30924,3,True,1,0,10,0,23,0.481031,classic_shard_9000_10000_per_fault.csv
9427,30926,4,True,1,0,9,0,46,0.43445,classic_shard_9000_10000_per_fault.csv
9428,30927,4,True,1,0,6,0,31,0.297495,classic_shard_9000_10000_per_fault.csv
9429,30928,4,True,1,0,6,0,31,0.293139,classic_shard_9000_10000_per_fault.csv
9430,30929,4,True,1,0,6,0,31,0.28494,classic_shard_9000_10000_per_fault.csv
9431,30932,3,True,1,0,8,0,22,0.385622,classic_shard_9000_10000_per_fault.csv
9432,30933,3,True,1,0,8,0,22,0.381029,classic_shard_9000_10000_per_fault.csv
9433,30934,3,True,1,0,8,0,22,0.383283,classic_shard_9000_10000_per_fault.csv
9434,30934,4,True,1,0,6,0,31,0.290321,classic_shard_9000_10000_per_fault.csv
9435,30939,3,True,1,0,8,0,22,0.391323,classic_shard_9000_10000_per_fault.csv
9436,30939,4,True,1,0,6,0,31,0.287316,classic_shard_9000_10000_per_fault.csv
9437,30940,4,True,1,0,6,0,31,0.293495,classic_shard_9000_10000_per_fault.csv
9438,30941,3,True,1,0,7,0,16,0.339358,classic_shard_9000_10000_per_fault.csv
9439,30941,4,True,1,0,6,0,31,0.290574,classic_shard_9000_10000_per_fault.csv
9440,30943,4,True,1,0,6,0,31,0.29189,classic_shard_9000_10000_per_fault.csv
9441,30952,3,True,1,0,6,0,14,0.302166,classic_shard_9000_10000_per_fault.csv
9442,30953,4,True,1,0,9,0,46,0.434301,classic_shard_9000_10000_per_fault.csv
9443,30959,3,True,1,0,35,0,261,1.672004,classic_shard_9000_10000_per_fault.csv
9444,30960,3,False,2,8,99,0,1355,5.035051,classic_shard_9000_10000_per_fault.csv
9445,30961,4,False,2,44,108,0,339,5.067453,classic_shard_9000_10000_per_fault.csv
9446,30962,4,False,2,47,166,0,2121,5.007972,classic_shard_9000_10000_per_fault.csv
9447,30963,4,False,2,55,160,0,1801,5.01823,classic_shard_9000_10000_per_fault.csv
9448,30968,4,False,2,61,152,0,2347,5.005596,classic_shard_9000_10000_per_fault.csv
9449,30970,4,True,1,2,43,0,441,1.078567,classic_shard_9000_10000_per_fault.csv
9450,30972,4,True,1,0,7,0,25,0.170519,classic_shard_9000_10000_per_fault.csv
9451,30973,3,True,1,0,3,0,7,0.073915,classic_shard_9000_10000_per_fault.csv
9452,30973,4,True,1,0,19,0,105,0.464113,classic_shard_9000_10000_per_fault.csv
9453,30974,3,True,1,0,25,0,315,0.596171,classic_shard_9000_10000_per_fault.csv
9454,30975,3,True,1,0,6,0,27,0.145214,classic_shard_9000_10000_per_fault.csv
9455,30976,3,True,1,0,3,0,7,0.074442,classic_shard_9000_10000_per_fault.csv
9456,30980,4,True,1,4,87,0,844,2.194797,classic_shard_9000_10000_per_fault.csv
9457,30984,3,True,1,0,8,0,36,0.195111,classic_shard_9000_10000_per_fault.csv
9458,30984,4,True,1,6,41,0,523,1.116438,classic_shard_9000_10000_per_fault.csv
9459,30987,4,True,1,0,6,0,35,0.145323,classic_shard_9000_10000_per_fault.csv
9460,30988,3,True,1,0,8,0,25,0.195758,classic_shard_9000_10000_per_fault.csv
9461,30997,3,True,1,0,8,0,25,0.195183,classic_shard_9000_10000_per_fault.csv
9462,30998,4,True,1,0,6,0,35,0.14749,classic_shard_9000_10000_per_fault.csv
9463,31002,4,True,1,0,6,0,35,0.146131,classic_shard_9000_10000_per_fault.csv
9464,31005,4,True,1,0,6,0,35,0.14812,classic_shard_9000_10000_per_fault.csv
9465,31006,4,True,1,0,6,0,35,0.146475,classic_shard_9000_10000_per_fault.csv
9466,31008,4,True,1,0,6,0,35,0.1456,classic_shard_9000_10000_per_fault.csv
9467,31010,3,True,1,0,37,0,1161,0.908711,classic_shard_9000_10000_per_fault.csv
9468,31013,3,True,1,0,10,0,32,0.24529,classic_shard_9000_10000_per_fault.csv
9469,31014,3,True,1,0,11,0,40,0.272395,classic_shard_9000_10000_per_fault.csv
9470,31016,4,True,1,0,6,0,35,0.145207,classic_shard_9000_10000_per_fault.csv
9471,31018,4,True,1,0,8,0,35,0.194078,classic_shard_9000_10000_per_fault.csv
9472,31019,4,True,1,0,8,0,35,0.193903,classic_shard_9000_10000_per_fault.csv
9473,31021,3,True,1,0,19,0,260,0.454613,classic_shard_9000_10000_per_fault.csv
9474,31022,3,True,1,0,19,0,260,0.455549,classic_shard_9000_10000_per_fault.csv
9475,31024,3,True,1,0,19,0,260,0.456104,classic_shard_9000_10000_per_fault.csv
9476,31024,4,True,1,0,8,0,35,0.194467,classic_shard_9000_10000_per_fault.csv
9477,31025,3,True,1,0,19,0,260,0.457093,classic_shard_9000_10000_per_fault.csv
9478,31026,3,True,1,0,19,0,260,0.460307,classic_shard_9000_10000_per_fault.csv
9479,31027,4,True,1,0,8,0,35,0.195487,classic_shard_9000_10000_per_fault.csv
9480,31028,4,True,1,0,8,0,35,0.195163,classic_shard_9000_10000_per_fault.csv
9481,31030,4,True,1,0,8,0,35,0.194454,classic_shard_9000_10000_per_fault.csv
9482,31031,3,True,1,0,19,0,260,0.461183,classic_shard_9000_10000_per_fault.csv
9483,31033,3,True,1,0,19,0,260,0.458067,classic_shard_9000_10000_per_fault.csv
9484,31036,3,True,1,0,19,0,260,0.459858,classic_shard_9000_10000_per_fault.csv
9485,31037,4,True,1,0,7,0,25,0.17102,classic_shard_9000_10000_per_fault.csv
9486,31045,3,True,1,0,40,0,421,0.974075,classic_shard_9000_10000_per_fault.csv
9487,31048,4,False,2,57,151,0,526,5.000678,classic_shard_9000_10000_per_fault.csv
9488,31049,3,False,2,49,163,0,2443,5.005247,classic_shard_9000_10000_per_fault.csv
9489,31049,4,False,2,49,163,0,2360,5.001415,classic_shard_9000_10000_per_fault.csv
9490,31050,3,True,1,44,146,0,1119,4.489193,classic_shard_9000_10000_per_fault.csv
9491,31050,4,False,2,57,151,0,535,5.011703,classic_shard_9000_10000_per_fault.csv
9492,31053,4,False,2,54,157,0,561,5.017066,classic_shard_9000_10000_per_fault.csv
9493,31054,3,False,2,49,165,0,2472,5.010602,classic_shard_9000_10000_per_fault.csv
9494,31054,4,False,2,49,165,0,2387,5.020157,classic_shard_9000_10000_per_fault.csv
9495,31057,3,False,2,54,154,0,1528,5.021767,classic_shard_9000_10000_per_fault.csv
9496,31058,3,False,2,43,157,0,3330,5.019073,classic_shard_9000_10000_per_fault.csv
9497,31061,3,False,2,54,156,0,3114,5.012593,classic_shard_9000_10000_per_fault.csv
9498,31066,4,True,1,0,7,0,24,0.171606,classic_shard_9000_10000_per_fault.csv
9499,31067,4,True,1,0,8,0,48,0.193022,classic_shard_9000_10000_per_fault.csv
9500,31068,3,True,1,0,8,0,23,0.389448,classic_shard_9000_10000_per_fault.csv
9501,31069,4,True,1,0,6,0,35,0.286839,classic_shard_9000_10000_per_fault.csv
9502,31070,3,True,1,0,8,0,23,0.320503,classic_shard_9000_10000_per_fault.csv
9503,31070,4,True,1,0,6,0,35,0.198691,classic_shard_9000_10000_per_fault.csv
9504,31074,3,True,1,0,8,0,24,0.253705,classic_shard_9000_10000_per_fault.csv
9505,31077,4,True,1,0,6,0,35,0.228649,classic_shard_9000_10000_per_fault.csv
9506,31078,3,True,1,0,8,0,24,0.383064,classic_shard_9000_10000_per_fault.csv
9507,31083,4,True,1,0,6,0,35,0.286393,classic_shard_9000_10000_per_fault.csv
9508,31088,4,True,1,0,6,0,35,0.187725,classic_shard_9000_10000_per_fault.csv
9509,31092,3,True,1,0,7,0,16,0.308147,classic_shard_9000_10000_per_fault.csv
9510,31092,4,True,1,0,6,0,35,0.303164,classic_shard_9000_10000_per_fault.csv
9511,31094,3,True,1,0,7,0,16,0.28586,classic_shard_9000_10000_per_fault.csv
9512,31097,3,True,1,0,7,0,16,0.236686,classic_shard_9000_10000_per_fault.csv
9513,31098,3,True,1,0,6,0,14,0.301374,classic_shard_9000_10000_per_fault.csv
9514,31098,4,True,1,0,6,0,35,0.17049,classic_shard_9000_10000_per_fault.csv
9515,31099,3,True,1,0,8,0,40,0.353934,classic_shard_9000_10000_per_fault.csv
9516,31102,3,False,2,50,156,0,1083,5.02428,classic_shard_9000_10000_per_fault.csv
9517,31104,4,False,2,50,155,0,993,5.006557,classic_shard_9000_10000_per_fault.csv
9518,31106,4,True,1,0,8,0,29,0.197306,classic_shard_9000_10000_per_fault.csv
9519,31107,4,True,1,0,8,0,29,0.197571,classic_shard_9000_10000_per_fault.csv
9520,31110,3,True,1,0,22,0,294,0.536107,classic_shard_9000_10000_per_fault.csv
9521,31110,4,True,1,0,8,0,29,0.204592,classic_shard_9000_10000_per_fault.csv
9522,31114,4,True,1,0,8,0,29,0.206706,classic_shard_9000_10000_per_fault.csv
9523,31115,4,True,1,0,8,0,29,0.203715,classic_shard_9000_10000_per_fault.csv
9524,31117,4,True,1,0,8,0,29,0.204566,classic_shard_9000_10000_per_fault.csv
9525,31118,4,True,1,0,8,0,29,0.20025,classic_shard_9000_10000_per_fault.csv
9526,31119,3,True,1,0,22,0,294,0.577526,classic_shard_9000_10000_per_fault.csv
9527,31120,4,True,1,0,7,0,24,0.175217,classic_shard_9000_10000_per_fault.csv
9528,31123,3,True,1,0,25,0,315,0.599764,classic_shard_9000_10000_per_fault.csv
9529,31124,3,True,1,0,25,0,315,0.600945,classic_shard_9000_10000_per_fault.csv
9530,31125,3,True,1,0,25,0,315,0.59856,classic_shard_9000_10000_per_fault.csv
9531,31125,4,True,1,0,7,0,24,0.171716,classic_shard_9000_10000_per_fault.csv
9532,31126,4,True,1,0,7,0,24,0.172389,classic_shard_9000_10000_per_fault.csv
9533,31128,3,True,1,0,5,0,12,0.122635,classic_shard_9000_10000_per_fault.csv
9534,31128,4,True,1,0,7,0,32,0.16985,classic_shard_9000_10000_per_fault.csv
9535,31131,4,True,1,0,7,0,32,0.171461,classic_shard_9000_10000_per_fault.csv
9536,31133,4,True,1,0,64,0,863,1.849245,classic_shard_9000_10000_per_fault.csv
9537,31136,4,False,2,50,149,0,2073,5.004829,classic_shard_9000_10000_per_fault.csv
9538,31141,4,True,1,0,8,0,46,0.19559,classic_shard_9000_10000_per_fault.csv
9539,31143,4,True,1,0,25,0,336,0.604152,classic_shard_9000_10000_per_fault.csv
9540,31148,3,True,1,0,19,0,276,0.46147,classic_shard_9000_10000_per_fault.csv
9541,31154,3,True,1,0,22,0,339,0.534268,classic_shard_9000_10000_per_fault.csv
9542,31157,3,True,1,0,18,0,192,0.436243,classic_shard_9000_10000_per_fault.csv
9543,31159,4,True,1,0,25,0,368,0.605066,classic_shard_9000_10000_per_fault.csv
9544,31172,3,False,2,53,155,0,713,5.023061,classic_shard_9000_10000_per_fault.csv
9545,31173,3,False,2,58,150,0,2615,5.00013,classic_shard_9000_10000_per_fault.csv
9546,31174,3,True,1,0,3,0,6,0.07511,classic_shard_9000_10000_per_fault.csv
9547,31175,4,True,1,0,8,0,28,0.198537,classic_shard_9000_10000_per_fault.csv
9548,31181,3,True,1,0,25,0,368,0.606022,classic_shard_9000_10000_per_fault.csv
9549,31183,3,True,1,0,25,0,368,0.608055,classic_shard_9000_10000_per_fault.csv
9550,31183,4,True,1,0,6,0,21,0.147653,classic_shard_9000_10000_per_fault.csv
9551,31187,3,True,1,0,25,0,368,0.606445,classic_shard_9000_10000_per_fault.csv
9552,31187,4,True,1,0,6,0,22,0.148622,classic_shard_9000_10000_per_fault.csv
9553,31189,4,True,1,0,6,0,22,0.148088,classic_shard_9000_10000_per_fault.csv
9554,31192,3,True,1,0,25,0,392,0.608086,classic_shard_9000_10000_per_fault.csv
9555,31194,3,True,1,0,25,0,392,0.608988,classic_shard_9000_10000_per_fault.csv
9556,31195,4,True,1,0,7,0,25,0.174082,classic_shard_9000_10000_per_fault.csv
9557,31196,3,True,1,0,25,0,392,0.607259,classic_shard_9000_10000_per_fault.csv
9558,31197,3,True,1,0,25,0,368,0.605528,classic_shard_9000_10000_per_fault.csv
9559,31197,4,True,1,0,7,0,22,0.172832,classic_shard_9000_10000_per_fault.csv
9560,31198,4,True,1,0,8,0,47,0.195466,classic_shard_9000_10000_per_fault.csv
9561,31199,3,True,1,0,7,0,37,0.172848,classic_shard_9000_10000_per_fault.csv
9562,31202,4,False,2,55,138,0,1211,5.021745,classic_shard_9000_10000_per_fault.csv
9563,31203,4,True,1,0,10,0,27,0.240968,classic_shard_9000_10000_per_fault.csv
9564,31206,3,True,1,0,25,0,315,0.595447,classic_shard_9000_10000_per_fault.csv
9565,31206,4,True,1,0,7,0,21,0.170318,classic_shard_9000_10000_per_fault.csv
9566,31214,4,True,1,0,6,0,17,0.14667,classic_shard_9000_10000_per_fault.csv
9567,31215,4,True,1,0,7,0,25,0.170729,classic_shard_9000_10000_per_fault.csv
9568,31218,3,True,1,0,34,0,434,0.82475,classic_shard_9000_10000_per_fault.csv
9569,31218,4,True,1,4,22,0,129,0.621677,classic_shard_9000_10000_per_fault.csv
9570,31220,4,False,2,64,153,0,2928,5.279145,classic_shard_9000_10000_per_fault.csv
9571,31221,3,False,2,52,162,0,952,5.007169,classic_shard_9000_10000_per_fault.csv
9572,31221,4,True,1,0,40,0,419,0.958307,classic_shard_9000_10000_per_fault.csv
9573,31222,4,True,1,0,18,0,176,0.429919,classic_shard_9000_10000_per_fault.csv
9574,31223,4,False,2,59,154,0,2017,5.002576,classic_shard_9000_10000_per_fault.csv
9575,31226,3,True,1,44,146,0,1101,4.487505,classic_shard_9000_10000_per_fault.csv
9576,31229,3,False,2,49,164,0,2620,5.006071,classic_shard_9000_10000_per_fault.csv
9577,31231,4,False,2,59,148,0,457,5.024175,classic_shard_9000_10000_per_fault.csv
9578,31232,4,False,2,55,155,0,553,5.02355,classic_shard_9000_10000_per_fault.csv
9579,31235,4,False,2,55,156,0,714,5.00769,classic_shard_9000_10000_per_fault.csv
9580,31236,3,False,2,47,163,0,2653,5.020307,classic_shard_9000_10000_per_fault.csv
9581,31239,3,True,1,0,5,0,27,0.121422,classic_shard_9000_10000_per_fault.csv
9582,31240,3,True,1,0,10,0,26,0.242645,classic_shard_9000_10000_per_fault.csv
9583,31242,4,True,1,0,8,0,48,0.193709,classic_shard_9000_10000_per_fault.csv
9584,31243,4,False,2,48,149,0,1034,5.04467,classic_shard_9000_10000_per_fault.csv
9585,31245,4,True,1,0,8,0,47,0.192641,classic_shard_9000_10000_per_fault.csv
9586,31250,3,True,1,0,23,0,380,0.549965,classic_shard_9000_10000_per_fault.csv
9587,31251,4,False,2,54,161,0,960,5.044393,classic_shard_9000_10000_per_fault.csv
9588,31252,4,True,1,0,44,0,932,1.045577,classic_shard_9000_10000_per_fault.csv
9589,31256,3,False,2,60,148,0,782,5.01264,classic_shard_9000_10000_per_fault.csv
9590,31256,4,False,2,57,142,0,788,5.036014,classic_shard_9000_10000_per_fault.csv
9591,31260,4,False,2,56,141,0,782,5.115503,classic_shard_9000_10000_per_fault.csv
9592,31262,4,False,2,61,154,0,488,5.119864,classic_shard_9000_10000_per_fault.csv
9593,31272,3,True,1,0,22,0,138,0.528678,classic_shard_9000_10000_per_fault.csv
9594,31273,3,True,1,0,34,0,342,0.819336,classic_shard_9000_10000_per_fault.csv
9595,31276,4,True,1,0,19,0,105,0.46399,classic_shard_9000_10000_per_fault.csv
9596,31280,3,True,1,0,40,0,421,0.96239,classic_shard_9000_10000_per_fault.csv
9597,31281,3,True,1,0,3,0,6,0.074059,classic_shard_9000_10000_per_fault.csv
9598,31285,3,False,2,49,165,0,2814,5.019608,classic_shard_9000_10000_per_fault.csv
9599,31286,3,True,1,44,146,0,1119,4.491011,classic_shard_9000_10000_per_fault.csv
9600,31287,3,False,2,45,136,0,861,5.044552,classic_shard_9000_10000_per_fault.csv
9601,31289,3,False,2,49,163,0,2773,5.019718,classic_shard_9000_10000_per_fault.csv
9602,31292,3,False,2,47,162,0,2648,5.000769,classic_shard_9000_10000_per_fault.csv
9603,31294,3,True,1,0,10,0,32,0.241321,classic_shard_9000_10000_per_fault.csv
9604,31296,3,True,1,3,29,0,176,0.771846,classic_shard_9000_10000_per_fault.csv
9605,31297,3,True,1,0,10,0,35,0.241319,classic_shard_9000_10000_per_fault.csv
9606,31299,3,True,1,0,20,0,166,0.482908,classic_shard_9000_10000_per_fault.csv
9607,31300,3,True,1,0,44,0,986,1.047698,classic_shard_9000_10000_per_fault.csv
9608,31303,3,True,1,0,25,0,368,0.603166,classic_shard_9000_10000_per_fault.csv
9609,31309,4,False,2,60,147,0,795,5.004306,classic_shard_9000_10000_per_fault.csv
9610,31310,3,False,2,58,134,0,798,5.054681,classic_shard_9000_10000_per_fault.csv
9611,31312,4,False,2,20,86,0,1560,5.029205,classic_shard_9000_10000_per_fault.csv
9612,31317,3,True,1,0,6,0,12,0.295836,classic_shard_9000_10000_per_fault.csv
9613,31319,3,False,2,20,88,0,978,5.075582,classic_shard_9000_10000_per_fault.csv
9614,31326,4,False,2,32,90,0,299,5.046565,classic_shard_9000_10000_per_fault.csv
9615,31329,3,False,2,24,87,0,433,5.010645,classic_shard_9000_10000_per_fault.csv
9616,31330,3,False,2,22,131,0,2006,5.007182,classic_shard_9000_10000_per_fault.csv
9617,31330,4,False,2,35,146,0,2339,5.047162,classic_shard_9000_10000_per_fault.csv
9618,31332,3,False,2,23,113,0,1744,5.027468,classic_shard_9000_10000_per_fault.csv
9619,31332,4,False,2,44,168,0,2735,5.088899,classic_shard_9000_10000_per_fault.csv
9620,31334,3,True,1,0,6,0,15,0.148429,classic_shard_9000_10000_per_fault.csv
9621,31335,4,False,2,34,131,0,1712,5.012675,classic_shard_9000_10000_per_fault.csv
9622,31340,3,True,1,0,18,0,192,0.430653,classic_shard_9000_10000_per_fault.csv
9623,31341,3,True,1,0,3,0,6,0.073769,classic_shard_9000_10000_per_fault.csv
9624,31342,4,True,1,0,7,0,22,0.172865,classic_shard_9000_10000_per_fault.csv
9625,31343,3,False,2,60,146,0,769,5.073539,classic_shard_9000_10000_per_fault.csv
9626,31344,4,False,2,60,147,0,800,5.01418,classic_shard_9000_10000_per_fault.csv
9627,31345,4,False,2,61,153,0,547,5.127012,classic_shard_9000_10000_per_fault.csv
9628,31349,3,False,2,72,156,0,847,5.505272,classic_shard_9000_10000_per_fault.csv
9629,31352,4,False,2,58,156,0,2897,5.097783,classic_shard_9000_10000_per_fault.csv
9630,31354,3,True,1,0,6,0,16,0.148535,classic_shard_9000_10000_per_fault.csv
9631,31355,3,True,1,0,3,0,8,0.074263,classic_shard_9000_10000_per_fault.csv
9632,31358,4,False,2,63,149,0,2229,5.025184,classic_shard_9000_10000_per_fault.csv
9633,31359,3,True,1,0,7,0,17,0.173545,classic_shard_9000_10000_per_fault.csv
9634,31359,4,False,2,64,149,0,2080,5.01615,classic_shard_9000_10000_per_fault.csv
9635,31360,4,False,2,57,150,0,583,5.000265,classic_shard_9000_10000_per_fault.csv
9636,31364,4,False,2,49,164,0,3029,5.005985,classic_shard_9000_10000_per_fault.csv
9637,31365,3,False,2,48,158,0,970,5.000539,classic_shard_9000_10000_per_fault.csv
9638,31374,4,True,1,0,3,0,10,0.074277,classic_shard_9000_10000_per_fault.csv
9639,31375,3,True,1,0,20,0,166,0.48069,classic_shard_9000_10000_per_fault.csv
9640,31377,3,True,1,0,18,0,192,0.430359,classic_shard_9000_10000_per_fault.csv
9641,31384,4,True,1,46,152,0,1098,4.69026,classic_shard_9000_10000_per_fault.csv
9642,31385,4,False,2,60,147,0,800,5.006963,classic_shard_9000_10000_per_fault.csv
9643,31388,3,False,2,59,150,0,681,5.002652,classic_shard_9000_10000_per_fault.csv
9644,31389,3,False,2,58,154,0,2974,5.031519,classic_shard_9000_10000_per_fault.csv
9645,31389,4,False,2,58,157,0,2987,5.108595,classic_shard_9000_10000_per_fault.csv
9646,31393,3,False,2,59,150,0,599,5.014721,classic_shard_9000_10000_per_fault.csv
9647,31395,4,True,1,0,6,0,14,0.145476,classic_shard_9000_10000_per_fault.csv
9648,31396,3,True,1,0,20,0,154,0.481249,classic_shard_9000_10000_per_fault.csv
9649,31404,3,False,2,49,164,0,3234,5.017844,classic_shard_9000_10000_per_fault.csv
9650,31409,4,False,2,47,164,0,2692,5.040288,classic_shard_9000_10000_per_fault.csv
9651,31410,4,False,2,59,150,0,682,5.002327,classic_shard_9000_10000_per_fault.csv
9652,31414,3,True,1,0,21,0,156,0.505559,classic_shard_9000_10000_per_fault.csv
9653,31420,3,True,1,0,6,0,19,0.146326,classic_shard_9000_10000_per_fault.csv
9654,31420,4,True,1,0,9,0,54,0.218837,classic_shard_9000_10000_per_fault.csv
9655,31423,3,True,1,0,20,0,166,0.481684,classic_shard_9000_10000_per_fault.csv
9656,31423,4,True,1,6,60,0,1196,1.563679,classic_shard_9000_10000_per_fault.csv
9657,31428,3,False,2,60,147,0,781,5.008401,classic_shard_9000_10000_per_fault.csv
9658,31434,4,True,1,45,149,0,1095,4.607834,classic_shard_9000_10000_per_fault.csv
9659,31435,3,False,2,60,148,0,834,5.020942,classic_shard_9000_10000_per_fault.csv
9660,31435,4,False,2,60,148,0,813,5.01037,classic_shard_9000_10000_per_fault.csv
9661,31438,4,False,2,27,110,0,1135,5.021701,classic_shard_9000_10000_per_fault.csv
9662,31439,3,False,2,54,151,0,3025,5.002445,classic_shard_9000_10000_per_fault.csv
9663,31440,3,True,1,0,3,0,6,0.074521,classic_shard_9000_10000_per_fault.csv
9664,31441,3,False,2,56,152,0,1450,5.019646,classic_shard_9000_10000_per_fault.csv
9665,31442,4,True,1,0,24,0,180,0.571372,classic_shard_9000_10000_per_fault.csv
9666,31444,3,True,1,0,18,0,159,0.432246,classic_shard_9000_10000_per_fault.csv
9667,31444,4,False,2,54,155,0,975,5.021579,classic_shard_9000_10000_per_fault.csv
9668,31446,3,True,1,0,6,0,19,0.146684,classic_shard_9000_10000_per_fault.csv
9669,31454,3,True,1,0,3,0,6,0.075092,classic_shard_9000_10000_per_fault.csv
9670,31456,3,True,1,0,40,0,421,1.246478,classic_shard_9000_10000_per_fault.csv
9671,31457,3,True,1,0,3,0,6,0.160611,classic_shard_9000_10000_per_fault.csv
9672,31458,3,True,1,0,7,0,17,0.241494,classic_shard_9000_10000_per_fault.csv
9673,31459,3,False,2,41,131,0,937,5.224532,classic_shard_9000_10000_per_fault.csv
9674,31460,4,False,2,19,115,0,1954,5.039385,classic_shard_9000_10000_per_fault.csv
9675,31461,3,False,2,6,105,0,1535,5.043981,classic_shard_9000_10000_per_fault.csv
9676,31462,3,False,2,22,78,0,562,5.012667,classic_shard_9000_10000_per_fault.csv
9677,31466,4,True,1,0,35,0,251,1.806758,classic_shard_9000_10000_per_fault.csv
9678,31468,4,True,1,0,19,0,186,0.980632,classic_shard_9000_10000_per_fault.csv
9679,31471,3,True,1,0,18,0,192,0.904952,classic_shard_9000_10000_per_fault.csv
9680,31472,3,True,1,0,3,0,6,0.159883,classic_shard_9000_10000_per_fault.csv
9681,31474,4,False,2,27,78,0,456,5.060488,classic_shard_9000_10000_per_fault.csv
9682,31475,3,False,2,26,77,0,475,5.04803,classic_shard_9000_10000_per_fault.csv
9683,31476,4,False,2,31,78,0,571,5.135556,classic_shard_9000_10000_per_fault.csv
9684,31477,3,False,2,24,82,0,464,5.018085,classic_shard_9000_10000_per_fault.csv
9685,31480,3,True,1,0,23,0,194,0.784408,classic_shard_9000_10000_per_fault.csv
9686,31481,3,True,1,0,6,0,13,0.14467,classic_shard_9000_10000_per_fault.csv
9687,31482,3,True,1,0,7,0,23,0.168705,classic_shard_9000_10000_per_fault.csv
9688,31483,4,True,1,0,20,0,159,0.483313,classic_shard_9000_10000_per_fault.csv
9689,31485,4,True,1,0,7,0,20,0.168304,classic_shard_9000_10000_per_fault.csv
9690,31487,3,False,2,62,149,0,1072,5.035952,classic_shard_9000_10000_per_fault.csv
9691,31488,4,True,1,0,3,0,7,0.07497,classic_shard_9000_10000_per_fault.csv
9692,31501,3,True,1,0,6,0,13,0.145328,classic_shard_9000_10000_per_fault.csv
9693,31501,4,True,1,0,26,0,257,0.61577,classic_shard_9000_10000_per_fault.csv
9694,31508,4,True,1,0,23,0,213,0.546719,classic_shard_9000_10000_per_fault.csv
9695,31511,3,True,1,0,5,0,11,0.121918,classic_shard_9000_10000_per_fault.csv
9696,31513,4,True,1,0,23,0,214,0.545209,classic_shard_9000_10000_per_fault.csv
9697,31514,4,True,1,0,23,0,213,0.5468,classic_shard_9000_10000_per_fault.csv
9698,31515,3,True,1,0,5,0,11,0.121947,classic_shard_9000_10000_per_fault.csv
9699,31517,3,True,1,0,5,0,11,0.121505,classic_shard_9000_10000_per_fault.csv
9700,31518,4,True,1,0,23,0,213,0.999441,classic_shard_9000_10000_per_fault.csv
9701,31521,4,True,1,0,23,0,213,1.074606,classic_shard_9000_10000_per_fault.csv
9702,31522,3,True,1,0,5,0,11,0.251676,classic_shard_9000_10000_per_fault.csv
9703,31524,4,True,1,0,60,0,1016,2.774399,classic_shard_9000_10000_per_fault.csv
9704,31525,4,True,1,0,23,0,212,1.087707,classic_shard_9000_10000_per_fault.csv
9705,31526,3,True,1,0,5,0,11,0.243953,classic_shard_9000_10000_per_fault.csv
9706,31531,4,True,1,0,6,0,18,0.343383,classic_shard_9000_10000_per_fault.csv
9707,31536,3,True,1,0,5,0,11,0.248424,classic_shard_9000_10000_per_fault.csv
9708,31536,4,True,1,0,6,0,18,0.298368,classic_shard_9000_10000_per_fault.csv
9709,31537,4,True,1,0,6,0,18,0.296288,classic_shard_9000_10000_per_fault.csv
9710,31538,4,True,1,0,6,0,18,0.291349,classic_shard_9000_10000_per_fault.csv
9711,31543,4,True,1,0,6,0,18,0.302992,classic_shard_9000_10000_per_fault.csv
9712,31545,4,True,1,0,6,0,18,0.297585,classic_shard_9000_10000_per_fault.csv
9713,31547,4,True,1,0,6,0,18,0.300902,classic_shard_9000_10000_per_fault.csv
9714,31550,4,True,1,0,6,0,18,0.2924,classic_shard_9000_10000_per_fault.csv
9715,31551,3,True,1,0,5,0,11,0.246201,classic_shard_9000_10000_per_fault.csv
9716,31552,4,True,1,0,6,0,18,0.290313,classic_shard_9000_10000_per_fault.csv
9717,31555,4,True,1,0,6,0,18,0.288758,classic_shard_9000_10000_per_fault.csv
9718,31557,4,True,1,0,6,0,18,0.299377,classic_shard_9000_10000_per_fault.csv
9719,31563,3,True,1,0,13,0,79,0.75107,classic_shard_9000_10000_per_fault.csv
9720,31564,3,True,1,0,6,0,15,0.315346,classic_shard_9000_10000_per_fault.csv
9721,31565,3,True,1,0,6,0,17,0.286464,classic_shard_9000_10000_per_fault.csv
9722,31567,3,True,1,0,6,0,17,0.290413,classic_shard_9000_10000_per_fault.csv
9723,31569,3,True,1,0,6,0,17,0.304326,classic_shard_9000_10000_per_fault.csv
9724,31570,3,True,1,0,6,0,17,0.299621,classic_shard_9000_10000_per_fault.csv
9725,31575,3,True,1,0,6,0,17,0.295457,classic_shard_9000_10000_per_fault.csv
9726,31580,3,True,1,0,8,0,27,0.393855,classic_shard_9000_10000_per_fault.csv
9727,31581,4,True,1,0,8,0,34,0.385499,classic_shard_9000_10000_per_fault.csv
9728,31583,3,True,1,0,8,0,27,0.38291,classic_shard_9000_10000_per_fault.csv
9729,31583,4,True,1,0,8,0,34,0.420342,classic_shard_9000_10000_per_fault.csv
9730,31589,3,True,1,0,8,0,27,0.403651,classic_shard_9000_10000_per_fault.csv
9731,31593,3,True,1,0,13,0,79,0.62342,classic_shard_9000_10000_per_fault.csv
9732,31593,4,False,2,26,80,0,994,5.041887,classic_shard_9000_10000_per_fault.csv
9733,31597,4,False,2,24,84,0,773,5.042624,classic_shard_9000_10000_per_fault.csv
9734,31598,4,False,2,22,84,0,799,5.01842,classic_shard_9000_10000_per_fault.csv
9735,31599,3,True,1,0,5,0,14,0.243299,classic_shard_9000_10000_per_fault.csv
9736,31600,4,False,2,19,89,0,889,5.091577,classic_shard_9000_10000_per_fault.csv
9737,31602,4,False,2,22,85,0,771,5.027793,classic_shard_9000_10000_per_fault.csv
9738,31606,3,True,1,0,5,0,14,0.244275,classic_shard_9000_10000_per_fault.csv
9739,31609,4,True,1,1,35,0,344,1.701718,classic_shard_9000_10000_per_fault.csv
9740,31611,3,True,1,0,5,0,14,0.245827,classic_shard_9000_10000_per_fault.csv
9741,31614,3,True,1,0,5,0,14,0.246562,classic_shard_9000_10000_per_fault.csv
9742,31616,3,True,1,0,8,0,27,0.396836,classic_shard_9000_10000_per_fault.csv
9743,31620,3,True,1,0,5,0,14,0.282239,classic_shard_9000_10000_per_fault.csv
9744,31621,4,False,2,6,102,0,722,5.017111,classic_shard_9000_10000_per_fault.csv
9745,31622,4,True,1,1,35,0,345,1.715276,classic_shard_9000_10000_per_fault.csv
9746,31627,4,True,1,0,7,0,28,0.342011,classic_shard_9000_10000_per_fault.csv
9747,31629,3,True,1,0,6,0,17,0.292029,classic_shard_9000_10000_per_fault.csv
9748,31635,4,True,1,0,7,0,28,0.344373,classic_shard_9000_10000_per_fault.csv
9749,31637,3,True,1,0,6,0,17,0.294487,classic_shard_9000_10000_per_fault.csv
9750,31639,3,True,1,0,8,0,26,0.409482,classic_shard_9000_10000_per_fault.csv
9751,31640,3,True,1,0,6,0,17,0.323162,classic_shard_9000_10000_per_fault.csv
9752,31642,4,True,1,0,7,0,28,0.346193,classic_shard_9000_10000_per_fault.csv
9753,31649,3,True,1,0,8,0,26,0.391834,classic_shard_9000_10000_per_fault.csv
9754,31649,4,True,1,0,7,0,28,0.339154,classic_shard_9000_10000_per_fault.csv
9755,31652,3,True,1,0,6,0,17,0.296639,classic_shard_9000_10000_per_fault.csv
9756,31652,4,True,1,0,7,0,28,0.339696,classic_shard_9000_10000_per_fault.csv
9757,31654,3,True,1,0,8,0,27,0.395775,classic_shard_9000_10000_per_fault.csv
9758,31654,4,True,1,0,7,0,28,0.353178,classic_shard_9000_10000_per_fault.csv
9759,31656,4,True,1,0,4,0,13,0.202627,classic_shard_9000_10000_per_fault.csv
9760,31657,4,True,1,0,4,0,13,0.19985,classic_shard_9000_10000_per_fault.csv
9761,31664,3,True,1,0,5,0,11,0.245987,classic_shard_9000_10000_per_fault.csv
9762,31673,3,True,1,0,5,0,11,0.254246,classic_shard_9000_10000_per_fault.csv
9763,31675,4,True,1,0,4,0,13,0.201144,classic_shard_9000_10000_per_fault.csv
9764,31676,4,True,1,0,4,0,13,0.203117,classic_shard_9000_10000_per_fault.csv
9765,31679,3,True,1,0,5,0,11,0.249006,classic_shard_9000_10000_per_fault.csv
9766,31679,4,True,1,0,4,0,13,0.193713,classic_shard_9000_10000_per_fault.csv
9767,31682,4,True,1,0,4,0,13,0.196084,classic_shard_9000_10000_per_fault.csv
9768,31683,3,True,1,0,5,0,11,0.244087,classic_shard_9000_10000_per_fault.csv
9769,31684,3,True,1,0,5,0,11,0.240948,classic_shard_9000_10000_per_fault.csv
9770,31691,3,True,1,0,49,0,1296,2.353348,classic_shard_9000_10000_per_fault.csv
9771,31692,3,True,1,0,18,0,192,0.859788,classic_shard_9000_10000_per_fault.csv
9772,31693,3,True,1,0,8,0,32,0.401113,classic_shard_9000_10000_per_fault.csv
9773,31697,3,False,2,27,79,0,513,5.074511,classic_shard_9000_10000_per_fault.csv
9774,31698,3,False,2,26,78,0,453,5.00507,classic_shard_9000_10000_per_fault.csv
9775,31700,3,True,1,0,3,0,6,0.149172,classic_shard_9000_10000_per_fault.csv
9776,31706,4,True,1,0,6,0,23,0.294464,classic_shard_9000_10000_per_fault.csv
9777,31711,3,True,1,0,5,0,14,0.24719,classic_shard_9000_10000_per_fault.csv
9778,31711,4,True,1,0,6,0,23,0.300641,classic_shard_9000_10000_per_fault.csv
9779,31712,3,True,1,0,5,0,14,0.25625,classic_shard_9000_10000_per_fault.csv
9780,31713,3,True,1,0,5,0,14,0.25518,classic_shard_9000_10000_per_fault.csv
9781,31716,4,True,1,0,6,0,23,0.303071,classic_shard_9000_10000_per_fault.csv
9782,31717,3,True,1,0,5,0,14,0.247158,classic_shard_9000_10000_per_fault.csv
9783,31718,4,True,1,0,6,0,23,0.29341,classic_shard_9000_10000_per_fault.csv
9784,31719,4,True,1,0,6,0,23,0.2907,classic_shard_9000_10000_per_fault.csv
9785,31720,4,True,1,0,6,0,23,0.290901,classic_shard_9000_10000_per_fault.csv
9786,31723,4,True,1,0,6,0,23,0.296228,classic_shard_9000_10000_per_fault.csv
9787,31725,4,True,1,0,6,0,23,0.293147,classic_shard_9000_10000_per_fault.csv
9788,31729,3,True,1,0,5,0,14,0.255681,classic_shard_9000_10000_per_fault.csv
9789,31730,4,True,1,0,6,0,23,0.313942,classic_shard_9000_10000_per_fault.csv
9790,31731,3,True,1,0,5,0,14,0.262317,classic_shard_9000_10000_per_fault.csv
9791,31731,4,True,1,0,6,0,23,0.317367,classic_shard_9000_10000_per_fault.csv
9792,31739,3,True,1,0,6,0,21,0.319839,classic_shard_9000_10000_per_fault.csv
9793,31744,3,True,1,0,8,0,31,0.404649,classic_shard_9000_10000_per_fault.csv
9794,31745,3,True,1,0,6,0,21,0.308226,classic_shard_9000_10000_per_fault.csv
9795,31746,4,True,1,0,7,0,34,0.339657,classic_shard_9000_10000_per_fault.csv
9796,31747,3,True,1,0,8,0,31,0.401438,classic_shard_9000_10000_per_fault.csv
9797,31749,3,True,1,0,8,0,31,0.396976,classic_shard_9000_10000_per_fault.csv
9798,31749,4,True,1,1,35,0,375,1.753187,classic_shard_9000_10000_per_fault.csv
9799,31750,3,True,1,0,8,0,32,0.410744,classic_shard_9000_10000_per_fault.csv
9800,31762,4,True,1,0,20,0,137,0.965118,classic_shard_9000_10000_per_fault.csv
9801,31766,4,True,1,0,36,0,511,1.73751,classic_shard_9000_10000_per_fault.csv
9802,31770,3,True,1,0,4,0,19,0.201853,classic_shard_9000_10000_per_fault.csv
9803,31771,4,False,2,5,99,0,1537,5.025342,classic_shard_9000_10000_per_fault.csv
9804,31773,4,False,2,0,100,0,1538,5.035723,classic_shard_9000_10000_per_fault.csv
9805,31782,3,True,1,0,6,0,28,0.293491,classic_shard_9000_10000_per_fault.csv
9806,31784,3,True,1,0,6,0,28,0.289026,classic_shard_9000_10000_per_fault.csv
9807,31785,4,True,1,0,5,0,18,0.241182,classic_shard_9000_10000_per_fault.csv
9808,31786,3,True,1,0,6,0,28,0.314684,classic_shard_9000_10000_per_fault.csv
9809,31787,4,True,1,0,5,0,18,0.251047,classic_shard_9000_10000_per_fault.csv
9810,31789,3,True,1,0,6,0,28,0.316355,classic_shard_9000_10000_per_fault.csv
9811,31790,3,True,1,0,6,0,28,0.290449,classic_shard_9000_10000_per_fault.csv
9812,31794,3,True,1,0,6,0,28,0.296698,classic_shard_9000_10000_per_fault.csv
9813,31798,4,True,1,0,5,0,18,0.246855,classic_shard_9000_10000_per_fault.csv
9814,31802,4,True,1,0,5,0,18,0.247511,classic_shard_9000_10000_per_fault.csv
9815,31803,4,True,1,0,5,0,18,0.242299,classic_shard_9000_10000_per_fault.csv
9816,31804,3,True,1,0,6,0,28,0.293694,classic_shard_9000_10000_per_fault.csv
9817,31807,3,True,1,0,23,0,250,1.094188,classic_shard_9000_10000_per_fault.csv
9818,31808,4,True,1,0,19,0,190,0.894315,classic_shard_9000_10000_per_fault.csv
9819,31810,4,True,1,0,6,0,24,0.296698,classic_shard_9000_10000_per_fault.csv
9820,31812,3,True,1,0,4,0,6,0.200501,classic_shard_9000_10000_per_fault.csv
9821,31812,4,True,1,0,6,0,24,0.297525,classic_shard_9000_10000_per_fault.csv
9822,31814,3,True,1,0,4,0,6,0.203651,classic_shard_9000_10000_per_fault.csv
9823,31817,4,True,1,0,6,0,24,0.340418,classic_shard_9000_10000_per_fault.csv
9824,31818,4,True,1,0,6,0,24,0.31393,classic_shard_9000_10000_per_fault.csv
9825,31822,3,True,1,0,5,0,12,0.246402,classic_shard_9000_10000_per_fault.csv
9826,31822,4,True,1,0,6,0,24,0.289826,classic_shard_9000_10000_per_fault.csv
9827,31828,4,True,1,0,6,0,24,0.288498,classic_shard_9000_10000_per_fault.csv
9828,31829,4,True,1,0,6,0,24,0.290771,classic_shard_9000_10000_per_fault.csv
9829,31830,3,True,1,0,5,0,11,0.253674,classic_shard_9000_10000_per_fault.csv
9830,31837,3,True,1,0,5,0,13,0.246612,classic_shard_9000_10000_per_fault.csv
9831,31837,4,True,1,0,6,0,24,0.287172,classic_shard_9000_10000_per_fault.csv
9832,31839,3,True,1,0,5,0,12,0.238598,classic_shard_9000_10000_per_fault.csv
9833,31839,4,True,1,0,6,0,24,0.286496,classic_shard_9000_10000_per_fault.csv
9834,31840,3,True,1,0,5,0,12,0.242499,classic_shard_9000_10000_per_fault.csv
9835,31845,4,True,1,0,4,0,13,0.197562,classic_shard_9000_10000_per_fault.csv
9836,31847,3,True,1,0,4,0,6,0.194514,classic_shard_9000_10000_per_fault.csv
9837,31848,4,True,1,0,4,0,13,0.192576,classic_shard_9000_10000_per_fault.csv
9838,31850,4,True,1,0,4,0,13,0.196064,classic_shard_9000_10000_per_fault.csv
9839,31853,3,True,1,0,5,0,11,0.243636,classic_shard_9000_10000_per_fault.csv
9840,31857,3,True,1,0,5,0,12,0.239573,classic_shard_9000_10000_per_fault.csv
9841,31860,4,True,1,0,4,0,13,0.193654,classic_shard_9000_10000_per_fault.csv
9842,31862,4,True,1,0,4,0,13,0.19876,classic_shard_9000_10000_per_fault.csv
9843,31863,3,True,1,0,5,0,13,0.24534,classic_shard_9000_10000_per_fault.csv
9844,31863,4,True,1,0,4,0,13,0.200568,classic_shard_9000_10000_per_fault.csv
9845,31866,4,True,1,0,4,0,13,0.192185,classic_shard_9000_10000_per_fault.csv
9846,31867,3,True,1,0,21,0,220,1.021591,classic_shard_9000_10000_per_fault.csv
9847,31869,4,True,1,0,4,0,13,0.194708,classic_shard_9000_10000_per_fault.csv
9848,31874,3,True,1,0,6,0,10,0.291877,classic_shard_9000_10000_per_fault.csv
9849,31874,4,True,1,0,5,0,10,0.241386,classic_shard_9000_10000_per_fault.csv
9850,31875,3,True,1,0,8,0,29,0.386834,classic_shard_9000_10000_per_fault.csv
9851,31876,3,True,1,0,3,0,6,0.146711,classic_shard_9000_10000_per_fault.csv
9852,31876,4,True,1,0,3,0,8,0.144599,classic_shard_9000_10000_per_fault.csv
9853,31878,4,False,2,29,78,0,580,5.024592,classic_shard_9000_10000_per_fault.csv
9854,31883,3,False,2,22,83,0,776,5.00925,classic_shard_9000_10000_per_fault.csv
9855,31883,4,True,1,0,37,0,334,1.895424,classic_shard_9000_10000_per_fault.csv
9856,31884,3,True,1,0,7,0,36,0.349678,classic_shard_9000_10000_per_fault.csv
9857,31885,3,True,1,0,30,0,302,1.516234,classic_shard_9000_10000_per_fault.csv
9858,31885,4,True,1,0,37,0,411,1.776214,classic_shard_9000_10000_per_fault.csv
9859,31886,3,True,1,0,8,0,35,0.388,classic_shard_9000_10000_per_fault.csv
9860,31886,4,True,1,0,38,0,413,1.877111,classic_shard_9000_10000_per_fault.csv
9861,31888,3,True,1,0,5,0,14,0.244112,classic_shard_9000_10000_per_fault.csv
9862,31889,3,True,1,0,5,0,14,0.24503,classic_shard_9000_10000_per_fault.csv
9863,31893,3,True,1,0,22,0,245,1.050848,classic_shard_9000_10000_per_fault.csv
9864,31893,4,True,1,0,37,0,411,1.76734,classic_shard_9000_10000_per_fault.csv
9865,31894,4,True,1,0,37,0,411,1.258554,classic_shard_9000_10000_per_fault.csv
9866,31895,3,True,1,0,5,0,14,0.122081,classic_shard_9000_10000_per_fault.csv
9867,31896,4,True,1,0,37,0,411,1.448535,classic_shard_9000_10000_per_fault.csv
9868,31899,3,True,1,0,5,0,14,0.122151,classic_shard_9000_10000_per_fault.csv
9869,31900,4,True,1,0,37,0,411,0.880751,classic_shard_9000_10000_per_fault.csv
9870,31901,3,True,1,0,5,0,14,0.123115,classic_shard_9000_10000_per_fault.csv
9871,31901,4,True,1,0,37,0,411,1.008834,classic_shard_9000_10000_per_fault.csv
9872,31902,3,True,1,0,5,0,14,0.130317,classic_shard_9000_10000_per_fault.csv
9873,31907,4,True,1,0,37,0,411,0.900977,classic_shard_9000_10000_per_fault.csv
9874,31908,4,True,1,0,37,0,411,0.882164,classic_shard_9000_10000_per_fault.csv
9875,31911,4,True,1,0,37,0,411,0.882266,classic_shard_9000_10000_per_fault.csv
9876,31914,4,True,1,0,37,0,411,0.886061,classic_shard_9000_10000_per_fault.csv
9877,31917,4,True,1,0,24,0,277,0.576497,classic_shard_9000_10000_per_fault.csv
9878,31920,3,True,1,0,5,0,14,0.121858,classic_shard_9000_10000_per_fault.csv
9879,31921,3,True,1,0,5,0,14,0.121716,classic_shard_9000_10000_per_fault.csv
9880,31925,4,True,1,0,24,0,277,0.580309,classic_shard_9000_10000_per_fault.csv
9881,31934,3,True,1,0,5,0,14,0.121781,classic_shard_9000_10000_per_fault.csv
9882,31941,3,True,1,0,21,0,222,0.516774,classic_shard_9000_10000_per_fault.csv
9883,31948,3,True,1,0,4,0,7,0.102254,classic_shard_9000_10000_per_fault.csv
9884,31952,4,True,1,0,35,0,433,0.831639,classic_shard_9000_10000_per_fault.csv
9885,31954,3,True,1,0,4,0,7,0.097218,classic_shard_9000_10000_per_fault.csv
9886,31957,4,True,1,0,33,0,405,0.784398,classic_shard_9000_10000_per_fault.csv
9887,31961,4,True,1,0,33,0,405,0.97517,classic_shard_9000_10000_per_fault.csv
9888,31963,4,True,1,0,33,0,405,1.078999,classic_shard_9000_10000_per_fault.csv
9889,31964,3,True,1,0,4,0,7,0.100224,classic_shard_9000_10000_per_fault.csv
9890,31968,3,True,1,0,4,0,7,0.099232,classic_shard_9000_10000_per_fault.csv
9891,31969,3,True,1,0,4,0,7,0.104784,classic_shard_9000_10000_per_fault.csv
9892,31970,3,True,1,0,4,0,7,0.101638,classic_shard_9000_10000_per_fault.csv
9893,31973,3,True,1,0,4,0,7,0.10479,classic_shard_9000_10000_per_fault.csv
9894,31977,4,True,1,0,33,0,405,0.812025,classic_shard_9000_10000_per_fault.csv
9895,31988,3,True,1,0,4,0,7,0.097734,classic_shard_9000_10000_per_fault.csv
9896,31990,3,True,1,0,4,0,7,0.09721,classic_shard_9000_10000_per_fault.csv
9897,31992,4,False,2,46,139,0,1544,5.00597,classic_shard_9000_10000_per_fault.csv
9898,31996,4,False,2,40,151,0,1966,5.001179,classic_shard_9000_10000_per_fault.csv
9899,31998,3,True,1,0,4,0,7,0.097535,classic_shard_9000_10000_per_fault.csv
9900,32001,3,True,1,0,4,0,7,0.179753,classic_shard_9000_10000_per_fault.csv
9901,32004,4,False,2,41,171,0,2552,5.009726,classic_shard_9000_10000_per_fault.csv
9902,32008,3,True,1,0,4,0,7,0.098482,classic_shard_9000_10000_per_fault.csv
9903,32009,3,True,1,0,4,0,7,0.097827,classic_shard_9000_10000_per_fault.csv
9904,32009,4,False,2,38,178,0,2898,5.018256,classic_shard_9000_10000_per_fault.csv
9905,32013,3,True,1,0,13,0,98,0.316478,classic_shard_9000_10000_per_fault.csv
9906,32014,4,True,1,0,4,0,16,0.096918,classic_shard_9000_10000_per_fault.csv
9907,32017,3,True,1,0,4,0,8,0.097652,classic_shard_9000_10000_per_fault.csv
9908,32017,4,True,1,0,4,0,16,0.097971,classic_shard_9000_10000_per_fault.csv
9909,32023,4,True,1,0,4,0,16,0.097349,classic_shard_9000_10000_per_fault.csv
9910,32030,3,True,1,0,5,0,15,0.120992,classic_shard_9000_10000_per_fault.csv
9911,32030,4,True,1,0,4,0,16,0.096744,classic_shard_9000_10000_per_fault.csv
9912,32031,3,True,1,0,5,0,14,0.120497,classic_shard_9000_10000_per_fault.csv
9913,32034,3,True,1,0,5,0,13,0.120759,classic_shard_9000_10000_per_fault.csv
9914,32037,4,True,1,0,4,0,16,0.096929,classic_shard_9000_10000_per_fault.csv
9915,32039,3,True,1,0,5,0,15,0.120669,classic_shard_9000_10000_per_fault.csv
9916,32042,4,True,1,0,4,0,16,0.096096,classic_shard_9000_10000_per_fault.csv
9917,32043,3,True,1,0,5,0,11,0.120639,classic_shard_9000_10000_per_fault.csv
9918,32047,3,False,2,36,176,0,3149,5.020705,classic_shard_9000_10000_per_fault.csv
9919,32049,3,False,2,34,162,0,3050,5.004514,classic_shard_9000_10000_per_fault.csv
9920,32050,3,True,1,0,3,0,6,0.073197,classic_shard_9000_10000_per_fault.csv
9921,32052,3,True,1,0,13,0,99,0.320317,classic_shard_9000_10000_per_fault.csv
9922,32055,3,True,1,0,4,0,8,0.09662,classic_shard_9000_10000_per_fault.csv
9923,32057,3,True,1,0,4,0,8,0.096402,classic_shard_9000_10000_per_fault.csv
9924,32063,3,True,1,0,5,0,15,0.121179,classic_shard_9000_10000_per_fault.csv
9925,32067,3,True,1,0,5,0,16,0.127155,classic_shard_9000_10000_per_fault.csv
9926,32069,3,True,1,0,5,0,16,0.122032,classic_shard_9000_10000_per_fault.csv
9927,32073,3,True,1,0,5,0,15,0.124914,classic_shard_9000_10000_per_fault.csv
9928,32073,4,True,1,0,37,0,447,0.898217,classic_shard_9000_10000_per_fault.csv
9929,32075,4,True,1,0,37,0,447,0.894129,classic_shard_9000_10000_per_fault.csv
9930,32077,3,True,1,0,5,0,16,0.120672,classic_shard_9000_10000_per_fault.csv
9931,32082,3,True,1,0,5,0,12,0.122408,classic_shard_9000_10000_per_fault.csv
9932,32082,4,True,1,0,37,0,446,0.880791,classic_shard_9000_10000_per_fault.csv
9933,32084,3,True,1,0,13,0,109,0.316174,classic_shard_9000_10000_per_fault.csv
9934,32086,4,False,2,57,159,0,1322,5.017735,classic_shard_9000_10000_per_fault.csv
9935,32087,3,True,1,0,4,0,8,0.095531,classic_shard_9000_10000_per_fault.csv
9936,32087,4,False,2,38,178,0,2553,5.019355,classic_shard_9000_10000_per_fault.csv
9937,32088,3,True,1,0,4,0,8,0.095265,classic_shard_9000_10000_per_fault.csv
9938,32094,4,False,2,51,167,0,2125,5.013263,classic_shard_9000_10000_per_fault.csv
9939,32097,3,True,1,0,4,0,8,0.094247,classic_shard_9000_10000_per_fault.csv
9940,32097,4,False,2,51,167,0,2217,5.020643,classic_shard_9000_10000_per_fault.csv
9941,32102,3,True,1,0,4,0,8,0.095901,classic_shard_9000_10000_per_fault.csv
9942,32103,4,False,2,47,171,0,2598,5.065503,classic_shard_9000_10000_per_fault.csv
9943,32106,3,True,1,0,4,0,8,0.095263,classic_shard_9000_10000_per_fault.csv
9944,32106,4,False,2,47,177,0,2782,5.153584,classic_shard_9000_10000_per_fault.csv
9945,32107,4,False,2,31,169,0,2810,5.019453,classic_shard_9000_10000_per_fault.csv
9946,32111,3,True,1,0,4,0,8,0.094876,classic_shard_9000_10000_per_fault.csv
9947,32112,3,True,1,0,4,0,8,0.095001,classic_shard_9000_10000_per_fault.csv
9948,32112,4,False,2,40,174,0,2685,5.006364,classic_shard_9000_10000_per_fault.csv
9949,32114,4,True,1,42,142,0,1275,4.321337,classic_shard_9000_10000_per_fault.csv
9950,32115,4,True,1,0,23,0,294,0.609971,classic_shard_9000_10000_per_fault.csv
9951,32119,4,True,1,0,24,0,300,0.571831,classic_shard_9000_10000_per_fault.csv
9952,32120,3,True,1,0,5,0,16,0.123274,classic_shard_9000_10000_per_fault.csv
9953,32120,4,True,1,0,24,0,300,0.581427,classic_shard_9000_10000_per_fault.csv
9954,32125,4,True,1,0,24,0,300,0.566781,classic_shard_9000_10000_per_fault.csv
9955,32126,3,True,1,0,5,0,16,0.119476,classic_shard_9000_10000_per_fault.csv
9956,32126,4,True,1,0,24,0,300,0.566515,classic_shard_9000_10000_per_fault.csv
9957,32129,3,True,1,0,5,0,16,0.121253,classic_shard_9000_10000_per_fault.csv
9958,32130,3,True,1,0,5,0,16,0.120911,classic_shard_9000_10000_per_fault.csv
9959,32139,4,True,1,0,24,0,300,0.572777,classic_shard_9000_10000_per_fault.csv
9960,32140,4,True,1,0,24,0,300,0.568869,classic_shard_9000_10000_per_fault.csv
9961,32141,4,True,1,0,24,0,300,0.566871,classic_shard_9000_10000_per_fault.csv
9962,32145,4,True,1,0,24,0,300,0.569097,classic_shard_9000_10000_per_fault.csv
9963,32148,3,True,1,0,4,0,8,0.095011,classic_shard_9000_10000_per_fault.csv
9964,32149,3,True,1,0,4,0,8,0.094675,classic_shard_9000_10000_per_fault.csv
9965,32150,3,True,1,0,4,0,8,0.096394,classic_shard_9000_10000_per_fault.csv
9966,32153,4,True,1,0,33,0,436,0.779813,classic_shard_9000_10000_per_fault.csv
9967,32156,4,True,1,0,33,0,436,0.779977,classic_shard_9000_10000_per_fault.csv
9968,32157,3,True,1,0,4,0,8,0.094788,classic_shard_9000_10000_per_fault.csv
9969,32159,4,True,1,0,33,0,436,0.777046,classic_shard_9000_10000_per_fault.csv
9970,32160,4,True,1,0,33,0,436,0.777619,classic_shard_9000_10000_per_fault.csv
9971,32162,3,True,1,0,4,0,8,0.096123,classic_shard_9000_10000_per_fault.csv
9972,32163,3,True,1,0,4,0,8,0.095015,classic_shard_9000_10000_per_fault.csv
9973,32164,3,True,1,0,4,0,8,0.094901,classic_shard_9000_10000_per_fault.csv
9974,32165,3,True,1,0,4,0,8,0.096305,classic_shard_9000_10000_per_fault.csv
9975,32166,4,True,1,0,33,0,436,0.776568,classic_shard_9000_10000_per_fault.csv
9976,32168,4,True,1,0,33,0,436,0.777224,classic_shard_9000_10000_per_fault.csv
9977,32169,3,True,1,0,4,0,8,0.096148,classic_shard_9000_10000_per_fault.csv
9978,32170,3,True,1,0,4,0,8,0.096643,classic_shard_9000_10000_per_fault.csv
9979,32171,3,True,1,0,4,0,8,0.09469,classic_shard_9000_10000_per_fault.csv
9980,32185,4,True,1,0,4,0,11,0.095379,classic_shard_9000_10000_per_fault.csv
9981,32188,3,True,1,0,4,0,19,0.095708,classic_shard_9000_10000_per_fault.csv
9982,32189,4,True,1,0,5,0,17,0.11915,classic_shard_9000_10000_per_fault.csv
9983,32190,3,True,1,0,4,0,19,0.095334,classic_shard_9000_10000_per_fault.csv
9984,32190,4,True,1,0,5,0,18,0.119406,classic_shard_9000_10000_per_fault.csv
9985,32191,3,True,1,0,4,0,19,0.095346,classic_shard_9000_10000_per_fault.csv
9986,32192,4,True,1,0,5,0,17,0.119225,classic_shard_9000_10000_per_fault.csv
9987,32196,3,True,1,0,4,0,19,0.095598,classic_shard_9000_10000_per_fault.csv
9988,32196,4,True,1,0,5,0,19,0.118916,classic_shard_9000_10000_per_fault.csv
9989,32199,3,True,1,0,4,0,19,0.094116,classic_shard_9000_10000_per_fault.csv
9990,32206,4,True,1,0,5,0,17,0.119014,classic_shard_9000_10000_per_fault.csv
9991,32208,3,True,1,0,5,0,3,0.118345,classic_shard_9000_10000_per_fault.csv
9992,32214,3,False,2,63,151,0,1085,5.040278,classic_shard_9000_10000_per_fault.csv
9993,32215,3,True,1,0,3,0,6,0.070941,classic_shard_9000_10000_per_fault.csv
9994,32217,4,True,1,0,6,0,9,0.140123,classic_shard_9000_10000_per_fault.csv
9995,32218,4,True,1,0,3,0,3,0.070657,classic_shard_9000_10000_per_fault.csv
9996,32222,4,False,2,63,155,0,1267,5.028082,classic_shard_9000_10000_per_fault.csv
9997,32223,3,True,1,0,3,0,6,0.072689,classic_shard_9000_10000_per_fault.csv
9998,32225,3,True,1,0,3,0,3,0.071839,classic_shard_9000_10000_per_fault.csv
9999,32229,4,True,1,0,7,0,24,0.16928,classic_shard_9000_10000_per_fault.csv
